{"display":{"thirdperson_righthand":{"rotation":[18.75,0.0,0.0],"translation":[0.0,2.25,1.75]},"thirdperson_lefthand":{"rotation":[18.75,0.0,0.0],"translation":[0.0,2.25,1.75]},"firstperson_righthand":{"rotation":[-51.0,0.0,-24.0],"translation":[-3.5,5.0,4.5]},"firstperson_lefthand":{"rotation":[-51.0,0.0,-24.0],"translation":[-3.5,5.0,4.5]},"ground":{"rotation":[-45.0,0.0,0.0],"translation":[0.0,5.5,0.0],"scale":[0.7,0.7,0.7]},"gui":{"rotation":[-90.0,45.0,90.0],"translation":[2.0,-0.75,0.0]},"head":{"rotation":[0.0,-90.0,0.0]},"fixed":{"translation":[0.0,-6.25,-1.25],"scale":[2.5,2.5,2.5]}},"elements":[{"from":[7.5,0.5,7.5],"to":[8.5,1.5,8.5],"rotation":{"origin":[6.5,-0.5,7.5],"axis":"y","angle":0.0},"faces":{"north":{"uv":[11.0,5.0,12.0,6.0],"texture":"#4"},"east":{"uv":[11.0,6.0,12.0,7.0],"texture":"#4"},"south":{"uv":[11.0,7.0,12.0,8.0],"texture":"#4"},"west":{"uv":[11.0,8.0,12.0,9.0],"texture":"#4"},"up":{"uv":[12.0,10.0,11.0,9.0],"texture":"#4"},"down":{"uv":[12.0,10.0,11.0,11.0],"texture":"#4"}}},{"from":[7.5,1.75,7.5],"to":[8.5,4.25,8.5],"rotation":{"origin":[8.0,3.0,8.0],"axis":"y","angle":45.0},"faces":{"north":{"uv":[11.0,2.0,12.0,4.5],"texture":"#4"},"east":{"uv":[3.0,11.0,4.0,13.5],"texture":"#4"},"south":{"uv":[4.0,11.0,5.0,13.5],"texture":"#4"},"west":{"uv":[5.0,11.0,6.0,13.5],"texture":"#4"},"up":{"uv":[12.0,12.0,11.0,11.0],"texture":"#4"},"down":{"uv":[13.0,0.0,12.0,1.0],"texture":"#4"}}},{"from":[7.4,0.0,7.4],"to":[8.6,0.5,8.6],"rotation":{"origin":[6.5,-0.5,7.5],"axis":"y","angle":0.0},"faces":{"north":{"uv":[9.0,14.0,10.0,14.5],"texture":"#4"},"east":{"uv":[14.0,9.0,15.0,9.5],"texture":"#4"},"south":{"uv":[10.0,14.0,11.0,14.5],"texture":"#4"},"west":{"uv":[11.0,14.0,12.0,14.5],"texture":"#4"},"up":{"uv":[13.0,2.0,12.0,1.0],"texture":"#4"},"down":{"uv":[13.0,2.0,12.0,3.0],"texture":"#4"}}},{"from":[7.4,1.5,7.4],"to":[8.6,2.0,8.6],"rotation":{"origin":[6.5,-0.5,7.5],"axis":"y","angle":0.0},"faces":{"north":{"uv":[12.0,14.0,13.0,14.5],"texture":"#4"},"east":{"uv":[13.0,14.0,14.0,14.5],"texture":"#4"},"south":{"uv":[14.0,13.0,15.0,13.5],"texture":"#4"},"west":{"uv":[14.0,14.0,15.0,14.5],"texture":"#4"},"up":{"uv":[13.0,4.0,12.0,3.0],"texture":"#4"},"down":{"uv":[13.0,4.0,12.0,5.0],"texture":"#4"}}},{"from":[7.4,5.5,7.4],"to":[8.6,6.0,8.6],"rotation":{"origin":[6.5,-0.5,7.5],"axis":"y","angle":0.0},"faces":{"north":{"uv":[1.0,15.0,2.0,15.5],"texture":"#4"},"east":{"uv":[2.0,15.0,3.0,15.5],"texture":"#4"},"south":{"uv":[15.0,2.0,16.0,2.5],"texture":"#4"},"west":{"uv":[3.0,15.0,4.0,15.5],"texture":"#4"},"up":{"uv":[13.0,6.0,12.0,5.0],"texture":"#4"},"down":{"uv":[13.0,6.0,12.0,7.0],"texture":"#4"}}},{"from":[7.5,4.5,7.5],"to":[8.5,5.5,8.5],"rotation":{"origin":[6.5,-0.5,7.5],"axis":"y","angle":0.0},"faces":{"north":{"uv":[12.0,7.0,13.0,8.0],"texture":"#4"},"east":{"uv":[12.0,8.0,13.0,9.0],"texture":"#4"},"south":{"uv":[12.0,9.0,13.0,10.0],"texture":"#4"},"west":{"uv":[10.0,12.0,11.0,13.0],"texture":"#4"},"up":{"uv":[13.0,11.0,12.0,10.0],"texture":"#4"},"down":{"uv":[12.0,12.0,11.0,13.0],"texture":"#4"}}},{"from":[7.4,4.0,7.4],"to":[8.6,4.5,8.6],"rotation":{"origin":[6.5,-0.5,7.5],"axis":"y","angle":0.0},"faces":{"north":{"uv":[15.0,3.0,16.0,3.5],"texture":"#4"},"east":{"uv":[4.0,15.0,5.0,15.5],"texture":"#4"},"south":{"uv":[15.0,4.0,16.0,4.5],"texture":"#4"},"west":{"uv":[5.0,15.0,6.0,15.5],"texture":"#4"},"up":{"uv":[13.0,12.0,12.0,11.0],"texture":"#4"},"down":{"uv":[13.0,12.0,12.0,13.0],"texture":"#4"}}},{"from":[7.5,8.0,7.5],"to":[8.5,13.0,8.5],"rotation":{"origin":[6.5,1.0,7.5],"axis":"y","angle":0.0},"faces":{"north":{"uv":[1.0,11.0,0.0,16.0],"texture":"#4"},"east":{"uv":[0.0,11.0,1.0,16.0],"texture":"#4"},"south":{"uv":[1.0,11.0,0.0,16.0],"texture":"#4"},"west":{"uv":[0.0,11.0,1.0,16.0],"texture":"#4"},"up":{"uv":[14.0,9.0,13.0,8.0],"texture":"#4"},"down":{"uv":[10.0,13.0,9.0,14.0],"texture":"#4"}}},{"from":[7.6,13.0,7.6],"to":[8.4,18.75,8.4],"rotation":{"origin":[6.5,1.0,7.5],"axis":"y","angle":0.0},"faces":{"north":{"uv":[9.0,9.0,8.0,15.0],"texture":"#4"},"east":{"uv":[8.0,9.0,9.0,15.0],"texture":"#4"},"south":{"uv":[9.0,9.0,8.0,15.0],"texture":"#4"},"west":{"uv":[8.0,9.0,9.0,15.0],"texture":"#4"},"up":{"uv":[14.0,10.0,13.0,9.0],"texture":"#4"}}},{"from":[7.5,-1.0,8.0],"to":[8.5,0.0,9.0],"rotation":{"origin":[7.5,-1.0,8.0],"axis":"x","angle":-45.0},"faces":{"north":{"uv":[13.0,0.0,14.0,1.0],"texture":"#4"},"east":{"uv":[1.0,13.0,2.0,14.0],"texture":"#4"},"south":{"uv":[13.0,1.0,14.0,2.0],"texture":"#4"},"west":{"uv":[2.0,13.0,3.0,14.0],"texture":"#4"},"up":{"uv":[14.0,3.0,13.0,2.0],"texture":"#4"},"down":{"uv":[14.0,3.0,13.0,4.0],"texture":"#4"}}},{"from":[7.0,6.0,7.0],"to":[9.0,6.5,9.0],"rotation":{"origin":[7.0,6.0,7.0],"axis":"y","angle":0.0},"faces":{"north":{"uv":[13.0,4.0,15.0,4.5],"texture":"#4"},"east":{"uv":[13.0,5.0,15.0,5.5],"texture":"#4"},"south":{"uv":[13.0,6.0,15.0,6.5],"texture":"#4"},"west":{"uv":[13.0,7.0,15.0,7.5],"texture":"#4"},"down":{"uv":[3.0,11.0,1.0,13.0],"texture":"#4"}}},{"from":[6.0,6.5,6.0],"to":[10.0,8.0,10.0],"rotation":{"origin":[7.0,6.5,7.0],"axis":"y","angle":0.0},"faces":{"north":{"uv":[8.0,0.0,16.0,3.0],"texture":"#1"},"east":{"uv":[8.0,4.0,16.0,7.0],"texture":"#1"},"south":{"uv":[8.0,8.0,16.0,11.0],"texture":"#1"},"west":{"uv":[8.0,12.0,16.0,15.0],"texture":"#1"},"up":{"uv":[8.0,8.0,0.0,0.0],"texture":"#1"},"down":{"uv":[8.0,8.0,0.0,16.0],"texture":"#1"}}},{"from":[6.5,8.0,6.5],"to":[9.5,10.0,9.5],"rotation":{"origin":[7.0,8.0,7.0],"axis":"y","angle":0.0},"faces":{"north":{"uv":[6.0,3.0,9.0,5.0],"texture":"#4"},"east":{"uv":[6.0,5.0,9.0,7.0],"texture":"#4"},"south":{"uv":[6.0,7.0,9.0,9.0],"texture":"#4"},"west":{"uv":[9.0,0.0,12.0,2.0],"texture":"#4"},"up":{"uv":[9.0,3.0,6.0,0.0],"texture":"#4"}}},{"from":[7.0,11.0,7.25],"to":[9.0,11.5,7.75],"rotation":{"origin":[7.0,0.0,0.0],"axis":"y","angle":0.0},"faces":{"north":{"uv":[10.0,13.0,12.0,13.5],"texture":"#4"},"east":{"uv":[15.0,9.0,15.5,9.5],"texture":"#4"},"south":{"uv":[13.0,10.0,15.0,10.5],"texture":"#4"},"west":{"uv":[10.0,15.0,10.5,15.5],"texture":"#4"},"up":{"uv":[15.0,11.5,13.0,11.0],"texture":"#4"},"down":{"uv":[14.0,13.0,12.0,13.5],"texture":"#4"}}},{"from":[7.0,11.0,5.75],"to":[9.0,11.5,6.25],"rotation":{"origin":[7.0,0.0,0.0],"axis":"y","angle":0.0},"faces":{"north":{"uv":[13.0,12.0,15.0,12.5],"texture":"#4"},"east":{"uv":[15.0,10.0,15.5,10.5],"texture":"#4"},"south":{"uv":[14.0,0.0,16.0,0.5],"texture":"#4"},"west":{"uv":[11.0,15.0,11.5,15.5],"texture":"#4"},"up":{"uv":[3.0,14.5,1.0,14.0],"texture":"#4"},"down":{"uv":[16.0,1.0,14.0,1.5],"texture":"#4"}}},{"from":[8.5,11.0,6.25],"to":[9.0,11.5,7.25],"rotation":{"origin":[7.0,0.0,0.0],"axis":"y","angle":0.0},"faces":{"east":{"uv":[15.0,5.0,16.0,5.5],"texture":"#4"},"west":{"uv":[6.0,15.0,7.0,15.5],"texture":"#4"},"up":{"uv":[15.5,7.0,15.0,6.0],"texture":"#4"},"down":{"uv":[7.5,15.0,7.0,16.0],"texture":"#4"}}},{"from":[7.0,11.0,6.25],"to":[7.5,11.5,7.25],"rotation":{"origin":[7.0,0.0,0.0],"axis":"y","angle":0.0},"faces":{"east":{"uv":[15.0,7.0,16.0,7.5],"texture":"#4"},"west":{"uv":[8.0,15.0,9.0,15.5],"texture":"#4"},"up":{"uv":[15.5,9.0,15.0,8.0],"texture":"#4"},"down":{"uv":[9.5,15.0,9.0,16.0],"texture":"#4"}}},{"from":[7.0,14.0,7.25],"to":[9.0,14.5,7.75],"rotation":{"origin":[7.0,0.0,0.0],"axis":"y","angle":0.0},"faces":{"north":{"uv":[10.0,13.0,12.0,13.5],"texture":"#4"},"east":{"uv":[15.0,9.0,15.5,9.5],"texture":"#4"},"south":{"uv":[13.0,10.0,15.0,10.5],"texture":"#4"},"west":{"uv":[10.0,15.0,10.5,15.5],"texture":"#4"},"up":{"uv":[15.0,11.5,13.0,11.0],"texture":"#4"},"down":{"uv":[14.0,13.0,12.0,13.5],"texture":"#4"}}},{"from":[7.0,14.0,6.25],"to":[7.5,14.5,7.25],"rotation":{"origin":[7.0,0.0,0.0],"axis":"y","angle":0.0},"faces":{"east":{"uv":[15.0,7.0,16.0,7.5],"texture":"#4"},"west":{"uv":[8.0,15.0,9.0,15.5],"texture":"#4"},"up":{"uv":[15.5,9.0,15.0,8.0],"texture":"#4"},"down":{"uv":[9.5,15.0,9.0,16.0],"texture":"#4"}}},{"from":[7.0,14.0,5.75],"to":[9.0,14.5,6.25],"rotation":{"origin":[7.0,0.0,0.0],"axis":"y","angle":0.0},"faces":{"north":{"uv":[13.0,12.0,15.0,12.5],"texture":"#4"},"east":{"uv":[15.0,10.0,15.5,10.5],"texture":"#4"},"south":{"uv":[14.0,0.0,16.0,0.5],"texture":"#4"},"west":{"uv":[11.0,15.0,11.5,15.5],"texture":"#4"},"up":{"uv":[3.0,14.5,1.0,14.0],"texture":"#4"},"down":{"uv":[16.0,1.0,14.0,1.5],"texture":"#4"}}},{"from":[8.5,14.0,6.25],"to":[9.0,14.5,7.25],"rotation":{"origin":[7.0,0.0,0.0],"axis":"y","angle":0.0},"faces":{"east":{"uv":[15.0,5.0,16.0,5.5],"texture":"#4"},"west":{"uv":[6.0,15.0,7.0,15.5],"texture":"#4"},"up":{"uv":[15.5,7.0,15.0,6.0],"texture":"#4"},"down":{"uv":[7.5,15.0,7.0,16.0],"texture":"#4"}}},{"from":[7.0,17.0,7.25],"to":[9.0,17.5,7.75],"rotation":{"origin":[7.0,0.0,0.0],"axis":"y","angle":0.0},"faces":{"north":{"uv":[10.0,13.0,12.0,13.5],"texture":"#4"},"east":{"uv":[15.0,9.0,15.5,9.5],"texture":"#4"},"south":{"uv":[13.0,10.0,15.0,10.5],"texture":"#4"},"west":{"uv":[10.0,15.0,10.5,15.5],"texture":"#4"},"up":{"uv":[15.0,11.5,13.0,11.0],"texture":"#4"},"down":{"uv":[14.0,13.0,12.0,13.5],"texture":"#4"}}},{"from":[7.0,17.0,6.25],"to":[7.5,17.5,7.25],"rotation":{"origin":[7.0,0.0,0.0],"axis":"y","angle":0.0},"faces":{"east":{"uv":[15.0,7.0,16.0,7.5],"texture":"#4"},"west":{"uv":[8.0,15.0,9.0,15.5],"texture":"#4"},"up":{"uv":[15.5,9.0,15.0,8.0],"texture":"#4"},"down":{"uv":[9.5,15.0,9.0,16.0],"texture":"#4"}}},{"from":[7.0,17.0,5.75],"to":[9.0,17.5,6.25],"rotation":{"origin":[7.0,0.0,0.0],"axis":"y","angle":0.0},"faces":{"north":{"uv":[13.0,12.0,15.0,12.5],"texture":"#4"},"east":{"uv":[15.0,10.0,15.5,10.5],"texture":"#4"},"south":{"uv":[14.0,0.0,16.0,0.5],"texture":"#4"},"west":{"uv":[11.0,15.0,11.5,15.5],"texture":"#4"},"up":{"uv":[3.0,14.5,1.0,14.0],"texture":"#4"},"down":{"uv":[16.0,1.0,14.0,1.5],"texture":"#4"}}},{"from":[8.5,17.0,6.25],"to":[9.0,17.5,7.25],"rotation":{"origin":[7.0,0.0,0.0],"axis":"y","angle":0.0},"faces":{"east":{"uv":[15.0,5.0,16.0,5.5],"texture":"#4"},"west":{"uv":[6.0,15.0,7.0,15.5],"texture":"#4"},"up":{"uv":[15.5,7.0,15.0,6.0],"texture":"#4"},"down":{"uv":[7.5,15.0,7.0,16.0],"texture":"#4"}}},{"from":[7.985,8.0,2.5],"to":[8.015,19.0,8.0],"rotation":{"origin":[7.985,0.0,0.0],"axis":"y","angle":0.0},"faces":{"east":{"uv":[5.5,0.0,0.0,11.0],"texture":"#4"},"west":{"uv":[0.0,0.0,5.5,11.0],"texture":"#4"}}}],"textures":{"particle":"2a0f9ca7-8468-46fc-8aa8-b8602eb9d086","1":"2a0f9ca7-8468-46fc-8aa8-b8602eb9d086","4":"3461012c-c454-4efb-87e0-34240ba1955a"},"gui_light":"front"}