{"display":{"thirdperson_righthand":{"translation":[0.0,3.0,1.0]},"thirdperson_lefthand":{"translation":[0.0,3.0,1.0]},"firstperson_righthand":{"rotation":[-10.0,0.0,0.0],"translation":[0.0,3.25,0.0]},"firstperson_lefthand":{"rotation":[-10.0,0.0,0.0],"translation":[0.0,3.25,0.0]},"ground":{"rotation":[45.0,0.0,0.0],"translation":[0.0,5.5,0.0],"scale":[0.7,0.7,0.7]},"gui":{"rotation":[90.0,-45.0,90.0],"translation":[1.5,-1.5,0.0]},"head":{"rotation":[0.0,90.0,0.0]},"fixed":{"rotation":[0.0,-90.0,0.0],"translation":[0.0,0.0,-1.25],"scale":[2.5,2.5,2.5]}},"elements":[{"from":[7.5,0.5,7.5],"to":[8.5,1.5,8.5],"rotation":{"origin":[6.5,-0.5,7.5],"axis":"y","angle":0.0},"faces":{"north":{"uv":[5.33333,8.66667,6.0,9.33333],"texture":"#3"},"east":{"uv":[8.66667,6.66667,9.33333,7.33333],"texture":"#3"},"south":{"uv":[8.66667,7.33333,9.33333,8.0],"texture":"#3"},"west":{"uv":[8.0,8.66667,8.66667,9.33333],"texture":"#3"},"up":{"uv":[9.33333,9.33333,8.66667,8.66667],"texture":"#3"},"down":{"uv":[0.66667,9.33333,0.0,10.0],"texture":"#3"}}},{"from":[7.5,1.75,7.5],"to":[8.5,4.25,8.5],"rotation":{"origin":[8.0,3.0,8.0],"axis":"y","angle":45.0},"faces":{"north":{"uv":[2.0,7.33333,2.66667,9.0],"texture":"#3"},"east":{"uv":[2.66667,7.33333,3.33333,9.0],"texture":"#3"},"south":{"uv":[7.33333,2.66667,8.0,4.33333],"texture":"#3"},"west":{"uv":[6.66667,7.33333,7.33333,9.0],"texture":"#3"},"up":{"uv":[10.0,0.66667,9.33333,0.0],"texture":"#3"},"down":{"uv":[1.33333,9.33333,0.66667,10.0],"texture":"#3"}}},{"from":[7.4,0.0,7.4],"to":[8.6,0.5,8.6],"rotation":{"origin":[6.5,-0.5,7.5],"axis":"y","angle":0.0},"faces":{"north":{"uv":[10.0,6.66667,10.66667,7.0],"texture":"#3"},"east":{"uv":[10.0,7.33333,10.66667,7.66667],"texture":"#3"},"south":{"uv":[8.0,10.0,8.66667,10.33333],"texture":"#3"},"west":{"uv":[10.0,8.0,10.66667,8.33333],"texture":"#3"},"up":{"uv":[10.0,1.33333,9.33333,0.66667],"texture":"#3"},"down":{"uv":[2.0,9.33333,1.33333,10.0],"texture":"#3"}}},{"from":[7.4,1.5,7.4],"to":[8.6,2.0,8.6],"rotation":{"origin":[6.5,-0.5,7.5],"axis":"y","angle":0.0},"faces":{"north":{"uv":[8.66667,10.0,9.33333,10.33333],"texture":"#3"},"east":{"uv":[10.0,8.66667,10.66667,9.0],"texture":"#3"},"south":{"uv":[9.33333,10.0,10.0,10.33333],"texture":"#3"},"west":{"uv":[10.0,9.33333,10.66667,9.66667],"texture":"#3"},"up":{"uv":[2.66667,10.0,2.0,9.33333],"texture":"#3"},"down":{"uv":[3.33333,9.33333,2.66667,10.0],"texture":"#3"}}},{"from":[7.4,9.5,7.4],"to":[8.6,10.0,8.6],"rotation":{"origin":[6.5,-5.5,7.5],"axis":"y","angle":0.0},"faces":{"north":{"uv":[10.0,10.0,10.66667,10.33333],"texture":"#3"},"east":{"uv":[0.0,10.66667,0.66667,11.0],"texture":"#3"},"south":{"uv":[10.66667,0.0,11.33333,0.33333],"texture":"#3"},"west":{"uv":[0.66667,10.66667,1.33333,11.0],"texture":"#3"},"up":{"uv":[10.0,3.33333,9.33333,2.66667],"texture":"#3"},"down":{"uv":[10.0,3.33333,9.33333,4.0],"texture":"#3"}}},{"from":[7.5,4.5,7.5],"to":[8.5,5.5,8.5],"rotation":{"origin":[6.5,-0.5,7.5],"axis":"y","angle":0.0},"faces":{"north":{"uv":[4.0,9.33333,4.66667,10.0],"texture":"#3"},"east":{"uv":[4.66667,9.33333,5.33333,10.0],"texture":"#3"},"south":{"uv":[5.33333,9.33333,6.0,10.0],"texture":"#3"},"west":{"uv":[6.0,9.33333,6.66667,10.0],"texture":"#3"},"up":{"uv":[10.0,6.66667,9.33333,6.0],"texture":"#3"},"down":{"uv":[7.33333,9.33333,6.66667,10.0],"texture":"#3"}}},{"from":[7.5,8.5,7.5],"to":[8.5,9.5,8.5],"rotation":{"origin":[6.5,-5.5,7.5],"axis":"y","angle":0.0},"faces":{"north":{"uv":[9.33333,6.66667,10.0,7.33333],"texture":"#3"},"east":{"uv":[9.33333,7.33333,10.0,8.0],"texture":"#3"},"south":{"uv":[8.0,9.33333,8.66667,10.0],"texture":"#3"},"west":{"uv":[9.33333,8.0,10.0,8.66667],"texture":"#3"},"up":{"uv":[9.33333,10.0,8.66667,9.33333],"texture":"#3"},"down":{"uv":[10.0,8.66667,9.33333,9.33333],"texture":"#3"}}},{"from":[7.4,4.0,7.4],"to":[8.6,4.5,8.6],"rotation":{"origin":[6.5,-0.5,7.5],"axis":"y","angle":0.0},"faces":{"north":{"uv":[10.66667,0.66667,11.33333,1.0],"texture":"#3"},"east":{"uv":[1.33333,10.66667,2.0,11.0],"texture":"#3"},"south":{"uv":[10.66667,1.33333,11.33333,1.66667],"texture":"#3"},"west":{"uv":[2.0,10.66667,2.66667,11.0],"texture":"#3"},"up":{"uv":[10.0,10.0,9.33333,9.33333],"texture":"#3"},"down":{"uv":[0.66667,10.0,0.0,10.66667],"texture":"#3"}}},{"from":[7.5,-1.0,8.0],"to":[8.5,0.0,9.0],"rotation":{"origin":[7.5,-1.0,8.0],"axis":"x","angle":-45.0},"faces":{"north":{"uv":[10.0,0.0,10.66667,0.66667],"texture":"#3"},"east":{"uv":[0.66667,10.0,1.33333,10.66667],"texture":"#3"},"south":{"uv":[10.0,0.66667,10.66667,1.33333],"texture":"#3"},"west":{"uv":[1.33333,10.0,2.0,10.66667],"texture":"#3"},"up":{"uv":[10.66667,2.0,10.0,1.33333],"texture":"#3"},"down":{"uv":[2.66667,10.0,2.0,10.66667],"texture":"#3"}}},{"from":[7.0,10.0,7.0],"to":[9.0,10.5,9.0],"rotation":{"origin":[7.0,1.0,7.0],"axis":"y","angle":0.0},"faces":{"north":{"uv":[10.0,2.0,11.33333,2.33333],"texture":"#3"},"east":{"uv":[2.66667,10.0,4.0,10.33333],"texture":"#3"},"south":{"uv":[10.0,2.66667,11.33333,3.0],"texture":"#3"},"west":{"uv":[10.0,3.33333,11.33333,3.66667],"texture":"#3"},"down":{"uv":[3.33333,3.33333,2.0,4.66667],"texture":"#3"}}},{"from":[6.0,10.5,6.0],"to":[10.0,12.0,10.0],"rotation":{"origin":[7.0,1.5,7.0],"axis":"y","angle":0.0},"faces":{"north":{"uv":[8.0,0.0,16.0,3.0],"texture":"#1"},"east":{"uv":[8.0,4.0,16.0,7.0],"texture":"#1"},"south":{"uv":[8.0,8.0,16.0,11.0],"texture":"#1"},"west":{"uv":[8.0,12.0,16.0,15.0],"texture":"#1"},"up":{"uv":[8.0,8.0,0.0,0.0],"texture":"#1"},"down":{"uv":[8.0,8.0,0.0,16.0],"texture":"#1"}}},{"from":[6.5,12.0,6.5],"to":[9.5,14.0,9.5],"rotation":{"origin":[7.0,3.0,7.0],"axis":"y","angle":0.0},"faces":{"north":{"uv":[4.0,1.33333,6.0,2.66667],"texture":"#3"},"east":{"uv":[4.0,2.66667,6.0,4.0],"texture":"#3"},"south":{"uv":[4.0,4.0,6.0,5.33333],"texture":"#3"},"west":{"uv":[4.0,5.33333,6.0,6.66667],"texture":"#3"},"up":{"uv":[2.0,2.0,0.0,0.0],"texture":"#3"}}},{"from":[7.4,5.5,7.4],"to":[8.6,8.5,8.6],"rotation":{"origin":[7.5,5.5,7.5],"axis":"y","angle":0.0},"faces":{"north":{"uv":[0.66667,6.66667,1.33333,8.66667],"texture":"#3"},"east":{"uv":[1.33333,6.66667,2.0,8.66667],"texture":"#3"},"south":{"uv":[6.66667,2.66667,7.33333,4.66667],"texture":"#3"},"west":{"uv":[4.0,6.66667,4.66667,8.66667],"texture":"#3"},"up":{"uv":[4.66667,10.66667,4.0,10.0],"texture":"#3"},"down":{"uv":[10.66667,4.0,10.0,4.66667],"texture":"#3"}}},{"from":[7.4,10.70519,4.51884],"to":[8.6,14.20519,5.71884],"rotation":{"origin":[8.0,14.44317,4.66202],"axis":"x","angle":-22.5},"faces":{"north":{"uv":[6.0,2.66667,6.66667,5.0],"texture":"#3"},"east":{"uv":[3.33333,6.0,4.0,8.33333],"texture":"#3"},"south":{"uv":[6.0,5.33333,6.66667,7.66667],"texture":"#3"},"west":{"uv":[0.0,6.66667,0.66667,9.0],"texture":"#3"},"up":{"uv":[5.33333,10.66667,4.66667,10.0],"texture":"#3"},"down":{"uv":[10.66667,4.66667,10.0,5.33333],"texture":"#3"}}},{"from":[7.0,12.33962,4.18346],"to":[9.0,13.33962,6.18346],"rotation":{"origin":[8.0,14.44317,4.66202],"axis":"x","angle":-45.0},"faces":{"north":{"uv":[8.0,0.0,9.33333,0.66667],"texture":"#3"},"east":{"uv":[8.0,0.66667,9.33333,1.33333],"texture":"#3"},"south":{"uv":[4.66667,8.0,6.0,8.66667],"texture":"#3"},"west":{"uv":[8.0,6.0,9.33333,6.66667],"texture":"#3"},"up":{"uv":[3.33333,6.0,2.0,4.66667],"texture":"#3"},"down":{"uv":[1.33333,5.33333,0.0,6.66667],"texture":"#3"}}},{"from":[7.5,11.33962,2.68346],"to":[8.5,13.33962,4.18346],"rotation":{"origin":[8.0,14.44317,4.66202],"axis":"x","angle":-45.0},"faces":{"north":{"uv":[6.0,8.0,6.66667,9.33333],"texture":"#3"},"east":{"uv":[4.66667,6.66667,5.66667,8.0],"texture":"#3"},"south":{"uv":[8.0,6.66667,8.66667,8.0],"texture":"#3"},"west":{"uv":[6.66667,4.66667,7.66667,6.0],"texture":"#3"},"up":{"uv":[9.33333,3.66667,8.66667,2.66667],"texture":"#3"},"down":{"uv":[4.0,8.66667,3.33333,9.66667],"texture":"#3"}}},{"from":[7.985,13.33962,2.68346],"to":[8.015,15.33962,4.18346],"rotation":{"origin":[8.0,14.44317,4.66202],"axis":"x","angle":-45.0},"faces":{"east":{"uv":[6.66667,6.0,7.66667,7.33333],"texture":"#3"},"west":{"uv":[7.33333,1.33333,8.33333,2.66667],"texture":"#3"}}},{"from":[7.0,14.33962,4.18346],"to":[9.0,15.33962,6.18346],"rotation":{"origin":[8.0,14.44317,4.66202],"axis":"x","angle":-45.0},"faces":{"north":{"uv":[8.0,8.0,9.33333,8.66667],"texture":"#3"},"east":{"uv":[0.66667,8.66667,2.0,9.33333],"texture":"#3"},"south":{"uv":[8.66667,1.33333,10.0,2.0],"texture":"#3"},"west":{"uv":[8.66667,2.0,10.0,2.66667],"texture":"#3"},"up":{"uv":[7.33333,2.66667,6.0,1.33333],"texture":"#3"},"down":{"uv":[3.33333,6.0,2.0,7.33333],"texture":"#3"}}},{"from":[7.25,13.33962,4.43346],"to":[8.75,14.33962,5.93346],"rotation":{"origin":[8.0,14.44317,4.66202],"axis":"x","angle":-45.0},"faces":{"north":{"uv":[4.0,8.66667,5.0,9.33333],"texture":"#3"},"east":{"uv":[8.66667,4.0,9.66667,4.66667],"texture":"#3"},"south":{"uv":[8.66667,4.66667,9.66667,5.33333],"texture":"#3"},"west":{"uv":[8.66667,5.33333,9.66667,6.0],"texture":"#3"}}},{"from":[7.35,15.0,5.5],"to":[7.35,20.0,10.5],"rotation":{"origin":[0.0,0.0,-0.5],"axis":"y","angle":0.0},"faces":{"west":{"uv":[0.0,0.0,10.0,10.0],"texture":"#2"}}},{"from":[8.65,15.0,5.5],"to":[8.65,20.0,10.5],"rotation":{"origin":[16.0,0.0,-0.5],"axis":"y","angle":0.0},"faces":{"east":{"uv":[10.0,0.0,0.0,10.0],"texture":"#2"}}},{"from":[7.5,18.0,4.75],"to":[8.5,19.0,11.25],"rotation":{"origin":[7.0,0.0,5.5],"axis":"y","angle":0.0},"faces":{"north":{"uv":[5.33333,10.0,6.0,10.66667],"texture":"#3"},"east":{"uv":[3.33333,0.0,7.66667,0.66667],"texture":"#3"},"south":{"uv":[10.0,5.33333,10.66667,6.0],"texture":"#3"},"west":{"uv":[3.33333,0.66667,7.66667,1.33333],"texture":"#3"},"up":{"uv":[2.0,6.33333,1.33333,2.0],"texture":"#3"},"down":{"uv":[4.0,1.33333,3.33333,5.66667],"texture":"#3"}}},{"from":[7.5,16.0,4.75],"to":[8.5,17.0,11.25],"rotation":{"origin":[7.0,0.0,5.5],"axis":"y","angle":0.0},"faces":{"north":{"uv":[5.33333,10.0,6.0,10.66667],"texture":"#3"},"east":{"uv":[3.33333,0.0,7.66667,0.66667],"texture":"#3"},"south":{"uv":[10.0,5.33333,10.66667,6.0],"texture":"#3"},"west":{"uv":[3.33333,0.66667,7.66667,1.33333],"texture":"#3"},"up":{"uv":[2.0,6.33333,1.33333,2.0],"texture":"#3"},"down":{"uv":[4.0,1.33333,3.33333,5.66667],"texture":"#3"}}},{"from":[7.25,14.75,4.25],"to":[8.75,19.25,4.75],"rotation":{"origin":[8.0,18.0,3.0],"axis":"x","angle":0.0},"faces":{"north":{"uv":[0.0,2.0,1.0,5.0],"texture":"#3"},"east":{"uv":[7.33333,7.33333,7.66667,10.33333],"texture":"#3"},"south":{"uv":[2.0,0.0,3.0,3.0],"texture":"#3"},"west":{"uv":[8.0,2.66667,8.33333,5.66667],"texture":"#3"},"up":{"uv":[7.0,10.33333,6.0,10.0],"texture":"#3"},"down":{"uv":[11.0,6.0,10.0,6.33333],"texture":"#3"}}},{"from":[7.4,10.70519,10.28116],"to":[8.6,14.20519,11.48116],"rotation":{"origin":[8.0,14.44317,11.33798],"axis":"x","angle":22.5},"faces":{"north":{"uv":[6.66667,5.33333,6.0,7.66667],"texture":"#3"},"east":{"uv":[4.0,6.0,3.33333,8.33333],"texture":"#3"},"south":{"uv":[6.66667,2.66667,6.0,5.0],"texture":"#3"},"west":{"uv":[0.66667,6.66667,0.0,9.0],"texture":"#3"},"up":{"uv":[5.33333,10.0,4.66667,10.66667],"texture":"#3"},"down":{"uv":[10.66667,5.33333,10.0,4.66667],"texture":"#3"}}},{"from":[7.0,12.33962,9.81654],"to":[9.0,13.33962,11.81654],"rotation":{"origin":[8.0,14.44317,11.33798],"axis":"x","angle":45.0},"faces":{"north":{"uv":[6.0,8.0,4.66667,8.66667],"texture":"#3"},"east":{"uv":[9.33333,0.66667,8.0,1.33333],"texture":"#3"},"south":{"uv":[9.33333,0.0,8.0,0.66667],"texture":"#3"},"west":{"uv":[9.33333,6.0,8.0,6.66667],"texture":"#3"},"up":{"uv":[3.33333,4.66667,2.0,6.0],"texture":"#3"},"down":{"uv":[1.33333,6.66667,0.0,5.33333],"texture":"#3"}}},{"from":[7.5,11.33962,11.81654],"to":[8.5,13.33962,13.31654],"rotation":{"origin":[8.0,14.44317,11.33798],"axis":"x","angle":45.0},"faces":{"north":{"uv":[8.66667,6.66667,8.0,8.0],"texture":"#3"},"east":{"uv":[5.66667,6.66667,4.66667,8.0],"texture":"#3"},"south":{"uv":[6.66667,8.0,6.0,9.33333],"texture":"#3"},"west":{"uv":[7.66667,4.66667,6.66667,6.0],"texture":"#3"},"up":{"uv":[9.33333,2.66667,8.66667,3.66667],"texture":"#3"},"down":{"uv":[4.0,9.66667,3.33333,8.66667],"texture":"#3"}}},{"from":[7.985,13.33962,11.81654],"to":[8.015,15.33962,13.31654],"rotation":{"origin":[8.0,14.44317,11.33798],"axis":"x","angle":45.0},"faces":{"east":{"uv":[7.66667,6.0,6.66667,7.33333],"texture":"#3"},"west":{"uv":[8.33333,1.33333,7.33333,2.66667],"texture":"#3"}}},{"from":[7.0,14.33962,9.81654],"to":[9.0,15.33962,11.81654],"rotation":{"origin":[8.0,14.44317,11.33798],"axis":"x","angle":45.0},"faces":{"north":{"uv":[10.0,1.33333,8.66667,2.0],"texture":"#3"},"east":{"uv":[2.0,8.66667,0.66667,9.33333],"texture":"#3"},"south":{"uv":[9.33333,8.0,8.0,8.66667],"texture":"#3"},"west":{"uv":[10.0,2.0,8.66667,2.66667],"texture":"#3"},"up":{"uv":[7.33333,1.33333,6.0,2.66667],"texture":"#3"},"down":{"uv":[3.33333,7.33333,2.0,6.0],"texture":"#3"}}},{"from":[7.25,13.33962,10.06654],"to":[8.75,14.33962,11.56654],"rotation":{"origin":[8.0,14.44317,11.33798],"axis":"x","angle":45.0},"faces":{"north":{"uv":[9.66667,4.66667,8.66667,5.33333],"texture":"#3"},"east":{"uv":[9.66667,4.0,8.66667,4.66667],"texture":"#3"},"south":{"uv":[5.0,8.66667,4.0,9.33333],"texture":"#3"},"west":{"uv":[9.66667,5.33333,8.66667,6.0],"texture":"#3"}}},{"from":[7.25,14.75,11.25],"to":[8.75,19.25,11.75],"rotation":{"origin":[8.0,18.0,13.0],"axis":"x","angle":0.0},"faces":{"north":{"uv":[3.0,0.0,2.0,3.0],"texture":"#3"},"east":{"uv":[7.66667,7.33333,7.33333,10.33333],"texture":"#3"},"south":{"uv":[1.0,2.0,0.0,5.0],"texture":"#3"},"west":{"uv":[8.33333,2.66667,8.0,5.66667],"texture":"#3"},"up":{"uv":[7.0,10.0,6.0,10.33333],"texture":"#3"},"down":{"uv":[11.0,6.33333,10.0,6.0],"texture":"#3"}}}],"textures":{"particle":"2a0f9ca7-8468-46fc-8aa8-b8602eb9d086","1":"2a0f9ca7-8468-46fc-8aa8-b8602eb9d086","2":"ff048d1a-d16b-4e01-8cb4-2ce76a8b17f1","3":"0e70a7de-cb2e-4ce1-8cfb-e26c33e4448e"},"gui_light":"front"}