{"display":{"thirdperson_righthand":{"rotation":[0.0,180.0,0.0],"translation":[0.0,-6.5,4.25]},"thirdperson_lefthand":{"rotation":[0.0,180.0,0.0],"translation":[0.0,-6.5,4.25]},"firstperson_righthand":{"rotation":[-150.0,-22.0,-174.87],"translation":[0.75,-2.5,-2.5],"scale":[0.89,0.89,0.89]},"firstperson_lefthand":{"rotation":[-150.0,-22.0,-174.87],"translation":[0.75,-2.5,-2.5],"scale":[0.89,0.89,0.89]},"gui":{"rotation":[-128.0,-36.0,-118.0],"translation":[-2.25,-2.0,0.0],"scale":[0.64,0.64,0.64]},"fixed":{"rotation":[0.0,90.0,0.0],"translation":[0.0,-4.25,-1.25]}},"elements":[{"from":[7.18688,20.30824,14.83568],"to":[8.81312,22.47656,17.004],"rotation":{"origin":[8.02771,12.55,8.71344],"axis":"x","angle":-45.0},"faces":{"north":{"uv":[9.0,7.0,9.75,8.0],"texture":"#0"},"east":{"uv":[9.0,2.0,10.0,3.0],"texture":"#0"},"south":{"uv":[9.0,8.0,9.75,9.0],"texture":"#0"},"west":{"uv":[9.0,3.0,10.0,4.0],"texture":"#0"},"up":{"uv":[7.75,11.5,7.0,10.5],"texture":"#0"},"down":{"uv":[9.75,9.0,9.0,10.0],"texture":"#0"}}},{"from":[7.45792,9.91733,10.43527],"to":[8.54208,15.41056,11.74014],"rotation":{"origin":[8.02771,12.55,8.71344],"axis":"y","angle":0.0},"faces":{"north":{"uv":[7.5,7.5,8.0,10.25],"texture":"#0"},"east":{"uv":[3.5,9.0,4.25,11.75],"texture":"#0"},"south":{"uv":[6.5,9.0,7.0,11.75],"texture":"#0"},"west":{"uv":[4.5,9.0,5.25,11.75],"texture":"#0"}}},{"from":[8.0,20.21104,15.16721],"to":[8.0,26.08976,21.04593],"rotation":{"origin":[8.02771,12.55,8.71344],"axis":"x","angle":-45.0},"faces":{"east":{"uv":[0.0,6.0,3.0,9.0],"texture":"#0"},"west":{"uv":[3.0,6.0,6.0,9.0],"texture":"#0"}}},{"from":[7.40371,20.55024,13.04682],"to":[8.59629,21.77185,14.83568],"rotation":{"origin":[8.02771,12.55,8.71344],"axis":"x","angle":-45.0},"faces":{"north":{"uv":[10.0,2.0,10.5,2.5],"texture":"#0"},"east":{"uv":[10.5,11.0,9.5,11.5],"texture":"#0"},"west":{"uv":[9.5,11.0,10.5,11.5],"texture":"#0"},"up":{"uv":[10.5,1.0,10.0,0.0],"texture":"#0"},"down":{"uv":[10.0,2.0,10.5,1.0],"texture":"#0"}}},{"from":[7.45792,14.84394,11.77433],"to":[8.54208,23.51722,12.85849],"rotation":{"origin":[8.02771,12.55,8.71344],"axis":"x","angle":-22.5},"faces":{"north":{"uv":[0.0,9.0,0.5,13.25],"texture":"#0"},"east":{"uv":[7.5,0.0,8.0,4.25],"texture":"#0"},"south":{"uv":[0.5,9.0,1.0,13.25],"texture":"#0"},"west":{"uv":[1.0,9.0,1.5,13.25],"texture":"#0"}}},{"from":[7.99129,3.24897,-2.85652],"to":[7.99129,21.97784,6.6391],"rotation":{"origin":[8.02771,12.55,8.71344],"axis":"y","angle":0.0},"faces":{"east":{"uv":[10.75,0.0,15.5,9.25],"texture":"#0"},"west":{"uv":[15.5,0.0,10.75,9.25],"texture":"#0"}}},{"from":[7.18688,15.57185,7.30294],"to":[8.94138,17.32635,9.05744],"rotation":{"origin":[8.02771,12.55,8.71344],"axis":"x","angle":45.0},"faces":{"north":{"uv":[8.0,7.0,9.0,8.0],"texture":"#0"},"east":{"uv":[8.0,8.0,9.0,9.0],"texture":"#0"},"south":{"uv":[8.0,9.0,9.0,10.0],"texture":"#0"},"west":{"uv":[8.0,10.0,9.0,11.0],"texture":"#0"},"up":{"uv":[10.0,1.0,9.0,0.0],"texture":"#0"},"down":{"uv":[10.0,1.0,9.0,2.0],"texture":"#0"}}},{"from":[8.0,11.74313,11.63821],"to":[8.0,23.62185,15.71693],"rotation":{"origin":[8.02771,12.55,8.71344],"axis":"x","angle":-22.5},"faces":{"east":{"uv":[0.0,0.0,2.0,6.0],"texture":"#0"},"west":{"uv":[2.0,0.0,4.0,6.0],"texture":"#0"}}},{"from":[8.0,1.47815,11.63821],"to":[8.0,13.35687,15.71693],"rotation":{"origin":[8.02771,12.55,8.71344],"axis":"x","angle":22.5},"faces":{"east":{"uv":[0.0,6.0,2.0,0.0],"texture":"#0"},"west":{"uv":[2.0,6.0,4.0,0.0],"texture":"#0"}}},{"from":[7.45792,1.58278,11.77433],"to":[8.54208,10.25606,12.85849],"rotation":{"origin":[8.02771,12.55,8.71344],"axis":"x","angle":22.5},"faces":{"north":{"uv":[0.0,13.25,0.5,9.0],"texture":"#0"},"east":{"uv":[7.5,4.25,8.0,0.0],"texture":"#0"},"south":{"uv":[0.5,13.25,1.0,9.0],"texture":"#0"},"west":{"uv":[1.0,13.25,1.5,9.0],"texture":"#0"}}},{"from":[7.18688,7.77365,7.30294],"to":[8.94138,9.52815,9.05744],"rotation":{"origin":[8.02771,12.55,8.71344],"axis":"x","angle":-45.0},"faces":{"north":{"uv":[8.0,8.0,9.0,7.0],"texture":"#0"},"east":{"uv":[8.0,9.0,9.0,8.0],"texture":"#0"},"south":{"uv":[8.0,10.0,9.0,9.0],"texture":"#0"},"west":{"uv":[8.0,11.0,9.0,10.0],"texture":"#0"},"up":{"uv":[10.0,2.0,9.0,1.0],"texture":"#0"},"down":{"uv":[10.0,0.0,9.0,1.0],"texture":"#0"}}},{"from":[7.18688,2.62344,14.83568],"to":[8.81312,4.79176,17.004],"rotation":{"origin":[8.02771,12.55,8.71344],"axis":"x","angle":45.0},"faces":{"north":{"uv":[9.0,8.0,9.75,7.0],"texture":"#0"},"east":{"uv":[9.0,3.0,10.0,2.0],"texture":"#0"},"south":{"uv":[9.0,9.0,9.75,8.0],"texture":"#0"},"west":{"uv":[9.0,4.0,10.0,3.0],"texture":"#0"},"up":{"uv":[9.75,10.0,9.0,9.0],"texture":"#0"},"down":{"uv":[7.75,10.5,7.0,11.5],"texture":"#0"}}},{"from":[7.40371,3.32815,13.04682],"to":[8.59629,4.54976,14.83568],"rotation":{"origin":[8.02771,12.55,8.71344],"axis":"x","angle":45.0},"faces":{"north":{"uv":[10.0,2.5,10.5,2.0],"texture":"#0"},"east":{"uv":[8.5,11.5,9.5,11.0],"texture":"#0"},"west":{"uv":[9.5,11.5,10.5,11.0],"texture":"#0"},"up":{"uv":[10.5,2.0,10.0,1.0],"texture":"#0"},"down":{"uv":[10.5,0.0,10.0,1.0],"texture":"#0"}}},{"from":[8.0,-0.98976,15.16721],"to":[8.0,4.88896,21.04593],"rotation":{"origin":[8.02771,12.55,8.71344],"axis":"x","angle":45.0},"faces":{"east":{"uv":[0.0,9.0,3.0,6.0],"texture":"#0"},"west":{"uv":[3.0,9.0,6.0,6.0],"texture":"#0"}}},{"from":[8.0125,13.0,3.13125],"to":[8.0125,15.0,19.63125],"rotation":{"origin":[8.0125,14.0,9.63125],"axis":"z","angle":-45.0},"faces":{"north":{"uv":[12.75,12.0,12.75,13.0],"texture":"#0"},"east":{"uv":[8.75,13.0,2.25,14.75],"texture":"#0"},"south":{"uv":[12.0,12.0,12.0,13.0],"texture":"#0"},"west":{"uv":[2.25,13.0,8.75,14.75],"texture":"#0"},"up":{"uv":[12.25,8.75,12.25,15.25],"texture":"#0"},"down":{"uv":[12.0,8.75,12.0,15.25],"texture":"#0"}}},{"from":[8.0125,13.0,3.13125],"to":[8.0125,15.0,19.63125],"rotation":{"origin":[8.0125,14.0,9.63125],"axis":"z","angle":45.0},"faces":{"north":{"uv":[12.75,12.5,12.75,13.5],"texture":"#0"},"east":{"uv":[8.75,13.0,2.25,14.75],"texture":"#0"},"south":{"uv":[12.0,12.5,12.0,13.5],"texture":"#0"},"west":{"uv":[2.25,13.0,8.75,14.75],"texture":"#0"},"up":{"uv":[12.25,9.0,12.25,15.5],"texture":"#0"},"down":{"uv":[12.25,9.0,12.25,15.5],"texture":"#0"}}}],"textures":{"particle":"855371a6-f7a0-4239-adf3-19b98212985c","0":"855371a6-f7a0-4239-adf3-19b98212985c"},"gui_light":"front"}