{"display":{"thirdperson_righthand":{"rotation":[0.0,90.0,0.0],"translation":[0.0,-0.25,1.0],"scale":[0.85,0.85,0.85]},"thirdperson_lefthand":{"rotation":[0.0,-90.0,0.0],"translation":[0.0,-0.25,1.0],"scale":[0.85,0.85,0.85]},"firstperson_righthand":{"rotation":[25.0,115.0,0.0],"translation":[0.0,5.0,0.0],"scale":[0.45,0.45,0.45]},"firstperson_lefthand":{"rotation":[25.0,-65.0,0.0],"translation":[0.0,5.0,0.0],"scale":[0.45,0.45,0.45]},"ground":{"rotation":[65.0,0.0,0.0],"translation":[1.0,2.0,0.0],"scale":[0.35,0.35,0.35]},"gui":{"rotation":[25.0,-165.0,45.0],"translation":[-1.0,2.0,0.0],"scale":[0.5,0.5,0.5]},"head":{"rotation":[0.0,0.0,90.0],"translation":[-2.0,8.0,0.0]},"fixed":{"rotation":[0.0,0.0,45.0],"translation":[1.5,3.0,-1.0],"scale":[0.65,0.65,0.65]}},"elements":[{"from":[7.0,3.0,7.0],"to":[9.0,9.0,9.0],"rotation":{"origin":[0.0,-5.0,0.0],"axis":"y","angle":0.0},"faces":{"north":{"uv":[2.5,6.5,3.5,9.5],"texture":"#0"},"east":{"uv":[3.5,6.5,4.5,9.5],"texture":"#0"},"south":{"uv":[4.5,6.5,5.5,9.5],"texture":"#0"},"west":{"uv":[5.5,6.5,6.5,9.5],"texture":"#0"},"up":{"uv":[1.0,9.5,0.0,8.5],"texture":"#0"},"down":{"uv":[2.0,8.5,1.0,9.5],"texture":"#0"}}},{"from":[0.5,5.5,8.0],"to":[1.5,21.5,8.0],"rotation":{"origin":[1.0,21.5,8.0],"axis":"z","angle":-22.5},"faces":{"north":{"uv":[6.5,0.0,7.0,8.0],"texture":"#0"},"east":{"uv":[0.0,0.0,0.0,8.0],"texture":"#0"},"south":{"uv":[6.5,0.0,7.0,8.0],"texture":"#0"},"west":{"uv":[0.0,0.0,0.0,8.0],"texture":"#0"},"up":{"uv":[0.5,0.0,0.0,0.0],"texture":"#0"},"down":{"uv":[0.5,0.0,0.0,0.0],"texture":"#0"}}},{"from":[8.86318,10.30329,7.125],"to":[10.86318,15.30329,8.875],"rotation":{"origin":[7.16923,14.83507,8.0],"axis":"z","angle":-22.5},"faces":{"north":{"uv":[7.0,1.5,8.0,4.0],"texture":"#0"},"east":{"uv":[7.0,4.0,8.0,6.5],"texture":"#0"},"south":{"uv":[7.0,6.5,8.0,9.0],"texture":"#0"},"west":{"uv":[8.0,1.5,9.0,4.0],"texture":"#0"},"up":{"uv":[9.5,5.0,8.5,4.0],"texture":"#0"},"down":{"uv":[9.5,5.0,8.5,6.0],"texture":"#0"}}},{"from":[7.86318,11.30329,7.5],"to":[8.86318,15.30329,8.5],"rotation":{"origin":[7.16923,14.83507,8.0],"axis":"z","angle":-22.5},"faces":{"north":{"uv":[8.5,6.0,9.0,8.0],"texture":"#0"},"east":{"uv":[8.5,8.0,9.0,10.0],"texture":"#0"},"south":{"uv":[9.0,0.0,9.5,2.0],"texture":"#0"},"west":{"uv":[9.0,2.0,9.5,4.0],"texture":"#0"},"up":{"uv":[11.0,6.0,10.5,5.5],"texture":"#0"},"down":{"uv":[6.5,10.5,6.0,11.0],"texture":"#0"}}},{"from":[1.91682,19.8001,7.0625],"to":[3.91682,21.8001,8.9375],"rotation":{"origin":[4.10432,21.9251,8.0],"axis":"z","angle":22.5},"faces":{"north":{"uv":[9.0,6.0,10.0,7.0],"texture":"#0"},"east":{"uv":[7.0,9.0,8.0,10.0],"texture":"#0"},"south":{"uv":[9.0,7.0,10.0,8.0],"texture":"#0"},"west":{"uv":[9.0,8.0,10.0,9.0],"texture":"#0"},"up":{"uv":[10.0,10.0,9.0,9.0],"texture":"#0"},"down":{"uv":[1.0,9.5,0.0,10.5],"texture":"#0"}}},{"from":[2.91682,21.8001,7.5],"to":[3.91682,24.8001,8.5],"rotation":{"origin":[4.10432,21.9251,8.0],"axis":"z","angle":22.5},"faces":{"north":{"uv":[10.5,0.0,11.0,1.5],"texture":"#0"},"east":{"uv":[10.5,1.5,11.0,3.0],"texture":"#0"},"south":{"uv":[2.5,10.5,3.0,12.0],"texture":"#0"},"west":{"uv":[3.0,10.5,3.5,12.0],"texture":"#0"},"up":{"uv":[11.0,7.5,10.5,7.0],"texture":"#0"},"down":{"uv":[11.0,7.5,10.5,8.0],"texture":"#0"}}},{"from":[4.85432,12.6751,7.0625],"to":[6.85432,14.6751,8.9375],"rotation":{"origin":[4.10432,21.9251,8.0],"axis":"z","angle":22.5},"faces":{"north":{"uv":[9.5,0.0,10.5,1.0],"texture":"#0"},"east":{"uv":[1.0,9.5,2.0,10.5],"texture":"#0"},"south":{"uv":[9.5,1.0,10.5,2.0],"texture":"#0"},"west":{"uv":[9.5,2.0,10.5,3.0],"texture":"#0"},"up":{"uv":[3.5,10.5,2.5,9.5],"texture":"#0"},"down":{"uv":[10.5,3.0,9.5,4.0],"texture":"#0"}}},{"from":[5.85432,14.6751,7.5],"to":[6.85432,16.6751,8.5],"rotation":{"origin":[4.10432,21.9251,8.0],"axis":"z","angle":22.5},"faces":{"north":{"uv":[10.5,3.5,11.0,4.5],"texture":"#0"},"east":{"uv":[10.5,4.5,11.0,5.5],"texture":"#0"},"south":{"uv":[5.0,10.5,5.5,11.5],"texture":"#0"},"west":{"uv":[5.5,10.5,6.0,11.5],"texture":"#0"},"up":{"uv":[11.0,8.5,10.5,8.0],"texture":"#0"},"down":{"uv":[11.0,8.5,10.5,9.0],"texture":"#0"}}},{"from":[4.63986,17.88957,7.0625],"to":[6.63986,19.88957,8.9375],"rotation":{"origin":[7.63986,18.38957,8.0],"axis":"z","angle":0.0},"faces":{"north":{"uv":[3.5,9.5,4.5,10.5],"texture":"#0"},"east":{"uv":[9.5,4.0,10.5,5.0],"texture":"#0"},"south":{"uv":[4.5,9.5,5.5,10.5],"texture":"#0"},"west":{"uv":[9.5,5.0,10.5,6.0],"texture":"#0"},"up":{"uv":[6.5,10.5,5.5,9.5],"texture":"#0"},"down":{"uv":[11.0,6.0,10.0,7.0],"texture":"#0"}}},{"from":[5.63986,19.88957,7.5],"to":[6.63986,23.88957,8.5],"rotation":{"origin":[7.63986,18.38957,8.0],"axis":"z","angle":0.0},"faces":{"north":{"uv":[7.0,10.0,7.5,12.0],"texture":"#0"},"east":{"uv":[10.0,7.0,10.5,9.0],"texture":"#0"},"south":{"uv":[7.5,10.0,8.0,12.0],"texture":"#0"},"west":{"uv":[8.5,10.0,9.0,12.0],"texture":"#0"},"up":{"uv":[10.5,11.0,10.0,10.5],"texture":"#0"},"down":{"uv":[11.0,10.5,10.5,11.0],"texture":"#0"}}},{"from":[7.01542,11.60148,7.0],"to":[9.01542,24.60148,9.0],"rotation":{"origin":[7.16923,14.83507,8.0],"axis":"z","angle":45.0},"faces":{"north":{"uv":[2.5,0.0,3.5,6.5],"texture":"#0"},"east":{"uv":[3.5,0.0,4.5,6.5],"texture":"#0"},"south":{"uv":[4.5,0.0,5.5,6.5],"texture":"#0"},"west":{"uv":[5.5,0.0,6.5,6.5],"texture":"#0"},"up":{"uv":[10.0,11.0,9.0,10.0],"texture":"#0"},"down":{"uv":[11.0,9.0,10.0,10.0],"texture":"#0"}}},{"from":[6.01542,13.60148,7.5],"to":[7.01542,21.60148,8.5],"rotation":{"origin":[7.16923,14.83507,8.0],"axis":"z","angle":45.0},"faces":{"north":{"uv":[2.0,7.0,2.5,11.0],"texture":"#0"},"east":{"uv":[8.0,4.0,8.5,8.0],"texture":"#0"},"south":{"uv":[6.5,8.0,7.0,12.0],"texture":"#0"},"west":{"uv":[8.0,8.0,8.5,12.0],"texture":"#0"},"up":{"uv":[0.5,11.5,0.0,11.0],"texture":"#0"},"down":{"uv":[11.5,0.0,11.0,0.5],"texture":"#0"}}},{"from":[0.83656,7.91469,8.0],"to":[5.83656,21.91469,8.0],"rotation":{"origin":[3.33656,14.91469,8.0],"axis":"z","angle":45.0},"faces":{"north":{"uv":[0.0,0.0,2.5,7.0],"texture":"#0"},"east":{"uv":[0.0,0.0,0.0,7.0],"texture":"#0"},"south":{"uv":[2.5,0.0,0.0,7.0],"texture":"#0"},"west":{"uv":[0.0,0.0,0.0,7.0],"texture":"#0"},"up":{"uv":[2.5,0.0,0.0,0.0],"texture":"#0"},"down":{"uv":[2.5,0.0,0.0,0.0],"texture":"#0"}}},{"from":[6.5,9.0,6.5],"to":[10.5,10.0,9.5],"faces":{"north":{"uv":[10.0,10.0,12.0,10.5],"texture":"#0"},"east":{"uv":[10.5,3.0,12.0,3.5],"texture":"#0"},"south":{"uv":[0.0,10.5,2.0,11.0],"texture":"#0"},"west":{"uv":[3.5,10.5,5.0,11.0],"texture":"#0"},"up":{"uv":[2.0,8.5,0.0,7.0],"texture":"#0"},"down":{"uv":[9.0,0.0,7.0,1.5],"texture":"#0"}}},{"from":[6.5,2.0,6.5],"to":[10.5,3.0,9.5],"rotation":{"origin":[0.0,12.0,0.0],"axis":"y","angle":0.0},"faces":{"north":{"uv":[10.0,10.5,12.0,10.0],"texture":"#0"},"east":{"uv":[10.5,3.5,12.0,3.0],"texture":"#0"},"south":{"uv":[0.0,11.0,2.0,10.5],"texture":"#0"},"west":{"uv":[3.5,11.0,5.0,10.5],"texture":"#0"},"up":{"uv":[9.0,1.5,7.0,0.0],"texture":"#0"},"down":{"uv":[2.0,7.0,0.0,8.5],"texture":"#0"}}},{"from":[8.86318,-3.30329,7.125],"to":[10.86318,1.69671,8.875],"rotation":{"origin":[7.16923,-2.83507,8.0],"axis":"z","angle":22.5},"faces":{"north":{"uv":[7.0,4.0,8.0,1.5],"texture":"#0"},"east":{"uv":[7.0,6.5,8.0,4.0],"texture":"#0"},"south":{"uv":[7.0,9.0,8.0,6.5],"texture":"#0"},"west":{"uv":[8.0,4.0,9.0,1.5],"texture":"#0"},"up":{"uv":[9.5,6.0,8.5,5.0],"texture":"#0"},"down":{"uv":[9.5,4.0,8.5,5.0],"texture":"#0"}}},{"from":[7.01542,-12.60148,7.0],"to":[9.01542,0.39852,9.0],"rotation":{"origin":[7.16923,-2.83507,8.0],"axis":"z","angle":-45.0},"faces":{"north":{"uv":[2.5,6.5,3.5,0.0],"texture":"#0"},"east":{"uv":[3.5,6.5,4.5,0.0],"texture":"#0"},"south":{"uv":[4.5,6.5,5.5,0.0],"texture":"#0"},"west":{"uv":[5.5,6.5,6.5,0.0],"texture":"#0"},"up":{"uv":[11.0,10.0,10.0,9.0],"texture":"#0"},"down":{"uv":[10.0,10.0,9.0,11.0],"texture":"#0"}}},{"from":[4.85432,-2.6751,7.0625],"to":[6.85432,-0.6751,8.9375],"rotation":{"origin":[4.10432,-9.9251,8.0],"axis":"z","angle":-22.5},"faces":{"north":{"uv":[9.5,1.0,10.5,0.0],"texture":"#0"},"east":{"uv":[1.0,10.5,2.0,9.5],"texture":"#0"},"south":{"uv":[9.5,2.0,10.5,1.0],"texture":"#0"},"west":{"uv":[9.5,3.0,10.5,2.0],"texture":"#0"},"up":{"uv":[10.5,4.0,9.5,3.0],"texture":"#0"},"down":{"uv":[3.5,9.5,2.5,10.5],"texture":"#0"}}},{"from":[5.85432,-4.6751,7.5],"to":[6.85432,-2.6751,8.5],"rotation":{"origin":[4.10432,-9.9251,8.0],"axis":"z","angle":-22.5},"faces":{"north":{"uv":[10.5,4.5,11.0,3.5],"texture":"#0"},"east":{"uv":[10.5,5.5,11.0,4.5],"texture":"#0"},"south":{"uv":[5.0,11.5,5.5,10.5],"texture":"#0"},"west":{"uv":[5.5,11.5,6.0,10.5],"texture":"#0"},"up":{"uv":[11.0,9.0,10.5,8.5],"texture":"#0"},"down":{"uv":[11.0,8.0,10.5,8.5],"texture":"#0"}}},{"from":[4.63986,-7.88957,7.0625],"to":[6.63986,-5.88957,8.9375],"rotation":{"origin":[7.63986,-6.38957,8.0],"axis":"z","angle":0.0},"faces":{"north":{"uv":[3.5,10.5,4.5,9.5],"texture":"#0"},"east":{"uv":[9.5,5.0,10.5,4.0],"texture":"#0"},"south":{"uv":[4.5,10.5,5.5,9.5],"texture":"#0"},"west":{"uv":[9.5,6.0,10.5,5.0],"texture":"#0"},"up":{"uv":[11.0,7.0,10.0,6.0],"texture":"#0"},"down":{"uv":[6.5,9.5,5.5,10.5],"texture":"#0"}}},{"from":[5.63986,-11.88957,7.5],"to":[6.63986,-7.88957,8.5],"rotation":{"origin":[7.63986,-6.38957,8.0],"axis":"z","angle":0.0},"faces":{"north":{"uv":[7.0,12.0,7.5,10.0],"texture":"#0"},"east":{"uv":[10.0,9.0,10.5,7.0],"texture":"#0"},"south":{"uv":[7.5,12.0,8.0,10.0],"texture":"#0"},"west":{"uv":[8.5,12.0,9.0,10.0],"texture":"#0"},"up":{"uv":[11.0,11.0,10.5,10.5],"texture":"#0"},"down":{"uv":[10.5,10.5,10.0,11.0],"texture":"#0"}}},{"from":[2.91682,-12.8001,7.5],"to":[3.91682,-9.8001,8.5],"rotation":{"origin":[4.10432,-9.9251,8.0],"axis":"z","angle":-22.5},"faces":{"north":{"uv":[10.5,1.5,11.0,0.0],"texture":"#0"},"east":{"uv":[10.5,3.0,11.0,1.5],"texture":"#0"},"south":{"uv":[2.5,12.0,3.0,10.5],"texture":"#0"},"west":{"uv":[3.0,12.0,3.5,10.5],"texture":"#0"},"up":{"uv":[11.0,8.0,10.5,7.5],"texture":"#0"},"down":{"uv":[11.0,7.0,10.5,7.5],"texture":"#0"}}},{"from":[1.91682,-9.8001,7.0625],"to":[3.91682,-7.8001,8.9375],"rotation":{"origin":[4.10432,-9.9251,8.0],"axis":"z","angle":-22.5},"faces":{"north":{"uv":[9.0,7.0,10.0,6.0],"texture":"#0"},"east":{"uv":[7.0,10.0,8.0,9.0],"texture":"#0"},"south":{"uv":[9.0,8.0,10.0,7.0],"texture":"#0"},"west":{"uv":[9.0,9.0,10.0,8.0],"texture":"#0"},"up":{"uv":[1.0,10.5,0.0,9.5],"texture":"#0"},"down":{"uv":[10.0,9.0,9.0,10.0],"texture":"#0"}}},{"from":[0.5,-9.5,8.0],"to":[1.5,6.5,8.0],"rotation":{"origin":[1.0,-9.5,8.0],"axis":"z","angle":22.5},"faces":{"north":{"uv":[6.5,8.0,7.0,0.0],"texture":"#0"},"east":{"uv":[0.0,8.0,0.0,0.0],"texture":"#0"},"south":{"uv":[6.5,8.0,7.0,0.0],"texture":"#0"},"west":{"uv":[0.0,8.0,0.0,0.0],"texture":"#0"},"up":{"uv":[0.5,0.0,0.0,0.0],"texture":"#0"},"down":{"uv":[0.5,0.0,0.0,0.0],"texture":"#0"}}},{"from":[2.01542,-12.60148,8.0],"to":[7.01542,1.39852,8.0],"rotation":{"origin":[7.16923,-2.83507,8.0],"axis":"z","angle":-45.0},"faces":{"north":{"uv":[0.0,7.0,2.5,0.0],"texture":"#0"},"east":{"uv":[0.0,7.0,0.0,0.0],"texture":"#0"},"south":{"uv":[2.5,7.0,0.0,0.0],"texture":"#0"},"west":{"uv":[0.0,7.0,0.0,0.0],"texture":"#0"},"up":{"uv":[2.5,0.0,0.0,0.0],"texture":"#0"},"down":{"uv":[2.5,0.0,0.0,0.0],"texture":"#0"}}},{"from":[6.01542,-9.60148,7.5],"to":[7.01542,-1.60148,8.5],"rotation":{"origin":[7.16923,-2.83507,8.0],"axis":"z","angle":-45.0},"faces":{"north":{"uv":[2.0,11.0,2.5,7.0],"texture":"#0"},"east":{"uv":[8.0,8.0,8.5,4.0],"texture":"#0"},"south":{"uv":[6.5,12.0,7.0,8.0],"texture":"#0"},"west":{"uv":[8.0,12.0,8.5,8.0],"texture":"#0"},"up":{"uv":[11.5,0.5,11.0,0.0],"texture":"#0"},"down":{"uv":[0.5,11.0,0.0,11.5],"texture":"#0"}}},{"from":[7.86318,-3.30329,7.5],"to":[8.86318,0.69671,8.5],"rotation":{"origin":[7.16923,-2.83507,8.0],"axis":"z","angle":22.5},"faces":{"north":{"uv":[8.5,8.0,9.0,6.0],"texture":"#0"},"east":{"uv":[8.5,10.0,9.0,8.0],"texture":"#0"},"south":{"uv":[9.0,2.0,9.5,0.0],"texture":"#0"},"west":{"uv":[9.0,4.0,9.5,2.0],"texture":"#0"},"up":{"uv":[6.5,11.0,6.0,10.5],"texture":"#0"},"down":{"uv":[11.0,5.5,10.5,6.0],"texture":"#0"}}},{"from":[4.34696,13.51088,8.0],"to":[10.34696,27.51088,8.0],"rotation":{"origin":[9.34696,19.51088,7.0],"axis":"z","angle":45.0},"faces":{"north":{"uv":[6.0,2.0,0.0,16.0],"texture":"#1"},"east":{"uv":[0.0,0.0,0.5,0.5],"texture":"#missing"},"south":{"uv":[0.0,2.0,6.0,16.0],"texture":"#1"},"west":{"uv":[0.0,0.0,0.5,0.5],"texture":"#missing"},"up":{"uv":[0.0,0.0,0.5,0.5],"texture":"#missing"},"down":{"uv":[0.0,0.0,0.5,0.5],"texture":"#missing"}}},{"from":[3.51854,-14.51088,8.0],"to":[9.51854,-0.51088,8.0],"rotation":{"origin":[6.51854,-7.51088,8.0],"axis":"z","angle":-45.0},"faces":{"north":{"uv":[6.0,2.0,0.0,16.0],"texture":"#1"},"east":{"uv":[0.0,0.5,0.5,0.0],"texture":"#missing"},"south":{"uv":[0.0,2.0,6.0,16.0],"texture":"#1"},"west":{"uv":[0.0,0.5,0.5,0.0],"texture":"#missing"},"up":{"uv":[0.0,0.5,0.5,0.0],"texture":"#missing"},"down":{"uv":[0.0,0.5,0.5,0.0],"texture":"#missing"}}},{"from":[-5.0,5.5,7.5],"to":[21.0,6.5,8.5],"faces":{"north":{"uv":[16.0,3.5,3.0,4.0],"texture":"#2"},"east":{"uv":[3.5,4.0,4.0,4.5],"texture":"#2"},"south":{"uv":[3.0,3.5,16.0,4.0],"texture":"#2"},"west":{"uv":[3.0,4.0,3.5,4.5],"texture":"#2"},"up":{"uv":[3.0,3.5,16.0,4.0],"texture":"#2"},"down":{"uv":[3.0,3.5,16.0,4.0],"texture":"#2"}}},{"from":[17.0,2.5,8.0],"to":[27.0,9.5,8.0],"rotation":{"origin":[22.0,6.0,8.0],"axis":"x","angle":-45.0},"faces":{"north":{"uv":[0.0,0.0,5.0,3.5],"texture":"#2"},"east":{"uv":[0.0,0.0,0.0,3.5],"texture":"#2"},"south":{"uv":[5.0,0.0,0.0,3.5],"texture":"#2"},"west":{"uv":[0.0,0.0,0.0,3.5],"texture":"#2"},"up":{"uv":[5.0,0.0,0.0,0.0],"texture":"#2"},"down":{"uv":[5.0,0.0,0.0,0.0],"texture":"#2"}}},{"from":[17.0,2.5,8.0],"to":[27.0,9.5,8.0],"rotation":{"origin":[22.0,6.0,8.0],"axis":"x","angle":45.0},"faces":{"north":{"uv":[0.0,0.0,5.0,3.5],"texture":"#2"},"east":{"uv":[0.0,0.0,0.0,3.5],"texture":"#2"},"south":{"uv":[5.0,0.0,0.0,3.5],"texture":"#2"},"west":{"uv":[0.0,0.0,0.0,3.5],"texture":"#2"},"up":{"uv":[5.0,0.0,0.0,0.0],"texture":"#2"},"down":{"uv":[5.0,0.0,0.0,0.0],"texture":"#2"}}},{"from":[-10.0,3.5,8.0],"to":[-4.0,8.5,8.0],"rotation":{"origin":[-7.0,6.0,8.0],"axis":"x","angle":-45.0},"faces":{"north":{"uv":[0.0,3.5,3.0,6.0],"texture":"#2"},"east":{"uv":[0.0,0.0,0.0,2.5],"texture":"#2"},"south":{"uv":[3.0,3.5,0.0,6.0],"texture":"#2"},"west":{"uv":[0.0,0.0,0.0,2.5],"texture":"#2"},"up":{"uv":[3.0,0.0,0.0,0.0],"texture":"#2"},"down":{"uv":[3.0,0.0,0.0,0.0],"texture":"#2"}}},{"from":[-10.0,3.5,8.0],"to":[-4.0,8.5,8.0],"rotation":{"origin":[-7.0,6.0,8.0],"axis":"x","angle":45.0},"faces":{"north":{"uv":[0.0,3.5,3.0,6.0],"texture":"#2"},"east":{"uv":[0.0,0.0,0.0,2.5],"texture":"#2"},"south":{"uv":[3.0,3.5,0.0,6.0],"texture":"#2"},"west":{"uv":[0.0,0.0,0.0,2.5],"texture":"#2"},"up":{"uv":[3.0,0.0,0.0,0.0],"texture":"#2"},"down":{"uv":[3.0,0.0,0.0,0.0],"texture":"#2"}}}],"textures":{"particle":"a76ce582-3cb3-4556-92ed-d794d6901b4f","0":"a76ce582-3cb3-4556-92ed-d794d6901b4f","1":"eaea213b-1a55-441c-b81d-b16a061fb7a7","2":"9f8f9927-c01b-4149-a70d-a4c7133f98d9"},"gui_light":"front"}