{"display":{"thirdperson_righthand":{"rotation":[49.0,180.0,0.0],"translation":[0.0,0.75,1.0],"scale":[0.45703,0.45703,0.45703]},"thirdperson_lefthand":{"rotation":[67.0,0.0,0.0],"translation":[-5.5,-6.75,9.5]},"firstperson_righthand":{"rotation":[162.0,0.0,180.0],"scale":[0.80859,0.80859,0.80859]},"firstperson_lefthand":{"rotation":[162.0,0.0,180.0],"scale":[0.0,0.0,0.0]},"ground":{"rotation":[-45.0,0.0,0.0],"translation":[0.0,5.0,0.0],"scale":[0.7,0.7,0.7]},"gui":{"rotation":[0.0,180.0,0.0],"scale":[0.42188,0.42188,0.42188]},"head":{"translation":[0.0,-58.75,7.25],"scale":[1.7,1.7,1.7]},"fixed":{"rotation":[0.0,180.0,0.0],"translation":[0.0,0.0,-1.25]}},"elements":[{"from":[8.0,5.17157,7.0],"to":[11.0,8.17157,9.0],"rotation":{"origin":[8.0,5.17157,7.0],"axis":"z","angle":45.0},"faces":{"north":{"uv":[11.0,0.25,12.5,1.75],"texture":"#0"},"south":{"uv":[11.0,1.75,12.5,3.25],"texture":"#0"},"west":{"uv":[11.0,9.25,12.0,10.75],"texture":"#0"},"down":{"uv":[12.5,10.75,11.0,11.75],"texture":"#0"}}},{"from":[8.0,8.17157,7.0],"to":[11.0,11.17157,9.0],"rotation":{"origin":[8.0,5.17157,7.0],"axis":"z","angle":45.0},"faces":{"north":{"uv":[11.0,6.25,12.5,7.75],"texture":"#0"},"east":{"uv":[3.0,12.25,4.0,13.75],"texture":"#0"},"south":{"uv":[11.0,7.75,12.5,9.25],"texture":"#0"},"west":{"uv":[4.0,12.25,5.0,13.75],"texture":"#0"},"up":{"uv":[6.5,13.25,5.0,12.25],"texture":"#0"}}},{"from":[11.0,5.17157,7.0],"to":[14.0,8.17157,9.0],"rotation":{"origin":[8.0,5.17157,7.0],"axis":"z","angle":45.0},"faces":{"north":{"uv":[11.0,3.25,12.5,4.75],"texture":"#0"},"east":{"uv":[11.0,11.75,12.0,13.25],"texture":"#0"},"south":{"uv":[11.0,4.75,12.5,6.25],"texture":"#0"},"up":{"uv":[1.5,13.25,0.0,12.25],"texture":"#0"},"down":{"uv":[3.0,12.25,1.5,13.25],"texture":"#0"}}},{"from":[9.39321,-6.35,11.90988],"to":[30.83109,17.65,11.93988],"rotation":{"origin":[20.61215,9.65,11.90988],"axis":"y","angle":-22.5},"faces":{"north":{"uv":[0.0,0.0,10.75,12.0],"texture":"#0"},"south":{"uv":[10.75,0.0,0.0,12.0],"texture":"#0"}}},{"from":[-14.83109,-6.35,11.90988],"to":[6.60679,17.65,11.93988],"rotation":{"origin":[-4.61215,9.65,11.90988],"axis":"y","angle":22.5},"faces":{"north":{"uv":[10.75,0.0,0.0,12.0],"texture":"#0"},"south":{"uv":[0.0,0.0,10.75,12.0],"texture":"#0"}}},{"from":[-7.0,5.9,8.5],"to":[1.0,13.9,8.5],"rotation":{"origin":[-2.0,9.9,7.5],"axis":"y","angle":22.5},"faces":{"north":{"uv":[0.0,0.0,16.0,16.0],"texture":"#1"}}},{"from":[15.0,5.9,8.5],"to":[23.0,13.9,8.5],"rotation":{"origin":[18.0,9.9,7.5],"axis":"y","angle":-22.5},"faces":{"north":{"uv":[16.0,0.0,0.0,16.0],"texture":"#1"}}},{"from":[-6.5412,5.9,13.19344],"to":[1.4588,13.9,13.19344],"rotation":{"origin":[-2.5412,9.9,15.19344],"axis":"y","angle":22.5},"faces":{"south":{"uv":[16.0,0.0,0.0,16.0],"texture":"#1"}}},{"from":[14.5412,5.9,13.19344],"to":[22.5412,13.9,13.19344],"rotation":{"origin":[18.5412,9.9,15.19344],"axis":"y","angle":-22.5},"faces":{"south":{"uv":[0.0,0.0,16.0,16.0],"texture":"#1"}}},{"from":[6.70679,17.75,12.03988],"to":[-14.93109,-6.45,11.80988],"rotation":{"origin":[-4.61215,9.65,11.90988],"axis":"y","angle":22.5},"faces":{"north":{"uv":[0.0,8.0,7.16667,16.0],"texture":"#2"},"south":{"uv":[14.5,8.0,7.33333,16.0],"texture":"#2"}}},{"from":[30.93109,17.75,12.03988],"to":[9.29321,-6.45,11.80988],"rotation":{"origin":[20.61215,9.65,11.90988],"axis":"y","angle":-22.5},"faces":{"north":{"uv":[0.0,0.0,7.16667,8.0],"texture":"#2"},"south":{"uv":[14.5,0.0,7.33333,8.0],"texture":"#2"}}}],"textures":{"particle":"3f98a494-bc8b-44ad-8a4c-ae48ced3cfba","0":"3f98a494-bc8b-44ad-8a4c-ae48ced3cfba","1":"8e9e84fa-6dee-47ea-8930-9971a14de910","2":"f525e076-6e94-466d-8769-33e57339f292"},"gui_light":"front"}