{"display":{"thirdperson_righthand":{"translation":[0.0,1.25,2.0],"scale":[0.61,0.61,0.61]},"thirdperson_lefthand":{"translation":[0.0,1.25,2.0],"scale":[0.61,0.61,0.61]},"firstperson_righthand":{"translation":[0.75,4.0,-0.75],"scale":[0.47,0.47,0.47]},"firstperson_lefthand":{"translation":[0.75,4.0,-0.75],"scale":[0.47,0.47,0.47]},"ground":{"rotation":[45.0,0.0,0.0],"translation":[0.0,3.0,0.0],"scale":[0.35,0.35,0.35]},"gui":{"rotation":[128.29,41.4,-105.89],"translation":[-0.25,0.5,0.0],"scale":[0.43,0.43,0.43]},"head":{"scale":[0.01,0.01,0.01]},"fixed":{"rotation":[0.0,-90.0,0.0],"translation":[0.0,-1.25,-2.25],"scale":[0.68,0.68,0.68]}},"elements":[{"from":[5.9,14.5023,3.22112],"to":[10.1,21.0523,6.22112],"rotation":{"origin":[8.0,12.5023,3.72112],"axis":"x","angle":45.0},"faces":{"north":{"uv":[0.0,0.0,1.333333,2.333333],"texture":"#0"},"east":{"uv":[2.0,5.333333,3.0,7.666667],"texture":"#0"},"south":{"uv":[1.333333,0.0,2.666667,2.333333],"texture":"#0"},"west":{"uv":[4.0,6.0,5.0,8.333333],"texture":"#0"},"up":{"uv":[9.333333,8.333333,8.0,7.333333],"texture":"#0"},"down":{"uv":[9.666667,0.0,8.333333,1.0],"texture":"#0"}}},{"from":[6.0,14.0,6.0],"to":[10.0,16.0,10.0],"faces":{"north":{"uv":[9.333333,9.333333,10.666667,10.0],"texture":"#0"},"east":{"uv":[0.0,9.666667,1.333333,10.333333],"texture":"#0"},"south":{"uv":[9.666667,0.0,11.0,0.666667],"texture":"#0"},"west":{"uv":[9.666667,0.666667,11.0,1.333333],"texture":"#0"},"up":{"uv":[7.333333,5.333333,6.0,4.0],"texture":"#0"},"down":{"uv":[6.333333,6.0,5.0,7.333333],"texture":"#0"}}},{"from":[6.25,19.32855,5.25],"to":[9.75,23.0,10.75],"faces":{"north":{"uv":[0.666667,6.666667,2.0,8.0],"texture":"#0"},"east":{"uv":[4.0,4.666667,6.0,6.0],"texture":"#0"},"south":{"uv":[7.0,0.0,8.333333,1.333333],"texture":"#0"},"west":{"uv":[0.0,5.333333,2.0,6.666667],"texture":"#0"},"up":{"uv":[7.0,2.0,5.666667,0.0],"texture":"#0"},"down":{"uv":[7.0,2.0,5.666667,4.0],"texture":"#0"}}},{"from":[6.45,16.0,6.45],"to":[9.55,20.0,9.55],"faces":{"north":{"uv":[8.0,1.333333,9.0,2.666667],"texture":"#0"},"east":{"uv":[8.0,4.666667,9.0,6.0],"texture":"#0"},"south":{"uv":[6.0,8.0,7.0,9.333333],"texture":"#0"},"west":{"uv":[8.0,6.0,9.0,7.333333],"texture":"#0"},"up":{"uv":[10.0,5.333333,9.0,4.333333],"texture":"#0"},"down":{"uv":[5.666667,9.0,4.666667,10.0],"texture":"#0"}}},{"from":[6.5,-16.0,6.5],"to":[9.5,-11.0,9.5],"faces":{"north":{"uv":[7.333333,3.0,8.333333,4.666667],"texture":"#0"},"east":{"uv":[5.0,7.333333,6.0,9.0],"texture":"#0"},"south":{"uv":[2.0,7.666667,3.0,9.333333],"texture":"#0"},"west":{"uv":[0.666667,8.0,1.666667,9.666667],"texture":"#0"},"up":{"uv":[10.333333,8.333333,9.333333,7.333333],"texture":"#0"},"down":{"uv":[10.333333,8.333333,9.333333,9.333333],"texture":"#0"}}},{"from":[6.5,0.0,6.5],"to":[9.5,9.0,9.5],"faces":{"north":{"uv":[0.0,2.333333,1.0,5.333333],"texture":"#0"},"east":{"uv":[1.0,2.333333,2.0,5.333333],"texture":"#0"},"south":{"uv":[2.0,2.333333,3.0,5.333333],"texture":"#0"},"west":{"uv":[3.0,0.0,4.0,3.0],"texture":"#0"},"up":{"uv":[2.666667,10.333333,1.666667,9.333333],"texture":"#0"},"down":{"uv":[6.666667,9.333333,5.666667,10.333333],"texture":"#0"}}},{"from":[6.5,10.79289,4.9],"to":[9.5,13.79289,6.15],"faces":{"north":{"uv":[9.0,5.333333,10.0,6.333333],"texture":"#0"},"east":{"uv":[7.0,3.0,7.333333,4.0],"texture":"#0"},"south":{"uv":[9.0,6.333333,10.0,7.333333],"texture":"#0"},"west":{"uv":[3.666667,9.0,4.0,10.0],"texture":"#0"},"up":{"uv":[5.666667,4.666667,4.666667,4.333333],"texture":"#0"},"down":{"uv":[11.333333,7.666667,10.333333,8.0],"texture":"#0"}}},{"from":[6.75,22.97855,5.75],"to":[9.25,28.0,10.25],"faces":{"north":{"uv":[7.0,1.333333,8.0,3.0],"texture":"#0"},"east":{"uv":[3.0,3.0,4.666667,4.666667],"texture":"#0"},"south":{"uv":[7.0,5.333333,8.0,7.0],"texture":"#0"},"west":{"uv":[4.0,0.0,5.666667,1.666667],"texture":"#0"},"up":{"uv":[8.0,8.666667,7.0,7.0],"texture":"#0"},"down":{"uv":[4.0,7.333333,3.0,9.0],"texture":"#0"}}},{"from":[6.775,24.49235,11.21823],"to":[9.225,32.0,14.41823],"rotation":{"origin":[8.0,32.84691,12.71823],"axis":"x","angle":45.0},"faces":{"north":{"uv":[6.333333,5.333333,7.0,8.0],"texture":"#0"},"east":{"uv":[4.666667,1.666667,5.666667,4.333333],"texture":"#0"},"south":{"uv":[0.0,6.666667,0.666667,9.333333],"texture":"#0"},"west":{"uv":[3.0,4.666667,4.0,7.333333],"texture":"#0"},"up":{"uv":[10.666667,5.0,10.0,4.0],"texture":"#0"},"down":{"uv":[5.0,10.0,4.333333,11.0],"texture":"#0"}}},{"from":[7.0,-11.0,7.0],"to":[9.0,-8.0,9.0],"faces":{"north":{"uv":[5.0,10.0,5.666667,11.0],"texture":"#0"},"east":{"uv":[10.0,5.0,10.666667,6.0],"texture":"#0"},"south":{"uv":[10.0,6.0,10.666667,7.0],"texture":"#0"},"west":{"uv":[8.0,10.0,8.666667,11.0],"texture":"#0"},"up":{"uv":[11.0,4.0,10.333333,3.333333],"texture":"#0"},"down":{"uv":[6.333333,10.333333,5.666667,11.0],"texture":"#0"}}},{"from":[7.0,-5.0,7.0],"to":[9.0,0.0,9.0],"faces":{"north":{"uv":[8.666667,8.333333,9.333333,10.0],"texture":"#0"},"east":{"uv":[9.0,1.0,9.666667,2.666667],"texture":"#0"},"south":{"uv":[9.0,2.666667,9.666667,4.333333],"texture":"#0"},"west":{"uv":[3.0,9.0,3.666667,10.666667],"texture":"#0"},"up":{"uv":[7.666667,11.0,7.0,10.333333],"texture":"#0"},"down":{"uv":[11.0,7.0,10.333333,7.666667],"texture":"#0"}}},{"from":[7.0,9.0,7.0],"to":[9.0,14.0,9.0],"faces":{"north":{"uv":[8.333333,2.666667,9.0,4.333333],"texture":"#0"},"east":{"uv":[4.0,8.333333,4.666667,10.0],"texture":"#0"},"south":{"uv":[8.0,8.333333,8.666667,10.0],"texture":"#0"},"west":{"uv":[7.0,8.666667,7.666667,10.333333],"texture":"#0"},"up":{"uv":[8.0,5.333333,7.333333,4.666667],"texture":"#0"},"down":{"uv":[9.333333,10.0,8.666667,10.666667],"texture":"#0"}}},{"from":[7.0,11.29289,3.9],"to":[9.0,13.29289,4.9],"faces":{"north":{"uv":[0.0,10.333333,0.666667,11.0],"texture":"#0"},"east":{"uv":[5.666667,4.0,6.0,4.666667],"texture":"#0"},"south":{"uv":[0.666667,10.333333,1.333333,11.0],"texture":"#0"},"west":{"uv":[6.0,5.333333,6.333333,6.0],"texture":"#0"},"up":{"uv":[9.0,1.333333,8.333333,1.0],"texture":"#0"},"down":{"uv":[9.0,4.333333,8.333333,4.666667],"texture":"#0"}}},{"from":[7.0,16.0,7.0],"to":[9.0,20.0,9.0],"faces":{"north":{"uv":[4.0,1.666667,4.666667,3.0],"texture":"#0"},"east":{"uv":[9.666667,1.333333,10.333333,2.666667],"texture":"#0"},"south":{"uv":[9.666667,2.666667,10.333333,4.0],"texture":"#0"},"west":{"uv":[3.666667,10.0,4.333333,11.333333],"texture":"#0"},"up":{"uv":[10.0,10.666667,9.333333,10.0],"texture":"#0"},"down":{"uv":[10.666667,10.0,10.0,10.666667],"texture":"#0"}}},{"from":[7.275,-8.0,7.275],"to":[8.725,-4.0,8.725],"faces":{"north":{"uv":[1.666667,8.0,2.0,9.333333],"texture":"#0"},"east":{"uv":[2.0,10.333333,2.333333,11.666667],"texture":"#0"},"south":{"uv":[10.333333,2.0,10.666667,3.333333],"texture":"#0"},"west":{"uv":[2.333333,10.333333,2.666667,11.666667],"texture":"#0"},"up":{"uv":[1.666667,10.0,1.333333,9.666667],"texture":"#0"},"down":{"uv":[10.0,4.0,9.666667,4.333333],"texture":"#0"}}},{"from":[7.275,2.0,7.275],"to":[8.725,9.0,8.725],"faces":{"north":{"uv":[2.666667,0.0,3.0,2.333333],"texture":"#0"},"east":{"uv":[7.666667,8.666667,8.0,11.0],"texture":"#0"},"south":{"uv":[2.666667,9.333333,3.0,11.666667],"texture":"#0"},"west":{"uv":[6.666667,9.333333,7.0,11.666667],"texture":"#0"},"up":{"uv":[8.333333,3.0,8.0,2.666667],"texture":"#0"},"down":{"uv":[6.0,9.0,5.666667,9.333333],"texture":"#0"}}},{"from":[8.0,-12.40652,2.48681],"to":[8.0,3.78718,7.48681],"faces":{"north":{"uv":[0.0,6.0,0.0,0.0],"texture":"#1"},"east":{"uv":[3.916667,14.5,0.0,16.0],"texture":"#1","rotation":90},"south":{"uv":[0.0,6.0,0.0,0.0],"texture":"#1"},"west":{"uv":[3.916667,16.0,0.0,14.5],"texture":"#1","rotation":90},"up":{"uv":[0.0,0.0,0.0,2.666667],"texture":"#1"},"down":{"uv":[0.0,2.666667,0.0,0.0],"texture":"#1"}}},{"from":[8.0,7.98468,2.92435],"to":[8.0,31.98468,7.92435],"faces":{"north":{"uv":[0.0,0.0,0.0,6.0],"texture":"#1"},"east":{"uv":[1.25,0.0,0.0,6.0],"texture":"#1"},"south":{"uv":[0.5,0.0,0.5,6.0],"texture":"#1"},"west":{"uv":[0.0,0.0,1.25,6.0],"texture":"#1"},"up":{"uv":[0.5,0.0,0.5,3.5],"texture":"#1"},"down":{"uv":[0.5,0.0,0.5,3.5],"texture":"#1"}}},{"from":[8.0,7.99032,8.07565],"to":[8.0,31.99032,13.07565],"faces":{"north":{"uv":[0.5,0.0,0.5,6.0],"texture":"#1"},"east":{"uv":[0.0,0.0,1.25,6.0],"texture":"#1"},"south":{"uv":[0.0,0.0,0.0,6.0],"texture":"#1"},"west":{"uv":[4.0,0.0,5.25,6.0],"texture":"#1"},"up":{"uv":[0.5,3.5,0.5,0.0],"texture":"#1"},"down":{"uv":[0.5,3.5,0.5,0.0],"texture":"#1"}}},{"from":[9.2,13.49289,4.825],"to":[6.8,11.09289,3.425],"faces":{"north":{"uv":[1.333333,10.333333,2.0,11.0],"texture":"#0"},"east":{"uv":[6.0,7.333333,6.333333,8.0],"texture":"#0"},"south":{"uv":[10.333333,1.333333,11.0,2.0],"texture":"#0"},"west":{"uv":[4.666667,8.333333,5.0,9.0],"texture":"#0"},"up":{"uv":[0.666667,9.666667,0.0,9.333333],"texture":"#0"},"down":{"uv":[11.0,8.0,10.333333,8.333333],"texture":"#0"}}}],"textures":{"0":"1e4ad64f-b02d-4c5f-aa39-5ce71bf3a062","1":"7606080e-1eec-44e6-9c69-56a93359fec1"},"gui_light":"front"}