{"display":{"thirdperson_righthand":{"rotation":[75.0,45.0,0.0],"translation":[0.0,2.5,0.0],"scale":[0.375,0.375,0.375]},"thirdperson_lefthand":{"rotation":[75.0,45.0,0.0],"translation":[0.0,2.5,0.0],"scale":[0.375,0.375,0.375]},"firstperson_righthand":{"rotation":[0.0,45.0,0.0],"scale":[0.4,0.4,0.4]},"firstperson_lefthand":{"rotation":[0.0,225.0,0.0],"scale":[0.4,0.4,0.4]},"ground":{"translation":[0.0,3.0,0.0],"scale":[0.25,0.25,0.25]},"gui":{"rotation":[30.0,225.0,0.0],"translation":[1.25,0.0,0.0],"scale":[0.625,0.625,0.625]},"fixed":{"translation":[0.0,0.0,-15.0],"scale":[2.0,2.0,2.0]}},"elements":[{"from":[0.0,0.0,6.0],"to":[16.0,1.0,16.0],"faces":{"north":{"uv":[6.0,10.0,10.0,10.25],"texture":"#2"},"east":{"uv":[6.0,9.75,8.5,10.0],"texture":"#2"},"south":{"uv":[10.0,10.0,14.0,10.25],"texture":"#2"},"west":{"uv":[10.5,2.5,13.0,2.75],"texture":"#2"},"up":{"uv":[4.0,2.5,0.0,0.0],"texture":"#2"},"down":{"uv":[4.0,2.5,0.0,5.0],"texture":"#2"}}},{"from":[1.0,1.0,6.0],"to":[1.0,8.0,16.0],"faces":{"north":{"uv":[0.0,0.0,0.0,1.75],"texture":"#2"},"east":{"uv":[0.0,5.0,2.5,6.75],"texture":"#2"},"south":{"uv":[0.0,0.0,0.0,1.75],"texture":"#2"},"west":{"uv":[2.5,5.0,5.0,6.75],"texture":"#2"},"up":{"uv":[0.0,2.5,0.0,0.0],"texture":"#2"},"down":{"uv":[0.0,0.0,0.0,2.5],"texture":"#2"}}},{"from":[1.0,9.0,6.0],"to":[1.0,13.0,16.0],"faces":{"north":{"uv":[0.0,0.0,0.0,1.0],"texture":"#2"},"east":{"uv":[7.75,6.5,10.25,7.5],"texture":"#2"},"south":{"uv":[0.0,0.0,0.0,1.0],"texture":"#2"},"west":{"uv":[7.75,7.5,10.25,8.5],"texture":"#2"},"up":{"uv":[0.0,2.5,0.0,0.0],"texture":"#2"},"down":{"uv":[0.0,0.0,0.0,2.5],"texture":"#2"}}},{"from":[1.0,-4.0,6.0],"to":[1.0,0.0,16.0],"faces":{"north":{"uv":[0.0,0.0,0.0,1.0],"texture":"#2"},"east":{"uv":[8.0,0.0,10.5,1.0],"texture":"#2"},"south":{"uv":[0.0,0.0,0.0,1.0],"texture":"#2"},"west":{"uv":[8.0,1.0,10.5,2.0],"texture":"#2"},"up":{"uv":[0.0,2.5,0.0,0.0],"texture":"#2"},"down":{"uv":[0.0,0.0,0.0,2.5],"texture":"#2"}}},{"from":[0.0,8.0,6.0],"to":[16.0,9.0,16.0],"faces":{"north":{"uv":[0.0,10.25,4.0,10.5],"texture":"#2"},"east":{"uv":[10.5,2.75,13.0,3.0],"texture":"#2"},"south":{"uv":[6.0,10.25,10.0,10.5],"texture":"#2"},"west":{"uv":[10.5,3.0,13.0,3.25],"texture":"#2"},"up":{"uv":[8.0,2.5,4.0,0.0],"texture":"#2"},"down":{"uv":[8.0,2.5,4.0,5.0],"texture":"#2"}}},{"from":[0.5,-5.0,15.6],"to":[1.5,14.0,16.6],"faces":{"north":{"uv":[4.0,9.25,4.25,14.0],"texture":"#2"},"east":{"uv":[4.25,9.25,4.5,14.0],"texture":"#2"},"south":{"uv":[4.5,9.25,4.75,14.0],"texture":"#2"},"west":{"uv":[4.75,9.25,5.0,14.0],"texture":"#2"},"up":{"uv":[7.75,6.75,7.5,6.5],"texture":"#2"},"down":{"uv":[6.75,8.25,6.5,8.5],"texture":"#2"}}},{"from":[0.5,7.5,5.6],"to":[1.5,9.5,15.6],"faces":{"north":{"uv":[1.5,8.5,1.75,9.0],"texture":"#2"},"east":{"uv":[1.5,9.25,4.0,9.75],"texture":"#2"},"south":{"uv":[1.75,8.5,2.0,9.0],"texture":"#2"},"west":{"uv":[9.25,5.0,11.75,5.5],"texture":"#2"},"up":{"uv":[3.75,13.0,3.5,10.5],"texture":"#2"},"down":{"uv":[4.0,10.5,3.75,13.0],"texture":"#2"}}},{"from":[0.5,-0.5,5.6],"to":[1.5,1.5,15.6],"faces":{"north":{"uv":[2.0,8.5,2.25,9.0],"texture":"#2"},"east":{"uv":[9.25,5.5,11.75,6.0],"texture":"#2"},"south":{"uv":[2.25,8.5,2.5,9.0],"texture":"#2"},"west":{"uv":[9.25,6.0,11.75,6.5],"texture":"#2"},"up":{"uv":[6.25,13.0,6.0,10.5],"texture":"#2"},"down":{"uv":[6.5,10.5,6.25,13.0],"texture":"#2"}}},{"from":[14.5,-5.0,15.6],"to":[15.5,14.0,16.6],"faces":{"north":{"uv":[5.0,9.75,5.25,14.5],"texture":"#2"},"east":{"uv":[5.25,9.75,5.5,14.5],"texture":"#2"},"south":{"uv":[5.5,9.75,5.75,14.5],"texture":"#2"},"west":{"uv":[5.75,9.75,6.0,14.5],"texture":"#2"},"up":{"uv":[7.0,8.5,6.75,8.25],"texture":"#2"},"down":{"uv":[7.25,8.25,7.0,8.5],"texture":"#2"}}},{"from":[15.0,-4.0,6.0],"to":[15.0,0.0,16.0],"faces":{"north":{"uv":[0.0,0.0,0.0,1.0],"texture":"#2"},"east":{"uv":[8.0,4.0,10.5,5.0],"texture":"#2"},"south":{"uv":[0.0,0.0,0.0,1.0],"texture":"#2"},"west":{"uv":[2.5,8.25,5.0,9.25],"texture":"#2"},"up":{"uv":[0.0,2.5,0.0,0.0],"texture":"#2"},"down":{"uv":[0.0,0.0,0.0,2.5],"texture":"#2"}}},{"from":[15.0,1.0,6.0],"to":[15.0,8.0,16.0],"faces":{"north":{"uv":[0.0,0.0,0.0,1.75],"texture":"#2"},"east":{"uv":[5.0,5.0,7.5,6.75],"texture":"#2"},"south":{"uv":[0.0,0.0,0.0,1.75],"texture":"#2"},"west":{"uv":[0.0,6.75,2.5,8.5],"texture":"#2"},"up":{"uv":[0.0,2.5,0.0,0.0],"texture":"#2"},"down":{"uv":[0.0,0.0,0.0,2.5],"texture":"#2"}}},{"from":[14.5,-0.5,5.6],"to":[15.5,1.5,15.6],"faces":{"north":{"uv":[8.5,10.5,8.75,11.0],"texture":"#2"},"east":{"uv":[9.5,9.5,12.0,10.0],"texture":"#2"},"south":{"uv":[8.75,10.5,9.0,11.0],"texture":"#2"},"west":{"uv":[1.5,9.75,4.0,10.25],"texture":"#2"},"up":{"uv":[7.25,13.0,7.0,10.5],"texture":"#2"},"down":{"uv":[7.5,10.5,7.25,13.0],"texture":"#2"}}},{"from":[14.5,7.5,5.6],"to":[15.5,9.5,15.6],"faces":{"north":{"uv":[10.5,4.0,10.75,4.5],"texture":"#2"},"east":{"uv":[9.5,8.5,12.0,9.0],"texture":"#2"},"south":{"uv":[10.5,4.5,10.75,5.0],"texture":"#2"},"west":{"uv":[9.5,9.0,12.0,9.5],"texture":"#2"},"up":{"uv":[6.75,13.0,6.5,10.5],"texture":"#2"},"down":{"uv":[7.0,10.5,6.75,13.0],"texture":"#2"}}},{"from":[15.0,9.0,6.0],"to":[15.0,13.0,16.0],"faces":{"north":{"uv":[0.0,0.0,0.0,1.0],"texture":"#2"},"east":{"uv":[8.0,2.0,10.5,3.0],"texture":"#2"},"south":{"uv":[0.0,0.0,0.0,1.0],"texture":"#2"},"west":{"uv":[8.0,3.0,10.5,4.0],"texture":"#2"},"up":{"uv":[0.0,2.5,0.0,0.0],"texture":"#2"},"down":{"uv":[0.0,0.0,0.0,2.5],"texture":"#2"}}},{"from":[6.0,1.0,7.0],"to":[13.0,3.0,13.0],"rotation":{"origin":[0.0,-8.0,0.0],"axis":"y","angle":0.0},"faces":{"north":{"uv":[10.5,1.0,12.25,1.5],"texture":"#2"},"east":{"uv":[2.0,10.5,3.5,11.0],"texture":"#2"},"south":{"uv":[10.5,1.5,12.25,2.0],"texture":"#2"},"west":{"uv":[10.5,2.0,12.0,2.5],"texture":"#2"},"up":{"uv":[4.25,8.25,2.5,6.75],"texture":"#2"},"down":{"uv":[6.0,6.75,4.25,8.25],"texture":"#2"}}},{"from":[4.0,1.0,8.0],"to":[5.0,7.0,14.0],"rotation":{"origin":[4.5,4.0,11.0],"axis":"z","angle":-22.5},"faces":{"north":{"uv":[7.5,10.5,7.75,12.0],"texture":"#2"},"east":{"uv":[5.0,8.25,6.5,9.75],"texture":"#2"},"south":{"uv":[7.75,10.5,8.0,12.0],"texture":"#2"},"west":{"uv":[0.0,8.5,1.5,10.0],"texture":"#2"},"up":{"uv":[8.25,12.0,8.0,10.5],"texture":"#2"},"down":{"uv":[8.5,10.5,8.25,12.0],"texture":"#2"}}},{"from":[5.0,3.0,8.0],"to":[12.0,4.0,14.0],"rotation":{"origin":[0.0,-8.0,0.0],"axis":"y","angle":0.0},"faces":{"north":{"uv":[10.5,3.25,12.25,3.5],"texture":"#2"},"east":{"uv":[0.0,10.0,1.5,10.25],"texture":"#2"},"south":{"uv":[10.5,3.5,12.25,3.75],"texture":"#2"},"west":{"uv":[10.5,3.75,12.0,4.0],"texture":"#2"},"up":{"uv":[7.75,8.25,6.0,6.75],"texture":"#2"},"down":{"uv":[9.25,5.0,7.5,6.5],"texture":"#2"}}},{"from":[4.0,9.0,9.0],"to":[8.0,13.0,13.0],"faces":{"north":{"uv":[10.25,6.5,11.25,7.5],"texture":"#2"},"east":{"uv":[10.25,7.5,11.25,8.5],"texture":"#2"},"south":{"uv":[10.0,10.25,11.0,11.25],"texture":"#2"},"west":{"uv":[0.0,10.5,1.0,11.5],"texture":"#2"},"up":{"uv":[11.5,1.0,10.5,0.0],"texture":"#2"},"down":{"uv":[2.0,10.5,1.0,11.5],"texture":"#2"}}},{"from":[6.0,13.0,8.0],"to":[6.0,18.0,14.0],"faces":{"north":{"uv":[0.0,0.0,0.0,1.25],"texture":"#2"},"east":{"uv":[6.5,8.5,8.0,9.75],"texture":"#2"},"south":{"uv":[0.0,0.0,0.0,1.25],"texture":"#2"},"west":{"uv":[8.0,8.5,9.5,9.75],"texture":"#2"},"up":{"uv":[0.0,1.5,0.0,0.0],"texture":"#2"},"down":{"uv":[0.0,0.0,0.0,1.5],"texture":"#2"}}},{"from":[3.0,13.0,11.0],"to":[9.0,18.0,11.0],"rotation":{"origin":[6.0,15.5,11.0],"axis":"y","angle":0.0},"faces":{"north":{"uv":[8.0,8.5,9.5,9.75],"texture":"#2"},"east":{"uv":[0.0,0.0,0.0,1.25],"texture":"#2"},"south":{"uv":[6.5,8.5,8.0,9.75],"texture":"#2"},"west":{"uv":[0.0,0.0,0.0,1.25],"texture":"#2"},"up":{"uv":[0.0,1.5,0.0,0.0],"texture":"#2","rotation":90},"down":{"uv":[0.0,0.0,0.0,1.5],"texture":"#2","rotation":270}}}],"textures":{"particle":"12c41825-4d3b-419b-968d-24b962dcea02","2":"12c41825-4d3b-419b-968d-24b962dcea02"},"gui_light":"front"}