{"display":{"thirdperson_righthand":{"translation":[0.0,7.75,1.5],"scale":[0.65,0.65,0.65]},"thirdperson_lefthand":{"translation":[0.0,7.75,1.5],"scale":[0.65,0.65,0.65]},"firstperson_righthand":{"rotation":[-12.0,15.0,3.0],"translation":[2.75,4.25,-2.25],"scale":[0.51953,0.51953,0.51953]},"firstperson_lefthand":{"rotation":[-12.0,15.0,3.0],"translation":[2.75,4.25,-2.25],"scale":[0.51953,0.51953,0.51953]},"ground":{"rotation":[0.0,0.0,90.0],"translation":[-2.0,0.25,0.0],"scale":[0.5,0.5,0.5]},"gui":{"rotation":[106.0,120.0,-90.0],"translation":[-1.75,3.0,-1.25],"scale":[0.4068,0.4068,0.4068]},"head":{"rotation":[90.0,-168.0,90.0],"translation":[-0.5,11.75,0.0],"scale":[0.56,0.56,0.56]},"fixed":{"rotation":[0.0,90.0,0.0],"translation":[0.0,7.0,-2.25],"scale":[0.87,0.87,0.87]}},"elements":[{"from":[6.5,-15.0,5.5],"to":[9.5,-12.0,8.5],"rotation":{"origin":[7.7625,-14.5,8.0625],"axis":"x","angle":45.0},"faces":{"north":{"uv":[2.25,1.5625,2.625,1.9375],"texture":"#0","rotation":270},"east":{"uv":[2.25,1.9375,1.875,1.5625],"texture":"#0"},"south":{"uv":[2.625,1.5625,3.0,1.9375],"texture":"#0"},"west":{"uv":[1.875,1.9375,2.25,1.5625],"texture":"#0"},"up":{"uv":[2.25,1.5625,2.625,1.9375],"texture":"#0","rotation":270},"down":{"uv":[2.625,1.9375,3.0,1.5625],"texture":"#0"}}},{"from":[6.5,-1.0,3.5],"to":[9.5,2.0,12.5],"rotation":{"origin":[8.0,-6.61142,8.0625],"axis":"y","angle":0.0},"faces":{"north":{"uv":[1.125,2.5,1.5,2.125],"texture":"#0"},"east":{"uv":[1.125,2.625,0.0,2.25],"texture":"#0"},"south":{"uv":[1.125,2.5,1.5,2.125],"texture":"#0"},"west":{"uv":[0.0,2.625,1.125,2.25],"texture":"#0"},"up":{"uv":[0.0,2.625,1.125,3.0],"texture":"#0","rotation":270},"down":{"uv":[0.0,3.0,1.125,3.375],"texture":"#0","rotation":270}}},{"from":[7.0,-11.0,7.0],"to":[9.0,-2.0,9.0],"rotation":{"origin":[0.0,-3.0,17.0],"axis":"y","angle":0.0},"faces":{"north":{"uv":[2.5625,0.4375,2.8125,1.5625],"texture":"#0"},"east":{"uv":[2.5625,0.4375,2.8125,1.5625],"texture":"#0"},"south":{"uv":[2.5625,0.4375,2.8125,1.5625],"texture":"#0"},"west":{"uv":[2.5625,0.4375,2.8125,1.5625],"texture":"#0"},"up":{"uv":[2.5625,0.4375,2.8125,0.6875],"texture":"#0"},"down":{"uv":[2.5625,0.4375,2.8125,0.6875],"texture":"#0"}}},{"from":[6.75,-3.0,6.75],"to":[9.25,-0.5,9.25],"rotation":{"origin":[7.0,1.5,25.0],"axis":"y","angle":0.0},"faces":{"north":{"uv":[1.5625,2.125,1.875,2.4375],"texture":"#0"},"east":{"uv":[1.5625,2.125,1.875,2.4375],"texture":"#0"},"south":{"uv":[1.5625,2.125,1.875,2.4375],"texture":"#0"},"west":{"uv":[1.5625,2.125,1.875,2.4375],"texture":"#0"},"up":{"uv":[1.875,2.125,2.1875,2.4375],"texture":"#0"},"down":{"uv":[1.875,2.125,2.1875,2.4375],"texture":"#0"}}},{"from":[6.75,-13.5,6.75],"to":[9.25,-11.0,9.25],"rotation":{"origin":[7.0,15.5,25.0],"axis":"y","angle":0.0},"faces":{"north":{"uv":[2.1875,2.4375,2.5,2.125],"texture":"#0"},"east":{"uv":[2.1875,2.4375,2.5,2.125],"texture":"#0"},"south":{"uv":[2.1875,2.4375,2.5,2.125],"texture":"#0"},"west":{"uv":[2.1875,2.4375,2.5,2.125],"texture":"#0"},"up":{"uv":[2.5,2.4375,2.8125,2.125],"texture":"#0"},"down":{"uv":[2.5,2.4375,2.8125,2.125],"texture":"#0"}}},{"from":[5.75,0.3,7.5],"to":[10.25,2.8,10.0],"rotation":{"origin":[7.0,0.8,8.0],"axis":"x","angle":-45.0},"faces":{"north":{"uv":[2.1875,1.0,2.5,1.5625],"texture":"#0","rotation":90},"east":{"uv":[2.25,0.4375,2.5625,0.75],"texture":"#0","rotation":90},"south":{"uv":[1.875,1.0,2.1875,1.5625],"texture":"#0","rotation":90},"west":{"uv":[2.25,0.75,2.5625,0.4375],"texture":"#0","rotation":90},"up":{"uv":[1.875,1.0,2.1875,1.5625],"texture":"#0","rotation":90},"down":{"uv":[2.1875,1.0,2.5,1.5625],"texture":"#0","rotation":90}}},{"from":[6.35,-0.5,5.0],"to":[9.65,3.0,8.5],"rotation":{"origin":[7.7625,0.0,8.0625],"axis":"x","angle":45.0},"faces":{"north":{"uv":[2.6875,0.4375,3.075,0.0],"texture":"#0"},"east":{"uv":[2.6875,0.4375,2.25,0.0],"texture":"#0"},"south":{"uv":[2.6875,0.4375,3.075,0.0],"texture":"#0"},"west":{"uv":[2.25,0.4375,2.6875,0.0],"texture":"#0"},"up":{"uv":[3.125,0.0,3.5625,0.3875],"texture":"#0","rotation":270},"down":{"uv":[3.125,0.0,3.5625,0.3875],"texture":"#0","rotation":270}}},{"from":[7.0,0.5,5.0],"to":[9.0,2.0,7.0],"rotation":{"origin":[17.0,-0.625,6.0],"axis":"x","angle":45.0},"faces":{"north":{"uv":[1.75,0.625,2.0,0.8125],"texture":"#0"},"east":{"uv":[2.125,0.8125,1.875,1.0],"texture":"#0"},"south":{"uv":[1.75,0.625,2.0,0.8125],"texture":"#0"},"west":{"uv":[1.875,0.8125,2.125,1.0],"texture":"#0"},"up":{"uv":[1.75,0.375,2.0,0.625],"texture":"#0"},"down":{"uv":[1.75,0.375,2.0,0.625],"texture":"#0"}}},{"from":[7.0,0.5,9.0],"to":[9.0,2.0,11.0],"rotation":{"origin":[17.0,-0.625,10.0],"axis":"x","angle":-45.0},"faces":{"north":{"uv":[2.0,0.625,1.75,0.8125],"texture":"#0"},"east":{"uv":[1.875,0.8125,2.125,1.0],"texture":"#0"},"south":{"uv":[2.0,0.625,1.75,0.8125],"texture":"#0"},"west":{"uv":[2.125,0.8125,1.875,1.0],"texture":"#0"},"up":{"uv":[1.75,0.625,2.0,0.375],"texture":"#0"},"down":{"uv":[1.75,0.625,2.0,0.375],"texture":"#0"}}},{"from":[7.9,-16.0,5.5],"to":[7.9,-9.0,13.5],"rotation":{"origin":[7.9,-7.5,10.5],"axis":"x","angle":-22.5},"faces":{"north":{"uv":[0.0,0.0,0.0,12.0],"texture":"#missing"},"east":{"uv":[14.5,0.0,13.5,0.875],"texture":"#0"},"south":{"uv":[0.0,0.0,0.0,12.0],"texture":"#missing"},"west":{"uv":[13.5,0.0,14.5,0.875],"texture":"#0"},"up":{"uv":[0.0,0.0,0.0,10.0],"texture":"#missing"},"down":{"uv":[0.0,0.0,0.0,10.0],"texture":"#missing"}}},{"from":[10.1,-1.0,5.5],"to":[10.1,6.0,10.5],"rotation":{"origin":[10.1,7.5,5.5],"axis":"x","angle":22.5},"faces":{"north":{"uv":[0.0,0.0,0.0,12.0],"texture":"#missing"},"east":{"uv":[14.5,0.0,15.125,0.875],"texture":"#0"},"south":{"uv":[0.0,0.0,0.0,12.0],"texture":"#missing"},"west":{"uv":[15.125,0.0,14.5,0.875],"texture":"#0"},"up":{"uv":[0.0,10.0,0.0,0.0],"texture":"#missing"},"down":{"uv":[0.0,10.0,0.0,0.0],"texture":"#missing"}}},{"from":[10.1,-1.0,5.5],"to":[10.1,6.0,10.5],"rotation":{"origin":[10.1,7.5,10.5],"axis":"x","angle":-22.5},"faces":{"north":{"uv":[0.0,0.0,0.0,12.0],"texture":"#missing"},"east":{"uv":[15.125,0.0,14.5,0.875],"texture":"#0"},"south":{"uv":[0.0,0.0,0.0,12.0],"texture":"#missing"},"west":{"uv":[14.5,0.0,15.125,0.875],"texture":"#0"},"up":{"uv":[0.0,0.0,0.0,10.0],"texture":"#missing"},"down":{"uv":[0.0,0.0,0.0,10.0],"texture":"#missing"}}},{"from":[5.9,-1.0,5.5],"to":[5.9,6.0,10.5],"rotation":{"origin":[5.9,7.5,10.5],"axis":"x","angle":-22.5},"faces":{"north":{"uv":[0.0,0.0,0.0,12.0],"texture":"#missing"},"east":{"uv":[15.125,0.0,14.5,0.875],"texture":"#0"},"south":{"uv":[0.0,0.0,0.0,12.0],"texture":"#missing"},"west":{"uv":[14.5,0.0,15.125,0.875],"texture":"#0"},"up":{"uv":[0.0,0.0,0.0,10.0],"texture":"#missing"},"down":{"uv":[0.0,0.0,0.0,10.0],"texture":"#missing"}}},{"from":[5.9,-1.0,5.5],"to":[5.9,6.0,10.5],"rotation":{"origin":[5.9,7.5,5.5],"axis":"x","angle":22.5},"faces":{"north":{"uv":[0.0,0.0,0.0,12.0],"texture":"#missing"},"east":{"uv":[14.5,0.0,15.125,0.875],"texture":"#0"},"south":{"uv":[0.0,0.0,0.0,12.0],"texture":"#missing"},"west":{"uv":[15.125,0.0,14.5,0.875],"texture":"#0"},"up":{"uv":[0.0,10.0,0.0,0.0],"texture":"#missing"},"down":{"uv":[0.0,10.0,0.0,0.0],"texture":"#missing"}}},{"from":[6.4,-16.0,5.5],"to":[6.4,-11.0,10.5],"rotation":{"origin":[0.0,16.0,0.0],"axis":"y","angle":0.0},"faces":{"north":{"uv":[0.0,14.0,0.0,0.0],"texture":"#missing"},"east":{"uv":[16.0,1.9375,15.0,0.9375],"texture":"#0"},"south":{"uv":[0.0,14.0,0.0,0.0],"texture":"#missing"},"west":{"uv":[15.0,1.9375,16.0,0.9375],"texture":"#0"},"up":{"uv":[0.0,16.0,0.0,0.0],"texture":"#missing"},"down":{"uv":[0.0,16.0,0.0,0.0],"texture":"#missing"}}},{"from":[9.6,-16.0,5.5],"to":[9.6,-11.0,10.5],"rotation":{"origin":[16.0,16.0,0.0],"axis":"y","angle":0.0},"faces":{"north":{"uv":[0.0,14.0,0.0,0.0],"texture":"#missing"},"east":{"uv":[16.0,1.9375,15.0,0.9375],"texture":"#0"},"south":{"uv":[0.0,14.0,0.0,0.0],"texture":"#missing"},"west":{"uv":[15.0,1.9375,16.0,0.9375],"texture":"#0"},"up":{"uv":[0.0,16.0,0.0,0.0],"texture":"#missing"},"down":{"uv":[0.0,16.0,0.0,0.0],"texture":"#missing"}}},{"from":[7.9,2.0,1.0],"to":[7.9,16.0,10.0],"faces":{"north":{"uv":[0.0,0.0,0.0,1.875],"texture":"#missing"},"east":{"uv":[15.0,2.8125,13.875,4.5625],"texture":"#0"},"south":{"uv":[0.0,0.0,0.0,1.875],"texture":"#missing"},"west":{"uv":[13.875,2.8125,15.0,4.5625],"texture":"#0"},"up":{"uv":[0.0,0.0,0.0,1.125],"texture":"#missing"},"down":{"uv":[0.0,0.0,0.0,1.125],"texture":"#missing"}}},{"from":[8.1,2.0,1.0],"to":[8.1,16.0,10.0],"rotation":{"origin":[16.0,0.0,0.0],"axis":"y","angle":0.0},"faces":{"north":{"uv":[0.0,0.0,0.0,1.875],"texture":"#missing"},"east":{"uv":[15.0,2.8125,13.875,4.5625],"texture":"#0"},"south":{"uv":[0.0,0.0,0.0,1.875],"texture":"#missing"},"west":{"uv":[13.875,2.8125,15.0,4.5625],"texture":"#0"},"up":{"uv":[0.0,0.0,0.0,1.125],"texture":"#missing"},"down":{"uv":[0.0,0.0,0.0,1.125],"texture":"#missing"}}}],"textures":{"particle":"e6c2522b-23c1-4207-ae3e-2d6433fc1cbc","0":"e6c2522b-23c1-4207-ae3e-2d6433fc1cbc"},"gui_light":"front"}