{"display":{"thirdperson_righthand":{"translation":[0.0,7.75,1.5],"scale":[0.65,0.65,0.65]},"thirdperson_lefthand":{"translation":[0.0,7.75,1.5],"scale":[0.65,0.65,0.65]},"firstperson_righthand":{"rotation":[-12.0,15.0,3.0],"translation":[2.75,4.25,-2.25],"scale":[0.51953,0.51953,0.51953]},"firstperson_lefthand":{"rotation":[-12.0,15.0,3.0],"translation":[2.75,4.25,-2.25],"scale":[0.51953,0.51953,0.51953]},"ground":{"rotation":[0.0,0.0,90.0],"translation":[1.25,0.25,0.0],"scale":[0.5,0.5,0.5]},"gui":{"rotation":[106.0,135.0,-90.0],"translation":[-0.5,0.0,-1.25],"scale":[0.4068,0.4068,0.4068]},"head":{"rotation":[90.0,-168.0,90.0],"translation":[-0.5,11.75,0.0],"scale":[0.56,0.56,0.56]},"fixed":{"rotation":[0.0,90.0,0.0],"translation":[0.0,-0.5,-2.25],"scale":[0.87,0.87,0.87]}},"elements":[{"from":[6.5,-1.0,3.5],"to":[9.5,2.0,12.5],"rotation":{"origin":[8.0,-6.61142,8.0625],"axis":"y","angle":0.0},"faces":{"north":{"uv":[1.125,2.5,1.5,2.125],"texture":"#0"},"east":{"uv":[1.125,2.625,0.0,2.25],"texture":"#0"},"south":{"uv":[1.125,2.5,1.5,2.125],"texture":"#0"},"west":{"uv":[0.0,2.625,1.125,2.25],"texture":"#0"},"up":{"uv":[0.0,2.625,1.125,3.0],"texture":"#0","rotation":270},"down":{"uv":[0.0,3.0,1.125,3.375],"texture":"#0","rotation":270}}},{"from":[7.0,-11.0,7.0],"to":[9.0,-2.0,9.0],"rotation":{"origin":[0.0,-3.0,17.0],"axis":"y","angle":0.0},"faces":{"north":{"uv":[2.5625,0.4375,2.8125,1.5625],"texture":"#0"},"east":{"uv":[2.5625,0.4375,2.8125,1.5625],"texture":"#0"},"south":{"uv":[2.5625,0.4375,2.8125,1.5625],"texture":"#0"},"west":{"uv":[2.5625,0.4375,2.8125,1.5625],"texture":"#0"},"up":{"uv":[2.5625,0.4375,2.8125,0.6875],"texture":"#0"},"down":{"uv":[2.5625,0.4375,2.8125,0.6875],"texture":"#0"}}},{"from":[4.0,5.5,4.0],"to":[12.0,27.5,12.0],"rotation":{"origin":[8.0,15.75,8.0],"axis":"y","angle":-45.0},"faces":{"north":{"uv":[1.5,13.25,2.5,16.0],"texture":"#0"},"east":{"uv":[2.5,13.25,3.5,16.0],"texture":"#0"},"south":{"uv":[1.5,13.25,2.5,16.0],"texture":"#0"},"west":{"uv":[2.5,13.25,3.5,16.0],"texture":"#0"},"up":{"uv":[3.6875,12.25,4.6875,13.25],"texture":"#0"},"down":{"uv":[2.6875,12.25,3.6875,13.25],"texture":"#0"}}},{"from":[-4.2,14.0,8.5],"to":[-4.2,18.0,12.5],"rotation":{"origin":[0.0,0.0,0.0],"axis":"y","angle":45.0},"faces":{"north":{"uv":[0.0,0.0,0.0,14.0],"texture":"#missing"},"east":{"uv":[13.6875,0.9375,14.1875,1.4375],"texture":"#0"},"south":{"uv":[0.0,0.0,0.0,14.0],"texture":"#missing"},"west":{"uv":[13.6875,0.9375,14.1875,1.4375],"texture":"#0"},"up":{"uv":[0.0,0.0,0.0,16.0],"texture":"#missing"},"down":{"uv":[0.0,0.0,0.0,16.0],"texture":"#missing"}}},{"from":[1.2,20.0,4.39447],"to":[1.2,24.0,8.39447],"rotation":{"origin":[4.45477,16.0,10.39447],"axis":"y","angle":-45.0},"faces":{"north":{"uv":[0.0,0.0,0.0,14.0],"texture":"#missing"},"east":{"uv":[13.6875,0.9375,14.1875,1.4375],"texture":"#0"},"south":{"uv":[0.0,0.0,0.0,14.0],"texture":"#missing"},"west":{"uv":[13.6875,0.9375,14.1875,1.4375],"texture":"#0"},"up":{"uv":[0.0,0.0,0.0,16.0],"texture":"#missing"},"down":{"uv":[0.0,0.0,0.0,16.0],"texture":"#missing"}}},{"from":[20.2,7.0,7.5],"to":[20.2,11.0,11.5],"rotation":{"origin":[16.0,0.0,0.0],"axis":"y","angle":-45.0},"faces":{"north":{"uv":[0.0,0.0,0.0,14.0],"texture":"#missing"},"east":{"uv":[14.1875,0.9375,13.6875,1.4375],"texture":"#0"},"south":{"uv":[0.0,0.0,0.0,14.0],"texture":"#missing"},"west":{"uv":[14.1875,0.9375,13.6875,1.4375],"texture":"#0"},"up":{"uv":[0.0,0.0,0.0,16.0],"texture":"#missing"},"down":{"uv":[0.0,0.0,0.0,16.0],"texture":"#missing"}}},{"from":[7.0,20.4,6.5],"to":[9.0,22.4,8.5],"rotation":{"origin":[7.0,9.0,5.0],"axis":"x","angle":-22.5},"faces":{"north":{"uv":[3.25,1.75,3.0,1.5],"texture":"#0"},"east":{"uv":[3.25,1.75,3.0,1.5],"texture":"#0"},"south":{"uv":[3.25,1.75,3.0,1.5],"texture":"#0"},"west":{"uv":[3.25,1.75,3.0,1.5],"texture":"#0"},"up":{"uv":[3.0,1.5,3.25,1.75],"texture":"#0"},"down":{"uv":[3.0,1.5,3.25,1.75],"texture":"#0"}}},{"from":[7.0,15.6,14.5],"to":[9.0,17.6,16.5],"rotation":{"origin":[7.0,13.0,11.0],"axis":"x","angle":-22.5},"faces":{"north":{"uv":[3.0,1.5,3.25,1.75],"texture":"#0"},"east":{"uv":[3.0,1.5,3.25,1.75],"texture":"#0"},"south":{"uv":[3.0,1.5,3.25,1.75],"texture":"#0"},"west":{"uv":[3.0,1.5,3.25,1.75],"texture":"#0"},"up":{"uv":[3.0,1.5,3.25,1.75],"texture":"#0"},"down":{"uv":[3.0,1.5,3.25,1.75],"texture":"#0"}}},{"from":[4.0,8.6,2.5],"to":[6.0,10.6,4.5],"rotation":{"origin":[7.0,7.0,5.0],"axis":"x","angle":22.5},"faces":{"north":{"uv":[3.25,1.5,3.0,1.75],"texture":"#0"},"east":{"uv":[3.25,1.5,3.0,1.75],"texture":"#0"},"south":{"uv":[3.25,1.5,3.0,1.75],"texture":"#0"},"west":{"uv":[3.25,1.5,3.0,1.75],"texture":"#0"},"up":{"uv":[3.0,1.75,3.25,1.5],"texture":"#0"},"down":{"uv":[3.0,1.75,3.25,1.5],"texture":"#0"}}},{"from":[5.75,0.3,7.5],"to":[10.25,2.8,10.0],"rotation":{"origin":[7.0,0.8,8.0],"axis":"x","angle":-45.0},"faces":{"north":{"uv":[2.1875,1.0,2.5,1.5625],"texture":"#0","rotation":90},"east":{"uv":[2.25,0.4375,2.5625,0.75],"texture":"#0","rotation":90},"south":{"uv":[1.875,1.0,2.1875,1.5625],"texture":"#0","rotation":90},"west":{"uv":[2.25,0.75,2.5625,0.4375],"texture":"#0","rotation":90},"up":{"uv":[1.875,1.0,2.1875,1.5625],"texture":"#0","rotation":90},"down":{"uv":[2.1875,1.0,2.5,1.5625],"texture":"#0","rotation":90}}},{"from":[6.45,-0.5,5.0],"to":[9.55,3.0,8.5],"rotation":{"origin":[7.7625,0.0,8.0625],"axis":"x","angle":45.0},"faces":{"north":{"uv":[2.6875,0.4375,3.075,0.0],"texture":"#0"},"east":{"uv":[2.6875,0.4375,2.25,0.0],"texture":"#0"},"south":{"uv":[2.6875,0.4375,3.075,0.0],"texture":"#0"},"west":{"uv":[2.25,0.4375,2.6875,0.0],"texture":"#0"},"up":{"uv":[3.125,0.0,3.5625,0.3875],"texture":"#0","rotation":270},"down":{"uv":[3.125,0.0,3.5625,0.3875],"texture":"#0","rotation":270}}},{"from":[7.0,0.5,5.0],"to":[9.0,2.0,7.0],"rotation":{"origin":[17.0,-0.625,6.0],"axis":"x","angle":45.0},"faces":{"north":{"uv":[1.75,0.625,2.0,0.8125],"texture":"#0"},"east":{"uv":[2.125,0.8125,1.875,1.0],"texture":"#0"},"south":{"uv":[1.75,0.625,2.0,0.8125],"texture":"#0"},"west":{"uv":[1.875,0.8125,2.125,1.0],"texture":"#0"},"up":{"uv":[1.75,0.375,2.0,0.625],"texture":"#0"},"down":{"uv":[1.75,0.375,2.0,0.625],"texture":"#0"}}},{"from":[6.5,-15.0,5.5],"to":[9.5,-12.0,8.5],"rotation":{"origin":[7.7625,-14.5,8.0625],"axis":"x","angle":45.0},"faces":{"north":{"uv":[2.25,1.5625,2.625,1.9375],"texture":"#0","rotation":270},"east":{"uv":[2.25,1.9375,1.875,1.5625],"texture":"#0"},"south":{"uv":[2.625,1.5625,3.0,1.9375],"texture":"#0"},"west":{"uv":[1.875,1.9375,2.25,1.5625],"texture":"#0"},"up":{"uv":[2.25,1.5625,2.625,1.9375],"texture":"#0","rotation":270},"down":{"uv":[2.625,1.9375,3.0,1.5625],"texture":"#0"}}},{"from":[6.75,-3.0,6.75],"to":[9.25,-0.5,9.25],"rotation":{"origin":[7.0,1.5,25.0],"axis":"y","angle":0.0},"faces":{"north":{"uv":[1.5625,2.125,1.875,2.4375],"texture":"#0"},"east":{"uv":[1.5625,2.125,1.875,2.4375],"texture":"#0"},"south":{"uv":[1.5625,2.125,1.875,2.4375],"texture":"#0"},"west":{"uv":[1.5625,2.125,1.875,2.4375],"texture":"#0"},"up":{"uv":[1.875,2.125,2.1875,2.4375],"texture":"#0"},"down":{"uv":[1.875,2.125,2.1875,2.4375],"texture":"#0"}}},{"from":[6.75,3.0,6.75],"to":[9.25,5.5,9.25],"rotation":{"origin":[7.0,1.5,25.0],"axis":"y","angle":0.0},"faces":{"north":{"uv":[1.5625,2.125,1.875,2.4375],"texture":"#0"},"east":{"uv":[1.5625,2.125,1.875,2.4375],"texture":"#0"},"south":{"uv":[1.5625,2.125,1.875,2.4375],"texture":"#0"},"west":{"uv":[1.5625,2.125,1.875,2.4375],"texture":"#0"},"up":{"uv":[1.875,2.125,2.1875,2.4375],"texture":"#0"},"down":{"uv":[1.875,2.125,2.1875,2.4375],"texture":"#0"}}},{"from":[7.0,0.5,9.0],"to":[9.0,2.0,11.0],"rotation":{"origin":[17.0,-0.625,10.0],"axis":"x","angle":-45.0},"faces":{"north":{"uv":[2.0,0.625,1.75,0.8125],"texture":"#0"},"east":{"uv":[1.875,0.8125,2.125,1.0],"texture":"#0"},"south":{"uv":[2.0,0.625,1.75,0.8125],"texture":"#0"},"west":{"uv":[2.125,0.8125,1.875,1.0],"texture":"#0"},"up":{"uv":[1.75,0.625,2.0,0.375],"texture":"#0"},"down":{"uv":[1.75,0.625,2.0,0.375],"texture":"#0"}}},{"from":[6.75,-13.5,6.75],"to":[9.25,-11.0,9.25],"rotation":{"origin":[7.0,15.5,25.0],"axis":"y","angle":0.0},"faces":{"north":{"uv":[2.1875,2.4375,2.5,2.125],"texture":"#0"},"east":{"uv":[2.1875,2.4375,2.5,2.125],"texture":"#0"},"south":{"uv":[2.1875,2.4375,2.5,2.125],"texture":"#0"},"west":{"uv":[2.1875,2.4375,2.5,2.125],"texture":"#0"},"up":{"uv":[2.5,2.4375,2.8125,2.125],"texture":"#0"},"down":{"uv":[2.5,2.4375,2.8125,2.125],"texture":"#0"}}},{"from":[5.0,-4.5,8.0],"to":[11.0,-2.5,13.0],"rotation":{"origin":[17.0,-0.625,10.0],"axis":"x","angle":-45.0},"faces":{"north":{"uv":[1.75,1.875,1.0,2.125],"texture":"#0"},"east":{"uv":[1.0,1.625,1.625,1.875],"texture":"#0"},"south":{"uv":[1.75,1.875,1.0,2.125],"texture":"#0"},"west":{"uv":[1.625,1.625,1.0,1.875],"texture":"#0"},"up":{"uv":[1.0,1.5,1.75,0.875],"texture":"#0"},"down":{"uv":[1.0,1.5,1.75,0.875],"texture":"#0"}}},{"from":[3.5,24.0,10.0],"to":[3.5,28.0,14.0],"rotation":{"origin":[3.5,25.0,11.5],"axis":"x","angle":22.5},"faces":{"north":{"uv":[0.0,0.0,0.0,14.0],"texture":"#missing"},"east":{"uv":[14.1875,0.9375,13.6875,1.4375],"texture":"#0"},"south":{"uv":[0.0,0.0,0.0,14.0],"texture":"#missing"},"west":{"uv":[13.6875,0.9375,14.1875,1.4375],"texture":"#0"},"up":{"uv":[0.0,0.0,0.0,16.0],"texture":"#missing"},"down":{"uv":[0.0,0.0,0.0,16.0],"texture":"#missing"}}},{"from":[3.5,24.0,2.0],"to":[3.5,28.0,6.0],"rotation":{"origin":[3.5,25.0,4.5],"axis":"x","angle":-22.5},"faces":{"north":{"uv":[0.0,0.0,0.0,14.0],"texture":"#missing"},"east":{"uv":[13.6875,0.9375,14.1875,1.4375],"texture":"#0"},"south":{"uv":[0.0,0.0,0.0,14.0],"texture":"#missing"},"west":{"uv":[14.1875,0.9375,13.6875,1.4375],"texture":"#0"},"up":{"uv":[0.0,16.0,0.0,0.0],"texture":"#missing"},"down":{"uv":[0.0,16.0,0.0,0.0],"texture":"#missing"}}},{"from":[12.5,24.0,2.0],"to":[12.5,28.0,6.0],"rotation":{"origin":[12.5,25.0,4.5],"axis":"x","angle":-22.5},"faces":{"north":{"uv":[0.0,0.0,0.0,14.0],"texture":"#missing"},"east":{"uv":[13.6875,0.9375,14.1875,1.4375],"texture":"#0"},"south":{"uv":[0.0,0.0,0.0,14.0],"texture":"#missing"},"west":{"uv":[14.1875,0.9375,13.6875,1.4375],"texture":"#0"},"up":{"uv":[0.0,16.0,0.0,0.0],"texture":"#missing"},"down":{"uv":[0.0,16.0,0.0,0.0],"texture":"#missing"}}},{"from":[12.5,24.0,10.0],"to":[12.5,28.0,14.0],"rotation":{"origin":[12.5,25.0,11.5],"axis":"x","angle":22.5},"faces":{"north":{"uv":[0.0,0.0,0.0,14.0],"texture":"#missing"},"east":{"uv":[14.1875,0.9375,13.6875,1.4375],"texture":"#0"},"south":{"uv":[0.0,0.0,0.0,14.0],"texture":"#missing"},"west":{"uv":[13.6875,0.9375,14.1875,1.4375],"texture":"#0"},"up":{"uv":[0.0,0.0,0.0,16.0],"texture":"#missing"},"down":{"uv":[0.0,0.0,0.0,16.0],"texture":"#missing"}}},{"from":[2.2,24.0,4.0],"to":[2.2,32.0,12.0],"rotation":{"origin":[-5.6,0.0,0.0],"axis":"y","angle":0.0},"faces":{"north":{"uv":[0.0,0.0,0.0,14.0],"texture":"#missing"},"east":{"uv":[16.0,0.9375,15.0,1.9375],"texture":"#0"},"south":{"uv":[0.0,0.0,0.0,14.0],"texture":"#missing"},"west":{"uv":[15.0,0.9375,16.0,1.9375],"texture":"#0"},"up":{"uv":[0.0,0.0,0.0,16.0],"texture":"#missing"},"down":{"uv":[0.0,0.0,0.0,16.0],"texture":"#missing"}}},{"from":[13.8,24.0,4.0],"to":[13.8,32.0,12.0],"rotation":{"origin":[21.6,0.0,0.0],"axis":"y","angle":0.0},"faces":{"north":{"uv":[0.0,0.0,0.0,14.0],"texture":"#missing"},"east":{"uv":[16.0,0.9375,15.0,1.9375],"texture":"#0"},"south":{"uv":[0.0,0.0,0.0,14.0],"texture":"#missing"},"west":{"uv":[15.0,0.9375,16.0,1.9375],"texture":"#0"},"up":{"uv":[0.0,0.0,0.0,16.0],"texture":"#missing"},"down":{"uv":[0.0,0.0,0.0,16.0],"texture":"#missing"}}},{"from":[9.9,4.0,1.0],"to":[9.9,18.0,10.0],"rotation":{"origin":[0.0,0.0,0.0],"axis":"x","angle":-22.5},"faces":{"north":{"uv":[0.0,0.0,0.0,1.875],"texture":"#missing"},"east":{"uv":[15.0,2.8125,13.875,4.5625],"texture":"#0"},"south":{"uv":[0.0,0.0,0.0,1.875],"texture":"#missing"},"west":{"uv":[13.875,2.8125,15.0,4.5625],"texture":"#0"},"up":{"uv":[0.0,0.0,0.0,1.125],"texture":"#missing"},"down":{"uv":[0.0,0.0,0.0,1.125],"texture":"#missing"}}},{"from":[5.9,14.0,3.0],"to":[5.9,24.0,11.0],"rotation":{"origin":[0.0,0.0,16.0],"axis":"x","angle":22.5},"faces":{"north":{"uv":[0.0,0.0,0.0,1.875],"texture":"#missing"},"east":{"uv":[13.875,2.8125,15.0,4.5625],"texture":"#0"},"south":{"uv":[0.0,0.0,0.0,1.875],"texture":"#missing"},"west":{"uv":[15.0,2.8125,13.875,4.5625],"texture":"#0"},"up":{"uv":[0.0,1.125,0.0,0.0],"texture":"#missing"},"down":{"uv":[0.0,1.125,0.0,0.0],"texture":"#missing"}}},{"from":[6.0,-2.5,9.0],"to":[10.0,0.5,12.0],"rotation":{"origin":[17.0,-0.625,10.0],"axis":"x","angle":-45.0},"faces":{"north":{"uv":[2.125,0.0,1.625,0.375],"texture":"#0"},"east":{"uv":[1.125,0.0,1.5,0.375],"texture":"#0"},"south":{"uv":[2.125,0.0,1.625,0.375],"texture":"#0"},"west":{"uv":[1.5,0.0,1.125,0.375],"texture":"#0"},"up":{"uv":[1.125,0.75,1.625,0.375],"texture":"#0"},"down":{"uv":[1.125,0.75,1.625,0.375],"texture":"#0"}}},{"from":[5.9,-1.0,5.5],"to":[5.9,6.0,10.5],"rotation":{"origin":[5.9,7.5,10.5],"axis":"x","angle":-22.5},"faces":{"north":{"uv":[0.0,0.0,0.0,12.0],"texture":"#missing"},"east":{"uv":[15.125,0.0,14.5,0.875],"texture":"#0"},"south":{"uv":[0.0,0.0,0.0,12.0],"texture":"#missing"},"west":{"uv":[14.5,0.0,15.125,0.875],"texture":"#0"},"up":{"uv":[0.0,0.0,0.0,10.0],"texture":"#missing"},"down":{"uv":[0.0,0.0,0.0,10.0],"texture":"#missing"}}},{"from":[5.9,-1.0,5.5],"to":[5.9,6.0,10.5],"rotation":{"origin":[5.9,7.5,5.5],"axis":"x","angle":22.5},"faces":{"north":{"uv":[0.0,0.0,0.0,12.0],"texture":"#missing"},"east":{"uv":[14.5,0.0,15.125,0.875],"texture":"#0"},"south":{"uv":[0.0,0.0,0.0,12.0],"texture":"#missing"},"west":{"uv":[15.125,0.0,14.5,0.875],"texture":"#0"},"up":{"uv":[0.0,10.0,0.0,0.0],"texture":"#missing"},"down":{"uv":[0.0,10.0,0.0,0.0],"texture":"#missing"}}},{"from":[5.0,-4.5,3.0],"to":[11.0,-2.5,8.0],"rotation":{"origin":[17.0,-0.625,6.0],"axis":"x","angle":45.0},"faces":{"north":{"uv":[1.0,1.875,1.75,2.125],"texture":"#0"},"east":{"uv":[1.625,1.625,1.0,1.875],"texture":"#0"},"south":{"uv":[1.0,1.875,1.75,2.125],"texture":"#0"},"west":{"uv":[1.0,1.625,1.625,1.875],"texture":"#0"},"up":{"uv":[1.0,0.875,1.75,1.5],"texture":"#0"},"down":{"uv":[1.0,0.875,1.75,1.5],"texture":"#0"}}},{"from":[6.0,-2.5,4.0],"to":[10.0,0.5,7.0],"rotation":{"origin":[17.0,-0.625,6.0],"axis":"x","angle":45.0},"faces":{"north":{"uv":[1.625,0.0,2.125,0.375],"texture":"#0"},"east":{"uv":[1.5,0.0,1.125,0.375],"texture":"#0"},"south":{"uv":[1.625,0.0,2.125,0.375],"texture":"#0"},"west":{"uv":[1.125,0.0,1.5,0.375],"texture":"#0"},"up":{"uv":[1.125,0.375,1.625,0.75],"texture":"#0"},"down":{"uv":[1.125,0.375,1.625,0.75],"texture":"#0"}}},{"from":[10.1,-1.0,5.5],"to":[10.1,6.0,10.5],"rotation":{"origin":[10.1,7.5,5.5],"axis":"x","angle":22.5},"faces":{"north":{"uv":[0.0,0.0,0.0,12.0],"texture":"#missing"},"east":{"uv":[14.5,0.0,15.125,0.875],"texture":"#0"},"south":{"uv":[0.0,0.0,0.0,12.0],"texture":"#missing"},"west":{"uv":[15.125,0.0,14.5,0.875],"texture":"#0"},"up":{"uv":[0.0,10.0,0.0,0.0],"texture":"#missing"},"down":{"uv":[0.0,10.0,0.0,0.0],"texture":"#missing"}}},{"from":[10.1,-1.0,5.5],"to":[10.1,6.0,10.5],"rotation":{"origin":[10.1,7.5,10.5],"axis":"x","angle":-22.5},"faces":{"north":{"uv":[0.0,0.0,0.0,12.0],"texture":"#missing"},"east":{"uv":[15.125,0.0,14.5,0.875],"texture":"#0"},"south":{"uv":[0.0,0.0,0.0,12.0],"texture":"#missing"},"west":{"uv":[14.5,0.0,15.125,0.875],"texture":"#0"},"up":{"uv":[0.0,0.0,0.0,10.0],"texture":"#missing"},"down":{"uv":[0.0,0.0,0.0,10.0],"texture":"#missing"}}},{"from":[7.9,-16.0,5.5],"to":[7.9,-9.0,13.5],"rotation":{"origin":[7.9,-7.5,10.5],"axis":"x","angle":-22.5},"faces":{"north":{"uv":[0.0,0.0,0.0,12.0],"texture":"#missing"},"east":{"uv":[14.5,0.0,13.5,0.875],"texture":"#0"},"south":{"uv":[0.0,0.0,0.0,12.0],"texture":"#missing"},"west":{"uv":[13.5,0.0,14.5,0.875],"texture":"#0"},"up":{"uv":[0.0,0.0,0.0,10.0],"texture":"#missing"},"down":{"uv":[0.0,0.0,0.0,10.0],"texture":"#missing"}}},{"from":[5.5,-2.0,4.0],"to":[5.5,6.0,12.0],"faces":{"north":{"uv":[0.0,0.0,0.0,16.0],"texture":"#1"},"east":{"uv":[16.0,0.0,0.0,16.0],"texture":"#1"},"south":{"uv":[0.0,0.0,0.0,16.0],"texture":"#1"},"west":{"uv":[0.0,0.0,16.0,16.0],"texture":"#1"},"up":{"uv":[0.0,16.0,0.0,0.0],"texture":"#1"},"down":{"uv":[0.0,0.0,0.0,16.0],"texture":"#1"}}},{"from":[3.9,7.0,6.0],"to":[3.9,12.0,10.0],"rotation":{"origin":[7.4,10.0,8.5],"axis":"y","angle":45.0},"faces":{"north":{"uv":[0.0,0.0,0.0,0.75],"texture":"#missing"},"east":{"uv":[14.875,1.0625,14.25,1.8125],"texture":"#0"},"south":{"uv":[0.0,0.0,0.0,0.75],"texture":"#missing"},"west":{"uv":[14.25,1.0625,14.875,1.8125],"texture":"#0"},"up":{"uv":[0.0,0.0,0.0,0.625],"texture":"#missing"},"down":{"uv":[0.0,0.0,0.0,0.625],"texture":"#missing"}}},{"from":[6.4,-16.0,5.5],"to":[6.4,-11.0,10.5],"rotation":{"origin":[0.0,16.0,0.0],"axis":"y","angle":0.0},"faces":{"north":{"uv":[0.0,14.0,0.0,0.0],"texture":"#missing"},"east":{"uv":[16.0,1.9375,15.0,0.9375],"texture":"#0"},"south":{"uv":[0.0,14.0,0.0,0.0],"texture":"#missing"},"west":{"uv":[15.0,1.9375,16.0,0.9375],"texture":"#0"},"up":{"uv":[0.0,16.0,0.0,0.0],"texture":"#missing"},"down":{"uv":[0.0,16.0,0.0,0.0],"texture":"#missing"}}},{"from":[9.6,-16.0,5.5],"to":[9.6,-11.0,10.5],"rotation":{"origin":[16.0,16.0,0.0],"axis":"y","angle":0.0},"faces":{"north":{"uv":[0.0,14.0,0.0,0.0],"texture":"#missing"},"east":{"uv":[16.0,1.9375,15.0,0.9375],"texture":"#0"},"south":{"uv":[0.0,14.0,0.0,0.0],"texture":"#missing"},"west":{"uv":[15.0,1.9375,16.0,0.9375],"texture":"#0"},"up":{"uv":[0.0,16.0,0.0,0.0],"texture":"#missing"},"down":{"uv":[0.0,16.0,0.0,0.0],"texture":"#missing"}}},{"from":[10.5,-2.0,4.0],"to":[10.5,6.0,12.0],"rotation":{"origin":[16.0,0.0,0.0],"axis":"y","angle":0.0},"faces":{"north":{"uv":[0.0,0.0,0.0,16.0],"texture":"#1"},"east":{"uv":[16.0,0.0,0.0,16.0],"texture":"#1"},"south":{"uv":[0.0,0.0,0.0,16.0],"texture":"#1"},"west":{"uv":[0.0,0.0,16.0,16.0],"texture":"#1"},"up":{"uv":[0.0,16.0,0.0,0.0],"texture":"#1"},"down":{"uv":[0.0,0.0,0.0,16.0],"texture":"#1"}}}],"textures":{"particle":"e6c2522b-23c1-4207-ae3e-2d6433fc1cbc","0":"e6c2522b-23c1-4207-ae3e-2d6433fc1cbc","1":"7ffc4847-e327-4ba4-92e3-9d5fa972265a"},"gui_light":"front"}