{"display":{"fixed":{"rotation":[-90.0,0.0,0.0],"translation":[0.0,0.0,-16.0],"scale":[2.0,2.0,2.0]}},"elements":[{"from":[6.0,0.0,6.0],"to":[10.0,10.0,10.0],"faces":{"north":{"uv":[8.0,6.0,12.0,16.0],"texture":"#1"},"east":{"uv":[8.0,6.0,12.0,16.0],"texture":"#1"},"south":{"uv":[8.0,6.0,12.0,16.0],"texture":"#1"},"west":{"uv":[8.0,6.0,12.0,16.0],"texture":"#1"},"up":{"uv":[8.0,6.0,12.0,10.0],"texture":"#1"},"down":{"uv":[8.0,6.0,12.0,10.0],"texture":"#1"}}},{"from":[7.0,18.0,7.0],"to":[9.0,24.0,9.0],"faces":{"north":{"uv":[8.0,0.66667,10.0,6.66667],"texture":"#1"},"east":{"uv":[8.0,0.66667,10.0,6.66667],"texture":"#1"},"south":{"uv":[8.0,0.66667,10.0,6.66667],"texture":"#1"},"west":{"uv":[8.0,0.66667,10.0,6.66667],"texture":"#1"},"up":{"uv":[8.0,0.66667,10.0,2.66667],"texture":"#1"},"down":{"uv":[8.0,0.66667,10.0,2.66667],"texture":"#1"}}},{"from":[6.5,10.0,6.5],"to":[9.5,18.0,9.5],"faces":{"north":{"uv":[8.0,3.0,11.0,11.0],"texture":"#1"},"east":{"uv":[8.0,3.0,11.0,11.0],"texture":"#1"},"south":{"uv":[8.0,3.0,11.0,11.0],"texture":"#1"},"west":{"uv":[8.0,3.0,11.0,11.0],"texture":"#1"},"up":{"uv":[8.0,3.0,11.0,6.0],"texture":"#1"},"down":{"uv":[8.0,3.0,11.0,6.0],"texture":"#1"}}},{"from":[6.0,19.0,17.0],"to":[10.0,19.0,19.0],"rotation":{"origin":[0.0,0.0,0.0],"axis":"x","angle":-22.5},"faces":{"north":{"uv":[0.0,0.0,2.0,0.0],"texture":"#0"},"east":{"uv":[0.0,0.0,1.0,0.0],"texture":"#0"},"south":{"uv":[0.0,0.0,2.0,0.0],"texture":"#0"},"west":{"uv":[0.0,0.0,1.0,0.0],"texture":"#0"},"up":{"uv":[0.0,8.0,2.0,9.0],"texture":"#0"},"down":{"uv":[0.0,0.0,2.0,1.0],"texture":"#0"}}},{"from":[6.0,14.8,-1.05],"to":[10.0,19.8,-1.05],"rotation":{"origin":[0.0,0.0,16.0],"axis":"y","angle":0.0},"faces":{"north":{"uv":[2.0,13.5,0.0,16.0],"texture":"#0"},"east":{"uv":[0.0,0.0,4.0,0.0],"texture":"#0","rotation":270},"south":{"uv":[2.0,16.0,0.0,12.0],"texture":"#0","rotation":180},"west":{"uv":[0.0,0.0,4.0,0.0],"texture":"#0","rotation":90},"up":{"uv":[0.0,0.0,2.0,0.0],"texture":"#0","rotation":180},"down":{"uv":[0.0,0.0,2.0,0.0],"texture":"#0"}}},{"from":[6.0,11.7,-7.3],"to":[10.0,15.7,-7.3],"rotation":{"origin":[0.0,0.0,16.0],"axis":"x","angle":22.5},"faces":{"north":{"uv":[2.0,8.5,0.0,10.5],"texture":"#0"},"east":{"uv":[0.0,0.0,2.0,0.0],"texture":"#0","rotation":270},"south":{"uv":[2.0,0.0,0.0,2.0],"texture":"#0","rotation":180},"west":{"uv":[0.0,0.0,2.0,0.0],"texture":"#0","rotation":90},"up":{"uv":[0.0,0.0,2.0,0.0],"texture":"#0","rotation":180},"down":{"uv":[0.0,0.0,2.0,0.0],"texture":"#0"}}},{"from":[6.0,27.55,21.55],"to":[10.0,27.55,23.55],"rotation":{"origin":[0.0,0.0,16.0],"axis":"x","angle":-45.0},"faces":{"north":{"uv":[2.0,0.0,0.0,0.0],"texture":"#0"},"east":{"uv":[1.0,0.0,0.0,0.0],"texture":"#0"},"south":{"uv":[2.0,0.0,0.0,0.0],"texture":"#0"},"west":{"uv":[1.0,0.0,0.0,0.0],"texture":"#0"},"up":{"uv":[0.0,1.5,2.0,0.5],"texture":"#0"},"down":{"uv":[0.0,1.0,2.0,0.0],"texture":"#0"}}},{"from":[6.0,24.8,1.8],"to":[10.0,24.8,5.8],"rotation":{"origin":[0.0,0.0,16.0],"axis":"y","angle":0.0},"faces":{"north":{"uv":[2.0,0.0,0.0,0.0],"texture":"#0"},"east":{"uv":[2.0,0.0,0.0,0.0],"texture":"#0"},"south":{"uv":[2.0,0.0,0.0,0.0],"texture":"#0"},"west":{"uv":[2.0,0.0,0.0,0.0],"texture":"#0"},"up":{"uv":[0.0,2.0,2.0,0.0],"texture":"#0"},"down":{"uv":[0.0,2.0,2.0,0.0],"texture":"#0"}}},{"from":[1.9,24.9,6.0],"to":[5.9,24.9,10.0],"rotation":{"origin":[0.0,0.0,16.0],"axis":"y","angle":0.0},"faces":{"north":{"uv":[2.0,0.0,0.0,0.0],"texture":"#0"},"east":{"uv":[2.0,0.0,0.0,0.0],"texture":"#0"},"south":{"uv":[2.0,0.0,0.0,0.0],"texture":"#0"},"west":{"uv":[2.0,0.0,0.0,0.0],"texture":"#0"},"up":{"uv":[0.0,12.5,2.0,10.5],"texture":"#0","rotation":270},"down":{"uv":[0.0,2.0,2.0,0.0],"texture":"#0","rotation":90}}},{"from":[6.0,19.0,-3.0],"to":[10.0,19.0,-1.0],"rotation":{"origin":[0.0,0.0,16.0],"axis":"x","angle":22.5},"faces":{"north":{"uv":[2.0,0.0,0.0,0.0],"texture":"#0"},"east":{"uv":[1.0,0.0,0.0,0.0],"texture":"#0"},"south":{"uv":[2.0,0.0,0.0,0.0],"texture":"#0"},"west":{"uv":[1.0,0.0,0.0,0.0],"texture":"#0"},"up":{"uv":[0.0,1.5,2.0,0.5],"texture":"#0"},"down":{"uv":[0.0,1.0,2.0,0.0],"texture":"#0"}}},{"from":[6.0,24.8,10.2],"to":[10.0,24.8,14.2],"faces":{"north":{"uv":[0.0,0.0,2.0,0.0],"texture":"#0"},"east":{"uv":[0.0,0.0,2.0,0.0],"texture":"#0"},"south":{"uv":[0.0,0.0,2.0,0.0],"texture":"#0"},"west":{"uv":[0.0,0.0,2.0,0.0],"texture":"#0"},"up":{"uv":[0.0,6.0,2.0,8.0],"texture":"#0"},"down":{"uv":[0.0,0.0,2.0,2.0],"texture":"#0"}}},{"from":[6.0,27.55,-7.55],"to":[10.0,27.55,-5.55],"rotation":{"origin":[0.0,0.0,0.0],"axis":"x","angle":45.0},"faces":{"north":{"uv":[0.0,0.0,2.0,0.0],"texture":"#0"},"east":{"uv":[0.0,0.0,1.0,0.0],"texture":"#0"},"south":{"uv":[0.0,0.0,2.0,0.0],"texture":"#0"},"west":{"uv":[0.0,0.0,1.0,0.0],"texture":"#0"},"up":{"uv":[0.0,0.5,2.0,1.5],"texture":"#0"},"down":{"uv":[0.0,0.0,2.0,1.0],"texture":"#0"}}},{"from":[16.95,16.3,6.0],"to":[18.95,16.3,10.0],"rotation":{"origin":[0.0,0.0,0.0],"axis":"z","angle":45.0},"faces":{"north":{"uv":[0.0,0.0,1.0,0.0],"texture":"#0"},"east":{"uv":[0.0,0.0,2.0,0.0],"texture":"#0"},"south":{"uv":[0.0,0.0,1.0,0.0],"texture":"#0"},"west":{"uv":[0.0,0.0,2.0,0.0],"texture":"#0"},"up":{"uv":[0.0,0.5,2.0,1.5],"texture":"#0","rotation":90},"down":{"uv":[0.0,0.0,2.0,1.0],"texture":"#0","rotation":270}}},{"from":[6.0,11.7,23.3],"to":[10.0,15.7,23.3],"rotation":{"origin":[0.0,0.0,0.0],"axis":"x","angle":-22.5},"faces":{"north":{"uv":[0.0,0.0,2.0,2.0],"texture":"#0","rotation":180},"east":{"uv":[0.0,0.0,2.0,0.0],"texture":"#0","rotation":270},"south":{"uv":[0.0,10.0,2.0,12.0],"texture":"#0"},"west":{"uv":[0.0,0.0,2.0,0.0],"texture":"#0","rotation":90},"up":{"uv":[0.0,0.0,2.0,0.0],"texture":"#0","rotation":180},"down":{"uv":[0.0,0.0,2.0,0.0],"texture":"#0"}}},{"from":[-8.55,17.95,6.0],"to":[-8.55,21.95,10.0],"rotation":{"origin":[0.0,0.0,0.0],"axis":"z","angle":-22.5},"faces":{"north":{"uv":[0.0,0.0,2.0,0.0],"texture":"#0","rotation":90},"east":{"uv":[0.0,0.0,2.0,2.0],"texture":"#0","rotation":180},"south":{"uv":[0.0,0.0,2.0,0.0],"texture":"#0","rotation":270},"west":{"uv":[0.0,10.0,2.0,12.0],"texture":"#0"},"up":{"uv":[0.0,0.0,2.0,0.0],"texture":"#0","rotation":270},"down":{"uv":[0.0,0.0,2.0,0.0],"texture":"#0","rotation":270}}},{"from":[18.1,25.2,6.0],"to":[20.1,25.2,10.0],"rotation":{"origin":[16.0,0.0,0.0],"axis":"z","angle":22.5},"faces":{"north":{"uv":[1.0,0.0,0.0,0.0],"texture":"#0"},"east":{"uv":[2.0,0.0,0.0,0.0],"texture":"#0"},"south":{"uv":[1.0,0.0,0.0,0.0],"texture":"#0"},"west":{"uv":[2.0,0.0,0.0,0.0],"texture":"#0"},"up":{"uv":[0.0,12.0,2.0,11.0],"texture":"#0","rotation":90},"down":{"uv":[1.0,0.0,0.0,2.0],"texture":"#0"}}},{"from":[10.1,24.9,6.0],"to":[14.1,24.9,10.0],"rotation":{"origin":[16.0,0.0,16.0],"axis":"y","angle":0.0},"faces":{"north":{"uv":[0.0,0.0,2.0,0.0],"texture":"#0"},"east":{"uv":[0.0,0.0,2.0,0.0],"texture":"#0"},"south":{"uv":[0.0,0.0,2.0,0.0],"texture":"#0"},"west":{"uv":[0.0,0.0,2.0,0.0],"texture":"#0"},"up":{"uv":[0.0,10.5,2.0,12.5],"texture":"#0","rotation":270},"down":{"uv":[0.0,0.0,2.0,2.0],"texture":"#0","rotation":90}}},{"from":[-2.95,16.3,6.0],"to":[-0.95,16.3,10.0],"rotation":{"origin":[16.0,0.0,0.0],"axis":"z","angle":-45.0},"faces":{"north":{"uv":[1.0,0.0,0.0,0.0],"texture":"#0"},"east":{"uv":[2.0,0.0,0.0,0.0],"texture":"#0"},"south":{"uv":[1.0,0.0,0.0,0.0],"texture":"#0"},"west":{"uv":[2.0,0.0,0.0,0.0],"texture":"#0"},"up":{"uv":[0.0,1.5,2.0,0.5],"texture":"#0","rotation":90},"down":{"uv":[0.0,1.0,2.0,0.0],"texture":"#0","rotation":270}}},{"from":[16.95,11.8,6.0],"to":[16.95,19.8,10.0],"rotation":{"origin":[16.0,0.0,0.0],"axis":"y","angle":0.0},"faces":{"north":{"uv":[0.0,0.0,4.0,0.0],"texture":"#0","rotation":270},"east":{"uv":[0.0,16.0,2.0,12.0],"texture":"#0","rotation":180},"south":{"uv":[0.0,0.0,4.0,0.0],"texture":"#0","rotation":90},"west":{"uv":[0.0,12.0,2.0,16.0],"texture":"#0"},"up":{"uv":[0.0,0.0,2.0,0.0],"texture":"#0","rotation":90},"down":{"uv":[0.0,0.0,2.0,0.0],"texture":"#0","rotation":90}}},{"from":[24.55,17.95,6.0],"to":[24.55,21.95,10.0],"rotation":{"origin":[16.0,0.0,0.0],"axis":"z","angle":22.5},"faces":{"north":{"uv":[0.0,0.0,2.0,0.0],"texture":"#0","rotation":90},"east":{"uv":[2.0,10.0,0.0,12.0],"texture":"#0"},"south":{"uv":[0.0,0.0,2.0,0.0],"texture":"#0","rotation":270},"west":{"uv":[2.0,0.0,0.0,2.0],"texture":"#0","rotation":180},"up":{"uv":[0.0,0.0,2.0,0.0],"texture":"#0","rotation":270},"down":{"uv":[0.0,0.0,2.0,0.0],"texture":"#0","rotation":270}}},{"from":[6.0,11.7,17.05],"to":[10.0,19.7,17.05],"faces":{"north":{"uv":[2.0,16.0,0.0,12.0],"texture":"#0","rotation":180},"east":{"uv":[0.0,0.0,4.0,0.0],"texture":"#0","rotation":270},"south":{"uv":[2.0,12.0,0.0,16.0],"texture":"#0"},"west":{"uv":[0.0,0.0,4.0,0.0],"texture":"#0","rotation":90},"up":{"uv":[0.0,0.0,2.0,0.0],"texture":"#0","rotation":180},"down":{"uv":[0.0,0.0,2.0,0.0],"texture":"#0"}}},{"from":[-0.95,11.8,6.0],"to":[-0.95,19.8,10.0],"faces":{"north":{"uv":[0.0,0.0,4.0,0.0],"texture":"#0","rotation":270},"east":{"uv":[2.0,12.0,0.0,16.0],"texture":"#0"},"south":{"uv":[0.0,0.0,4.0,0.0],"texture":"#0","rotation":90},"west":{"uv":[2.0,16.0,0.0,12.0],"texture":"#0","rotation":180},"up":{"uv":[0.0,0.0,2.0,0.0],"texture":"#0","rotation":90},"down":{"uv":[0.0,0.0,2.0,0.0],"texture":"#0","rotation":90}}},{"from":[-4.1,25.2,6.0],"to":[-2.1,25.2,10.0],"rotation":{"origin":[0.0,0.0,0.0],"axis":"z","angle":-22.5},"faces":{"north":{"uv":[0.0,0.0,1.0,0.0],"texture":"#0"},"east":{"uv":[0.0,0.0,2.0,0.0],"texture":"#0"},"south":{"uv":[0.0,0.0,1.0,0.0],"texture":"#0"},"west":{"uv":[0.0,0.0,2.0,0.0],"texture":"#0"},"up":{"uv":[0.0,11.0,2.0,12.0],"texture":"#0","rotation":90},"down":{"uv":[0.0,0.0,1.0,2.0],"texture":"#0"}}},{"from":[13.0,14.0,-1.15],"to":[16.0,17.0,-1.15],"rotation":{"origin":[0.0,0.0,0.0],"axis":"z","angle":22.5},"faces":{"north":{"uv":[14.5,0.0,16.0,1.5],"texture":"#0"},"east":{"uv":[0.0,0.0,0.0,1.5],"texture":"#0"},"south":{"uv":[14.5,0.0,16.0,1.5],"texture":"#0"},"west":{"uv":[0.0,0.0,0.0,1.5],"texture":"#0"},"up":{"uv":[0.0,0.0,1.5,0.0],"texture":"#0"},"down":{"uv":[0.0,0.0,1.5,0.0],"texture":"#0"}}},{"from":[11.0,16.0,15.0],"to":[14.0,19.0,15.0],"rotation":{"origin":[0.0,0.0,0.0],"axis":"y","angle":22.5},"faces":{"north":{"uv":[14.5,0.0,16.0,1.5],"texture":"#0"},"east":{"uv":[0.0,0.0,0.0,1.5],"texture":"#0"},"south":{"uv":[14.5,0.0,16.0,1.5],"texture":"#0"},"west":{"uv":[0.0,0.0,0.0,1.5],"texture":"#0"},"up":{"uv":[0.0,0.0,1.5,0.0],"texture":"#0"},"down":{"uv":[0.0,0.0,1.5,0.0],"texture":"#0"}}},{"from":[8.0,6.0,27.7],"to":[11.0,9.0,27.7],"rotation":{"origin":[0.0,0.0,0.0],"axis":"x","angle":-45.0},"faces":{"north":{"uv":[14.5,0.0,16.0,1.5],"texture":"#0"},"east":{"uv":[0.0,0.0,0.0,1.5],"texture":"#0"},"south":{"uv":[14.5,0.0,16.0,1.5],"texture":"#0"},"west":{"uv":[0.0,0.0,0.0,1.5],"texture":"#0"},"up":{"uv":[0.0,0.0,1.5,0.0],"texture":"#0"},"down":{"uv":[0.0,0.0,1.5,0.0],"texture":"#0"}}},{"from":[-4.5,19.0,6.0],"to":[-4.5,22.0,9.0],"rotation":{"origin":[0.0,0.0,0.0],"axis":"y","angle":22.5},"faces":{"north":{"uv":[0.0,0.0,0.0,1.5],"texture":"#0"},"east":{"uv":[14.5,0.0,16.0,1.5],"texture":"#0"},"south":{"uv":[0.0,0.0,0.0,1.5],"texture":"#0"},"west":{"uv":[14.5,0.0,16.0,1.5],"texture":"#0"},"up":{"uv":[0.0,0.0,1.5,0.0],"texture":"#0","rotation":270},"down":{"uv":[0.0,0.0,1.5,0.0],"texture":"#0","rotation":90}}}],"textures":{"particle":"46afde61-06e0-4375-91d7-95de86fc6db3","0":"46afde61-06e0-4375-91d7-95de86fc6db3","1":"block/spruce_log"},"gui_light":"front"}