{"display":{"thirdperson_righthand":{"translation":[0.0,-1.75,1.0]},"thirdperson_lefthand":{"translation":[0.0,-1.75,1.0]},"firstperson_righthand":{"rotation":[-10.0,0.0,0.0],"translation":[0.0,0.25,1.75]},"firstperson_lefthand":{"rotation":[-10.0,0.0,0.0],"translation":[0.0,0.25,1.75]},"ground":{"rotation":[-45.0,0.0,0.0],"translation":[0.0,8.25,3.0]},"gui":{"rotation":[-90.0,45.0,90.0],"translation":[2.75,-2.5,0.0],"scale":[0.74609,0.74609,0.74609]},"head":{"rotation":[90.0,-90.0,90.0]},"fixed":{"rotation":[0.0,-90.0,0.0],"translation":[0.0,-5.75,-1.5],"scale":[2.5,2.5,2.5]}},"elements":[{"from":[7.5,1.07897,7.5],"to":[8.5,2.07897,8.5],"rotation":{"origin":[7.5,-3.39603,8.55],"axis":"y","angle":0.0},"faces":{"north":{"uv":[6.66667,5.33333,7.33333,6.0],"texture":"#3"},"east":{"uv":[8.66667,6.66667,9.33333,7.33333],"texture":"#3"},"south":{"uv":[9.33333,4.66667,10.0,5.33333],"texture":"#3"},"west":{"uv":[10.66667,3.33333,11.33333,4.0],"texture":"#3"},"up":{"uv":[11.33333,4.66667,10.66667,4.0],"texture":"#3"}}},{"from":[7.5,5.225,7.5],"to":[8.5,6.225,8.5],"rotation":{"origin":[8.0,6.725,8.15],"axis":"y","angle":0.0},"faces":{"north":{"uv":[5.33333,10.66667,6.0,11.33333],"texture":"#3"},"east":{"uv":[6.0,10.66667,6.66667,11.33333],"texture":"#3"},"south":{"uv":[6.66667,10.66667,7.33333,11.33333],"texture":"#3"},"west":{"uv":[10.66667,6.66667,11.33333,7.33333],"texture":"#3"},"down":{"uv":[8.0,10.66667,7.33333,11.33333],"texture":"#3"}}},{"from":[7.5,17.225,7.5],"to":[8.5,18.225,8.5],"rotation":{"origin":[8.0,18.725,8.15],"axis":"y","angle":0.0},"faces":{"north":{"uv":[11.33333,5.33333,12.0,6.0],"texture":"#3"},"east":{"uv":[6.0,11.33333,6.66667,12.0],"texture":"#3"},"south":{"uv":[11.33333,6.0,12.0,6.66667],"texture":"#3"},"west":{"uv":[6.66667,11.33333,7.33333,12.0],"texture":"#3"}}},{"from":[7.5,4.225,7.5],"to":[8.5,4.725,8.5],"rotation":{"origin":[8.0,3.65199,8.00452],"axis":"y","angle":0.0},"faces":{"north":{"uv":[12.0,3.33333,12.66667,3.66667],"texture":"#3"},"east":{"uv":[12.0,4.0,12.66667,4.33333],"texture":"#3"},"south":{"uv":[12.0,4.66667,12.66667,5.0],"texture":"#3"},"west":{"uv":[5.33333,12.0,6.0,12.33333],"texture":"#3"},"up":{"uv":[11.33333,8.0,10.66667,7.33333],"texture":"#3"},"down":{"uv":[8.66667,10.66667,8.0,11.33333],"texture":"#3"}}},{"from":[7.5,2.57897,7.5],"to":[8.5,3.07897,8.5],"rotation":{"origin":[8.0,3.65199,7.99548],"axis":"y","angle":0.0},"faces":{"north":{"uv":[12.0,5.33333,12.66667,5.66667],"texture":"#3"},"east":{"uv":[6.0,12.0,6.66667,12.33333],"texture":"#3"},"south":{"uv":[12.0,6.0,12.66667,6.33333],"texture":"#3"},"west":{"uv":[6.66667,12.0,7.33333,12.33333],"texture":"#3"},"up":{"uv":[11.33333,8.66667,10.66667,8.0],"texture":"#3"},"down":{"uv":[9.33333,10.66667,8.66667,11.33333],"texture":"#3"}}},{"from":[7.4,3.047,7.39637],"to":[8.6,4.247,8.59637],"rotation":{"origin":[8.0,3.65199,7.99672],"axis":"x","angle":-45.0},"faces":{"north":{"uv":[10.66667,8.66667,11.33333,9.33333],"texture":"#3"},"east":{"uv":[9.33333,10.66667,10.0,11.33333],"texture":"#3"},"south":{"uv":[10.66667,9.33333,11.33333,10.0],"texture":"#3"},"west":{"uv":[10.66667,10.0,11.33333,10.66667],"texture":"#3"},"up":{"uv":[11.33333,11.33333,10.66667,10.66667],"texture":"#3"},"down":{"uv":[12.0,0.0,11.33333,0.66667],"texture":"#3"}}},{"from":[7.6,2.07897,7.6],"to":[8.4,2.57897,8.4],"rotation":{"origin":[8.0,3.65199,7.99548],"axis":"y","angle":0.0},"faces":{"north":{"uv":[12.0,6.66667,12.66667,7.0],"texture":"#3"},"east":{"uv":[7.33333,12.0,8.0,12.33333],"texture":"#3"},"south":{"uv":[12.0,7.33333,12.66667,7.66667],"texture":"#3"},"west":{"uv":[8.0,12.0,8.66667,12.33333],"texture":"#3"}}},{"from":[7.6,4.725,7.6],"to":[8.4,5.225,8.4],"rotation":{"origin":[8.0,3.65199,8.00452],"axis":"y","angle":0.0},"faces":{"north":{"uv":[12.0,8.0,12.66667,8.33333],"texture":"#3"},"east":{"uv":[8.66667,12.0,9.33333,12.33333],"texture":"#3"},"south":{"uv":[12.0,8.66667,12.66667,9.0],"texture":"#3"},"west":{"uv":[9.33333,12.0,10.0,12.33333],"texture":"#3"}}},{"from":[7.5,13.225,7.5],"to":[8.5,14.225,8.5],"rotation":{"origin":[8.0,11.65199,8.0],"axis":"y","angle":0.0},"faces":{"north":{"uv":[0.66667,12.0,1.33333,12.66667],"texture":"#3"},"east":{"uv":[12.0,0.66667,12.66667,1.33333],"texture":"#3"},"south":{"uv":[1.33333,12.0,2.0,12.66667],"texture":"#3"},"west":{"uv":[12.0,1.33333,12.66667,2.0],"texture":"#3"},"down":{"uv":[12.66667,2.0,12.0,2.66667],"texture":"#3"}}},{"from":[7.5,9.07897,7.5],"to":[8.5,10.07897,8.5],"rotation":{"origin":[8.0,11.65199,8.0],"axis":"y","angle":0.0},"faces":{"north":{"uv":[10.66667,11.33333,11.33333,12.0],"texture":"#3"},"east":{"uv":[11.33333,10.66667,12.0,11.33333],"texture":"#3"},"south":{"uv":[11.33333,11.33333,12.0,12.0],"texture":"#3"},"west":{"uv":[0.0,12.0,0.66667,12.66667],"texture":"#3"},"up":{"uv":[12.66667,0.66667,12.0,0.0],"texture":"#3"}}},{"from":[7.5,10.57897,7.5],"to":[8.5,11.07897,8.5],"rotation":{"origin":[8.0,11.65199,8.0],"axis":"y","angle":0.0},"faces":{"north":{"uv":[12.66667,7.33333,13.33333,7.66667],"texture":"#3"},"east":{"uv":[8.0,12.66667,8.66667,13.0],"texture":"#3"},"south":{"uv":[12.66667,8.0,13.33333,8.33333],"texture":"#3"},"west":{"uv":[8.66667,12.66667,9.33333,13.0],"texture":"#3"},"up":{"uv":[12.0,10.0,11.33333,9.33333],"texture":"#3"},"down":{"uv":[12.0,10.0,11.33333,10.66667],"texture":"#3"}}},{"from":[7.5,12.225,7.5],"to":[8.5,12.725,8.5],"rotation":{"origin":[8.0,11.65199,8.0],"axis":"y","angle":0.0},"faces":{"north":{"uv":[12.66667,6.0,13.33333,6.33333],"texture":"#3"},"east":{"uv":[6.66667,12.66667,7.33333,13.0],"texture":"#3"},"south":{"uv":[12.66667,6.66667,13.33333,7.0],"texture":"#3"},"west":{"uv":[7.33333,12.66667,8.0,13.0],"texture":"#3"},"up":{"uv":[12.0,9.33333,11.33333,8.66667],"texture":"#3"},"down":{"uv":[10.0,11.33333,9.33333,12.0],"texture":"#3"}}},{"from":[7.4,11.05576,7.4],"to":[8.6,12.25576,8.6],"rotation":{"origin":[8.0,11.65576,8.0],"axis":"x","angle":45.0},"faces":{"north":{"uv":[11.33333,6.66667,12.0,7.33333],"texture":"#3"},"east":{"uv":[7.33333,11.33333,8.0,12.0],"texture":"#3"},"south":{"uv":[11.33333,7.33333,12.0,8.0],"texture":"#3"},"west":{"uv":[8.0,11.33333,8.66667,12.0],"texture":"#3"},"up":{"uv":[12.0,8.66667,11.33333,8.0],"texture":"#3"},"down":{"uv":[9.33333,11.33333,8.66667,12.0],"texture":"#3"}}},{"from":[7.6,12.725,7.6],"to":[8.4,13.225,8.4],"rotation":{"origin":[8.0,11.65199,8.0],"axis":"y","angle":0.0},"faces":{"north":{"uv":[12.66667,4.66667,13.33333,5.0],"texture":"#3"},"east":{"uv":[5.33333,12.66667,6.0,13.0],"texture":"#3"},"south":{"uv":[12.66667,5.33333,13.33333,5.66667],"texture":"#3"},"west":{"uv":[6.0,12.66667,6.66667,13.0],"texture":"#3"}}},{"from":[7.6,10.07897,7.6],"to":[8.4,10.57897,8.4],"rotation":{"origin":[8.0,11.65199,8.0],"axis":"y","angle":0.0},"faces":{"north":{"uv":[3.33333,12.66667,4.0,13.0],"texture":"#3"},"east":{"uv":[12.66667,3.33333,13.33333,3.66667],"texture":"#3"},"south":{"uv":[12.66667,4.0,13.33333,4.33333],"texture":"#3"},"west":{"uv":[4.66667,12.66667,5.33333,13.0],"texture":"#3"}}},{"from":[7.75,0.11254,6.94818],"to":[8.25,1.11254,7.94818],"rotation":{"origin":[8.0,1.23632,7.98062],"axis":"x","angle":22.5},"faces":{"north":{"uv":[12.0,9.33333,12.33333,10.0],"texture":"#3"},"east":{"uv":[11.33333,0.66667,12.0,1.33333],"texture":"#3"},"south":{"uv":[12.0,10.0,12.33333,10.66667],"texture":"#3"},"west":{"uv":[11.33333,1.33333,12.0,2.0],"texture":"#3"},"up":{"uv":[11.0,12.66667,10.66667,12.0],"texture":"#3"},"down":{"uv":[12.33333,10.66667,12.0,11.33333],"texture":"#3"}}},{"from":[7.752,1.17173,6.45595],"to":[8.248,2.22173,7.18095],"rotation":{"origin":[8.0,1.23632,7.98062],"axis":"x","angle":-22.5},"faces":{"north":{"uv":[11.33333,12.0,11.66667,12.66667],"texture":"#3"},"east":{"uv":[12.0,11.33333,12.33333,12.0],"texture":"#3"},"south":{"uv":[12.0,12.0,12.33333,12.66667],"texture":"#3"},"west":{"uv":[0.0,12.66667,0.33333,13.33333],"texture":"#3"},"up":{"uv":[13.0,9.0,12.66667,8.66667],"texture":"#3"}}},{"from":[7.752,1.17173,8.81905],"to":[8.248,2.22173,9.54405],"rotation":{"origin":[8.0,1.23632,8.01938],"axis":"x","angle":22.5},"faces":{"north":{"uv":[12.66667,0.0,13.0,0.66667],"texture":"#3"},"east":{"uv":[0.66667,12.66667,1.0,13.33333],"texture":"#3"},"south":{"uv":[12.66667,0.66667,13.0,1.33333],"texture":"#3"},"west":{"uv":[1.33333,12.66667,1.66667,13.33333],"texture":"#3"},"up":{"uv":[9.66667,13.0,9.33333,12.66667],"texture":"#3"}}},{"from":[7.75,0.11254,8.05182],"to":[8.25,1.11254,9.05182],"rotation":{"origin":[8.0,1.23632,8.01938],"axis":"x","angle":-22.5},"faces":{"north":{"uv":[12.66667,1.33333,13.0,2.0],"texture":"#3"},"east":{"uv":[11.33333,2.0,12.0,2.66667],"texture":"#3"},"south":{"uv":[2.0,12.66667,2.33333,13.33333],"texture":"#3"},"west":{"uv":[2.66667,11.33333,3.33333,12.0],"texture":"#3"},"up":{"uv":[13.0,2.66667,12.66667,2.0],"texture":"#3"},"down":{"uv":[3.0,12.66667,2.66667,13.33333],"texture":"#3"}}},{"from":[7.405,0.3916,7.66275],"to":[8.595,1.5816,8.85275],"rotation":{"origin":[8.0,1.23632,7.98062],"axis":"x","angle":45.0},"faces":{"north":{"uv":[11.33333,2.66667,12.0,3.33333],"texture":"#3"},"east":{"uv":[3.33333,11.33333,4.0,12.0],"texture":"#3"},"south":{"uv":[11.33333,3.33333,12.0,4.0],"texture":"#3"},"west":{"uv":[11.33333,4.0,12.0,4.66667],"texture":"#3"},"up":{"uv":[12.0,5.33333,11.33333,4.66667],"texture":"#3"},"down":{"uv":[6.0,11.33333,5.33333,12.0],"texture":"#3"}}},{"from":[7.4,17.725,7.25],"to":[8.6,19.475,9.0],"rotation":{"origin":[8.0,18.475,8.0],"axis":"x","angle":-45.0},"faces":{"north":{"uv":[3.33333,5.33333,4.0,6.66667],"texture":"#3"},"east":{"uv":[8.66667,2.0,10.0,3.33333],"texture":"#3"},"south":{"uv":[4.66667,8.0,5.33333,9.33333],"texture":"#3"},"west":{"uv":[8.66667,5.33333,10.0,6.66667],"texture":"#3"},"up":{"uv":[3.33333,10.0,2.66667,8.66667],"texture":"#3"},"down":{"uv":[0.66667,10.66667,0.0,12.0],"texture":"#3"}}},{"from":[7.15,17.975,7.5],"to":[8.85,19.225,8.75],"rotation":{"origin":[8.0,18.475,8.0],"axis":"x","angle":-45.0},"faces":{"north":{"uv":[4.66667,9.33333,5.66667,10.33333],"texture":"#3"},"east":{"uv":[6.0,9.33333,7.0,10.33333],"texture":"#3"},"south":{"uv":[9.33333,6.66667,10.33333,7.66667],"texture":"#3"},"west":{"uv":[7.33333,9.33333,8.33333,10.33333],"texture":"#3"},"up":{"uv":[10.33333,9.0,9.33333,8.0],"texture":"#3"},"down":{"uv":[9.66667,9.33333,8.66667,10.33333],"texture":"#3"}}},{"from":[7.35,14.225,7.35],"to":[8.65,17.225,8.65],"rotation":{"origin":[8.0,14.725,8.15],"axis":"y","angle":0.0},"faces":{"north":{"uv":[8.0,7.33333,9.0,9.33333],"texture":"#3"},"east":{"uv":[0.0,8.66667,1.0,10.66667],"texture":"#3"},"south":{"uv":[8.66667,0.0,9.66667,2.0],"texture":"#3"},"west":{"uv":[1.33333,8.66667,2.33333,10.66667],"texture":"#3"},"up":{"uv":[3.66667,11.0,2.66667,10.0],"texture":"#3"},"down":{"uv":[11.0,4.66667,10.0,5.66667],"texture":"#3"}}},{"from":[7.35,6.225,7.35],"to":[8.65,9.225,8.65],"rotation":{"origin":[8.0,6.725,8.15],"axis":"y","angle":0.0},"faces":{"north":{"uv":[7.33333,5.33333,8.33333,7.33333],"texture":"#3"},"east":{"uv":[6.66667,7.33333,7.66667,9.33333],"texture":"#3"},"south":{"uv":[3.33333,8.0,4.33333,10.0],"texture":"#3"},"west":{"uv":[8.0,3.33333,9.0,5.33333],"texture":"#3"},"up":{"uv":[11.0,1.0,10.0,0.0],"texture":"#3"},"down":{"uv":[11.0,1.33333,10.0,2.33333],"texture":"#3"}}},{"from":[6.75,17.26053,6.25],"to":[6.75,20.76053,9.75],"rotation":{"origin":[6.0,19.01053,8.0],"axis":"x","angle":45.0},"faces":{"west":{"uv":[0.0,0.0,7.0,7.0],"texture":"#1"}}},{"from":[9.25,17.26053,6.25],"to":[9.25,20.76053,9.75],"rotation":{"origin":[10.0,19.01053,8.0],"axis":"x","angle":45.0},"faces":{"east":{"uv":[7.0,0.0,0.0,7.0],"texture":"#1"}}},{"from":[7.77411,16.425,9.70068],"to":[7.80411,21.425,14.20068],"rotation":{"origin":[7.80411,16.425,9.70068],"axis":"y","angle":-45.0},"faces":{"east":{"uv":[4.5,0.0,0.0,5.0],"texture":"#main"},"west":{"uv":[0.0,0.0,4.5,5.0],"texture":"#main"}}},{"from":[7.77411,16.425,9.70068],"to":[7.80411,21.425,14.20068],"rotation":{"origin":[7.80411,16.425,9.70068],"axis":"y","angle":-22.5},"faces":{"east":{"uv":[12.5,0.0,8.0,5.0],"texture":"#main"},"west":{"uv":[8.0,0.0,12.5,5.0],"texture":"#main"}}},{"from":[7.77411,16.425,9.70068],"to":[7.80411,21.425,14.20068],"rotation":{"origin":[7.80411,16.425,9.70068],"axis":"y","angle":0.0},"faces":{"east":{"uv":[4.5,8.0,0.0,13.0],"texture":"#main"},"west":{"uv":[0.0,8.0,4.5,13.0],"texture":"#main"}}},{"from":[8.19589,16.425,9.70068],"to":[8.22589,21.425,14.20068],"rotation":{"origin":[8.19589,16.425,9.70068],"axis":"y","angle":45.0},"faces":{"east":{"uv":[4.5,0.0,0.0,5.0],"texture":"#main"},"west":{"uv":[0.0,0.0,4.5,5.0],"texture":"#main"}}},{"from":[8.19589,16.425,9.70068],"to":[8.22589,21.425,14.20068],"rotation":{"origin":[8.19589,16.425,9.70068],"axis":"y","angle":22.5},"faces":{"east":{"uv":[12.5,0.0,8.0,5.0],"texture":"#main"},"west":{"uv":[8.0,0.0,12.5,5.0],"texture":"#main"}}},{"from":[8.19589,16.425,9.70068],"to":[8.22589,21.425,14.20068],"rotation":{"origin":[8.19589,16.425,9.70068],"axis":"y","angle":0.0},"faces":{"east":{"uv":[4.5,8.0,0.0,13.0],"texture":"#main"},"west":{"uv":[0.0,8.0,4.5,13.0],"texture":"#main"}}},{"from":[7.0,17.65,6.25],"to":[9.0,19.65,7.25],"rotation":{"origin":[7.0,0.0,0.0],"axis":"y","angle":0.0},"faces":{"east":{"uv":[0.66667,10.66667,1.33333,12.0],"texture":"#3"},"south":{"uv":[9.33333,3.33333,10.66667,4.66667],"texture":"#3"},"west":{"uv":[1.33333,10.66667,2.0,12.0],"texture":"#3"},"up":{"uv":[11.33333,3.33333,10.0,2.66667],"texture":"#3"},"down":{"uv":[11.33333,6.0,10.0,6.66667],"texture":"#3"}}},{"from":[6.5,17.15,4.25],"to":[9.5,20.15,6.25],"rotation":{"origin":[7.0,0.0,0.0],"axis":"y","angle":0.0},"faces":{"north":{"uv":[0.0,3.33333,2.0,5.33333],"texture":"#3"},"east":{"uv":[5.33333,2.0,6.66667,4.0],"texture":"#3"},"south":{"uv":[2.0,3.33333,4.0,5.33333],"texture":"#3"},"west":{"uv":[5.33333,4.0,6.66667,6.0],"texture":"#3"},"up":{"uv":[7.33333,7.33333,5.33333,6.0],"texture":"#3"},"down":{"uv":[8.66667,2.0,6.66667,3.33333],"texture":"#3"}}},{"from":[6.65,14.84619,3.58087],"to":[9.35,19.44619,5.38087],"rotation":{"origin":[8.0,17.69619,3.73087],"axis":"x","angle":-22.5},"faces":{"north":{"uv":[0.0,0.0,1.66667,3.0],"texture":"#3"},"east":{"uv":[4.0,0.0,5.33333,3.0],"texture":"#3"},"south":{"uv":[2.0,0.0,3.66667,3.0],"texture":"#3"},"west":{"uv":[4.0,3.33333,5.33333,6.33333],"texture":"#3"},"down":{"uv":[5.0,6.66667,3.33333,8.0],"texture":"#3"}}},{"from":[6.9,15.19186,3.31184],"to":[9.1,19.54186,3.61184],"rotation":{"origin":[8.0,17.79186,3.71184],"axis":"x","angle":-22.5},"faces":{"north":{"uv":[0.0,5.33333,1.33333,8.33333],"texture":"#3"},"east":{"uv":[4.0,10.0,4.33333,13.0],"texture":"#3"},"west":{"uv":[10.0,9.33333,10.33333,12.33333],"texture":"#3"},"down":{"uv":[13.33333,2.66667,12.0,3.0],"texture":"#3"}}},{"from":[6.65,19.25558,2.92259],"to":[9.35,21.85558,4.72259],"rotation":{"origin":[8.0,20.55558,3.82259],"axis":"x","angle":0.0},"faces":{"north":{"uv":[5.33333,0.0,7.0,1.66667],"texture":"#3"},"east":{"uv":[6.66667,3.33333,8.0,5.0],"texture":"#3"},"south":{"uv":[1.33333,5.33333,3.0,7.0],"texture":"#3"},"west":{"uv":[7.33333,0.0,8.66667,1.66667],"texture":"#3"},"up":{"uv":[3.0,8.66667,1.33333,7.33333],"texture":"#3"}}},{"from":[6.9,19.25558,2.67259],"to":[9.1,21.60558,2.92259],"rotation":{"origin":[8.0,20.30558,3.82259],"axis":"x","angle":0.0},"faces":{"north":{"uv":[5.33333,7.33333,6.66667,9.0],"texture":"#3"},"east":{"uv":[2.0,10.66667,2.33333,12.33333],"texture":"#3"},"west":{"uv":[4.66667,10.66667,5.0,12.33333],"texture":"#3"},"up":{"uv":[4.0,12.33333,2.66667,12.0],"texture":"#3"}}},{"from":[7.0,17.65,8.75],"to":[9.0,19.65,9.75],"rotation":{"origin":[7.0,0.0,16.0],"axis":"y","angle":0.0},"faces":{"north":{"uv":[10.66667,3.33333,9.33333,4.66667],"texture":"#3"},"east":{"uv":[1.33333,10.66667,0.66667,12.0],"texture":"#3"},"south":{"uv":[14.66667,0.0,13.33333,1.33333],"texture":"#3"},"west":{"uv":[2.0,10.66667,1.33333,12.0],"texture":"#3"},"up":{"uv":[11.33333,2.66667,10.0,3.33333],"texture":"#3"},"down":{"uv":[11.33333,6.66667,10.0,6.0],"texture":"#3"}}},{"from":[6.25,14.5,-0.75],"to":[6.25,22.5,7.25],"rotation":{"origin":[6.25,14.5,-0.75],"axis":"y","angle":0.0},"faces":{"west":{"uv":[0.0,0.0,16.0,16.0],"texture":"#4"}}},{"from":[9.75,14.5,-0.75],"to":[9.75,22.5,7.25],"rotation":{"origin":[9.75,14.5,-0.75],"axis":"y","angle":0.0},"faces":{"east":{"uv":[16.0,0.0,0.0,16.0],"texture":"#4"}}}],"textures":{"particle":"358cf6cd-998a-41d6-991c-04ea92f7a151","1":"358cf6cd-998a-41d6-991c-04ea92f7a151","3":"18139533-5a43-4f8b-a339-51923cb7a715","4":"96eb346d-81d6-4008-b16d-54ac24efb9b7","main":"3a3591a2-0e92-4e60-a385-5c732b3de6d5"},"gui_light":"front"}