{"display":{"thirdperson_righthand":{"translation":[0.0,1.75,1.0],"scale":[0.6,0.6,0.6]},"thirdperson_lefthand":{"translation":[0.0,1.75,1.0],"scale":[0.6,0.6,0.6]},"firstperson_righthand":{"translation":[0.0,4.0,-0.75],"scale":[0.52,0.52,0.52]},"firstperson_lefthand":{"translation":[0.0,4.0,-0.75],"scale":[0.52,0.52,0.52]},"ground":{"rotation":[45.0,0.0,0.0],"translation":[0.0,3.0,0.0],"scale":[0.35,0.35,0.35]},"gui":{"rotation":[128.29,41.4,-105.89],"translation":[-0.75,1.0,0.0],"scale":[0.43,0.43,0.43]},"head":{"scale":[0.01,0.01,0.01]},"fixed":{"rotation":[0.0,-90.0,0.0],"translation":[0.0,-1.25,-2.25],"scale":[0.68,0.68,0.68]}},"elements":[{"from":[-1.36746,16.89575,7.10866],"to":[1.43254,21.0,9.50866],"rotation":{"origin":[-0.36746,18.89575,8.10866],"axis":"z","angle":22.5},"faces":{"north":{"uv":[6.0,11.6,6.6,12.4],"texture":"#1"},"east":{"uv":[8.6,9.2,9.0,10.0],"texture":"#1"},"south":{"uv":[11.8,0.0,12.4,0.8],"texture":"#1"},"west":{"uv":[11.6,12.2,12.0,13.0],"texture":"#1"},"up":{"uv":[8.8,6.4,8.2,6.0],"texture":"#1"},"down":{"uv":[9.6,2.0,9.0,2.4],"texture":"#1"}}},{"from":[0.01761,16.01537,6.60866],"to":[2.91761,19.81537,10.00866],"rotation":{"origin":[0.91761,17.51537,8.10866],"axis":"z","angle":-22.5},"faces":{"north":{"uv":[11.4,8.6,12.0,9.4],"texture":"#1"},"east":{"uv":[11.4,9.4,12.0,10.2],"texture":"#1"},"south":{"uv":[11.4,10.2,12.0,11.0],"texture":"#1"},"west":{"uv":[11.6,4.6,12.2,5.4],"texture":"#1"},"up":{"uv":[1.4,13.0,0.8,12.4],"texture":"#1"},"down":{"uv":[13.0,1.4,12.4,2.0],"texture":"#1"}}},{"from":[0.88658,11.9209,7.0],"to":[0.88658,12.9209,8.1],"rotation":{"origin":[-0.91342,9.0709,9.6],"axis":"z","angle":-22.5},"faces":{"north":{"uv":[0.0,0.0,0.0,16.0],"texture":"#1"},"east":{"uv":[8.0,5.0,8.2,5.2],"texture":"#1"},"south":{"uv":[0.0,0.0,0.0,16.0],"texture":"#1"},"west":{"uv":[6.6,8.2,6.8,8.4],"texture":"#1"},"up":{"uv":[0.0,16.0,0.0,0.0],"texture":"#1"},"down":{"uv":[0.0,0.0,0.0,16.0],"texture":"#1"}}},{"from":[1.08658,11.3209,7.4],"to":[2.58658,12.3209,9.4],"rotation":{"origin":[-0.91342,9.0709,6.4],"axis":"z","angle":-22.5},"faces":{"north":{"uv":[9.2,3.4,9.6,3.6],"texture":"#1"},"east":{"uv":[6.2,9.2,6.6,9.4],"texture":"#1"},"south":{"uv":[9.4,4.8,9.8,5.0],"texture":"#1"},"west":{"uv":[9.8,4.8,10.2,5.0],"texture":"#1"},"up":{"uv":[3.2,13.4,2.8,13.0],"texture":"#1"},"down":{"uv":[6.4,13.0,6.0,13.4],"texture":"#1"}}},{"from":[2.0,14.1903,7.3],"to":[6.0,18.1903,12.05],"rotation":{"origin":[8.0,13.6903,7.3],"axis":"x","angle":-22.5},"faces":{"north":{"uv":[10.0,10.4,10.8,11.2],"texture":"#1"},"east":{"uv":[9.4,4.0,10.4,4.8],"texture":"#1"},"south":{"uv":[1.8,10.6,2.6,11.4],"texture":"#1"},"west":{"uv":[9.6,2.0,10.6,2.8],"texture":"#1"},"up":{"uv":[5.6,10.6,4.8,9.6],"texture":"#1"},"down":{"uv":[1.8,9.8,1.0,10.8],"texture":"#1"}}},{"from":[2.8,5.6,7.7],"to":[2.8,12.1,10.9],"rotation":{"origin":[2.8,8.85,9.3],"axis":"x","angle":-22.5},"faces":{"north":{"uv":[0.0,0.0,0.0,1.4],"texture":"#1"},"east":{"uv":[5.6,9.2,6.2,10.6],"texture":"#1"},"south":{"uv":[0.0,0.0,0.0,1.4],"texture":"#1"},"west":{"uv":[8.0,9.2,8.6,10.6],"texture":"#1"},"up":{"uv":[0.0,0.6,0.0,0.0],"texture":"#1"},"down":{"uv":[0.0,0.0,0.0,0.6],"texture":"#1"}}},{"from":[3.0,11.9403,6.4],"to":[4.5,16.9403,9.4],"rotation":{"origin":[1.0,13.6903,6.4],"axis":"z","angle":-22.5},"faces":{"north":{"uv":[12.0,9.8,12.4,10.8],"texture":"#1"},"east":{"uv":[10.8,10.2,11.4,11.2],"texture":"#1"},"south":{"uv":[12.0,11.8,12.4,12.8],"texture":"#1"},"west":{"uv":[0.0,11.0,0.6,12.0],"texture":"#1"},"up":{"uv":[3.0,9.8,2.6,9.2],"texture":"#1"},"down":{"uv":[7.0,12.6,6.6,13.2],"texture":"#1"}}},{"from":[3.25,10.79539,2.28046],"to":[6.0,14.54539,17.28046],"rotation":{"origin":[4.0,13.54539,3.03046],"axis":"x","angle":-22.5},"faces":{"north":{"uv":[5.75,0.25,6.4375,1.1875],"texture":"#0"},"east":{"uv":[6.0625,2.0625,6.75,5.8125],"texture":"#0"},"south":{"uv":[6.0625,2.0625,6.75,5.8125],"texture":"#0"},"west":{"uv":[6.8125,0.25,10.5625,1.1875],"texture":"#0"},"up":{"uv":[6.0625,2.0625,6.75,5.8125],"texture":"#0"},"down":{"uv":[6.0625,2.0625,6.75,5.8125],"texture":"#0"}}},{"from":[3.5,9.6903,2.8],"to":[12.5,13.1903,11.8],"rotation":{"origin":[8.0,13.6903,7.3],"axis":"x","angle":-22.5},"faces":{"north":{"uv":[7.0,6.4,8.8,7.2],"texture":"#1"},"east":{"uv":[7.2,0.0,9.0,0.8],"texture":"#1"},"south":{"uv":[7.2,0.8,9.0,1.6],"texture":"#1"},"west":{"uv":[7.2,1.6,9.0,2.4],"texture":"#1"},"up":{"uv":[3.6,1.8,1.8,0.0],"texture":"#1"},"down":{"uv":[3.6,1.8,1.8,3.6],"texture":"#1"}}},{"from":[4.0,10.1903,3.3],"to":[12.0,17.1903,11.3],"rotation":{"origin":[8.0,13.6903,7.3],"axis":"x","angle":-22.5},"faces":{"north":{"uv":[0.0,5.2,1.6,6.6],"texture":"#1"},"east":{"uv":[1.6,5.2,3.2,6.6],"texture":"#1"},"south":{"uv":[5.2,3.2,6.8,4.6],"texture":"#1"},"west":{"uv":[5.2,4.6,6.8,6.0],"texture":"#1"},"up":{"uv":[5.2,4.8,3.6,3.2],"texture":"#1"},"down":{"uv":[5.2,4.8,3.6,6.4],"texture":"#1"}}},{"from":[4.9,9.76642,1.18268],"to":[11.1,13.11642,3.43268],"rotation":{"origin":[8.0,12.76642,7.68268],"axis":"x","angle":-22.5},"faces":{"north":{"uv":[10.0,1.2,11.2,1.8],"texture":"#1"},"east":{"uv":[1.0,13.0,1.4,13.6],"texture":"#1"},"south":{"uv":[10.0,6.6,11.2,7.2],"texture":"#1"},"west":{"uv":[13.0,1.4,13.4,2.0],"texture":"#1"},"up":{"uv":[13.0,11.4,11.8,11.0],"texture":"#1"},"down":{"uv":[13.0,11.4,11.8,11.8],"texture":"#1"}}},{"from":[4.9,15.67715,3.53306],"to":[11.1,18.67715,11.08306],"rotation":{"origin":[8.0,18.44001,5.8],"axis":"x","angle":22.5},"faces":{"north":{"uv":[10.0,7.2,11.2,7.8],"texture":"#1"},"east":{"uv":[1.0,9.2,2.6,9.8],"texture":"#1"},"south":{"uv":[10.0,7.8,11.2,8.4],"texture":"#1"},"west":{"uv":[9.2,5.0,10.8,5.6],"texture":"#1"},"up":{"uv":[6.6,1.6,5.4,0.0],"texture":"#1"},"down":{"uv":[6.6,1.6,5.4,3.2],"texture":"#1"}}},{"from":[5.0,10.26642,1.68268],"to":[11.0,13.36642,3.68268],"rotation":{"origin":[8.0,12.76642,7.68268],"axis":"x","angle":-22.5},"faces":{"north":{"uv":[10.0,0.0,11.2,0.6],"texture":"#1"},"east":{"uv":[12.0,12.8,12.4,13.4],"texture":"#1"},"south":{"uv":[10.0,0.6,11.2,1.2],"texture":"#1"},"west":{"uv":[0.6,13.0,1.0,13.6],"texture":"#1"},"up":{"uv":[13.0,7.4,11.8,7.0],"texture":"#1"},"down":{"uv":[12.0,11.8,10.8,12.2],"texture":"#1"}}},{"from":[5.5,3.75,5.75],"to":[7.0,8.25,10.25],"rotation":{"origin":[6.0,6.0,8.0],"axis":"x","angle":45.0},"faces":{"north":{"uv":[4.8,12.2,5.2,13.2],"texture":"#1"},"east":{"uv":[9.0,7.0,10.0,8.0],"texture":"#1"},"south":{"uv":[12.2,5.0,12.6,6.0],"texture":"#1"},"west":{"uv":[9.0,8.0,10.0,9.0],"texture":"#1"},"up":{"uv":[5.6,13.2,5.2,12.2],"texture":"#1"},"down":{"uv":[6.0,12.2,5.6,13.2],"texture":"#1"}}},{"from":[5.75,-13.31394,6.63053],"to":[10.25,-10.31394,9.13053],"rotation":{"origin":[8.0,-8.31296,9.46361],"axis":"x","angle":-22.5},"faces":{"north":{"uv":[11.2,1.0,12.2,1.6],"texture":"#1"},"east":{"uv":[12.4,12.4,13.0,13.0],"texture":"#1"},"south":{"uv":[11.2,4.0,12.2,4.6],"texture":"#1"},"west":{"uv":[0.0,12.6,0.6,13.2],"texture":"#1"},"up":{"uv":[12.2,8.0,11.2,7.4],"texture":"#1"},"down":{"uv":[10.8,11.2,9.8,11.8],"texture":"#1"}}},{"from":[5.75,-10.31394,6.63053],"to":[10.25,-5.31394,11.13053],"rotation":{"origin":[8.0,-8.31296,9.46361],"axis":"x","angle":-22.5},"faces":{"north":{"uv":[7.4,4.0,8.4,5.0],"texture":"#1"},"east":{"uv":[8.0,7.2,9.0,8.2],"texture":"#1"},"south":{"uv":[8.2,5.0,9.2,6.0],"texture":"#1"},"west":{"uv":[5.6,8.2,6.6,9.2],"texture":"#1"},"up":{"uv":[9.0,9.2,8.0,8.2],"texture":"#1"},"down":{"uv":[9.4,4.0,8.4,5.0],"texture":"#1"}}},{"from":[5.75,21.31394,6.63053],"to":[10.25,26.31394,11.13053],"rotation":{"origin":[8.0,24.31296,9.46361],"axis":"x","angle":22.5},"faces":{"north":{"uv":[6.6,8.4,7.6,9.4],"texture":"#1"},"east":{"uv":[8.6,2.4,9.6,3.4],"texture":"#1"},"south":{"uv":[3.4,8.8,4.4,9.8],"texture":"#1"},"west":{"uv":[8.8,6.0,9.8,7.0],"texture":"#1"},"up":{"uv":[10.0,1.0,9.0,0.0],"texture":"#1"},"down":{"uv":[10.0,1.0,9.0,2.0],"texture":"#1"}}},{"from":[5.75,26.31394,6.63053],"to":[10.25,29.31394,9.13053],"rotation":{"origin":[8.0,24.31296,9.46361],"axis":"x","angle":22.5},"faces":{"north":{"uv":[10.8,11.2,11.8,11.8],"texture":"#1"},"east":{"uv":[1.4,12.6,2.0,13.2],"texture":"#1"},"south":{"uv":[1.6,11.4,2.6,12.0],"texture":"#1"},"west":{"uv":[3.4,12.6,4.0,13.2],"texture":"#1"},"up":{"uv":[12.4,2.2,11.4,1.6],"texture":"#1"},"down":{"uv":[12.4,2.2,11.4,2.8],"texture":"#1"}}},{"from":[5.9,-0.8977,2.84612],"to":[10.1,5.6523,5.84612],"rotation":{"origin":[8.0,-2.8977,3.34612],"axis":"x","angle":45.0},"faces":{"north":{"uv":[3.4,7.4,4.2,8.8],"texture":"#1"},"east":{"uv":[6.2,9.4,6.8,10.8],"texture":"#1"},"south":{"uv":[4.2,7.4,5.0,8.8],"texture":"#1"},"west":{"uv":[6.8,9.4,7.4,10.8],"texture":"#1"},"up":{"uv":[0.8,12.6,0.0,12.0],"texture":"#1"},"down":{"uv":[2.4,12.0,1.6,12.6],"texture":"#1"}}},{"from":[6.0,-16.0,7.75553],"to":[10.0,-14.0,11.75553],"rotation":{"origin":[8.0,-8.31296,9.33861],"axis":"x","angle":-22.5},"faces":{"north":{"uv":[8.8,12.6,9.6,13.0],"texture":"#1"},"east":{"uv":[9.6,12.6,10.4,13.0],"texture":"#1"},"south":{"uv":[12.8,0.6,13.6,1.0],"texture":"#1"},"west":{"uv":[12.8,1.0,13.6,1.4],"texture":"#1"},"up":{"uv":[11.6,5.6,10.8,4.8],"texture":"#1"},"down":{"uv":[6.8,10.8,6.0,11.6],"texture":"#1"}}},{"from":[6.0,9.0,6.0],"to":[10.0,11.0,10.0],"faces":{"north":{"uv":[12.4,6.6,13.2,7.0],"texture":"#1"},"east":{"uv":[12.6,4.0,13.4,4.4],"texture":"#1"},"south":{"uv":[12.6,4.4,13.4,4.8],"texture":"#1"},"west":{"uv":[12.6,4.8,13.4,5.2],"texture":"#1"},"up":{"uv":[0.8,11.0,0.0,10.2],"texture":"#1"},"down":{"uv":[11.2,4.0,10.4,4.8],"texture":"#1"}}},{"from":[6.0,30.0,6.5],"to":[10.0,32.0,10.5],"rotation":{"origin":[8.0,21.0,9.5],"axis":"x","angle":22.5},"faces":{"north":{"uv":[12.6,5.2,13.4,5.6],"texture":"#1"},"east":{"uv":[12.6,5.6,13.4,6.0],"texture":"#1"},"south":{"uv":[12.6,7.4,13.4,7.8],"texture":"#1"},"west":{"uv":[12.6,7.8,13.4,8.2],"texture":"#1"},"up":{"uv":[11.4,6.4,10.6,5.6],"texture":"#1"},"down":{"uv":[11.4,8.4,10.6,9.2],"texture":"#1"}}},{"from":[6.3,15.96306,5.2],"to":[9.7,17.96306,10.8],"faces":{"north":{"uv":[13.0,2.0,13.6,2.4],"texture":"#1"},"east":{"uv":[12.0,2.8,13.2,3.2],"texture":"#1"},"south":{"uv":[13.0,2.4,13.6,2.8],"texture":"#1"},"west":{"uv":[12.0,3.2,13.2,3.6],"texture":"#1"},"up":{"uv":[10.6,9.6,10.0,8.4],"texture":"#1"},"down":{"uv":[9.2,10.0,8.6,11.2],"texture":"#1"}}},{"from":[6.5,-4.60711,4.525],"to":[9.5,-1.60711,5.775],"faces":{"north":{"uv":[12.4,6.0,13.0,6.6],"texture":"#1"},"east":{"uv":[5.0,6.4,5.2,7.0],"texture":"#1"},"south":{"uv":[12.4,8.4,13.0,9.0],"texture":"#1"},"west":{"uv":[6.6,2.6,6.8,3.2],"texture":"#1"},"up":{"uv":[8.0,5.2,7.4,5.0],"texture":"#1"},"down":{"uv":[9.2,3.4,8.6,3.6],"texture":"#1"}}},{"from":[6.5,-2.0,6.5],"to":[9.5,3.0,9.5],"faces":{"north":{"uv":[3.8,10.8,4.4,11.8],"texture":"#1"},"east":{"uv":[6.8,10.8,7.4,11.8],"texture":"#1"},"south":{"uv":[9.2,10.8,9.8,11.8],"texture":"#1"},"west":{"uv":[10.8,9.2,11.4,10.2],"texture":"#1"},"up":{"uv":[12.8,1.4,12.2,0.8],"texture":"#1"},"down":{"uv":[13.0,0.0,12.4,0.6],"texture":"#1"}}},{"from":[6.75,-14.31394,8.50553],"to":[9.25,-0.91394,11.00553],"rotation":{"origin":[8.0,-8.31296,9.33861],"axis":"x","angle":-22.5},"faces":{"north":{"uv":[0.0,6.6,0.6,9.2],"texture":"#1"},"east":{"uv":[6.6,0.0,7.2,2.6],"texture":"#1"},"south":{"uv":[0.6,6.6,1.2,9.2],"texture":"#1"},"west":{"uv":[1.2,6.6,1.8,9.2],"texture":"#1"},"up":{"uv":[13.0,9.6,12.4,9.0],"texture":"#1"},"down":{"uv":[13.0,9.6,12.4,10.2],"texture":"#1"}}},{"from":[6.75,16.91394,8.50553],"to":[9.25,30.31394,11.00553],"rotation":{"origin":[8.0,24.31296,9.33861],"axis":"x","angle":22.5},"faces":{"north":{"uv":[1.8,6.6,2.4,9.2],"texture":"#1"},"east":{"uv":[2.4,6.6,3.0,9.2],"texture":"#1"},"south":{"uv":[6.8,2.6,7.4,5.2],"texture":"#1"},"west":{"uv":[5.0,7.0,5.6,9.6],"texture":"#1"},"up":{"uv":[13.0,10.8,12.4,10.2],"texture":"#1"},"down":{"uv":[13.0,11.8,12.4,12.4],"texture":"#1"}}},{"from":[7.0,-6.33385,5.64001],"to":[9.0,1.76615,7.14001],"faces":{"north":{"uv":[8.0,10.6,8.4,12.2],"texture":"#1"},"east":{"uv":[0.8,10.8,1.2,12.4],"texture":"#1"},"south":{"uv":[1.2,10.8,1.6,12.4],"texture":"#1"},"west":{"uv":[3.4,10.8,3.8,12.4],"texture":"#1"},"up":{"uv":[13.4,9.8,13.0,9.4],"texture":"#1"},"down":{"uv":[10.0,13.0,9.6,13.4],"texture":"#1"}}},{"from":[7.0,-4.10711,3.525],"to":[9.0,-2.10711,4.525],"faces":{"north":{"uv":[13.0,7.0,13.4,7.4],"texture":"#1"},"east":{"uv":[6.8,5.2,7.0,5.6],"texture":"#1"},"south":{"uv":[13.0,8.2,13.4,8.6],"texture":"#1"},"west":{"uv":[6.8,5.6,7.0,6.0],"texture":"#1"},"up":{"uv":[11.4,3.6,11.0,3.4],"texture":"#1"},"down":{"uv":[11.6,4.6,11.2,4.8],"texture":"#1"}}},{"from":[7.0,3.0,5.0],"to":[9.0,9.0,11.0],"rotation":{"origin":[8.0,6.0,8.0],"axis":"x","angle":45.0},"faces":{"north":{"uv":[3.2,5.2,3.6,6.4],"texture":"#1"},"east":{"uv":[6.8,7.2,8.0,8.4],"texture":"#1"},"south":{"uv":[7.2,11.8,7.6,13.0],"texture":"#1"},"west":{"uv":[7.4,2.4,8.6,3.6],"texture":"#1"},"up":{"uv":[8.8,13.2,8.4,12.0],"texture":"#1"},"down":{"uv":[12.4,8.6,12.0,9.8],"texture":"#1"}}},{"from":[7.0,14.23385,5.64001],"to":[9.0,22.33385,7.14001],"faces":{"north":{"uv":[2.6,10.6,3.0,12.2],"texture":"#1"},"east":{"uv":[4.8,10.6,5.2,12.2],"texture":"#1"},"south":{"uv":[5.2,10.6,5.6,12.2],"texture":"#1"},"west":{"uv":[5.6,10.6,6.0,12.2],"texture":"#1"},"up":{"uv":[13.4,9.4,13.0,9.0],"texture":"#1"},"down":{"uv":[9.6,13.0,9.2,13.4],"texture":"#1"}}},{"from":[8.0,-15.98718,2.18681],"to":[8.0,0.20652,7.18681],"rotation":{"origin":[8.0,-7.89033,4.68681],"axis":"x","angle":-22.5},"faces":{"north":{"uv":[0.0,0.0,0.0,6.0],"texture":"#0"},"east":{"uv":[0.0,14.5,3.916666,16.0],"texture":"#0","rotation":90},"south":{"uv":[0.0,0.0,0.0,6.0],"texture":"#0"},"west":{"uv":[0.0,16.0,3.916666,14.5],"texture":"#0","rotation":90},"up":{"uv":[0.0,0.0,0.0,2.666666],"texture":"#0"},"down":{"uv":[0.0,2.666666,0.0,0.0],"texture":"#0"}}},{"from":[8.0,-13.9,13.2],"to":[8.0,8.1,14.2],"faces":{"north":{"uv":[0.0,0.0,0.0,4.4],"texture":"#1"},"east":{"uv":[4.4,8.8,4.6,13.2],"texture":"#1"},"south":{"uv":[0.0,0.0,0.0,4.4],"texture":"#1"},"west":{"uv":[4.6,8.8,4.8,13.2],"texture":"#1"},"up":{"uv":[0.0,16.0,0.0,0.0],"texture":"#1"},"down":{"uv":[0.0,0.0,0.0,16.0],"texture":"#1"}}},{"from":[8.0,3.4,-1.8],"to":[8.0,9.4,4.2],"rotation":{"origin":[8.0,6.4,1.2],"axis":"x","angle":45.0},"faces":{"north":{"uv":[0.0,0.0,0.0,1.2],"texture":"#1"},"east":{"uv":[7.0,5.2,8.2,6.4],"texture":"#1"},"south":{"uv":[0.0,0.0,0.0,1.2],"texture":"#1"},"west":{"uv":[5.6,7.0,6.8,8.2],"texture":"#1"},"up":{"uv":[0.0,1.2,0.0,0.0],"texture":"#1"},"down":{"uv":[0.0,0.0,0.0,1.2],"texture":"#1"}}},{"from":[8.0,8.1,13.2],"to":[8.0,30.1,14.2],"faces":{"north":{"uv":[0.0,0.0,0.0,4.4],"texture":"#1"},"east":{"uv":[7.6,8.4,7.8,12.8],"texture":"#1"},"south":{"uv":[0.0,0.0,0.0,4.4],"texture":"#1"},"west":{"uv":[7.8,8.4,8.0,12.8],"texture":"#1"},"up":{"uv":[0.0,16.0,0.0,0.0],"texture":"#1"},"down":{"uv":[0.0,0.0,0.0,16.0],"texture":"#1"}}},{"from":[8.0,15.79348,2.18681],"to":[8.0,31.98718,7.18681],"rotation":{"origin":[8.0,23.89033,4.68681],"axis":"x","angle":22.5},"faces":{"north":{"uv":[0.0,6.0,0.0,0.0],"texture":"#0"},"east":{"uv":[3.916666,14.5,0.0,16.0],"texture":"#0","rotation":90},"south":{"uv":[0.0,6.0,0.0,0.0],"texture":"#0"},"west":{"uv":[3.916666,16.0,0.0,14.5],"texture":"#0","rotation":90},"up":{"uv":[0.0,0.0,0.0,2.666666],"texture":"#0"},"down":{"uv":[0.0,2.666666,0.0,0.0],"texture":"#0"}}},{"from":[9.0,3.75,5.75],"to":[10.5,8.25,10.25],"rotation":{"origin":[10.0,6.0,8.0],"axis":"x","angle":45.0},"faces":{"north":{"uv":[12.2,7.4,12.6,8.4],"texture":"#1"},"east":{"uv":[9.0,9.0,10.0,10.0],"texture":"#1"},"south":{"uv":[8.0,12.2,8.4,13.2],"texture":"#1"},"west":{"uv":[0.0,9.2,1.0,10.2],"texture":"#1"},"up":{"uv":[11.2,13.2,10.8,12.2],"texture":"#1"},"down":{"uv":[11.6,12.2,11.2,13.2],"texture":"#1"}}},{"from":[9.2,-1.90711,4.45],"to":[6.8,-4.30711,3.05],"faces":{"north":{"uv":[13.0,8.6,13.4,9.0],"texture":"#1"},"east":{"uv":[4.8,8.8,5.0,9.2],"texture":"#1"},"south":{"uv":[8.8,13.0,9.2,13.4],"texture":"#1"},"west":{"uv":[4.8,9.2,5.0,9.6],"texture":"#1"},"up":{"uv":[11.8,6.4,11.4,6.2],"texture":"#1"},"down":{"uv":[11.8,11.0,11.4,11.2],"texture":"#1"}}},{"from":[10.0,10.79539,2.28046],"to":[12.75,14.54539,17.28046],"rotation":{"origin":[12.0,13.54539,3.03046],"axis":"x","angle":-22.5},"faces":{"north":{"uv":[6.4375,0.25,5.75,1.1875],"texture":"#0"},"east":{"uv":[10.5625,0.25,6.8125,1.1875],"texture":"#0"},"south":{"uv":[6.75,2.0625,6.0625,5.8125],"texture":"#0"},"west":{"uv":[6.75,2.0625,6.0625,5.8125],"texture":"#0"},"up":{"uv":[6.75,2.0625,6.0625,5.8125],"texture":"#0"},"down":{"uv":[6.75,2.0625,6.0625,5.8125],"texture":"#0"}}},{"from":[10.0,14.1903,7.3],"to":[14.0,18.1903,12.05],"rotation":{"origin":[8.0,13.6903,7.3],"axis":"x","angle":-22.5},"faces":{"north":{"uv":[10.6,1.8,11.4,2.6],"texture":"#1"},"east":{"uv":[9.6,2.8,10.6,3.6],"texture":"#1"},"south":{"uv":[10.6,2.6,11.4,3.4],"texture":"#1"},"west":{"uv":[1.8,9.8,2.8,10.6],"texture":"#1"},"up":{"uv":[4.2,10.8,3.4,9.8],"texture":"#1"},"down":{"uv":[10.6,5.6,9.8,6.6],"texture":"#1"}}},{"from":[11.5,11.9403,6.4],"to":[13.0,16.9403,9.4],"rotation":{"origin":[15.0,13.6903,6.4],"axis":"z","angle":22.5},"faces":{"north":{"uv":[2.4,12.2,2.8,13.2],"texture":"#1"},"east":{"uv":[11.2,0.0,11.8,1.0],"texture":"#1"},"south":{"uv":[12.2,4.0,12.6,5.0],"texture":"#1"},"west":{"uv":[11.2,6.4,11.8,7.4],"texture":"#1"},"up":{"uv":[10.8,13.2,10.4,12.6],"texture":"#1"},"down":{"uv":[8.0,12.8,7.6,13.4],"texture":"#1"}}},{"from":[12.708,17.3633,12.008],"to":[3.292,9.0173,2.592],"rotation":{"origin":[8.0,13.1903,7.3],"axis":"x","angle":-22.5},"faces":{"north":{"uv":[0.0,3.6,1.8,5.2],"texture":"#1"},"east":{"uv":[3.6,0.0,5.4,1.6],"texture":"#1"},"south":{"uv":[3.6,1.6,5.4,3.2],"texture":"#1"},"west":{"uv":[1.8,3.6,3.6,5.2],"texture":"#1"},"up":{"uv":[1.8,1.8,0.0,0.0],"texture":"#1"},"down":{"uv":[1.8,1.8,0.0,3.6],"texture":"#1"}}},{"from":[13.08239,16.01537,6.60866],"to":[15.98239,19.81537,10.00866],"rotation":{"origin":[15.08239,17.51537,8.10866],"axis":"z","angle":22.5},"faces":{"north":{"uv":[6.6,11.8,7.2,12.6],"texture":"#1"},"east":{"uv":[9.0,11.8,9.6,12.6],"texture":"#1"},"south":{"uv":[9.6,11.8,10.2,12.6],"texture":"#1"},"west":{"uv":[10.2,11.8,10.8,12.6],"texture":"#1"},"up":{"uv":[13.0,2.6,12.4,2.0],"texture":"#1"},"down":{"uv":[6.6,12.4,6.0,13.0],"texture":"#1"}}},{"from":[13.41342,11.3209,7.4],"to":[14.91342,12.3209,9.4],"rotation":{"origin":[16.91342,9.0709,6.4],"axis":"z","angle":22.5},"faces":{"north":{"uv":[10.0,1.8,10.4,2.0],"texture":"#1"},"east":{"uv":[10.2,4.8,10.6,5.0],"texture":"#1"},"south":{"uv":[10.6,3.4,11.0,3.6],"texture":"#1"},"west":{"uv":[10.6,6.4,11.0,6.6],"texture":"#1"},"up":{"uv":[13.4,6.4,13.0,6.0],"texture":"#1"},"down":{"uv":[7.4,13.0,7.0,13.4],"texture":"#1"}}},{"from":[14.56746,16.89575,7.10866],"to":[17.36746,21.0,9.50866],"rotation":{"origin":[16.36746,18.89575,8.10866],"axis":"z","angle":-22.5},"faces":{"north":{"uv":[3.8,11.8,4.4,12.6],"texture":"#1"},"east":{"uv":[2.0,12.6,2.4,13.4],"texture":"#1"},"south":{"uv":[11.8,6.2,12.4,7.0],"texture":"#1"},"west":{"uv":[4.0,12.6,4.4,13.4],"texture":"#1"},"up":{"uv":[9.8,6.0,9.2,5.6],"texture":"#1"},"down":{"uv":[13.6,0.0,13.0,0.4],"texture":"#1"}}}],"textures":{"0":"508e91ac-1cb5-4566-9a07-3c5406776e11","1":"468db8f3-e2eb-4c9c-94cb-0d6c73f12a98"},"gui_light":"front"}