{"display":{"thirdperson_righthand":{"rotation":[0.0,180.0,0.0],"translation":[0.0,-6.5,4.25]},"thirdperson_lefthand":{"rotation":[0.0,180.0,0.0],"translation":[0.0,-6.5,4.25]},"firstperson_righthand":{"rotation":[-150.0,-22.0,-175.0],"translation":[0.75,-2.5,-2.5],"scale":[0.89,0.89,0.89]},"firstperson_lefthand":{"rotation":[-150.0,-22.0,-175.0],"translation":[0.75,-2.5,-2.5],"scale":[0.89,0.89,0.89]},"gui":{"rotation":[-128.0,-36.0,-118.0],"translation":[-2.25,-2.0,0.0],"scale":[0.65,0.65,0.65]},"fixed":{"rotation":[0.0,90.0,0.0],"translation":[0.0,-4.25,-1.25]}},"elements":[{"from":[7.18688,23.6192,2.99544],"to":[8.81312,25.78752,5.16376],"rotation":{"origin":[8.0,28.49792,6.79],"axis":"x","angle":-45.0},"faces":{"north":{"uv":[7.0,6.0,7.75,7.0],"texture":"#0"},"east":{"uv":[7.0,5.0,8.0,6.0],"texture":"#0"},"south":{"uv":[7.0,7.0,7.75,8.0],"texture":"#0"},"west":{"uv":[6.0,7.0,7.0,8.0],"texture":"#0"},"up":{"uv":[8.75,1.0,8.0,0.0],"texture":"#0"},"down":{"uv":[8.75,1.0,8.0,2.0],"texture":"#0"}}},{"from":[7.45792,9.91733,10.43527],"to":[8.54208,15.41056,11.74014],"rotation":{"origin":[8.0,12.62773,11.00639],"axis":"y","angle":0.0},"faces":{"north":{"uv":[5.0,6.0,5.5,8.75],"texture":"#0"},"east":{"uv":[3.0,6.0,3.75,8.75],"texture":"#0"},"south":{"uv":[5.5,6.0,6.0,8.75],"texture":"#0"},"west":{"uv":[4.0,6.0,4.75,8.75],"texture":"#0"}}},{"from":[8.0,20.4467,9.87452],"to":[8.0,26.32542,15.75324],"rotation":{"origin":[8.0,19.08792,6.427],"axis":"x","angle":-45.0},"faces":{"east":{"uv":[4.0,0.0,7.0,3.0],"texture":"#0"},"west":{"uv":[4.0,3.0,7.0,6.0],"texture":"#0"}}},{"from":[7.40371,23.8612,1.20658],"to":[8.59629,25.08282,2.99544],"rotation":{"origin":[8.0,28.49792,6.79],"axis":"x","angle":-45.0},"faces":{"north":{"uv":[8.0,5.0,8.5,5.5],"texture":"#0"},"east":{"uv":[8.0,2.0,9.0,2.5],"texture":"#0"},"west":{"uv":[8.0,2.5,9.0,3.0],"texture":"#0"},"up":{"uv":[8.5,4.0,8.0,3.0],"texture":"#0"},"down":{"uv":[8.5,4.0,8.0,5.0],"texture":"#0"}}},{"from":[7.45792,15.63549,8.54777],"to":[8.54208,24.30877,9.63193],"rotation":{"origin":[8.0,21.05629,9.08985],"axis":"x","angle":-22.5},"faces":{"north":{"uv":[1.0,6.0,1.5,10.25],"texture":"#0"},"east":{"uv":[1.5,6.0,2.0,10.25],"texture":"#0"},"south":{"uv":[2.0,6.0,2.5,10.25],"texture":"#0"},"west":{"uv":[2.5,6.0,3.0,10.25],"texture":"#0"}}},{"from":[7.93688,14.2796,12.16782],"to":[8.83688,14.8796,12.54282],"rotation":{"origin":[7.89938,15.03585,11.58657],"axis":"x","angle":-22.5},"faces":{"north":{"uv":[3.0,6.0,4.0,6.5],"texture":"#1"},"east":{"uv":[7.0,3.0,7.5,3.5],"texture":"#1"},"south":{"uv":[6.0,3.0,7.0,3.5],"texture":"#1"},"west":{"uv":[4.0,7.0,4.5,7.5],"texture":"#1"},"down":{"uv":[5.0,6.0,4.0,6.5],"texture":"#1"}}},{"from":[6.88688,14.8796,10.29282],"to":[9.13688,17.1296,12.54282],"rotation":{"origin":[7.89938,15.03585,11.58657],"axis":"x","angle":-22.5},"faces":{"north":{"uv":[0.0,0.0,2.5,2.5],"texture":"#1"},"east":{"uv":[0.0,3.0,2.5,5.5],"texture":"#1"},"south":{"uv":[3.0,0.0,5.5,2.5],"texture":"#1"},"west":{"uv":[3.0,3.0,5.5,5.5],"texture":"#1"},"up":{"uv":[2.5,8.5,0.0,6.0],"texture":"#1"},"down":{"uv":[8.5,0.0,6.0,2.5],"texture":"#1"}}},{"from":[7.18688,14.2796,12.16782],"to":[7.63688,14.8796,12.54282],"rotation":{"origin":[7.89938,15.03585,11.58657],"axis":"x","angle":-22.5},"faces":{"north":{"uv":[6.0,4.0,6.5,4.5],"texture":"#1"},"east":{"uv":[5.0,6.0,5.5,6.5],"texture":"#1"},"south":{"uv":[6.0,5.0,6.5,5.5],"texture":"#1"},"west":{"uv":[6.0,6.0,6.5,6.5],"texture":"#1"},"down":{"uv":[3.5,7.0,3.0,7.5],"texture":"#1"}}},{"from":[7.93688,9.5204,8.66782],"to":[8.83688,10.1204,9.04282],"rotation":{"origin":[7.89938,0.96415,11.58657],"axis":"x","angle":22.5},"faces":{"north":{"uv":[3.0,6.5,4.0,6.0],"texture":"#1"},"east":{"uv":[7.0,3.5,7.5,3.0],"texture":"#1"},"south":{"uv":[6.0,3.5,7.0,3.0],"texture":"#1"},"west":{"uv":[4.0,7.5,4.5,7.0],"texture":"#1"},"up":{"uv":[5.0,6.5,4.0,6.0],"texture":"#1"}}},{"from":[7.18688,9.5204,8.66782],"to":[7.63688,10.1204,9.04282],"rotation":{"origin":[7.89938,0.96415,11.58657],"axis":"x","angle":22.5},"faces":{"north":{"uv":[6.0,4.5,6.5,4.0],"texture":"#1"},"east":{"uv":[5.0,6.5,5.5,6.0],"texture":"#1"},"south":{"uv":[6.0,5.5,6.5,5.0],"texture":"#1"},"west":{"uv":[6.0,6.5,6.5,6.0],"texture":"#1"},"up":{"uv":[3.5,7.5,3.0,7.0],"texture":"#1"}}},{"from":[6.88688,7.2704,6.79282],"to":[9.13688,9.5204,9.04282],"rotation":{"origin":[7.89938,0.96415,11.58657],"axis":"x","angle":22.5},"faces":{"north":{"uv":[0.0,2.5,2.5,0.0],"texture":"#1"},"east":{"uv":[0.0,5.5,2.5,3.0],"texture":"#1"},"south":{"uv":[3.0,2.5,5.5,0.0],"texture":"#1"},"west":{"uv":[3.0,5.5,5.5,3.0],"texture":"#1"},"up":{"uv":[8.5,2.5,6.0,0.0],"texture":"#1"},"down":{"uv":[2.5,6.0,0.0,8.5],"texture":"#1"}}},{"from":[7.45792,0.99123,8.54777],"to":[8.54208,9.66451,9.63193],"rotation":{"origin":[8.0,4.24371,9.08985],"axis":"x","angle":22.5},"faces":{"north":{"uv":[1.0,10.25,1.5,6.0],"texture":"#0"},"east":{"uv":[1.5,10.25,2.0,6.0],"texture":"#0"},"south":{"uv":[2.0,10.25,2.5,6.0],"texture":"#0"},"west":{"uv":[2.5,10.25,3.0,6.0],"texture":"#0"}}},{"from":[7.18688,-0.48752,2.99544],"to":[8.81312,1.6808,5.16376],"rotation":{"origin":[8.0,-3.19792,6.79],"axis":"x","angle":45.0},"faces":{"north":{"uv":[7.0,7.0,7.75,6.0],"texture":"#0"},"east":{"uv":[7.0,6.0,8.0,5.0],"texture":"#0"},"south":{"uv":[7.0,8.0,7.75,7.0],"texture":"#0"},"west":{"uv":[6.0,8.0,7.0,7.0],"texture":"#0"},"up":{"uv":[8.75,2.0,8.0,1.0],"texture":"#0"},"down":{"uv":[8.75,0.0,8.0,1.0],"texture":"#0"}}},{"from":[7.40371,0.21718,1.20658],"to":[8.59629,1.4388,2.99544],"rotation":{"origin":[8.0,-3.19792,6.79],"axis":"x","angle":45.0},"faces":{"north":{"uv":[8.0,5.5,8.5,5.0],"texture":"#0"},"east":{"uv":[8.0,2.5,9.0,2.0],"texture":"#0"},"west":{"uv":[8.0,3.0,9.0,2.5],"texture":"#0"},"up":{"uv":[8.5,5.0,8.0,4.0],"texture":"#0"},"down":{"uv":[8.5,3.0,8.0,4.0],"texture":"#0"}}},{"from":[8.0,-1.02542,9.87452],"to":[8.0,4.8533,15.75324],"rotation":{"origin":[8.0,6.21208,6.427],"axis":"x","angle":45.0},"faces":{"east":{"uv":[4.0,3.0,7.0,0.0],"texture":"#0"},"west":{"uv":[4.0,6.0,7.0,3.0],"texture":"#0"}}},{"from":[7.7,12.0,4.775],"to":[7.7,14.0,21.275],"rotation":{"origin":[8.7,13.0,4.775],"axis":"z","angle":-45.0},"faces":{"north":{"uv":[0.0,0.0,0.0,2.0],"texture":"#0"},"east":{"uv":[1.25,11.75,7.75,13.5],"texture":"#0"},"south":{"uv":[0.0,0.0,0.0,2.0],"texture":"#0"},"west":{"uv":[7.75,11.75,1.25,13.5],"texture":"#0"},"up":{"uv":[0.0,0.0,0.0,16.0],"texture":"#0"},"down":{"uv":[0.0,0.0,0.0,16.0],"texture":"#0"}}},{"from":[8.7,13.0,4.775],"to":[8.7,15.0,21.275],"rotation":{"origin":[8.7,13.0,4.775],"axis":"z","angle":45.0},"faces":{"north":{"uv":[0.0,0.0,0.0,2.0],"texture":"#0"},"east":{"uv":[1.25,11.75,7.75,13.5],"texture":"#0"},"south":{"uv":[0.0,0.0,0.0,2.0],"texture":"#0"},"west":{"uv":[7.75,11.75,1.25,13.5],"texture":"#0"},"up":{"uv":[0.0,0.0,0.0,16.0],"texture":"#0"},"down":{"uv":[0.0,0.0,0.0,16.0],"texture":"#0"}}},{"from":[8.0,3.0,-3.16875],"to":[8.0,21.7289,6.32685],"faces":{"north":{"uv":[0.0,0.0,0.0,16.0],"texture":"#0"},"east":{"uv":[11.5044,0.0,16.0,9.25],"texture":"#0"},"south":{"uv":[0.0,0.0,0.0,16.0],"texture":"#0"},"west":{"uv":[16.0,0.0,11.5044,9.25],"texture":"#0"},"up":{"uv":[0.0,0.0,0.0,9.4956],"texture":"#0"},"down":{"uv":[0.0,0.0,0.0,9.4956],"texture":"#0"}}}],"textures":{"particle":"19b053aa-3184-4a34-ae11-97e0cb899657","0":"19b053aa-3184-4a34-ae11-97e0cb899657","1":"35b714a3-3fca-485c-ac35-0ed77291aea7"},"gui_light":"front"}