{"display":{"thirdperson_righthand":{"rotation":[53.75,0.0,0.0],"translation":[0.0,4.0,-0.25],"scale":[0.5,0.5,0.5]},"thirdperson_lefthand":{"rotation":[53.75,0.0,0.0],"translation":[0.0,4.0,-0.25],"scale":[0.5,0.5,0.5]},"firstperson_righthand":{"rotation":[157.75,0.0,180.0],"translation":[0.0,3.25,0.0],"scale":[0.44727,0.44727,0.44727]},"firstperson_lefthand":{"rotation":[157.75,0.0,180.0],"translation":[0.0,3.25,0.0],"scale":[0.44727,0.44727,0.44727]},"ground":{"translation":[0.0,5.0,0.0],"scale":[0.7,0.7,0.7]},"gui":{"rotation":[0.0,180.0,0.0],"translation":[0.0,0.25,0.0],"scale":[0.7,0.7,0.7]},"head":{"translation":[0.0,1.25,0.0]},"fixed":{"rotation":[-90.0,0.0,0.0],"translation":[0.0,0.0,-12.25],"scale":[1.51367,1.51367,1.51367]}},"elements":[{"from":[0.0,0.0,1.0],"to":[1.0,3.0,15.0],"rotation":{"origin":[1.0,0.0,2.0],"axis":"y","angle":0.0},"faces":{"east":{"uv":[6.5,7.0,10.0,7.75],"texture":"#0"},"west":{"uv":[7.5,0.0,11.0,0.75],"texture":"#0"},"up":{"uv":[5.75,12.0,5.5,8.5],"texture":"#0"},"down":{"uv":[6.0,8.5,5.75,12.0],"texture":"#0"}}},{"from":[0.0,0.0,0.0],"to":[4.0,3.0,1.0],"rotation":{"origin":[5.0,0.0,0.0],"axis":"y","angle":0.0},"faces":{"north":{"uv":[8.75,2.0,9.75,2.75],"texture":"#0"},"south":{"uv":[8.75,2.75,9.75,3.5],"texture":"#0"},"west":{"uv":[9.5,8.0,9.75,8.75],"texture":"#0"},"up":{"uv":[7.75,9.75,6.75,9.5],"texture":"#0"},"down":{"uv":[10.5,7.75,9.5,8.0],"texture":"#0"}}},{"from":[5.0,10.0,0.0],"to":[11.0,14.0,1.0],"rotation":{"origin":[5.0,10.0,0.0],"axis":"y","angle":0.0},"faces":{"north":{"uv":[6.5,7.75,8.0,8.75],"texture":"#0"},"south":{"uv":[8.0,7.75,9.5,8.75],"texture":"#0"},"up":{"uv":[10.25,6.5,8.75,6.25],"texture":"#0"},"down":{"uv":[10.25,6.5,8.75,6.75],"texture":"#0"}}},{"from":[0.0,8.0,0.0],"to":[5.0,14.0,1.0],"rotation":{"origin":[11.0,8.0,0.0],"axis":"y","angle":0.0},"faces":{"north":{"uv":[7.5,3.75,8.75,5.25],"texture":"#0"},"east":{"uv":[9.0,3.5,9.25,5.0],"texture":"#0"},"south":{"uv":[7.5,5.25,8.75,6.75],"texture":"#0"},"west":{"uv":[9.25,3.5,9.5,5.0],"texture":"#0"},"up":{"uv":[10.75,5.5,9.5,5.25],"texture":"#0"},"down":{"uv":[10.75,5.5,9.5,5.75],"texture":"#0"}}},{"from":[0.0,3.0,6.0],"to":[1.0,14.0,15.0],"rotation":{"origin":[1.0,7.0,2.0],"axis":"y","angle":0.0},"faces":{"north":{"uv":[8.75,3.5,9.0,6.25],"texture":"#0"},"east":{"uv":[0.0,7.0,2.25,9.75],"texture":"#0"},"west":{"uv":[2.25,7.0,4.5,9.75],"texture":"#0"},"up":{"uv":[6.75,11.0,6.5,8.75],"texture":"#0"}}},{"from":[0.0,0.0,15.0],"to":[16.0,14.0,16.0],"rotation":{"origin":[2.0,7.0,3.0],"axis":"y","angle":0.0},"faces":{"north":{"uv":[0.0,0.0,4.0,3.5],"texture":"#0"},"east":{"uv":[6.0,8.5,6.25,12.0],"texture":"#0"},"south":{"uv":[0.0,3.5,4.0,7.0],"texture":"#0"},"west":{"uv":[6.25,8.5,6.5,12.0],"texture":"#0"},"up":{"uv":[11.5,7.0,7.5,6.75],"texture":"#0"},"down":{"uv":[12.75,0.75,8.75,1.0],"texture":"#0"}}},{"from":[0.0,8.0,1.0],"to":[1.0,14.0,6.0],"rotation":{"origin":[1.0,4.0,-7.0],"axis":"y","angle":0.0},"faces":{"east":{"uv":[7.5,0.75,8.75,2.25],"texture":"#0"},"west":{"uv":[7.5,2.25,8.75,3.75],"texture":"#0"},"up":{"uv":[9.75,5.25,9.5,4.0],"texture":"#0"},"down":{"uv":[4.75,9.5,4.5,10.75],"texture":"#0"}}},{"from":[1.0,14.0,1.0],"to":[15.0,15.0,15.0],"rotation":{"origin":[14.0,10.0,-7.0],"axis":"y","angle":0.0},"faces":{"north":{"uv":[8.75,1.0,12.25,1.25],"texture":"#0"},"east":{"uv":[8.75,1.25,12.25,1.5],"texture":"#0"},"south":{"uv":[8.75,1.5,12.25,1.75],"texture":"#0"},"west":{"uv":[8.75,1.75,12.25,2.0],"texture":"#0"},"up":{"uv":[7.5,3.5,4.0,0.0],"texture":"#0"},"down":{"uv":[7.5,3.5,4.0,7.0],"texture":"#0"}}},{"from":[4.0,0.0,-0.25],"to":[5.0,3.5,1.25],"rotation":{"origin":[5.0,0.0,0.0],"axis":"y","angle":0.0},"faces":{"north":{"uv":[4.75,9.5,5.0,10.5],"texture":"#0"},"east":{"uv":[8.25,8.75,8.75,9.75],"texture":"#0"},"south":{"uv":[5.0,9.5,5.25,10.5],"texture":"#0"},"west":{"uv":[8.75,8.75,9.25,9.75],"texture":"#0"},"up":{"uv":[2.0,10.25,1.75,9.75],"texture":"#0"},"down":{"uv":[2.25,9.75,2.0,10.25],"texture":"#0"}}},{"from":[-1.0,3.30448,8.53073],"to":[0.0,7.30448,12.53073],"rotation":{"origin":[-1.0,3.30448,8.53073],"axis":"x","angle":-22.5},"faces":{"north":{"uv":[5.25,9.5,5.5,10.5],"texture":"#0"},"south":{"uv":[7.75,9.5,8.0,10.5],"texture":"#0"},"west":{"uv":[4.5,8.5,5.5,9.5],"texture":"#0"},"up":{"uv":[8.25,10.5,8.0,9.5],"texture":"#0"},"down":{"uv":[9.5,9.5,9.25,10.5],"texture":"#0"}}},{"from":[8.0,9.25,-1.0],"to":[11.0,12.25,0.0],"rotation":{"origin":[8.0,9.25,-1.0],"axis":"z","angle":45.0},"faces":{"north":{"uv":[6.75,8.75,7.5,9.5],"texture":"#0"},"south":{"uv":[7.5,8.75,8.25,9.5],"texture":"#0"},"west":{"uv":[9.5,9.5,9.75,10.25],"texture":"#0"},"down":{"uv":[0.75,9.75,0.0,10.0],"texture":"#0"}}},{"from":[8.0,12.25,-1.0],"to":[11.0,14.25,0.0],"rotation":{"origin":[8.0,9.25,-1.0],"axis":"z","angle":45.0},"faces":{"north":{"uv":[9.0,5.75,9.75,6.25],"texture":"#0"},"east":{"uv":[9.75,2.25,10.0,2.75],"texture":"#0"},"south":{"uv":[9.5,3.5,10.25,4.0],"texture":"#0"},"west":{"uv":[2.75,9.75,3.0,10.25],"texture":"#0"},"up":{"uv":[1.75,10.0,1.0,9.75],"texture":"#0"}}},{"from":[11.0,9.25,-1.0],"to":[13.0,12.25,0.0],"rotation":{"origin":[8.0,9.25,-1.0],"axis":"z","angle":45.0},"faces":{"north":{"uv":[9.0,5.0,9.5,5.75],"texture":"#0"},"east":{"uv":[0.75,9.75,1.0,10.5],"texture":"#0"},"south":{"uv":[9.25,8.75,9.75,9.5],"texture":"#0"},"up":{"uv":[10.25,2.25,9.75,2.0],"texture":"#0"},"down":{"uv":[2.75,9.75,2.25,10.0],"texture":"#0"}}},{"from":[-0.5,6.0,9.0],"to":[-0.47,12.0,17.0],"rotation":{"origin":[-0.5,6.0,9.0],"axis":"y","angle":0.0},"faces":{"east":{"uv":[6.5,7.0,4.5,8.5],"texture":"#0"},"west":{"uv":[4.5,7.0,6.5,8.5],"texture":"#0"}}},{"from":[16.47,6.0,9.0],"to":[16.5,12.0,17.0],"rotation":{"origin":[16.5,6.0,9.0],"axis":"y","angle":0.0},"faces":{"east":{"uv":[6.5,7.0,4.5,8.5],"texture":"#0"},"west":{"uv":[4.5,7.0,6.5,8.5],"texture":"#0"}}},{"from":[16.0,3.30448,8.53073],"to":[17.0,7.30448,12.53073],"rotation":{"origin":[17.0,3.30448,8.53073],"axis":"x","angle":-22.5},"faces":{"north":{"uv":[5.5,9.5,5.25,10.5],"texture":"#0"},"east":{"uv":[5.5,8.5,4.5,9.5],"texture":"#0"},"south":{"uv":[8.0,9.5,7.75,10.5],"texture":"#0"},"up":{"uv":[8.0,10.5,8.25,9.5],"texture":"#0"},"down":{"uv":[9.25,9.5,9.5,10.5],"texture":"#0"}}},{"from":[11.0,8.0,0.0],"to":[16.0,14.0,1.0],"rotation":{"origin":[5.0,8.0,0.0],"axis":"y","angle":0.0},"faces":{"north":{"uv":[8.75,3.75,7.5,5.25],"texture":"#0"},"east":{"uv":[9.5,3.5,9.25,5.0],"texture":"#0"},"south":{"uv":[8.75,5.25,7.5,6.75],"texture":"#0"},"west":{"uv":[9.25,3.5,9.0,5.0],"texture":"#0"},"up":{"uv":[9.5,5.5,10.75,5.25],"texture":"#0"},"down":{"uv":[9.5,5.5,10.75,5.75],"texture":"#0"}}},{"from":[15.0,8.0,1.0],"to":[16.0,14.0,6.0],"rotation":{"origin":[15.0,4.0,-7.0],"axis":"y","angle":0.0},"faces":{"east":{"uv":[8.75,2.25,7.5,3.75],"texture":"#0"},"west":{"uv":[8.75,0.75,7.5,2.25],"texture":"#0"},"up":{"uv":[9.5,5.25,9.75,4.0],"texture":"#0"},"down":{"uv":[4.5,9.5,4.75,10.75],"texture":"#0"}}},{"from":[15.0,3.0,6.0],"to":[16.0,14.0,15.0],"rotation":{"origin":[15.0,7.0,2.0],"axis":"y","angle":0.0},"faces":{"north":{"uv":[9.0,3.5,8.75,6.25],"texture":"#0"},"east":{"uv":[4.5,7.0,2.25,9.75],"texture":"#0"},"west":{"uv":[2.25,7.0,0.0,9.75],"texture":"#0"},"up":{"uv":[6.5,11.0,6.75,8.75],"texture":"#0"}}},{"from":[15.0,0.0,1.0],"to":[16.0,3.0,15.0],"rotation":{"origin":[15.0,0.0,2.0],"axis":"y","angle":0.0},"faces":{"east":{"uv":[11.0,0.0,7.5,0.75],"texture":"#0"},"west":{"uv":[10.0,7.0,6.5,7.75],"texture":"#0"},"up":{"uv":[5.5,12.0,5.75,8.5],"texture":"#0"},"down":{"uv":[5.75,8.5,6.0,12.0],"texture":"#0"}}},{"from":[12.0,0.0,0.0],"to":[16.0,3.0,1.0],"rotation":{"origin":[11.0,0.0,0.0],"axis":"y","angle":0.0},"faces":{"north":{"uv":[9.75,2.0,8.75,2.75],"texture":"#0"},"east":{"uv":[9.75,8.0,9.5,8.75],"texture":"#0"},"south":{"uv":[9.75,2.75,8.75,3.5],"texture":"#0"},"up":{"uv":[6.75,9.75,7.75,9.5],"texture":"#0"},"down":{"uv":[9.5,7.75,10.5,8.0],"texture":"#0"}}},{"from":[11.0,0.0,-0.25],"to":[12.0,3.5,1.25],"rotation":{"origin":[11.0,0.0,0.0],"axis":"y","angle":0.0},"faces":{"north":{"uv":[5.0,9.5,4.75,10.5],"texture":"#0"},"east":{"uv":[9.25,8.75,8.75,9.75],"texture":"#0"},"south":{"uv":[5.25,9.5,5.0,10.5],"texture":"#0"},"west":{"uv":[8.75,8.75,8.25,9.75],"texture":"#0"},"up":{"uv":[1.75,10.25,2.0,9.75],"texture":"#0"},"down":{"uv":[2.0,9.75,2.25,10.25],"texture":"#0"}}}],"textures":{"particle":"08ebe395-bdca-4298-bbb6-18b97fe84d03","0":"08ebe395-bdca-4298-bbb6-18b97fe84d03"},"gui_light":"front"}