{"display":{"fixed":{"rotation":[-90.0,0.0,0.0],"translation":[0.0,0.0,-16.0],"scale":[2.0,2.0,2.0]}},"elements":[{"from":[13.0,0.0,13.0],"to":[14.0,16.0,14.0],"faces":{"north":{"uv":[12.0,0.0,13.0,16.0],"texture":"#0"},"east":{"uv":[9.0,0.0,10.0,16.0],"texture":"#0"},"south":{"uv":[15.0,0.0,16.0,16.0],"texture":"#0"},"west":{"uv":[7.0,0.0,8.0,16.0],"texture":"#0"},"up":{"uv":[8.0,1.0,9.0,2.0],"texture":"#0"},"down":{"uv":[10.0,9.0,11.0,10.0],"texture":"#0"}}},{"from":[13.0,16.0,13.0],"to":[14.0,32.0,14.0],"faces":{"north":{"uv":[12.0,0.0,13.0,16.0],"texture":"#0"},"east":{"uv":[9.0,0.0,10.0,16.0],"texture":"#0"},"south":{"uv":[15.0,0.0,16.0,16.0],"texture":"#0"},"west":{"uv":[7.0,0.0,8.0,16.0],"texture":"#0"},"up":{"uv":[8.0,1.0,9.0,2.0],"texture":"#0"},"down":{"uv":[10.0,9.0,11.0,10.0],"texture":"#0"}}},{"from":[13.0,0.0,2.0],"to":[14.0,16.0,3.0],"faces":{"north":{"uv":[12.0,0.0,13.0,16.0],"texture":"#0"},"east":{"uv":[9.0,0.0,10.0,16.0],"texture":"#0"},"south":{"uv":[15.0,0.0,16.0,16.0],"texture":"#0"},"west":{"uv":[7.0,0.0,8.0,16.0],"texture":"#0"},"up":{"uv":[8.0,1.0,9.0,2.0],"texture":"#0"},"down":{"uv":[10.0,9.0,11.0,10.0],"texture":"#0"}}},{"from":[13.0,16.0,2.0],"to":[14.0,32.0,3.0],"faces":{"north":{"uv":[12.0,0.0,13.0,16.0],"texture":"#0"},"east":{"uv":[9.0,0.0,10.0,16.0],"texture":"#0"},"south":{"uv":[15.0,0.0,16.0,16.0],"texture":"#0"},"west":{"uv":[7.0,0.0,8.0,16.0],"texture":"#0"},"up":{"uv":[8.0,1.0,9.0,2.0],"texture":"#0"},"down":{"uv":[10.0,9.0,11.0,10.0],"texture":"#0"}}},{"from":[2.0,0.0,2.0],"to":[3.0,16.0,3.0],"faces":{"north":{"uv":[12.0,0.0,13.0,16.0],"texture":"#0"},"east":{"uv":[9.0,0.0,10.0,16.0],"texture":"#0"},"south":{"uv":[15.0,0.0,16.0,16.0],"texture":"#0"},"west":{"uv":[7.0,0.0,8.0,16.0],"texture":"#0"},"up":{"uv":[8.0,1.0,9.0,2.0],"texture":"#0"},"down":{"uv":[10.0,9.0,11.0,10.0],"texture":"#0"}}},{"from":[2.0,16.0,2.0],"to":[3.0,32.0,3.0],"faces":{"north":{"uv":[12.0,0.0,13.0,16.0],"texture":"#0"},"east":{"uv":[9.0,0.0,10.0,16.0],"texture":"#0"},"south":{"uv":[15.0,0.0,16.0,16.0],"texture":"#0"},"west":{"uv":[7.0,0.0,8.0,16.0],"texture":"#0"},"up":{"uv":[8.0,1.0,9.0,2.0],"texture":"#0"},"down":{"uv":[10.0,9.0,11.0,10.0],"texture":"#0"}}},{"from":[0.0,28.25,1.75],"to":[16.0,29.25,2.75],"faces":{"north":{"uv":[12.0,0.0,13.0,16.0],"texture":"#0","rotation":90},"east":{"uv":[10.0,9.0,11.0,10.0],"texture":"#0","rotation":270},"south":{"uv":[15.0,0.0,16.0,16.0],"texture":"#0","rotation":270},"west":{"uv":[8.0,1.0,9.0,2.0],"texture":"#0","rotation":270},"up":{"uv":[9.0,0.0,10.0,16.0],"texture":"#0","rotation":270},"down":{"uv":[7.0,0.0,8.0,16.0],"texture":"#0","rotation":270}}},{"from":[0.0,28.25,13.25],"to":[16.0,29.25,14.25],"faces":{"north":{"uv":[12.0,0.0,13.0,16.0],"texture":"#0","rotation":90},"east":{"uv":[10.0,9.0,11.0,10.0],"texture":"#0","rotation":270},"south":{"uv":[15.0,0.0,16.0,16.0],"texture":"#0","rotation":270},"west":{"uv":[8.0,1.0,9.0,2.0],"texture":"#0","rotation":270},"up":{"uv":[9.0,0.0,10.0,16.0],"texture":"#0","rotation":270},"down":{"uv":[7.0,0.0,8.0,16.0],"texture":"#0","rotation":270}}},{"from":[1.75,28.0,0.0],"to":[2.75,29.0,16.0],"faces":{"north":{"uv":[10.0,9.0,11.0,10.0],"texture":"#0","rotation":270},"east":{"uv":[15.0,0.0,16.0,16.0],"texture":"#0","rotation":270},"south":{"uv":[8.0,1.0,9.0,2.0],"texture":"#0","rotation":270},"west":{"uv":[12.0,0.0,13.0,16.0],"texture":"#0","rotation":90},"up":{"uv":[9.0,0.0,10.0,16.0],"texture":"#0","rotation":180},"down":{"uv":[7.0,0.0,8.0,16.0],"texture":"#0"}}},{"from":[13.25,28.0,0.0],"to":[14.25,29.0,16.0],"faces":{"north":{"uv":[10.0,9.0,11.0,10.0],"texture":"#0","rotation":270},"east":{"uv":[15.0,0.0,16.0,16.0],"texture":"#0","rotation":270},"south":{"uv":[8.0,1.0,9.0,2.0],"texture":"#0","rotation":270},"west":{"uv":[12.0,0.0,13.0,16.0],"texture":"#0","rotation":90},"up":{"uv":[9.0,0.0,10.0,16.0],"texture":"#0","rotation":180},"down":{"uv":[7.0,0.0,8.0,16.0],"texture":"#0"}}},{"from":[2.0,0.0,13.0],"to":[3.0,16.0,14.0],"faces":{"north":{"uv":[12.0,0.0,13.0,16.0],"texture":"#0"},"east":{"uv":[9.0,0.0,10.0,16.0],"texture":"#0"},"south":{"uv":[15.0,0.0,16.0,16.0],"texture":"#0"},"west":{"uv":[7.0,0.0,8.0,16.0],"texture":"#0"},"up":{"uv":[8.0,1.0,9.0,2.0],"texture":"#0"},"down":{"uv":[10.0,9.0,11.0,10.0],"texture":"#0"}}},{"from":[2.0,16.0,13.0],"to":[3.0,32.0,14.0],"faces":{"north":{"uv":[12.0,0.0,13.0,16.0],"texture":"#0"},"east":{"uv":[9.0,0.0,10.0,16.0],"texture":"#0"},"south":{"uv":[15.0,0.0,16.0,16.0],"texture":"#0"},"west":{"uv":[7.0,0.0,8.0,16.0],"texture":"#0"},"up":{"uv":[8.0,1.0,9.0,2.0],"texture":"#0"},"down":{"uv":[10.0,9.0,11.0,10.0],"texture":"#0"}}},{"from":[2.5,0.0,0.0],"to":[2.5,16.0,16.0],"faces":{"north":{"uv":[0.0,0.0,0.0,16.0],"texture":"#1"},"east":{"texture":"#1"},"south":{"uv":[0.0,0.0,0.0,16.0],"texture":"#1"},"west":{"texture":"#1"},"up":{"uv":[0.0,0.0,0.0,16.0],"texture":"#1"},"down":{"uv":[0.0,0.0,0.0,16.0],"texture":"#1"}}},{"from":[13.5,0.0,0.0],"to":[13.5,16.0,16.0],"faces":{"north":{"uv":[0.0,0.0,0.0,16.0],"texture":"#1"},"east":{"texture":"#1"},"south":{"uv":[0.0,0.0,0.0,16.0],"texture":"#1"},"west":{"texture":"#1"},"up":{"uv":[0.0,0.0,0.0,16.0],"texture":"#1"},"down":{"uv":[0.0,0.0,0.0,16.0],"texture":"#1"}}},{"from":[0.0,0.0,2.5],"to":[16.0,16.0,2.5],"faces":{"north":{"texture":"#1"},"east":{"uv":[0.0,0.0,0.0,16.0],"texture":"#1"},"south":{"texture":"#1"},"west":{"uv":[0.0,0.0,0.0,16.0],"texture":"#1"},"up":{"uv":[0.0,0.0,0.0,16.0],"texture":"#1","rotation":270},"down":{"uv":[0.0,0.0,0.0,16.0],"texture":"#1","rotation":90}}},{"from":[0.0,0.0,13.5],"to":[16.0,16.0,13.5],"faces":{"north":{"texture":"#1"},"east":{"uv":[0.0,0.0,0.0,16.0],"texture":"#1"},"south":{"texture":"#1"},"west":{"uv":[0.0,0.0,0.0,16.0],"texture":"#1"},"up":{"uv":[0.0,0.0,0.0,16.0],"texture":"#1","rotation":270},"down":{"uv":[0.0,0.0,0.0,16.0],"texture":"#1","rotation":90}}}],"textures":{"particle":"f14adebb-5ccd-4d05-8f08-1b2a19ea254a","0":"f14adebb-5ccd-4d05-8f08-1b2a19ea254a","1":"c0a357bd-2c15-4e6a-91a9-2a0e43267c44"},"gui_light":"front"}