{"display":{"thirdperson_righthand":{"translation":[0.0,3.5,2.0],"scale":[0.4,0.4,0.4]},"thirdperson_lefthand":{"translation":[0.0,3.5,2.0],"scale":[0.4,0.4,0.4]},"firstperson_righthand":{"rotation":[0.0,-10.0,0.0],"translation":[7.0,4.0,-0.75],"scale":[0.36,0.36,0.36]},"firstperson_lefthand":{"rotation":[0.0,-10.0,0.0],"translation":[7.0,4.0,-0.75],"scale":[0.36,0.36,0.36]},"ground":{"rotation":[45.0,0.0,0.0],"translation":[0.0,3.0,0.0],"scale":[0.23,0.23,0.23]},"gui":{"rotation":[137.34,50.8,-105.5],"translation":[0.5,0.5,0.0],"scale":[0.39,0.39,0.39]},"head":{"scale":[0.01,0.01,0.01]},"fixed":{"rotation":[-65.0,-90.0,0.0],"translation":[0.0,0.5,-6.25],"scale":[0.68,0.68,0.68]}},"elements":[{"from":[-15.75713,7.29072,-15.09091],"to":[2.24287,7.29072,-7.09091],"rotation":{"origin":[-5.025,8.16572,-5.275],"axis":"y","angle":22.5},"faces":{"north":{"uv":[0.0,6.0,0.0,0.0],"texture":"#0","rotation":90},"east":{"uv":[0.0,0.0,0.0,2.666666],"texture":"#0","rotation":270},"south":{"uv":[0.0,6.0,0.0,0.0],"texture":"#0","rotation":270},"west":{"uv":[0.0,2.666666,0.0,0.0],"texture":"#0","rotation":270},"up":{"uv":[5.166666,13.75,0.0,16.0],"texture":"#0"},"down":{"uv":[5.166666,16.0,0.0,13.75],"texture":"#0"}}},{"from":[-13.87841,5.29072,-7.87826],"to":[-11.87841,9.29072,-3.87826],"rotation":{"origin":[-2.125,8.16572,-5.275],"axis":"y","angle":22.5},"faces":{"north":{"uv":[9.666666,2.0,8.333334,1.333334],"texture":"#2","rotation":90},"east":{"uv":[8.333334,0.0,9.666666,1.333334],"texture":"#2","rotation":270},"south":{"uv":[12.666666,6.333334,11.333334,5.666666],"texture":"#2","rotation":270},"west":{"uv":[8.0,10.0,9.333334,8.666666],"texture":"#2","rotation":270},"up":{"uv":[12.666666,7.0,11.333334,6.333334],"texture":"#2","rotation":270},"down":{"uv":[12.666666,5.666666,11.333334,5.0],"texture":"#2","rotation":270}}},{"from":[-12.19236,6.04072,-7.12826],"to":[1.20764,8.54072,-4.62826],"rotation":{"origin":[-2.125,8.16572,-5.275],"axis":"y","angle":22.5},"faces":{"north":{"uv":[6.333334,4.333334,5.333334,0.0],"texture":"#2","rotation":90},"east":{"uv":[7.666666,11.0,8.666666,12.0],"texture":"#2","rotation":270},"south":{"uv":[1.0,10.333334,0.0,6.0],"texture":"#2","rotation":270},"west":{"uv":[11.0,11.666666,12.0,10.666666],"texture":"#2","rotation":270},"up":{"uv":[2.0,10.333334,1.0,6.0],"texture":"#2","rotation":270},"down":{"uv":[6.333334,8.666666,5.333334,4.333334],"texture":"#2","rotation":270}}},{"from":[-11.24019,5.04072,-9.01277],"to":[-8.24019,9.54072,-6.51277],"rotation":{"origin":[-2.125,8.16572,-5.275],"axis":"y","angle":22.5},"faces":{"north":{"uv":[11.333334,8.666666,9.666666,7.666666],"texture":"#2","rotation":90},"east":{"uv":[10.0,8.666666,11.666666,9.666666],"texture":"#2","rotation":270},"south":{"uv":[9.333334,11.0,7.666666,10.0],"texture":"#2","rotation":270},"west":{"uv":[10.0,10.666666,11.666666,9.666666],"texture":"#2","rotation":270},"up":{"uv":[12.333334,5.0,11.333334,4.0],"texture":"#2","rotation":270},"down":{"uv":[3.0,12.333334,2.0,11.333334],"texture":"#2","rotation":270}}},{"from":[-11.0,7.29072,-1.1],"to":[14.0,7.29072,-0.1],"rotation":{"origin":[-11.0,7.29072,-0.6],"axis":"y","angle":-45.0},"faces":{"north":{"uv":[0.0,7.333334,0.0,0.0],"texture":"#2","rotation":90},"east":{"uv":[0.0,0.0,0.0,0.333334],"texture":"#2","rotation":270},"south":{"uv":[0.0,7.333334,0.0,0.0],"texture":"#2","rotation":270},"west":{"uv":[0.0,0.333334,0.0,0.0],"texture":"#2","rotation":270},"up":{"uv":[4.333334,15.666666,4.0,8.333334],"texture":"#2","rotation":270},"down":{"uv":[4.0,15.333334,3.666666,8.0],"texture":"#2","rotation":270}}},{"from":[-8.24019,5.04072,-9.01277],"to":[-3.24019,9.54072,-4.51277],"rotation":{"origin":[-2.125,8.16572,-5.275],"axis":"y","angle":22.5},"faces":{"north":{"uv":[9.333334,3.666666,7.666666,2.0],"texture":"#2","rotation":90},"east":{"uv":[8.0,5.333334,9.666666,7.0],"texture":"#2","rotation":270},"south":{"uv":[3.666666,9.666666,2.0,8.0],"texture":"#2","rotation":270},"west":{"uv":[8.0,8.666666,9.666666,7.0],"texture":"#2","rotation":270},"up":{"uv":[9.666666,5.333334,8.0,3.666666],"texture":"#2","rotation":270},"down":{"uv":[8.0,9.333334,6.333334,7.666666],"texture":"#2","rotation":270}}},{"from":[-4.29313,6.29072,-8.35999],"to":[3.80687,8.29072,-6.85999],"faces":{"north":{"uv":[7.0,12.0,6.333334,9.333334],"texture":"#2","rotation":90},"east":{"uv":[3.0,11.666666,3.666666,12.333334],"texture":"#2","rotation":270},"south":{"uv":[10.0,11.333334,9.333334,8.666666],"texture":"#2","rotation":270},"west":{"uv":[11.666666,9.0,12.333334,8.333334],"texture":"#2","rotation":270},"up":{"uv":[10.333334,2.666666,9.666666,0.0],"texture":"#2","rotation":270},"down":{"uv":[7.666666,12.0,7.0,9.333334],"texture":"#2","rotation":270}}},{"from":[-3.03182,5.19072,-10.47507],"to":[3.51818,9.39072,-7.47507],"rotation":{"origin":[-2.125,8.16572,-5.275],"axis":"y","angle":-45.0},"faces":{"north":{"uv":[5.333334,8.333334,4.0,6.0],"texture":"#2","rotation":90},"east":{"uv":[10.666666,2.0,12.0,3.0],"texture":"#2","rotation":270},"south":{"uv":[7.666666,4.333334,6.333334,2.0],"texture":"#2","rotation":270},"west":{"uv":[10.666666,4.0,12.0,3.0],"texture":"#2","rotation":270},"up":{"uv":[6.333334,11.0,5.333334,8.666666],"texture":"#2","rotation":270},"down":{"uv":[5.333334,10.666666,4.333334,8.333334],"texture":"#2","rotation":270}}},{"from":[-2.56639,5.79072,-9.475],"to":[0.43361,8.79072,-8.225],"faces":{"north":{"uv":[12.0,2.0,11.0,1.0],"texture":"#2","rotation":90},"east":{"uv":[11.666666,9.0,12.666666,9.333334],"texture":"#2","rotation":270},"south":{"uv":[6.0,12.0,5.0,11.0],"texture":"#2","rotation":270},"west":{"uv":[11.666666,9.666666,12.666666,9.333334],"texture":"#2","rotation":270},"up":{"uv":[6.333334,12.0,6.0,11.0],"texture":"#2","rotation":270},"down":{"uv":[9.666666,3.0,9.333334,2.0],"texture":"#2","rotation":270}}},{"from":[-2.06639,6.29072,-10.475],"to":[-0.06639,8.29072,-9.475],"faces":{"north":{"uv":[9.333334,11.666666,8.666666,11.0],"texture":"#2","rotation":90},"east":{"uv":[10.666666,7.333334,11.333334,7.666666],"texture":"#2","rotation":270},"south":{"uv":[12.0,7.666666,11.333334,7.0],"texture":"#2","rotation":270},"west":{"uv":[8.666666,12.0,9.333334,11.666666],"texture":"#2","rotation":270},"up":{"uv":[9.666666,3.666666,9.333334,3.0],"texture":"#2","rotation":270},"down":{"uv":[8.0,4.333334,7.666666,3.666666],"texture":"#2","rotation":270}}},{"from":[-1.36746,10.89575,18.49134],"to":[1.43254,15.0,20.89134],"rotation":{"origin":[-0.36746,12.89575,19.89134],"axis":"z","angle":22.5},"faces":{"north":{"uv":[10.8,9.4,11.4,10.2],"texture":"#1"},"east":{"uv":[1.2,11.4,1.6,12.2],"texture":"#1"},"south":{"uv":[4.0,11.0,4.6,11.8],"texture":"#1"},"west":{"uv":[5.2,11.4,5.6,12.2],"texture":"#1"},"up":{"uv":[8.0,6.8,7.4,6.4],"texture":"#1"},"down":{"uv":[12.2,4.6,11.6,5.0],"texture":"#1"}}},{"from":[0.01761,10.01537,17.99134],"to":[2.91761,13.81537,21.39134],"rotation":{"origin":[0.91761,11.51537,19.89134],"axis":"z","angle":-22.5},"faces":{"north":{"uv":[10.6,6.8,11.2,7.6],"texture":"#1"},"east":{"uv":[0.6,10.8,1.2,11.6],"texture":"#1"},"south":{"uv":[10.8,7.6,11.4,8.4],"texture":"#1"},"west":{"uv":[8.0,10.8,8.6,11.6],"texture":"#1"},"up":{"uv":[2.4,12.0,1.8,11.4],"texture":"#1"},"down":{"uv":[12.0,2.4,11.4,3.0],"texture":"#1"}}},{"from":[0.04072,5.79072,-7.5],"to":[5.04072,8.79072,-4.5],"faces":{"north":{"uv":[3.0,11.333334,2.0,9.666666],"texture":"#2","rotation":90},"east":{"uv":[10.0,10.666666,11.0,11.666666],"texture":"#2","rotation":270},"south":{"uv":[10.666666,6.0,9.666666,4.333334],"texture":"#2","rotation":270},"west":{"uv":[11.0,1.0,12.0,0.0],"texture":"#2","rotation":270},"up":{"uv":[10.666666,7.666666,9.666666,6.0],"texture":"#2","rotation":270},"down":{"uv":[10.666666,4.333334,9.666666,2.666666],"texture":"#2","rotation":270}}},{"from":[0.13361,8.49072,-9.55],"to":[-2.26639,6.09072,-10.95],"faces":{"north":{"uv":[12.0,8.333334,11.333334,7.666666],"texture":"#2","rotation":90},"east":{"uv":[11.666666,9.666666,12.333334,10.0],"texture":"#2","rotation":270},"south":{"uv":[10.0,12.0,9.333334,11.333334],"texture":"#2","rotation":270},"west":{"uv":[10.0,12.0,10.666666,11.666666],"texture":"#2","rotation":270},"up":{"uv":[10.666666,2.666666,10.333334,2.0],"texture":"#2","rotation":270},"down":{"uv":[8.0,10.0,7.666666,9.333334],"texture":"#2","rotation":270}}},{"from":[0.88658,5.9209,19.9],"to":[0.88658,6.9209,21.0],"rotation":{"origin":[-0.91342,3.0709,18.4],"axis":"z","angle":-22.5},"faces":{"north":{"uv":[0.0,0.0,0.0,16.0],"texture":"#1"},"east":{"uv":[1.8,6.8,2.0,7.0],"texture":"#1"},"south":{"uv":[0.0,0.0,0.0,16.0],"texture":"#1"},"west":{"uv":[1.8,7.0,2.0,7.2],"texture":"#1"},"up":{"uv":[0.0,16.0,0.0,0.0],"texture":"#1"},"down":{"uv":[0.0,0.0,0.0,16.0],"texture":"#1"}}},{"from":[1.08658,5.3209,18.6],"to":[2.58658,6.3209,20.6],"rotation":{"origin":[-0.91342,3.0709,21.6],"axis":"z","angle":-22.5},"faces":{"north":{"uv":[7.0,3.2,7.4,3.4],"texture":"#1"},"east":{"uv":[9.0,6.2,9.4,6.4],"texture":"#1"},"south":{"uv":[10.0,5.4,10.4,5.6],"texture":"#1"},"west":{"uv":[10.6,4.0,11.0,4.2],"texture":"#1"},"up":{"uv":[11.2,12.0,10.8,11.6],"texture":"#1"},"down":{"uv":[12.0,10.8,11.6,11.2],"texture":"#1"}}},{"from":[2.0,7.29072,-1.1],"to":[27.0,7.29072,-0.1],"rotation":{"origin":[27.0,7.29072,-0.6],"axis":"y","angle":45.0},"faces":{"north":{"uv":[0.0,0.0,0.0,7.333334],"texture":"#2","rotation":90},"east":{"uv":[0.0,0.0,0.0,0.333334],"texture":"#2","rotation":270},"south":{"uv":[0.0,0.0,0.0,7.333334],"texture":"#2","rotation":270},"west":{"uv":[0.0,0.333334,0.0,0.0],"texture":"#2","rotation":270},"up":{"uv":[4.333334,8.333334,4.0,15.666666],"texture":"#2","rotation":270},"down":{"uv":[4.0,8.0,3.666666,15.333334],"texture":"#2","rotation":270}}},{"from":[2.0,8.1903,15.95],"to":[6.0,12.1903,20.7],"rotation":{"origin":[8.0,7.6903,20.7],"axis":"x","angle":22.5},"faces":{"north":{"uv":[2.6,10.4,3.4,11.2],"texture":"#1"},"east":{"uv":[9.6,6.8,10.6,7.6],"texture":"#1"},"south":{"uv":[10.4,5.4,11.2,6.2],"texture":"#1"},"west":{"uv":[9.8,7.6,10.8,8.4],"texture":"#1"},"up":{"uv":[8.8,10.8,8.0,9.8],"texture":"#1"},"down":{"uv":[10.6,8.4,9.8,9.4],"texture":"#1"}}},{"from":[2.8,-0.4,17.1],"to":[2.8,6.1,20.3],"rotation":{"origin":[2.8,2.85,18.7],"axis":"x","angle":22.5},"faces":{"north":{"uv":[0.0,0.0,0.0,1.4],"texture":"#1"},"east":{"uv":[3.4,9.2,4.0,10.6],"texture":"#1"},"south":{"uv":[0.0,0.0,0.0,1.4],"texture":"#1"},"west":{"uv":[0.0,9.4,0.6,10.8],"texture":"#1"},"up":{"uv":[0.0,0.6,0.0,0.0],"texture":"#1"},"down":{"uv":[0.0,0.0,0.0,0.6],"texture":"#1"}}},{"from":[3.0,5.9403,18.6],"to":[4.5,10.9403,21.6],"rotation":{"origin":[1.0,7.6903,21.6],"axis":"z","angle":-22.5},"faces":{"north":{"uv":[1.2,9.4,1.6,10.4],"texture":"#1"},"east":{"uv":[3.4,10.6,4.0,11.6],"texture":"#1"},"south":{"uv":[1.2,10.4,1.6,11.4],"texture":"#1"},"west":{"uv":[10.6,8.4,11.2,9.4],"texture":"#1"},"up":{"uv":[5.6,4.0,5.2,3.4],"texture":"#1"},"down":{"uv":[12.0,0.6,11.6,1.2],"texture":"#1"}}},{"from":[3.25,4.79539,10.71954],"to":[6.0,8.54539,25.71954],"rotation":{"origin":[4.0,7.54539,24.96954],"axis":"x","angle":22.5},"faces":{"north":{"uv":[6.75,2.0625,6.0625,5.8125],"texture":"#0"},"east":{"uv":[6.75,2.0625,6.0625,5.8125],"texture":"#0"},"south":{"uv":[6.4375,0.25,5.75,1.1875],"texture":"#0"},"west":{"uv":[10.5625,0.25,6.8125,1.1875],"texture":"#0"},"up":{"uv":[6.0625,5.8125,6.75,2.0625],"texture":"#0"},"down":{"uv":[6.0625,5.8125,6.75,2.0625],"texture":"#0"}}},{"from":[3.5,3.6903,16.2],"to":[12.5,7.1903,25.2],"rotation":{"origin":[8.0,7.6903,20.7],"axis":"x","angle":22.5},"faces":{"north":{"uv":[8.6,1.0,10.4,1.8],"texture":"#1"},"east":{"uv":[8.6,1.8,10.4,2.6],"texture":"#1"},"south":{"uv":[8.8,2.6,10.6,3.4],"texture":"#1"},"west":{"uv":[8.8,3.4,10.6,4.2],"texture":"#1"},"up":{"uv":[7.0,3.4,5.2,1.6],"texture":"#1"},"down":{"uv":[7.4,3.4,5.6,5.2],"texture":"#1"}}},{"from":[4.0,4.1903,16.7],"to":[12.0,11.1903,24.7],"rotation":{"origin":[8.0,7.6903,20.7],"axis":"x","angle":22.5},"faces":{"north":{"uv":[4.0,7.4,5.6,8.8],"texture":"#1"},"east":{"uv":[7.4,5.0,9.0,6.4],"texture":"#1"},"south":{"uv":[0.0,8.0,1.6,9.4],"texture":"#1"},"west":{"uv":[8.0,6.4,9.6,7.8],"texture":"#1"},"up":{"uv":[7.2,8.4,5.6,6.8],"texture":"#1"},"down":{"uv":[8.6,1.6,7.0,3.2],"texture":"#1"}}},{"from":[4.75,-4.0,29.0],"to":[11.25,4.5,32.0],"faces":{"north":{"uv":[2.6,7.4,4.0,9.2],"texture":"#1"},"east":{"uv":[6.6,8.4,7.2,10.2],"texture":"#1"},"south":{"uv":[7.4,3.2,8.8,5.0],"texture":"#1"},"west":{"uv":[4.8,8.8,5.4,10.6],"texture":"#1"},"up":{"uv":[10.4,6.2,9.0,5.6],"texture":"#1"},"down":{"uv":[11.0,6.2,9.6,6.8],"texture":"#1"}}},{"from":[5.0,4.26642,24.31732],"to":[11.0,7.36642,26.31732],"rotation":{"origin":[8.0,6.76642,20.31732],"axis":"x","angle":22.5},"faces":{"north":{"uv":[10.4,0.8,11.6,1.4],"texture":"#1"},"east":{"uv":[11.6,10.2,12.0,10.8],"texture":"#1"},"south":{"uv":[10.4,1.4,11.6,2.0],"texture":"#1"},"west":{"uv":[10.4,11.6,10.8,12.2],"texture":"#1"},"up":{"uv":[11.8,4.0,10.6,3.6],"texture":"#1"},"down":{"uv":[12.2,6.2,11.0,6.6],"texture":"#1"}}},{"from":[5.0,6.29072,-9.0],"to":[11.0,8.29072,-3.0],"rotation":{"origin":[8.0,8.16572,-6.0],"axis":"y","angle":45.0},"faces":{"north":{"uv":[3.666666,9.666666,3.0,11.666666],"texture":"#2","rotation":90},"east":{"uv":[0.666666,10.333334,1.333334,12.333334],"texture":"#2","rotation":270},"south":{"uv":[0.666666,10.333334,0.0,12.333334],"texture":"#2","rotation":270},"west":{"uv":[10.333334,2.0,11.0,0.0],"texture":"#2","rotation":270},"up":{"uv":[8.333334,0.0,6.333334,2.0],"texture":"#2","rotation":270},"down":{"uv":[4.0,6.0,2.0,8.0],"texture":"#2","rotation":270}}},{"from":[5.45,-4.75,2.45],"to":[10.55,-2.75,7.15],"rotation":{"origin":[8.0,0.25,4.5],"axis":"x","angle":-22.5},"faces":{"north":{"uv":[11.2,7.2,12.2,7.6],"texture":"#1"},"east":{"uv":[11.2,9.0,12.2,9.4],"texture":"#1"},"south":{"uv":[10.4,11.2,11.4,11.6],"texture":"#1"},"west":{"uv":[11.4,2.0,12.4,2.4],"texture":"#1"},"up":{"uv":[9.0,9.8,8.0,8.8],"texture":"#1"},"down":{"uv":[10.0,4.6,9.0,5.6],"texture":"#1"}}},{"from":[5.75,2.25,-12.0],"to":[10.25,6.25,20.0],"faces":{"north":{"uv":[10.2,0.0,11.2,0.8],"texture":"#1"},"east":{"uv":[2.0,0.0,8.4,0.8],"texture":"#1"},"south":{"uv":[9.6,10.2,10.6,11.0],"texture":"#1"},"west":{"uv":[2.0,0.8,8.4,1.6],"texture":"#1"},"up":{"uv":[1.0,6.4,0.0,0.0],"texture":"#1"},"down":{"uv":[2.0,0.0,1.0,6.4],"texture":"#1"}}},{"from":[5.75,8.29072,-8.25],"to":[10.25,9.79072,-3.75],"rotation":{"origin":[8.0,8.16572,-6.0],"axis":"y","angle":45.0},"faces":{"north":{"uv":[2.0,10.333334,1.333334,12.0],"texture":"#2","rotation":90},"east":{"uv":[10.666666,5.666666,11.333334,7.333334],"texture":"#2","rotation":270},"south":{"uv":[11.333334,4.0,10.666666,5.666666],"texture":"#2","rotation":270},"west":{"uv":[4.333334,12.333334,5.0,10.666666],"texture":"#2","rotation":270},"up":{"uv":[8.0,6.0,6.333334,7.666666],"texture":"#2","rotation":270},"down":{"uv":[8.0,4.333334,6.333334,6.0],"texture":"#2","rotation":270}}},{"from":[6.0,-2.75,13.0],"to":[10.0,3.25,29.0],"faces":{"north":{"uv":[9.0,8.8,9.8,10.0],"texture":"#1"},"east":{"uv":[2.0,1.6,5.2,2.8],"texture":"#1"},"south":{"uv":[2.6,9.2,3.4,10.4],"texture":"#1"},"west":{"uv":[2.0,2.8,5.2,4.0],"texture":"#1"},"up":{"uv":[8.0,10.0,7.2,6.8],"texture":"#1"},"down":{"uv":[2.6,7.4,1.8,10.6],"texture":"#1"}}},{"from":[6.0,3.0,18.0],"to":[10.0,5.0,22.0],"faces":{"north":{"uv":[11.4,7.6,12.2,8.0],"texture":"#1"},"east":{"uv":[11.4,8.0,12.2,8.4],"texture":"#1"},"south":{"uv":[11.4,9.4,12.2,9.8],"texture":"#1"},"west":{"uv":[11.4,9.8,12.2,10.2],"texture":"#1"},"up":{"uv":[4.8,11.0,4.0,10.2],"texture":"#1"},"down":{"uv":[7.2,10.2,6.4,11.0],"texture":"#1"}}},{"from":[6.15,6.15,24.0],"to":[9.85,9.85,27.0],"faces":{"north":{"uv":[10.6,2.8,11.4,3.6],"texture":"#1"},"east":{"uv":[11.2,5.4,11.8,6.2],"texture":"#1"},"south":{"uv":[4.8,10.6,5.6,11.4],"texture":"#1"},"west":{"uv":[5.8,11.2,6.4,12.0],"texture":"#1"},"up":{"uv":[12.0,7.2,11.2,6.6],"texture":"#1"},"down":{"uv":[12.0,8.4,11.2,9.0],"texture":"#1"}}},{"from":[6.2,-2.75,3.2],"to":[9.8,4.25,6.4],"rotation":{"origin":[8.0,0.25,4.5],"axis":"x","angle":-22.5},"faces":{"north":{"uv":[5.8,8.4,6.6,9.8],"texture":"#1"},"east":{"uv":[0.6,9.4,1.2,10.8],"texture":"#1"},"south":{"uv":[4.0,8.8,4.8,10.2],"texture":"#1"},"west":{"uv":[5.8,9.8,6.4,11.2],"texture":"#1"},"up":{"uv":[12.0,0.6,11.2,0.0],"texture":"#1"},"down":{"uv":[3.4,11.2,2.6,11.8],"texture":"#1"}}},{"from":[7.4,7.4,-13.0],"to":[8.6,8.6,19.0],"faces":{"north":{"uv":[1.8,6.4,2.0,6.6],"texture":"#1"},"east":{"uv":[8.8,4.2,15.2,4.4],"texture":"#1"},"south":{"uv":[1.8,6.6,2.0,6.8],"texture":"#1"},"west":{"uv":[8.8,4.4,15.2,4.6],"texture":"#1"},"up":{"uv":[1.8,14.4,1.6,8.0],"texture":"#1"},"down":{"uv":[5.8,8.4,5.6,14.8],"texture":"#1"}}},{"from":[8.0,5.4,-15.5],"to":[8.0,10.6,-6.5],"faces":{"north":{"uv":[0.0,0.0,0.0,1.0],"texture":"#1"},"east":{"uv":[8.0,7.8,9.8,8.8],"texture":"#1"},"south":{"uv":[0.0,0.0,0.0,1.0],"texture":"#1"},"west":{"uv":[8.4,0.0,10.2,1.0],"texture":"#1"},"up":{"uv":[0.0,1.8,0.0,0.0],"texture":"#1"},"down":{"uv":[0.0,0.0,0.0,1.8],"texture":"#1"}}},{"from":[10.0,4.79539,10.71954],"to":[12.75,8.54539,25.71954],"rotation":{"origin":[12.0,7.54539,24.96954],"axis":"x","angle":22.5},"faces":{"north":{"uv":[6.0625,2.0625,6.75,5.8125],"texture":"#0"},"east":{"uv":[6.8125,0.25,10.5625,1.1875],"texture":"#0"},"south":{"uv":[5.75,0.25,6.4375,1.1875],"texture":"#0"},"west":{"uv":[6.0625,2.0625,6.75,5.8125],"texture":"#0"},"up":{"uv":[6.75,5.8125,6.0625,2.0625],"texture":"#0"},"down":{"uv":[6.75,5.8125,6.0625,2.0625],"texture":"#0"}}},{"from":[10.0,8.1903,15.95],"to":[14.0,12.1903,20.7],"rotation":{"origin":[8.0,7.6903,20.7],"axis":"x","angle":22.5},"faces":{"north":{"uv":[1.8,10.6,2.6,11.4],"texture":"#1"},"east":{"uv":[9.8,9.4,10.8,10.2],"texture":"#1"},"south":{"uv":[10.6,2.0,11.4,2.8],"texture":"#1"},"west":{"uv":[10.0,4.6,11.0,5.4],"texture":"#1"},"up":{"uv":[8.0,11.0,7.2,10.0],"texture":"#1"},"down":{"uv":[9.6,10.0,8.8,11.0],"texture":"#1"}}},{"from":[10.95928,5.79072,-7.5],"to":[15.95928,8.79072,-4.5],"faces":{"north":{"uv":[3.0,9.666666,2.0,11.333334],"texture":"#2","rotation":90},"east":{"uv":[11.0,0.0,12.0,1.0],"texture":"#2","rotation":270},"south":{"uv":[10.666666,4.333334,9.666666,6.0],"texture":"#2","rotation":270},"west":{"uv":[10.0,11.666666,11.0,10.666666],"texture":"#2","rotation":270},"up":{"uv":[10.666666,6.0,9.666666,7.666666],"texture":"#2","rotation":270},"down":{"uv":[10.666666,2.666666,9.666666,4.333334],"texture":"#2","rotation":270}}},{"from":[11.5,5.9403,18.6],"to":[13.0,10.9403,21.6],"rotation":{"origin":[15.0,7.6903,21.6],"axis":"z","angle":22.5},"faces":{"north":{"uv":[7.6,11.0,8.0,12.0],"texture":"#1"},"east":{"uv":[10.6,10.2,11.2,11.2],"texture":"#1"},"south":{"uv":[11.2,10.2,11.6,11.2],"texture":"#1"},"west":{"uv":[0.0,10.8,0.6,11.8],"texture":"#1"},"up":{"uv":[12.0,1.8,11.6,1.2],"texture":"#1"},"down":{"uv":[3.8,11.6,3.4,12.2],"texture":"#1"}}},{"from":[12.19313,6.29072,-8.35999],"to":[20.29313,8.29072,-6.85999],"faces":{"north":{"uv":[7.0,9.333334,6.333334,12.0],"texture":"#2","rotation":90},"east":{"uv":[11.666666,8.333334,12.333334,9.0],"texture":"#2","rotation":270},"south":{"uv":[10.0,8.666666,9.333334,11.333334],"texture":"#2","rotation":270},"west":{"uv":[3.0,12.333334,3.666666,11.666666],"texture":"#2","rotation":270},"up":{"uv":[10.333334,0.0,9.666666,2.666666],"texture":"#2","rotation":270},"down":{"uv":[7.666666,9.333334,7.0,12.0],"texture":"#2","rotation":270}}},{"from":[12.48182,5.19072,-10.47507],"to":[19.03182,9.39072,-7.47507],"rotation":{"origin":[18.125,8.16572,-5.275],"axis":"y","angle":45.0},"faces":{"north":{"uv":[5.333334,6.0,4.0,8.333334],"texture":"#2","rotation":90},"east":{"uv":[10.666666,3.0,12.0,4.0],"texture":"#2","rotation":270},"south":{"uv":[7.666666,2.0,6.333334,4.333334],"texture":"#2","rotation":270},"west":{"uv":[10.666666,3.0,12.0,2.0],"texture":"#2","rotation":270},"up":{"uv":[6.333334,8.666666,5.333334,11.0],"texture":"#2","rotation":270},"down":{"uv":[5.333334,8.333334,4.333334,10.666666],"texture":"#2","rotation":270}}},{"from":[12.708,11.3633,25.408],"to":[3.292,3.0173,15.992],"rotation":{"origin":[8.0,7.1903,20.7],"axis":"x","angle":22.5},"faces":{"north":{"uv":[5.6,5.2,7.4,6.8],"texture":"#1"},"east":{"uv":[2.0,5.8,3.8,7.4],"texture":"#1"},"south":{"uv":[3.8,5.8,5.6,7.4],"texture":"#1"},"west":{"uv":[0.0,6.4,1.8,8.0],"texture":"#1"},"up":{"uv":[3.8,5.8,2.0,4.0],"texture":"#1"},"down":{"uv":[5.6,4.0,3.8,5.8],"texture":"#1"}}},{"from":[13.08239,10.01537,17.99134],"to":[15.98239,13.81537,21.39134],"rotation":{"origin":[15.08239,11.51537,19.89134],"axis":"z","angle":22.5},"faces":{"north":{"uv":[7.0,11.0,7.6,11.8],"texture":"#1"},"east":{"uv":[8.6,11.0,9.2,11.8],"texture":"#1"},"south":{"uv":[9.2,11.0,9.8,11.8],"texture":"#1"},"west":{"uv":[9.8,11.0,10.4,11.8],"texture":"#1"},"up":{"uv":[12.0,3.6,11.4,3.0],"texture":"#1"},"down":{"uv":[5.2,11.4,4.6,12.0],"texture":"#1"}}},{"from":[13.41342,5.3209,18.6],"to":[14.91342,6.3209,20.6],"rotation":{"origin":[16.91342,3.0709,21.6],"axis":"z","angle":22.5},"faces":{"north":{"uv":[11.0,4.0,11.4,4.2],"texture":"#1"},"east":{"uv":[11.2,0.6,11.6,0.8],"texture":"#1"},"south":{"uv":[11.4,4.0,11.8,4.2],"texture":"#1"},"west":{"uv":[11.6,1.8,12.0,2.0],"texture":"#1"},"up":{"uv":[0.4,12.2,0.0,11.8],"texture":"#1"},"down":{"uv":[2.8,11.8,2.4,12.2],"texture":"#1"}}},{"from":[13.75713,7.29072,-15.09091],"to":[31.75713,7.29072,-7.09091],"rotation":{"origin":[21.025,8.16572,-5.275],"axis":"y","angle":-22.5},"faces":{"north":{"uv":[0.0,0.0,0.0,6.0],"texture":"#0","rotation":90},"east":{"uv":[0.0,0.0,0.0,2.666666],"texture":"#0","rotation":270},"south":{"uv":[0.0,0.0,0.0,6.0],"texture":"#0","rotation":270},"west":{"uv":[0.0,2.666666,0.0,0.0],"texture":"#0","rotation":270},"up":{"uv":[0.0,13.75,5.166666,16.0],"texture":"#0"},"down":{"uv":[0.0,16.0,5.166666,13.75],"texture":"#0"}}},{"from":[14.56746,10.89575,18.49134],"to":[17.36746,15.0,20.89134],"rotation":{"origin":[16.36746,12.89575,19.89134],"axis":"z","angle":-22.5},"faces":{"north":{"uv":[11.0,4.6,11.6,5.4],"texture":"#1"},"east":{"uv":[11.4,11.2,11.8,12.0],"texture":"#1"},"south":{"uv":[6.4,11.0,7.0,11.8],"texture":"#1"},"west":{"uv":[0.6,11.6,1.0,12.4],"texture":"#1"},"up":{"uv":[12.2,5.4,11.6,5.0],"texture":"#1"},"down":{"uv":[8.6,11.6,8.0,12.0],"texture":"#1"}}},{"from":[14.79236,6.04072,-7.12826],"to":[28.19236,8.54072,-4.62826],"rotation":{"origin":[18.125,8.16572,-5.275],"axis":"y","angle":-22.5},"faces":{"north":{"uv":[6.333334,0.0,5.333334,4.333334],"texture":"#2","rotation":90},"east":{"uv":[11.0,10.666666,12.0,11.666666],"texture":"#2","rotation":270},"south":{"uv":[1.0,6.0,0.0,10.333334],"texture":"#2","rotation":270},"west":{"uv":[7.666666,12.0,8.666666,11.0],"texture":"#2","rotation":270},"up":{"uv":[2.0,6.0,1.0,10.333334],"texture":"#2","rotation":270},"down":{"uv":[6.333334,4.333334,5.333334,8.666666],"texture":"#2","rotation":270}}},{"from":[15.56639,5.79072,-9.475],"to":[18.56639,8.79072,-8.225],"faces":{"north":{"uv":[12.0,1.0,11.0,2.0],"texture":"#2","rotation":90},"east":{"uv":[11.666666,9.333334,12.666666,9.666666],"texture":"#2","rotation":270},"south":{"uv":[6.0,11.0,5.0,12.0],"texture":"#2","rotation":270},"west":{"uv":[11.666666,9.333334,12.666666,9.0],"texture":"#2","rotation":270},"up":{"uv":[6.333334,11.0,6.0,12.0],"texture":"#2","rotation":270},"down":{"uv":[9.666666,2.0,9.333334,3.0],"texture":"#2","rotation":270}}},{"from":[16.06639,6.29072,-10.475],"to":[18.06639,8.29072,-9.475],"faces":{"north":{"uv":[9.333334,11.0,8.666666,11.666666],"texture":"#2","rotation":90},"east":{"uv":[8.666666,11.666666,9.333334,12.0],"texture":"#2","rotation":270},"south":{"uv":[12.0,7.0,11.333334,7.666666],"texture":"#2","rotation":270},"west":{"uv":[10.666666,7.666666,11.333334,7.333334],"texture":"#2","rotation":270},"up":{"uv":[9.666666,3.0,9.333334,3.666666],"texture":"#2","rotation":270},"down":{"uv":[8.0,3.666666,7.666666,4.333334],"texture":"#2","rotation":270}}},{"from":[18.26639,8.49072,-9.55],"to":[15.86639,6.09072,-10.95],"faces":{"north":{"uv":[12.0,7.666666,11.333334,8.333334],"texture":"#2","rotation":90},"east":{"uv":[10.0,11.666666,10.666666,12.0],"texture":"#2","rotation":270},"south":{"uv":[10.0,11.333334,9.333334,12.0],"texture":"#2","rotation":270},"west":{"uv":[11.666666,10.0,12.333334,9.666666],"texture":"#2","rotation":270},"up":{"uv":[10.666666,2.0,10.333334,2.666666],"texture":"#2","rotation":270},"down":{"uv":[8.0,9.333334,7.666666,10.0],"texture":"#2","rotation":270}}},{"from":[19.24019,5.04072,-9.01277],"to":[24.24019,9.54072,-4.51277],"rotation":{"origin":[18.125,8.16572,-5.275],"axis":"y","angle":-22.5},"faces":{"north":{"uv":[9.333334,2.0,7.666666,3.666666],"texture":"#2","rotation":90},"east":{"uv":[8.0,7.0,9.666666,8.666666],"texture":"#2","rotation":270},"south":{"uv":[3.666666,8.0,2.0,9.666666],"texture":"#2","rotation":270},"west":{"uv":[8.0,7.0,9.666666,5.333334],"texture":"#2","rotation":270},"up":{"uv":[9.666666,3.666666,8.0,5.333334],"texture":"#2","rotation":270},"down":{"uv":[8.0,7.666666,6.333334,9.333334],"texture":"#2","rotation":270}}},{"from":[24.24019,5.04072,-9.01277],"to":[27.24019,9.54072,-6.51277],"rotation":{"origin":[18.125,8.16572,-5.275],"axis":"y","angle":-22.5},"faces":{"north":{"uv":[11.333334,7.666666,9.666666,8.666666],"texture":"#2","rotation":90},"east":{"uv":[10.0,9.666666,11.666666,10.666666],"texture":"#2","rotation":270},"south":{"uv":[9.333334,10.0,7.666666,11.0],"texture":"#2","rotation":270},"west":{"uv":[10.0,9.666666,11.666666,8.666666],"texture":"#2","rotation":270},"up":{"uv":[12.333334,4.0,11.333334,5.0],"texture":"#2","rotation":270},"down":{"uv":[3.0,11.333334,2.0,12.333334],"texture":"#2","rotation":270}}},{"from":[27.87841,5.29072,-7.87826],"to":[29.87841,9.29072,-3.87826],"rotation":{"origin":[18.125,8.16572,-5.275],"axis":"y","angle":-22.5},"faces":{"north":{"uv":[9.666666,1.333334,8.333334,2.0],"texture":"#2","rotation":90},"east":{"uv":[8.0,8.666666,9.333334,10.0],"texture":"#2","rotation":270},"south":{"uv":[12.666666,5.666666,11.333334,6.333334],"texture":"#2","rotation":270},"west":{"uv":[8.333334,1.333334,9.666666,0.0],"texture":"#2","rotation":270},"up":{"uv":[12.666666,6.333334,11.333334,7.0],"texture":"#2","rotation":270},"down":{"uv":[12.666666,5.0,11.333334,5.666666],"texture":"#2","rotation":270}}}],"textures":{"0":"7606080e-1eec-44e6-9c69-56a93359fec1","1":"002f2d8a-8178-452b-a9db-aea49c2b49fc","2":"8d46ae6d-fc6a-46f4-ad77-50e8d4f15d5f"},"gui_light":"front"}