{"display":{"thirdperson_righthand":{"translation":[0.0,-3.25,2.0],"scale":[0.65039,0.65039,0.65039]},"thirdperson_lefthand":{"translation":[0.0,-3.25,2.0],"scale":[0.65039,0.65039,0.65039]},"firstperson_righthand":{"rotation":[1.05,7.95,-7.27],"translation":[5.0,1.0,-3.5],"scale":[0.64063,0.63086,0.64063]},"firstperson_lefthand":{"rotation":[1.05,7.95,-7.27],"translation":[5.0,1.0,-3.5],"scale":[0.64063,0.63086,0.64063]},"ground":{"rotation":[0.0,0.0,94.0],"translation":[1.0,0.0,0.75],"scale":[0.48438,0.48438,0.48438]},"gui":{"rotation":[90.0,45.0,-90.0],"translation":[-2.25,1.25,0.0],"scale":[0.45625,0.45625,0.45625]},"head":{"rotation":[-90.0,59.25,90.0],"translation":[-2.0,17.0,0.0],"scale":[0.75781,0.75781,0.75781]},"fixed":{"rotation":[0.0,84.75,0.0],"translation":[0.0,2.0,-4.5],"scale":[1.71875,1.71875,1.71875]}},"elements":[{"from":[5.70554,12.84776,3.64591],"to":[8.20554,13.84776,6.14591],"rotation":{"origin":[6.96804,9.84776,8.0125],"axis":"y","angle":0.0},"faces":{"north":{"uv":[8.0,2.0,8.75,2.25],"texture":"#1"},"east":{"uv":[8.0,7.25,8.75,7.5],"texture":"#1"},"south":{"uv":[8.0,7.5,8.75,7.75],"texture":"#1"},"west":{"uv":[7.25,2.0,8.0,2.25],"texture":"#1"},"up":{"uv":[1.75,6.75,1.0,6.0],"texture":"#1","rotation":270},"down":{"uv":[6.75,1.5,6.0,2.25],"texture":"#1","rotation":90}}},{"from":[5.80554,8.88144,1.22853],"to":[8.10554,9.88144,2.80353],"rotation":{"origin":[6.96804,9.84776,8.0125],"axis":"x","angle":45.0},"faces":{"north":{"uv":[5.0,9.0,5.5,9.25],"texture":"#1"},"east":{"uv":[9.0,5.0,9.5,5.25],"texture":"#1"},"south":{"uv":[9.0,5.25,9.5,5.5],"texture":"#1"},"west":{"uv":[9.0,4.75,9.5,5.0],"texture":"#1"},"up":{"uv":[4.75,8.5,4.25,8.0],"texture":"#1","rotation":270},"down":{"uv":[5.25,8.0,4.75,8.5],"texture":"#1","rotation":90}}},{"from":[6.70554,14.87995,0.98716],"to":[7.20554,16.87995,9.13716],"rotation":{"origin":[6.96804,9.84776,8.0125],"axis":"x","angle":-45.0},"faces":{"north":{"uv":[1.0,9.0,1.25,9.5],"texture":"#1"},"east":{"uv":[3.0,3.0,5.0,3.5],"texture":"#1"},"south":{"uv":[9.0,1.0,9.25,1.5],"texture":"#1"},"west":{"uv":[3.0,2.5,5.0,3.0],"texture":"#1"},"up":{"uv":[8.75,0.25,6.75,0.0],"texture":"#1","rotation":270},"down":{"uv":[8.75,0.25,6.75,0.5],"texture":"#1","rotation":90}}},{"from":[6.30554,7.84776,5.39591],"to":[7.60554,11.84776,6.89591],"rotation":{"origin":[6.96804,9.84776,8.0125],"axis":"y","angle":0.0},"faces":{"north":{"uv":[6.0,3.25,6.5,4.25],"texture":"#1"},"east":{"uv":[3.75,6.0,4.25,7.0],"texture":"#1"},"south":{"uv":[6.0,4.25,6.5,5.25],"texture":"#1"},"west":{"uv":[5.0,5.5,5.5,6.5],"texture":"#1"},"up":{"uv":[7.5,1.5,7.0,1.0],"texture":"#1","rotation":270},"down":{"uv":[7.5,6.75,7.0,7.25],"texture":"#1","rotation":90}}},{"from":[6.70554,-6.15224,13.64591],"to":[7.20554,25.84776,14.14591],"rotation":{"origin":[6.96804,9.84776,8.0125],"axis":"y","angle":0.0},"faces":{"north":{"uv":[0.25,0.0,0.5,8.0],"texture":"#1"},"east":{"uv":[0.5,0.0,0.75,8.0],"texture":"#1"},"south":{"uv":[0.75,0.0,1.0,8.0],"texture":"#1"},"west":{"uv":[0.0,0.0,0.25,8.0],"texture":"#1"},"up":{"uv":[1.25,9.75,1.0,9.5],"texture":"#1","rotation":270},"down":{"uv":[9.75,1.0,9.5,1.25],"texture":"#1","rotation":90}}},{"from":[6.33054,12.05152,7.13716],"to":[7.58054,15.05152,8.63716],"rotation":{"origin":[6.96804,9.84776,8.0125],"axis":"x","angle":-45.0},"faces":{"north":{"uv":[1.75,6.75,2.25,7.5],"texture":"#1"},"east":{"uv":[3.0,6.75,3.5,7.5],"texture":"#1"},"south":{"uv":[2.25,7.0,2.75,7.75],"texture":"#1"},"west":{"uv":[6.75,1.5,7.25,2.25],"texture":"#1"},"up":{"uv":[7.0,7.75,6.5,7.25],"texture":"#1","rotation":270},"down":{"uv":[7.5,7.25,7.0,7.75],"texture":"#1","rotation":90}}},{"from":[5.80554,9.81408,1.22853],"to":[8.10554,10.81408,2.80353],"rotation":{"origin":[6.96804,9.84776,8.0125],"axis":"x","angle":-45.0},"faces":{"north":{"uv":[9.0,5.5,9.5,5.75],"texture":"#1"},"east":{"uv":[9.0,5.75,9.5,6.0],"texture":"#1"},"south":{"uv":[9.0,6.0,9.5,6.25],"texture":"#1"},"west":{"uv":[5.5,9.0,6.0,9.25],"texture":"#1"},"up":{"uv":[8.5,6.75,8.0,6.25],"texture":"#1","rotation":270},"down":{"uv":[8.5,6.75,8.0,7.25],"texture":"#1","rotation":90}}},{"from":[6.33054,4.644,7.13716],"to":[7.58054,7.644,8.63716],"rotation":{"origin":[6.96804,9.84776,8.0125],"axis":"x","angle":45.0},"faces":{"north":{"uv":[7.0,5.25,7.5,6.0],"texture":"#1"},"east":{"uv":[5.5,7.0,6.0,7.75],"texture":"#1"},"south":{"uv":[7.0,6.0,7.5,6.75],"texture":"#1"},"west":{"uv":[7.0,3.25,7.5,4.0],"texture":"#1"},"up":{"uv":[8.5,5.75,8.0,5.25],"texture":"#1","rotation":270},"down":{"uv":[8.5,5.75,8.0,6.25],"texture":"#1","rotation":90}}},{"from":[5.85554,15.45152,2.16278],"to":[8.05554,16.25152,2.76278],"rotation":{"origin":[6.96804,9.84776,8.0125],"axis":"x","angle":22.5},"faces":{"north":{"uv":[7.0,4.0,7.5,4.25],"texture":"#1"},"east":{"uv":[6.25,9.0,6.5,9.25],"texture":"#1"},"south":{"uv":[2.25,8.25,2.75,8.5],"texture":"#1"},"west":{"uv":[2.25,6.75,2.5,7.0],"texture":"#1"},"up":{"uv":[5.0,1.5,4.75,1.0],"texture":"#1","rotation":270},"down":{"uv":[5.0,1.5,4.75,2.0],"texture":"#1","rotation":90}}},{"from":[5.85554,15.45152,1.56278],"to":[8.05554,16.75152,2.16278],"rotation":{"origin":[6.96804,9.84776,8.0125],"axis":"x","angle":22.5},"faces":{"north":{"uv":[8.25,2.25,8.75,2.5],"texture":"#1"},"east":{"uv":[9.0,6.75,9.25,7.0],"texture":"#1"},"south":{"uv":[8.25,2.5,8.75,2.75],"texture":"#1"},"west":{"uv":[6.5,9.0,6.75,9.25],"texture":"#1"},"up":{"uv":[4.5,6.5,4.25,6.0],"texture":"#1","rotation":270},"down":{"uv":[8.5,2.75,8.25,3.25],"texture":"#1","rotation":90}}},{"from":[5.88054,16.95663,8.32853],"to":[8.03054,19.28163,8.82853],"rotation":{"origin":[6.96804,9.84776,8.0125],"axis":"x","angle":-22.5},"faces":{"north":{"uv":[7.5,1.0,8.0,1.5],"texture":"#1"},"east":{"uv":[5.5,8.25,5.75,8.75],"texture":"#1"},"south":{"uv":[1.75,7.5,2.25,8.0],"texture":"#1"},"west":{"uv":[3.5,8.25,3.75,8.75],"texture":"#1"},"up":{"uv":[6.0,8.75,5.75,8.25],"texture":"#1","rotation":270},"down":{"uv":[6.25,8.25,6.0,8.75],"texture":"#1","rotation":90}}},{"from":[5.85554,11.95151,1.56279],"to":[8.05554,15.45151,3.56279],"rotation":{"origin":[6.96804,9.84776,8.0125],"axis":"x","angle":22.5},"faces":{"north":{"uv":[5.5,6.0,6.0,7.0],"texture":"#1"},"east":{"uv":[6.0,6.25,6.5,7.25],"texture":"#1"},"south":{"uv":[6.5,3.25,7.0,4.25],"texture":"#1"},"west":{"uv":[6.0,5.25,6.5,6.25],"texture":"#1"},"up":{"uv":[3.5,8.0,3.0,7.5],"texture":"#1","rotation":270},"down":{"uv":[8.0,3.25,7.5,3.75],"texture":"#1","rotation":90}}},{"from":[5.98054,11.95787,2.65427],"to":[7.93054,17.95787,4.65427],"rotation":{"origin":[6.96804,9.84776,8.0125],"axis":"x","angle":22.5},"faces":{"north":{"uv":[3.5,4.5,4.0,6.0],"texture":"#1"},"east":{"uv":[4.5,3.5,5.0,5.0],"texture":"#1"},"south":{"uv":[4.0,4.5,4.5,6.0],"texture":"#1"},"west":{"uv":[3.0,4.5,3.5,6.0],"texture":"#1"},"up":{"uv":[8.0,4.25,7.5,3.75],"texture":"#1","rotation":270},"down":{"uv":[4.75,7.5,4.25,8.0],"texture":"#1","rotation":90}}},{"from":[6.73054,10.95787,3.65427],"to":[7.23054,18.95787,5.65427],"rotation":{"origin":[6.96804,9.84776,8.0125],"axis":"x","angle":22.5},"faces":{"north":{"uv":[5.25,6.5,5.5,8.5],"texture":"#1"},"east":{"uv":[1.5,3.5,2.0,5.5],"texture":"#1"},"south":{"uv":[1.0,6.75,1.25,8.75],"texture":"#1"},"west":{"uv":[1.0,3.5,1.5,5.5],"texture":"#1"},"up":{"uv":[2.5,9.25,2.0,9.0],"texture":"#1","rotation":270},"down":{"uv":[9.5,2.25,9.0,2.5],"texture":"#1","rotation":90}}},{"from":[6.73054,16.59658,0.49973],"to":[7.23054,22.59658,2.49973],"rotation":{"origin":[6.96804,9.84776,8.0125],"axis":"x","angle":45.0},"faces":{"north":{"uv":[3.5,6.75,3.75,8.25],"texture":"#1"},"east":{"uv":[2.5,5.5,3.0,7.0],"texture":"#1"},"south":{"uv":[2.75,7.0,3.0,8.5],"texture":"#1"},"west":{"uv":[5.5,1.5,6.0,3.0],"texture":"#1"},"up":{"uv":[3.0,9.25,2.5,9.0],"texture":"#1","rotation":270},"down":{"uv":[9.5,2.5,9.0,2.75],"texture":"#1","rotation":90}}},{"from":[6.73054,22.76066,11.12916],"to":[7.23054,24.76066,13.12916],"rotation":{"origin":[6.96804,9.84776,8.0125],"axis":"z","angle":0.0},"faces":{"north":{"uv":[9.0,2.75,9.25,3.25],"texture":"#1"},"east":{"uv":[3.0,8.0,3.5,8.5],"texture":"#1"},"south":{"uv":[3.0,9.0,3.25,9.5],"texture":"#1"},"west":{"uv":[1.75,8.0,2.25,8.5],"texture":"#1"},"up":{"uv":[9.5,3.5,9.0,3.25],"texture":"#1","rotation":270},"down":{"uv":[9.5,3.5,9.0,3.75],"texture":"#1","rotation":90}}},{"from":[6.73054,0.73765,3.65427],"to":[7.23054,8.73765,5.65427],"rotation":{"origin":[6.96804,9.84776,8.0125],"axis":"x","angle":-22.5},"faces":{"north":{"uv":[1.25,6.75,1.5,8.75],"texture":"#1"},"east":{"uv":[2.5,3.5,3.0,5.5],"texture":"#1"},"south":{"uv":[1.5,6.75,1.75,8.75],"texture":"#1"},"west":{"uv":[2.0,3.5,2.5,5.5],"texture":"#1"},"up":{"uv":[5.0,9.25,4.5,9.0],"texture":"#1","rotation":270},"down":{"uv":[9.5,4.5,9.0,4.75],"texture":"#1","rotation":90}}},{"from":[6.73054,-2.90106,0.49973],"to":[7.23054,3.09894,2.49973],"rotation":{"origin":[6.96804,9.84776,8.0125],"axis":"x","angle":-45.0},"faces":{"north":{"uv":[3.75,7.0,4.0,8.5],"texture":"#1"},"east":{"uv":[5.5,4.5,6.0,6.0],"texture":"#1"},"south":{"uv":[4.0,7.0,4.25,8.5],"texture":"#1"},"west":{"uv":[5.5,3.0,6.0,4.5],"texture":"#1"},"up":{"uv":[9.5,4.25,9.0,4.0],"texture":"#1","rotation":270},"down":{"uv":[9.5,4.25,9.0,4.5],"texture":"#1","rotation":90}}},{"from":[6.73054,-5.06514,11.12916],"to":[7.23054,-3.06514,13.12916],"rotation":{"origin":[6.96804,9.84776,8.0125],"axis":"z","angle":0.0},"faces":{"north":{"uv":[3.25,9.0,3.5,9.5],"texture":"#1"},"east":{"uv":[8.0,3.75,8.5,4.25],"texture":"#1"},"south":{"uv":[3.75,9.0,4.0,9.5],"texture":"#1"},"west":{"uv":[8.0,3.25,8.5,3.75],"texture":"#1"},"up":{"uv":[9.5,4.0,9.0,3.75],"texture":"#1","rotation":270},"down":{"uv":[4.5,9.0,4.0,9.25],"texture":"#1","rotation":90}}},{"from":[5.98054,17.95787,2.65426],"to":[7.93054,19.25787,3.15426],"rotation":{"origin":[6.96804,9.84776,8.0125],"axis":"x","angle":22.5},"faces":{"north":{"uv":[6.25,8.25,6.75,8.5],"texture":"#1"},"east":{"uv":[9.0,7.25,9.25,7.5],"texture":"#1"},"south":{"uv":[6.75,8.25,7.25,8.5],"texture":"#1"},"west":{"uv":[9.0,7.0,9.25,7.25],"texture":"#1"},"up":{"uv":[7.5,8.75,7.25,8.25],"texture":"#1","rotation":270},"down":{"uv":[7.75,8.25,7.5,8.75],"texture":"#1","rotation":90}}},{"from":[5.98054,17.95787,3.15426],"to":[7.93054,18.75787,3.65426],"rotation":{"origin":[6.96804,9.84776,8.0125],"axis":"x","angle":22.5},"faces":{"north":{"uv":[7.75,8.25,8.25,8.5],"texture":"#1"},"east":{"uv":[8.25,9.0,8.5,9.25],"texture":"#1"},"south":{"uv":[8.25,8.25,8.75,8.5],"texture":"#1"},"west":{"uv":[9.0,7.5,9.25,7.75],"texture":"#1"},"up":{"uv":[0.25,9.0,0.0,8.5],"texture":"#1","rotation":270},"down":{"uv":[0.5,8.5,0.25,9.0],"texture":"#1","rotation":90}}},{"from":[5.98054,17.95788,3.65426],"to":[7.93054,18.25788,4.15426],"rotation":{"origin":[6.96804,9.84776,8.0125],"axis":"x","angle":22.5},"faces":{"north":{"uv":[0.5,8.5,1.0,8.75],"texture":"#1"},"east":{"uv":[8.5,9.0,8.75,9.25],"texture":"#1"},"south":{"uv":[8.5,1.0,9.0,1.25],"texture":"#1"},"west":{"uv":[9.0,8.25,9.25,8.5],"texture":"#1"},"up":{"uv":[2.0,9.0,1.75,8.5],"texture":"#1","rotation":270},"down":{"uv":[2.25,8.5,2.0,9.0],"texture":"#1","rotation":90}}},{"from":[5.98054,17.9571,10.87258],"to":[7.93054,20.2821,11.37258],"rotation":{"origin":[6.96804,9.84776,8.0125],"axis":"x","angle":-22.5},"faces":{"north":{"uv":[4.75,7.5,5.25,8.0],"texture":"#1"},"east":{"uv":[2.5,8.5,2.75,9.0],"texture":"#1"},"south":{"uv":[7.5,5.25,8.0,5.75],"texture":"#1"},"west":{"uv":[2.25,8.5,2.5,9.0],"texture":"#1"},"up":{"uv":[3.0,9.0,2.75,8.5],"texture":"#1","rotation":270},"down":{"uv":[8.75,2.75,8.5,3.25],"texture":"#1","rotation":90}}},{"from":[6.50554,17.4525,16.95332],"to":[7.40554,18.9525,24.95332],"rotation":{"origin":[6.96804,9.84776,8.0125],"axis":"x","angle":-45.0},"faces":{"north":{"uv":[3.0,8.5,3.25,9.0],"texture":"#1"},"east":{"uv":[1.0,2.5,3.0,3.0],"texture":"#1"},"south":{"uv":[3.25,8.5,3.5,9.0],"texture":"#1"},"west":{"uv":[1.0,2.0,3.0,2.5],"texture":"#1"},"up":{"uv":[8.5,4.5,6.5,4.25],"texture":"#1","rotation":270},"down":{"uv":[8.5,4.5,6.5,4.75],"texture":"#1","rotation":90}}},{"from":[6.25554,16.4525,13.95332],"to":[7.65554,17.9525,22.95332],"rotation":{"origin":[6.96804,9.84776,8.0125],"axis":"x","angle":-45.0},"faces":{"north":{"uv":[8.5,4.5,8.75,5.0],"texture":"#1"},"east":{"uv":[1.0,0.5,3.25,1.0],"texture":"#1"},"south":{"uv":[4.75,8.5,5.0,9.0],"texture":"#1"},"west":{"uv":[1.0,0.0,3.25,0.5],"texture":"#1"},"up":{"uv":[8.25,2.5,6.0,2.25],"texture":"#1","rotation":270},"down":{"uv":[8.25,2.5,6.0,2.75],"texture":"#1","rotation":90}}},{"from":[6.25554,16.4525,22.95332],"to":[7.65554,16.9525,23.75332],"rotation":{"origin":[6.96804,9.84776,8.0125],"axis":"x","angle":-45.0},"faces":{"north":{"uv":[9.25,2.0,9.5,2.25],"texture":"#1"},"east":{"uv":[2.25,9.25,2.5,9.5],"texture":"#1"},"south":{"uv":[2.5,9.25,2.75,9.5],"texture":"#1"},"west":{"uv":[2.0,9.25,2.25,9.5],"texture":"#1"},"up":{"uv":[3.0,9.5,2.75,9.25],"texture":"#1","rotation":270},"down":{"uv":[9.5,2.75,9.25,3.0],"texture":"#1","rotation":90}}},{"from":[6.25554,16.95249,22.95332],"to":[7.65554,17.45249,23.40332],"rotation":{"origin":[6.96804,9.84776,8.0125],"axis":"x","angle":-45.0},"faces":{"north":{"uv":[3.5,9.25,3.75,9.5],"texture":"#1"},"east":{"uv":[4.0,9.25,4.25,9.5],"texture":"#1"},"south":{"uv":[4.25,9.25,4.5,9.5],"texture":"#1"},"west":{"uv":[9.25,3.0,9.5,3.25],"texture":"#1"},"up":{"uv":[4.75,9.5,4.5,9.25],"texture":"#1","rotation":270},"down":{"uv":[5.0,9.25,4.75,9.5],"texture":"#1","rotation":90}}},{"from":[6.25554,25.64343,12.84634],"to":[7.65554,26.14343,14.47134],"rotation":{"origin":[6.96804,9.84776,8.0125],"axis":"z","angle":0.0},"faces":{"north":{"uv":[9.25,1.5,9.5,1.75],"texture":"#1"},"east":{"uv":[8.5,5.0,9.0,5.25],"texture":"#1"},"south":{"uv":[9.25,1.75,9.5,2.0],"texture":"#1"},"west":{"uv":[5.0,8.5,5.5,8.75],"texture":"#1"},"up":{"uv":[9.0,5.5,8.5,5.25],"texture":"#1","rotation":270},"down":{"uv":[9.0,5.5,8.5,5.75],"texture":"#1","rotation":90}}},{"from":[6.50554,20.9829,7.8966],"to":[7.40554,22.6079,9.3966],"rotation":{"origin":[6.96804,9.84776,8.0125],"axis":"z","angle":0.0},"faces":{"north":{"uv":[8.5,3.25,8.75,3.75],"texture":"#1"},"east":{"uv":[7.5,6.25,8.0,6.75],"texture":"#1"},"south":{"uv":[3.75,8.5,4.0,9.0],"texture":"#1"},"west":{"uv":[7.5,5.75,8.0,6.25],"texture":"#1"},"up":{"uv":[9.0,1.5,8.5,1.25],"texture":"#1","rotation":270},"down":{"uv":[9.0,3.75,8.5,4.0],"texture":"#1","rotation":90}}},{"from":[6.50554,27.20409,14.11411],"to":[7.40554,28.82909,14.61411],"rotation":{"origin":[6.96804,9.84776,8.0125],"axis":"z","angle":0.0},"faces":{"north":{"uv":[8.5,4.0,8.75,4.5],"texture":"#1"},"east":{"uv":[4.25,8.5,4.5,9.0],"texture":"#1"},"south":{"uv":[4.5,8.5,4.75,9.0],"texture":"#1"},"west":{"uv":[4.0,8.5,4.25,9.0],"texture":"#1"},"up":{"uv":[9.25,8.75,9.0,8.5],"texture":"#1","rotation":270},"down":{"uv":[9.0,9.0,8.75,9.25],"texture":"#1","rotation":90}}},{"from":[6.50554,17.95249,24.95331],"to":[7.40554,18.45249,25.25331],"rotation":{"origin":[6.96804,9.84776,8.0125],"axis":"x","angle":-45.0},"faces":{"north":{"uv":[0.0,9.25,0.25,9.5],"texture":"#1"},"east":{"uv":[9.25,0.0,9.5,0.25],"texture":"#1"},"south":{"uv":[0.25,9.25,0.5,9.5],"texture":"#1"},"west":{"uv":[9.0,9.0,9.25,9.25],"texture":"#1"},"up":{"uv":[9.5,0.5,9.25,0.25],"texture":"#1","rotation":270},"down":{"uv":[0.75,9.25,0.5,9.5],"texture":"#1","rotation":90}}},{"from":[6.50554,18.45249,24.95331],"to":[7.40554,18.95249,25.75331],"rotation":{"origin":[6.96804,9.84776,8.0125],"axis":"x","angle":-45.0},"faces":{"north":{"uv":[9.25,0.75,9.5,1.0],"texture":"#1"},"east":{"uv":[9.25,1.0,9.5,1.25],"texture":"#1"},"south":{"uv":[1.25,9.25,1.5,9.5],"texture":"#1"},"west":{"uv":[9.25,0.5,9.5,0.75],"texture":"#1"},"up":{"uv":[9.5,1.5,9.25,1.25],"texture":"#1","rotation":270},"down":{"uv":[1.75,9.25,1.5,9.5],"texture":"#1","rotation":90}}},{"from":[6.70554,2.81557,0.98716],"to":[7.20554,4.81557,9.13716],"rotation":{"origin":[6.96804,9.84776,8.0125],"axis":"x","angle":45.0},"faces":{"north":{"uv":[9.0,1.5,9.25,2.0],"texture":"#1"},"east":{"uv":[3.25,0.5,5.25,1.0],"texture":"#1"},"south":{"uv":[1.75,9.0,2.0,9.5],"texture":"#1"},"west":{"uv":[3.25,0.0,5.25,0.5],"texture":"#1"},"up":{"uv":[8.75,0.75,6.75,0.5],"texture":"#1","rotation":270},"down":{"uv":[8.75,0.75,6.75,1.0],"texture":"#1","rotation":90}}},{"from":[5.70554,5.84776,3.64591],"to":[8.20554,6.84776,6.14591],"rotation":{"origin":[6.96804,9.84776,8.0125],"axis":"y","angle":0.0},"faces":{"north":{"uv":[8.0,8.0,8.75,8.25],"texture":"#1"},"east":{"uv":[8.25,1.5,9.0,1.75],"texture":"#1"},"south":{"uv":[8.25,1.75,9.0,2.0],"texture":"#1"},"west":{"uv":[8.0,7.75,8.75,8.0],"texture":"#1"},"up":{"uv":[2.5,6.75,1.75,6.0],"texture":"#1","rotation":270},"down":{"uv":[3.75,6.0,3.0,6.75],"texture":"#1","rotation":90}}},{"from":[5.98054,1.73765,2.65427],"to":[7.93054,7.73765,4.65427],"rotation":{"origin":[6.96804,9.84776,8.0125],"axis":"x","angle":-22.5},"faces":{"north":{"uv":[5.0,2.5,5.5,4.0],"texture":"#1"},"east":{"uv":[5.0,4.0,5.5,5.5],"texture":"#1"},"south":{"uv":[4.5,5.0,5.0,6.5],"texture":"#1"},"west":{"uv":[5.0,1.0,5.5,2.5],"texture":"#1"},"up":{"uv":[8.0,8.25,7.5,7.75],"texture":"#1","rotation":270},"down":{"uv":[0.5,8.0,0.0,8.5],"texture":"#1","rotation":90}}},{"from":[5.85554,4.24401,1.56279],"to":[8.05554,7.74401,3.56279],"rotation":{"origin":[6.96804,9.84776,8.0125],"axis":"x","angle":-22.5},"faces":{"north":{"uv":[4.75,6.5,5.25,7.5],"texture":"#1"},"east":{"uv":[6.5,5.25,7.0,6.25],"texture":"#1"},"south":{"uv":[6.5,6.25,7.0,7.25],"texture":"#1"},"west":{"uv":[4.25,6.5,4.75,7.5],"texture":"#1"},"up":{"uv":[7.0,8.25,6.5,7.75],"texture":"#1","rotation":270},"down":{"uv":[7.5,7.75,7.0,8.25],"texture":"#1","rotation":90}}},{"from":[5.85554,2.944,1.56278],"to":[8.05554,4.244,2.16278],"rotation":{"origin":[6.96804,9.84776,8.0125],"axis":"x","angle":-22.5},"faces":{"north":{"uv":[8.75,8.75,9.25,9.0],"texture":"#1"},"east":{"uv":[9.5,0.75,9.75,1.0],"texture":"#1"},"south":{"uv":[0.0,9.0,0.5,9.25],"texture":"#1"},"west":{"uv":[0.75,9.5,1.0,9.75],"texture":"#1"},"up":{"uv":[9.25,0.5,9.0,0.0],"texture":"#1","rotation":270},"down":{"uv":[1.0,9.0,0.75,9.5],"texture":"#1","rotation":90}}},{"from":[5.85554,3.444,2.16278],"to":[8.05554,4.244,2.76278],"rotation":{"origin":[6.96804,9.84776,8.0125],"axis":"x","angle":-22.5},"faces":{"north":{"uv":[8.75,7.75,9.25,8.0],"texture":"#1"},"east":{"uv":[9.5,0.5,9.75,0.75],"texture":"#1"},"south":{"uv":[8.75,8.0,9.25,8.25],"texture":"#1"},"west":{"uv":[0.5,9.5,0.75,9.75],"texture":"#1"},"up":{"uv":[8.25,9.25,8.0,8.75],"texture":"#1","rotation":270},"down":{"uv":[9.0,8.25,8.75,8.75],"texture":"#1","rotation":90}}},{"from":[5.88054,0.41389,8.32853],"to":[8.03054,2.73889,8.82853],"rotation":{"origin":[6.96804,9.84776,8.0125],"axis":"x","angle":22.5},"faces":{"north":{"uv":[5.5,7.75,6.0,8.25],"texture":"#1"},"east":{"uv":[8.75,7.25,9.0,7.75],"texture":"#1"},"south":{"uv":[6.0,7.75,6.5,8.25],"texture":"#1"},"west":{"uv":[7.25,8.75,7.5,9.25],"texture":"#1"},"up":{"uv":[7.75,9.25,7.5,8.75],"texture":"#1","rotation":270},"down":{"uv":[8.0,8.75,7.75,9.25],"texture":"#1","rotation":90}}},{"from":[5.98054,0.93765,3.15426],"to":[7.93054,1.73765,3.65426],"rotation":{"origin":[6.96804,9.84776,8.0125],"axis":"x","angle":-22.5},"faces":{"north":{"uv":[8.75,6.25,9.25,6.5],"texture":"#1"},"east":{"uv":[9.5,0.25,9.75,0.5],"texture":"#1"},"south":{"uv":[8.75,6.5,9.25,6.75],"texture":"#1"},"west":{"uv":[0.25,9.5,0.5,9.75],"texture":"#1"},"up":{"uv":[7.0,9.25,6.75,8.75],"texture":"#1","rotation":270},"down":{"uv":[7.25,8.75,7.0,9.25],"texture":"#1","rotation":90}}},{"from":[5.98054,1.43764,3.65426],"to":[7.93054,1.73764,4.15426],"rotation":{"origin":[6.96804,9.84776,8.0125],"axis":"x","angle":-22.5},"faces":{"north":{"uv":[5.0,8.75,5.5,9.0],"texture":"#1"},"east":{"uv":[9.5,0.0,9.75,0.25],"texture":"#1"},"south":{"uv":[5.5,8.75,6.0,9.0],"texture":"#1"},"west":{"uv":[0.0,9.5,0.25,9.75],"texture":"#1"},"up":{"uv":[9.0,6.25,8.75,5.75],"texture":"#1","rotation":270},"down":{"uv":[6.25,8.75,6.0,9.25],"texture":"#1","rotation":90}}},{"from":[5.98054,-0.58658,10.87258],"to":[7.93054,1.73842,11.37258],"rotation":{"origin":[6.96804,9.84776,8.0125],"axis":"x","angle":22.5},"faces":{"north":{"uv":[7.75,1.5,8.25,2.0],"texture":"#1"},"east":{"uv":[3.5,8.75,3.75,9.25],"texture":"#1"},"south":{"uv":[2.25,7.75,2.75,8.25],"texture":"#1"},"west":{"uv":[8.75,3.25,9.0,3.75],"texture":"#1"},"up":{"uv":[9.0,4.5,8.75,4.0],"texture":"#1","rotation":270},"down":{"uv":[9.0,4.5,8.75,5.0],"texture":"#1","rotation":90}}},{"from":[5.98054,0.43765,2.65426],"to":[7.93054,1.73765,3.15426],"rotation":{"origin":[6.96804,9.84776,8.0125],"axis":"x","angle":-22.5},"faces":{"north":{"uv":[8.75,0.75,9.25,1.0],"texture":"#1"},"east":{"uv":[9.25,9.25,9.5,9.5],"texture":"#1"},"south":{"uv":[8.75,2.0,9.25,2.25],"texture":"#1"},"west":{"uv":[9.25,9.0,9.5,9.25],"texture":"#1"},"up":{"uv":[9.0,2.75,8.75,2.25],"texture":"#1","rotation":270},"down":{"uv":[9.0,2.75,8.75,3.25],"texture":"#1","rotation":90}}},{"from":[6.25554,1.74302,13.95332],"to":[7.65554,3.24302,22.95332],"rotation":{"origin":[6.96804,9.84776,8.0125],"axis":"x","angle":45.0},"faces":{"north":{"uv":[1.25,8.75,1.5,9.25],"texture":"#1"},"east":{"uv":[1.0,1.5,3.25,2.0],"texture":"#1"},"south":{"uv":[1.5,8.75,1.75,9.25],"texture":"#1"},"west":{"uv":[1.0,1.0,3.25,1.5],"texture":"#1"},"up":{"uv":[8.25,3.0,6.0,2.75],"texture":"#1","rotation":270},"down":{"uv":[8.25,3.0,6.0,3.25],"texture":"#1","rotation":90}}},{"from":[6.50554,-2.91238,7.8966],"to":[7.40554,-1.28738,9.3966],"rotation":{"origin":[6.96804,9.84776,8.0125],"axis":"z","angle":0.0},"faces":{"north":{"uv":[8.75,0.0,9.0,0.5],"texture":"#1"},"east":{"uv":[7.5,7.25,8.0,7.75],"texture":"#1"},"south":{"uv":[0.5,8.75,0.75,9.25],"texture":"#1"},"west":{"uv":[7.5,6.75,8.0,7.25],"texture":"#1"},"up":{"uv":[9.25,0.75,8.75,0.5],"texture":"#1","rotation":270},"down":{"uv":[1.25,8.75,0.75,9.0],"texture":"#1","rotation":90}}},{"from":[6.50554,0.74302,16.95332],"to":[7.40554,2.24302,24.95332],"rotation":{"origin":[6.96804,9.84776,8.0125],"axis":"x","angle":45.0},"faces":{"north":{"uv":[8.25,8.5,8.5,9.0],"texture":"#1"},"east":{"uv":[3.0,2.0,5.0,2.5],"texture":"#1"},"south":{"uv":[8.5,8.5,8.75,9.0],"texture":"#1"},"west":{"uv":[1.0,3.0,3.0,3.5],"texture":"#1"},"up":{"uv":[8.5,5.0,6.5,4.75],"texture":"#1","rotation":270},"down":{"uv":[8.5,5.0,6.5,5.25],"texture":"#1","rotation":90}}},{"from":[6.25554,2.24302,22.95332],"to":[7.65554,2.74302,23.40332],"rotation":{"origin":[6.96804,9.84776,8.0125],"axis":"x","angle":45.0},"faces":{"north":{"uv":[8.5,9.25,8.75,9.5],"texture":"#1"},"east":{"uv":[9.25,8.5,9.5,8.75],"texture":"#1"},"south":{"uv":[8.75,9.25,9.0,9.5],"texture":"#1"},"west":{"uv":[9.25,8.25,9.5,8.5],"texture":"#1"},"up":{"uv":[9.5,9.0,9.25,8.75],"texture":"#1","rotation":270},"down":{"uv":[9.25,9.25,9.0,9.5],"texture":"#1","rotation":90}}},{"from":[6.25554,2.74302,22.95332],"to":[7.65554,3.24302,23.75332],"rotation":{"origin":[6.96804,9.84776,8.0125],"axis":"x","angle":45.0},"faces":{"north":{"uv":[7.75,9.25,8.0,9.5],"texture":"#1"},"east":{"uv":[9.25,7.75,9.5,8.0],"texture":"#1"},"south":{"uv":[8.0,9.25,8.25,9.5],"texture":"#1"},"west":{"uv":[9.25,7.5,9.5,7.75],"texture":"#1"},"up":{"uv":[9.5,8.25,9.25,8.0],"texture":"#1","rotation":270},"down":{"uv":[8.5,9.25,8.25,9.5],"texture":"#1","rotation":90}}},{"from":[6.25554,-6.44791,12.84634],"to":[7.65554,-5.94791,14.47134],"rotation":{"origin":[6.96804,9.84776,8.0125],"axis":"z","angle":0.0},"faces":{"north":{"uv":[9.25,7.25,9.5,7.5],"texture":"#1"},"east":{"uv":[8.5,6.75,9.0,7.0],"texture":"#1"},"south":{"uv":[7.5,9.25,7.75,9.5],"texture":"#1"},"west":{"uv":[6.75,8.5,7.25,8.75],"texture":"#1"},"up":{"uv":[9.0,7.25,8.5,7.0],"texture":"#1","rotation":270},"down":{"uv":[8.25,8.5,7.75,8.75],"texture":"#1","rotation":90}}},{"from":[6.50554,-9.13357,14.11411],"to":[7.40554,-7.50857,14.61411],"rotation":{"origin":[6.96804,9.84776,8.0125],"axis":"z","angle":0.0},"faces":{"north":{"uv":[6.25,8.5,6.5,9.0],"texture":"#1"},"east":{"uv":[8.5,6.25,8.75,6.75],"texture":"#1"},"south":{"uv":[6.5,8.5,6.75,9.0],"texture":"#1"},"west":{"uv":[8.5,5.75,8.75,6.25],"texture":"#1"},"up":{"uv":[9.5,7.25,9.25,7.0],"texture":"#1","rotation":270},"down":{"uv":[7.5,9.25,7.25,9.5],"texture":"#1","rotation":90}}},{"from":[6.50554,1.24303,24.95331],"to":[7.40554,1.74303,25.25331],"rotation":{"origin":[6.96804,9.84776,8.0125],"axis":"x","angle":45.0},"faces":{"north":{"uv":[6.5,9.25,6.75,9.5],"texture":"#1"},"east":{"uv":[9.25,6.5,9.5,6.75],"texture":"#1"},"south":{"uv":[6.75,9.25,7.0,9.5],"texture":"#1"},"west":{"uv":[9.25,6.25,9.5,6.5],"texture":"#1"},"up":{"uv":[9.5,7.0,9.25,6.75],"texture":"#1","rotation":270},"down":{"uv":[7.25,9.25,7.0,9.5],"texture":"#1","rotation":90}}},{"from":[6.50554,0.74303,24.95331],"to":[7.40554,1.24303,25.75331],"rotation":{"origin":[6.96804,9.84776,8.0125],"axis":"x","angle":45.0},"faces":{"north":{"uv":[5.25,9.25,5.5,9.5],"texture":"#1"},"east":{"uv":[5.5,9.25,5.75,9.5],"texture":"#1"},"south":{"uv":[5.75,9.25,6.0,9.5],"texture":"#1"},"west":{"uv":[5.0,9.25,5.25,9.5],"texture":"#1"},"up":{"uv":[6.25,9.5,6.0,9.25],"texture":"#1","rotation":270},"down":{"uv":[6.5,9.25,6.25,9.5],"texture":"#1","rotation":90}}},{"from":[6.20554,13.87995,1.98716],"to":[7.70554,15.87995,8.13716],"rotation":{"origin":[6.96804,9.84776,8.0125],"axis":"x","angle":-45.0},"faces":{"north":{"uv":[7.25,1.5,7.75,2.0],"texture":"#1"},"east":{"uv":[3.25,1.5,4.75,2.0],"texture":"#1"},"south":{"uv":[6.0,7.25,6.5,7.75],"texture":"#1"},"west":{"uv":[3.25,1.0,4.75,1.5],"texture":"#1"},"up":{"uv":[4.5,4.0,3.0,3.5],"texture":"#1","rotation":270},"down":{"uv":[4.5,4.0,3.0,4.5],"texture":"#1","rotation":90}}},{"from":[6.20554,3.81557,1.98716],"to":[7.70554,5.81557,8.13716],"rotation":{"origin":[6.96804,9.84776,8.0125],"axis":"x","angle":45.0},"faces":{"north":{"uv":[0.5,8.0,1.0,8.5],"texture":"#1"},"east":{"uv":[5.25,0.5,6.75,1.0],"texture":"#1"},"south":{"uv":[8.0,1.0,8.5,1.5],"texture":"#1"},"west":{"uv":[5.25,0.0,6.75,0.5],"texture":"#1"},"up":{"uv":[2.5,6.0,1.0,5.5],"texture":"#1","rotation":270},"down":{"uv":[7.0,1.0,5.5,1.5],"texture":"#1","rotation":90}}}],"textures":{"1":"5b253d62-0a75-4a2c-a984-8bb2f91edc6d"},"gui_light":"front"}