{"display":{"thirdperson_righthand":{"translation":[0.0,3.75,2.75]},"thirdperson_lefthand":{"rotation":[-110.0,0.0,143.0],"translation":[-8.0,-6.0,8.75],"scale":[0.6,0.9,0.8]},"firstperson_righthand":{"rotation":[0.0,101.5,0.0],"translation":[1.75,0.0,0.25],"scale":[0.41328,0.75,0.79]},"firstperson_lefthand":{"rotation":[103.4,-50.97,-174.31],"translation":[3.0,0.0,-1.0]},"ground":{"rotation":[0.0,0.0,31.75],"translation":[-0.5,8.25,1.25],"scale":[0.72,0.72,0.72]},"gui":{"rotation":[0.0,0.0,46.0],"scale":[0.61055,0.61055,0.61055]},"head":{"rotation":[179.0,0.0,0.0],"translation":[0.0,34.5,-1.5],"scale":[1.5,1.5,1.5]},"fixed":{"rotation":[0.0,0.0,-45.25],"translation":[0.25,0.5,0.25],"scale":[0.56641,0.56641,0.56641]}},"elements":[{"from":[7.92006,-11.5,6.319],"to":[9.08206,-10.9,7.481],"rotation":{"origin":[8.50625,-12.1,6.9],"axis":"y","angle":0.0},"faces":{"north":{"uv":[9.016,5.016,9.75,5.25],"texture":"#0"},"east":{"uv":[9.016,5.516,9.75,5.75],"texture":"#0"},"south":{"uv":[6.016,9.016,6.75,9.25],"texture":"#0"},"west":{"uv":[9.016,6.016,9.75,6.25],"texture":"#0"},"up":{"uv":[3.25,7.25,2.516,6.516],"texture":"#0"},"down":{"uv":[7.25,3.016,6.516,3.75],"texture":"#0"}}},{"from":[7.8,-9.7,6.2],"to":[9.2,-9.1,7.6],"rotation":{"origin":[0.0,-3.0,0.0],"axis":"y","angle":0.0},"faces":{"north":{"uv":[9.016,9.016,9.75,9.25],"texture":"#0"},"east":{"uv":[9.516,0.016,10.25,0.25],"texture":"#0"},"south":{"uv":[9.516,0.516,10.25,0.75],"texture":"#0"},"west":{"uv":[1.016,9.516,1.75,9.75],"texture":"#0"},"up":{"uv":[7.25,4.75,6.516,4.016],"texture":"#0"},"down":{"uv":[7.25,5.016,6.516,5.75],"texture":"#0"}}},{"from":[7.76444,-11.0,6.236],"to":[9.25844,-10.6,7.564],"rotation":{"origin":[8.50625,-12.1,6.9],"axis":"y","angle":0.0},"faces":{"north":{"uv":[1.016,9.016,1.875,9.25],"texture":"#0"},"east":{"uv":[9.016,6.516,9.75,6.75],"texture":"#0"},"south":{"uv":[9.016,1.016,9.875,1.25],"texture":"#0"},"west":{"uv":[7.016,9.016,7.75,9.25],"texture":"#0"},"up":{"uv":[7.375,1.75,6.516,1.016],"texture":"#0"},"down":{"uv":[2.375,6.516,1.516,7.25],"texture":"#0"}}},{"from":[7.55,-10.1,5.975],"to":[9.45,-9.7,7.825],"rotation":{"origin":[0.0,-3.0,0.0],"axis":"y","angle":0.0},"faces":{"north":{"uv":[2.016,8.516,2.984,8.75],"texture":"#0"},"east":{"uv":[9.016,1.516,9.875,1.75],"texture":"#0"},"south":{"uv":[8.516,2.016,9.484,2.25],"texture":"#0"},"west":{"uv":[2.016,9.016,2.875,9.25],"texture":"#0"},"up":{"uv":[3.984,6.375,3.016,5.516],"texture":"#0"},"down":{"uv":[6.484,3.016,5.516,3.875],"texture":"#0"}}},{"from":[7.35,-10.0,5.775],"to":[7.65,-9.3,6.125],"rotation":{"origin":[8.5,1.1,6.9],"axis":"y","angle":0.0},"faces":{"north":{"uv":[11.016,1.016,11.125,1.375],"texture":"#0"},"east":{"uv":[1.516,11.016,1.625,11.375],"texture":"#0"},"south":{"uv":[11.016,1.516,11.125,1.875],"texture":"#0"},"west":{"uv":[2.016,11.016,2.125,11.375],"texture":"#0"},"up":{"uv":[10.625,11.125,10.516,11.016],"texture":"#0"},"down":{"uv":[11.125,10.516,11.016,10.625],"texture":"#0"}}},{"from":[9.35,-10.0,5.775],"to":[9.65,-9.3,6.125],"rotation":{"origin":[8.5,1.1,6.9],"axis":"y","angle":0.0},"faces":{"north":{"uv":[2.516,11.016,2.625,11.375],"texture":"#0"},"east":{"uv":[11.016,2.516,11.125,2.875],"texture":"#0"},"south":{"uv":[3.016,11.016,3.125,11.375],"texture":"#0"},"west":{"uv":[11.016,3.016,11.125,3.375],"texture":"#0"},"up":{"uv":[11.125,11.125,11.016,11.016],"texture":"#0"},"down":{"uv":[11.625,0.016,11.516,0.125],"texture":"#0"}}},{"from":[7.35,-10.0,7.675],"to":[7.65,-9.3,8.025],"rotation":{"origin":[8.5,1.1,6.9],"axis":"y","angle":0.0},"faces":{"north":{"uv":[4.516,11.016,4.625,11.375],"texture":"#0"},"east":{"uv":[11.016,4.516,11.125,4.875],"texture":"#0"},"south":{"uv":[5.016,11.016,5.125,11.375],"texture":"#0"},"west":{"uv":[11.016,5.016,11.125,5.375],"texture":"#0"},"up":{"uv":[1.125,11.625,1.016,11.516],"texture":"#0"},"down":{"uv":[11.625,1.016,11.516,1.125],"texture":"#0"}}},{"from":[9.35,-10.0,7.675],"to":[9.65,-9.3,8.025],"rotation":{"origin":[8.5,1.1,6.9],"axis":"y","angle":0.0},"faces":{"north":{"uv":[3.516,11.016,3.625,11.375],"texture":"#0"},"east":{"uv":[11.016,3.516,11.125,3.875],"texture":"#0"},"south":{"uv":[4.016,11.016,4.125,11.375],"texture":"#0"},"west":{"uv":[11.016,4.016,11.125,4.375],"texture":"#0"},"up":{"uv":[0.625,11.625,0.516,11.516],"texture":"#0"},"down":{"uv":[11.625,0.516,11.516,0.625],"texture":"#0"}}},{"from":[8.08606,-12.7,6.485],"to":[8.91606,-11.5,7.315],"rotation":{"origin":[8.50625,-12.1,6.9],"axis":"y","angle":0.0},"faces":{"north":{"uv":[7.516,5.016,7.984,5.625],"texture":"#0"},"east":{"uv":[8.016,0.016,8.484,0.625],"texture":"#0"},"south":{"uv":[7.516,7.016,7.984,7.625],"texture":"#0"},"west":{"uv":[8.016,0.016,8.484,0.625],"texture":"#0"},"up":{"uv":[7.984,1.984,7.516,1.516],"texture":"#0"},"down":{"uv":[1.984,8.516,1.516,8.984],"texture":"#0"}}},{"from":[8.0,-9.1,6.4],"to":[9.0,-8.8,7.4],"rotation":{"origin":[0.0,-3.0,0.0],"axis":"y","angle":0.0},"faces":{"north":{"uv":[3.516,10.516,3.984,10.625],"texture":"#0"},"east":{"uv":[10.516,3.516,10.984,3.625],"texture":"#0"},"south":{"uv":[4.016,10.516,4.484,10.625],"texture":"#0"},"west":{"uv":[10.516,4.016,10.984,4.125],"texture":"#0"},"up":{"uv":[8.984,2.984,8.516,2.516],"texture":"#0"},"down":{"uv":[3.484,8.516,3.016,8.984],"texture":"#0"}}},{"from":[8.1,-8.3,6.5],"to":[8.9,-8.0,7.3],"rotation":{"origin":[0.0,-3.0,0.0],"axis":"y","angle":0.0},"faces":{"north":{"uv":[5.516,11.016,5.875,11.125],"texture":"#0"},"east":{"uv":[11.016,5.516,11.375,5.625],"texture":"#0"},"south":{"uv":[6.016,11.016,6.375,11.125],"texture":"#0"},"west":{"uv":[11.016,6.016,11.375,6.125],"texture":"#0"},"up":{"uv":[9.875,9.875,9.516,9.516],"texture":"#0"},"down":{"uv":[0.875,10.016,0.516,10.375],"texture":"#0"}}},{"from":[8.1,8.8,6.5],"to":[8.9,11.0,7.3],"rotation":{"origin":[0.0,-3.0,0.0],"axis":"y","angle":0.0},"faces":{"north":{"uv":[7.375,7.016,7.016,8.125],"texture":"#0"},"east":{"uv":[1.375,7.516,1.016,8.625],"texture":"#0"},"south":{"uv":[1.016,7.516,1.375,8.625],"texture":"#0"},"west":{"uv":[1.375,7.516,1.016,8.625],"texture":"#0"},"up":{"uv":[1.375,10.375,1.016,10.016],"texture":"#0"},"down":{"uv":[10.375,1.016,10.016,1.375],"texture":"#0"}}},{"from":[8.1,12.5,6.5],"to":[8.9,14.9,7.3],"rotation":{"origin":[0.0,-3.0,0.0],"axis":"y","angle":0.0},"faces":{"north":{"uv":[3.516,6.516,3.875,7.75],"texture":"#0"},"east":{"uv":[6.516,7.016,6.875,8.25],"texture":"#0"},"south":{"uv":[3.516,6.516,3.875,7.75],"texture":"#0"},"west":{"uv":[6.516,7.016,6.875,8.25],"texture":"#0"},"up":{"uv":[1.875,10.375,1.516,10.016],"texture":"#0"},"down":{"uv":[10.375,1.516,10.016,1.875],"texture":"#0"}}},{"from":[8.1875,16.0,6.6],"to":[8.7875,17.2,7.2],"rotation":{"origin":[0.0,-3.0,0.0],"axis":"y","angle":0.0},"faces":{"north":{"uv":[9.516,3.516,9.75,4.125],"texture":"#0"},"east":{"uv":[4.016,9.516,4.25,10.125],"texture":"#0"},"south":{"uv":[4.516,9.516,4.75,10.125],"texture":"#0"},"west":{"uv":[5.016,9.516,5.25,10.125],"texture":"#0"},"up":{"uv":[5.25,10.75,5.016,10.516],"texture":"#0"},"down":{"uv":[10.75,5.016,10.516,5.25],"texture":"#0"}}},{"from":[8.2375,19.6,6.6],"to":[8.8375,20.5,7.2],"rotation":{"origin":[0.05,-3.0,0.0],"axis":"y","angle":0.0},"faces":{"north":{"uv":[6.516,10.016,6.75,10.484],"texture":"#0"},"east":{"uv":[10.016,6.516,10.25,6.984],"texture":"#0"},"south":{"uv":[7.016,10.016,7.25,10.484],"texture":"#0"},"west":{"uv":[10.016,7.016,10.25,7.484],"texture":"#0"},"up":{"uv":[6.75,10.75,6.516,10.516],"texture":"#0"},"down":{"uv":[10.75,6.516,10.516,6.75],"texture":"#0"}}},{"from":[8.68125,19.23115,7.69535],"to":[8.68125,20.83115,10.59535],"rotation":{"origin":[8.65,21.63279,6.83125],"axis":"y","angle":0.0},"faces":{"north":{"uv":[0.016,0.016,0.016,0.75],"texture":"#0"},"east":{"uv":[1.516,5.516,2.984,6.25],"texture":"#0"},"south":{"uv":[0.016,0.016,0.016,0.75],"texture":"#0"},"west":{"uv":[2.984,5.516,1.516,6.25],"texture":"#0"},"up":{"uv":[0.016,0.016,1.484,0.016],"texture":"#0","rotation":270},"down":{"uv":[0.016,0.016,1.484,0.016],"texture":"#0","rotation":90}}},{"from":[8.68125,19.23115,3.06715],"to":[8.68125,20.83115,5.96715],"rotation":{"origin":[8.65,21.63279,6.83125],"axis":"y","angle":0.0},"faces":{"north":{"uv":[0.016,0.016,0.016,0.75],"texture":"#0"},"east":{"uv":[2.984,5.516,1.516,6.25],"texture":"#0"},"south":{"uv":[0.016,0.016,0.016,0.75],"texture":"#0"},"west":{"uv":[1.516,5.516,2.984,6.25],"texture":"#0"},"up":{"uv":[1.484,0.016,0.016,0.016],"texture":"#0","rotation":270},"down":{"uv":[1.484,0.016,0.016,0.016],"texture":"#0","rotation":90}}},{"from":[8.61875,15.2,4.68125],"to":[8.61875,19.0,6.68125],"rotation":{"origin":[8.65,21.63279,6.83125],"axis":"y","angle":0.0},"faces":{"north":{"uv":[0.016,0.016,0.016,1.875],"texture":"#0"},"east":{"uv":[6.484,0.016,5.516,1.875],"texture":"#0"},"south":{"uv":[0.016,0.016,0.016,1.875],"texture":"#0"},"west":{"uv":[5.516,0.016,6.484,1.875],"texture":"#0"},"up":{"uv":[0.984,0.016,0.016,0.016],"texture":"#0","rotation":270},"down":{"uv":[0.984,0.016,0.016,0.016],"texture":"#0","rotation":90}}},{"from":[8.61875,15.2,7.28125],"to":[8.61875,19.0,9.28125],"rotation":{"origin":[8.65,21.63279,6.83125],"axis":"y","angle":0.0},"faces":{"north":{"uv":[0.016,0.016,0.016,1.875],"texture":"#0"},"east":{"uv":[5.516,0.016,6.484,1.875],"texture":"#0"},"south":{"uv":[0.016,0.016,0.016,1.875],"texture":"#0"},"west":{"uv":[6.484,0.016,5.516,1.875],"texture":"#0"},"up":{"uv":[0.016,0.016,0.984,0.016],"texture":"#0","rotation":270},"down":{"uv":[0.016,0.016,0.984,0.016],"texture":"#0","rotation":90}}},{"from":[8.68125,20.83115,6.54535],"to":[8.68125,31.5,10.24535],"rotation":{"origin":[8.65,21.63279,6.83125],"axis":"y","angle":0.0},"faces":{"north":{"uv":[0.016,0.016,0.016,5.375],"texture":"#0"},"east":{"uv":[0.016,0.016,1.875,5.375],"texture":"#0"},"south":{"uv":[0.016,0.016,0.016,5.375],"texture":"#0"},"west":{"uv":[1.875,0.016,0.016,5.375],"texture":"#0"},"up":{"uv":[0.016,0.016,1.875,0.016],"texture":"#0","rotation":270},"down":{"uv":[0.016,0.016,1.875,0.016],"texture":"#0","rotation":90}}},{"from":[8.68125,20.83115,3.61715],"to":[8.68125,31.5,7.31715],"rotation":{"origin":[8.65,21.63279,6.83125],"axis":"y","angle":0.0},"faces":{"north":{"uv":[0.016,0.016,0.016,5.375],"texture":"#0"},"east":{"uv":[1.875,0.016,0.016,5.375],"texture":"#0"},"south":{"uv":[0.016,0.016,0.016,5.375],"texture":"#0"},"west":{"uv":[0.016,0.016,1.875,5.375],"texture":"#0"},"up":{"uv":[1.875,0.016,0.016,0.016],"texture":"#0","rotation":270},"down":{"uv":[1.875,0.016,0.016,0.016],"texture":"#0","rotation":90}}},{"from":[8.1875,20.5,6.5375],"to":[8.8875,21.1,7.2375],"rotation":{"origin":[8.5375,20.8,6.8875],"axis":"y","angle":0.0},"faces":{"north":{"uv":[10.516,1.016,10.875,1.25],"texture":"#0"},"east":{"uv":[1.516,10.516,1.875,10.75],"texture":"#0"},"south":{"uv":[10.516,1.516,10.875,1.75],"texture":"#0"},"west":{"uv":[2.016,10.516,2.375,10.75],"texture":"#0"},"up":{"uv":[3.875,10.375,3.516,10.016],"texture":"#0"},"down":{"uv":[10.375,3.516,10.016,3.875],"texture":"#0"}}},{"from":[7.18788,21.24423,6.6235],"to":[8.50788,22.56423,7.1515],"rotation":{"origin":[8.51875,22.58676,6.8875],"axis":"z","angle":45.0},"faces":{"north":{"uv":[7.516,3.016,8.125,3.625],"texture":"#0"},"east":{"uv":[5.516,9.516,5.75,10.125],"texture":"#0"},"south":{"uv":[7.516,4.016,8.125,4.625],"texture":"#0"},"west":{"uv":[6.016,9.516,6.25,10.125],"texture":"#0"},"up":{"uv":[10.125,4.75,9.516,4.516],"texture":"#0"},"down":{"uv":[7.125,9.516,6.516,9.75],"texture":"#0"}}},{"from":[7.38788,21.44423,7.0985],"to":[8.30788,22.36423,7.2265],"rotation":{"origin":[8.51875,22.58676,6.8875],"axis":"z","angle":45.0},"faces":{"north":{"uv":[8.516,6.516,8.984,6.984],"texture":"#0"},"east":{"uv":[10.016,10.516,10.125,10.984],"texture":"#0"},"south":{"uv":[7.016,8.516,7.484,8.984],"texture":"#0"},"west":{"uv":[10.516,10.516,10.625,10.984],"texture":"#0"},"up":{"uv":[0.984,11.125,0.516,11.016],"texture":"#0"},"down":{"uv":[1.484,11.016,1.016,11.125],"texture":"#0"}}},{"from":[8.067,21.16976,6.5735],"to":[8.987,22.08976,6.7015],"rotation":{"origin":[8.527,21.62976,-1.1625],"axis":"z","angle":45.0},"faces":{"north":{"uv":[7.484,8.516,7.016,8.984],"texture":"#0"},"east":{"uv":[10.125,10.516,10.016,10.984],"texture":"#0"},"south":{"uv":[8.984,6.516,8.516,6.984],"texture":"#0"},"west":{"uv":[10.625,10.516,10.516,10.984],"texture":"#0"},"up":{"uv":[0.984,11.016,0.516,11.125],"texture":"#0"},"down":{"uv":[1.484,11.125,1.016,11.016],"texture":"#0"}}},{"from":[8.263,22.02576,6.6895],"to":[8.791,22.94976,7.0855],"rotation":{"origin":[8.51875,22.58676,6.8875],"axis":"y","angle":0.0},"faces":{"north":{"uv":[10.016,8.516,10.25,8.984],"texture":"#0"},"east":{"uv":[10.016,9.016,10.25,9.484],"texture":"#0"},"south":{"uv":[9.516,10.016,9.75,10.484],"texture":"#0"},"west":{"uv":[10.016,9.516,10.25,9.984],"texture":"#0"},"up":{"uv":[8.25,10.75,8.016,10.516],"texture":"#0"},"down":{"uv":[10.75,8.016,10.516,8.25],"texture":"#0"}}},{"from":[8.3125,22.94976,6.6895],"to":[8.7085,24.13776,7.0855],"rotation":{"origin":[8.51875,22.58676,6.8875],"axis":"y","angle":0.0},"faces":{"north":{"uv":[9.516,7.016,9.75,7.625],"texture":"#0"},"east":{"uv":[7.516,9.516,7.75,10.125],"texture":"#0"},"south":{"uv":[9.516,8.016,9.75,8.625],"texture":"#0"},"west":{"uv":[9.016,9.516,9.25,10.125],"texture":"#0"},"up":{"uv":[8.75,10.75,8.516,10.516],"texture":"#0"},"down":{"uv":[10.75,8.516,10.516,8.75],"texture":"#0"}}},{"from":[7.9875,20.85,6.6875],"to":[9.0875,21.15,7.0875],"rotation":{"origin":[8.5375,21.0,6.8875],"axis":"y","angle":0.0},"faces":{"north":{"uv":[7.016,10.516,7.484,10.625],"texture":"#0"},"east":{"uv":[9.516,11.016,9.75,11.125],"texture":"#0"},"south":{"uv":[10.516,7.016,10.984,7.125],"texture":"#0"},"west":{"uv":[11.016,9.516,11.25,9.625],"texture":"#0"},"up":{"uv":[10.484,7.75,10.016,7.516],"texture":"#0"},"down":{"uv":[8.484,10.016,8.016,10.25],"texture":"#0"}}},{"from":[8.3375,20.85,6.3375],"to":[8.7375,21.15,7.4375],"rotation":{"origin":[8.5375,21.0,6.8875],"axis":"y","angle":0.0},"faces":{"north":{"uv":[10.016,11.016,10.25,11.125],"texture":"#0"},"east":{"uv":[7.516,10.516,7.984,10.625],"texture":"#0"},"south":{"uv":[11.016,10.016,11.25,10.125],"texture":"#0"},"west":{"uv":[10.516,7.516,10.984,7.625],"texture":"#0"},"up":{"uv":[10.25,8.484,10.016,8.016],"texture":"#0"},"down":{"uv":[8.75,10.016,8.516,10.484],"texture":"#0"}}},{"from":[8.1875,18.2,6.6],"to":[8.7875,18.4,7.2],"rotation":{"origin":[0.0,-3.0,0.0],"axis":"y","angle":0.0},"faces":{"north":{"uv":[7.516,11.016,7.75,11.125],"texture":"#0"},"east":{"uv":[11.016,7.516,11.25,7.625],"texture":"#0"},"south":{"uv":[8.016,11.016,8.25,11.125],"texture":"#0"},"west":{"uv":[11.016,8.016,11.25,8.125],"texture":"#0"},"up":{"uv":[5.75,10.75,5.516,10.516],"texture":"#0"},"down":{"uv":[10.75,5.516,10.516,5.75],"texture":"#0"}}},{"from":[8.1,17.0,6.5],"to":[8.9,18.2,7.3],"rotation":{"origin":[0.0,-3.0,0.0],"axis":"y","angle":0.0},"faces":{"north":{"uv":[8.516,7.016,8.875,7.625],"texture":"#0"},"east":{"uv":[8.516,8.016,8.875,8.625],"texture":"#0"},"south":{"uv":[9.016,0.016,9.375,0.625],"texture":"#0"},"west":{"uv":[0.516,9.016,0.875,9.625],"texture":"#0"},"up":{"uv":[10.375,2.875,10.016,2.516],"texture":"#0"},"down":{"uv":[3.375,10.016,3.016,10.375],"texture":"#0"}}},{"from":[8.0,18.4,6.4625],"to":[9.0,19.0,7.3625],"rotation":{"origin":[0.0,-3.0,0.0],"axis":"y","angle":0.0},"faces":{"north":{"uv":[10.016,4.016,10.484,4.25],"texture":"#0"},"east":{"uv":[10.016,5.016,10.484,5.25],"texture":"#0"},"south":{"uv":[10.016,5.516,10.484,5.75],"texture":"#0"},"west":{"uv":[10.016,6.016,10.484,6.25],"texture":"#0"},"up":{"uv":[8.984,5.984,8.516,5.516],"texture":"#0"},"down":{"uv":[6.484,8.516,6.016,8.984],"texture":"#0"}}},{"from":[7.9875,19.3,6.3],"to":[9.0875,19.6,7.5],"rotation":{"origin":[0.0,-3.0,0.0],"axis":"y","angle":0.0},"faces":{"north":{"uv":[6.016,10.516,6.484,10.625],"texture":"#0"},"east":{"uv":[10.516,2.016,11.125,2.125],"texture":"#0"},"south":{"uv":[10.516,6.016,10.984,6.125],"texture":"#0"},"west":{"uv":[2.516,10.516,3.125,10.625],"texture":"#0"},"up":{"uv":[8.484,6.625,8.016,6.016],"texture":"#0"},"down":{"uv":[8.484,7.016,8.016,7.625],"texture":"#0"}}},{"from":[7.75,19.0,6.1625],"to":[9.25,19.3,7.6625],"rotation":{"origin":[0.0,-3.0,0.0],"axis":"y","angle":0.0},"faces":{"north":{"uv":[10.016,10.016,10.75,10.125],"texture":"#0"},"east":{"uv":[10.516,0.016,11.25,0.125],"texture":"#0"},"south":{"uv":[0.516,10.516,1.25,10.625],"texture":"#0"},"west":{"uv":[10.516,0.516,11.25,0.625],"texture":"#0"},"up":{"uv":[7.25,6.75,6.516,6.016],"texture":"#0"},"down":{"uv":[7.75,2.016,7.016,2.75],"texture":"#0"}}},{"from":[9.15,19.2,6.7625],"to":[9.55,19.5,7.0625],"rotation":{"origin":[9.55,19.35,6.9125],"axis":"z","angle":22.5},"faces":{"north":{"uv":[8.516,11.016,8.75,11.125],"texture":"#0"},"east":{"uv":[1.516,11.516,1.625,11.625],"texture":"#0"},"south":{"uv":[11.016,8.516,11.25,8.625],"texture":"#0"},"west":{"uv":[11.516,1.516,11.625,1.625],"texture":"#0"},"up":{"uv":[9.25,11.125,9.016,11.016],"texture":"#0"},"down":{"uv":[11.25,9.016,11.016,9.125],"texture":"#0"}}},{"from":[9.5141,19.20615,6.7625],"to":[10.2141,19.50615,7.0625],"rotation":{"origin":[10.2891,19.65615,6.9125],"axis":"y","angle":0.0},"faces":{"north":{"uv":[6.516,11.016,6.875,11.125],"texture":"#0"},"east":{"uv":[2.016,11.516,2.125,11.625],"texture":"#0"},"south":{"uv":[11.016,6.516,11.375,6.625],"texture":"#0"},"west":{"uv":[11.516,2.016,11.625,2.125],"texture":"#0"},"up":{"uv":[7.375,11.125,7.016,11.016],"texture":"#0"},"down":{"uv":[11.375,7.016,11.016,7.125],"texture":"#0"}}},{"from":[7.65,19.2,6.7625],"to":[8.05,19.5,7.0625],"rotation":{"origin":[7.65,19.35,6.9125],"axis":"z","angle":-22.5},"faces":{"north":{"uv":[8.75,11.016,8.516,11.125],"texture":"#0"},"east":{"uv":[11.625,1.516,11.516,1.625],"texture":"#0"},"south":{"uv":[11.25,8.516,11.016,8.625],"texture":"#0"},"west":{"uv":[1.625,11.516,1.516,11.625],"texture":"#0"},"up":{"uv":[9.016,11.125,9.25,11.016],"texture":"#0"},"down":{"uv":[11.016,9.016,11.25,9.125],"texture":"#0"}}},{"from":[6.9859,19.20615,6.7625],"to":[7.6859,19.50615,7.0625],"rotation":{"origin":[6.9109,19.65615,6.9125],"axis":"y","angle":0.0},"faces":{"north":{"uv":[6.875,11.016,6.516,11.125],"texture":"#0"},"east":{"uv":[11.625,2.016,11.516,2.125],"texture":"#0"},"south":{"uv":[11.375,6.516,11.016,6.625],"texture":"#0"},"west":{"uv":[2.125,11.516,2.016,11.625],"texture":"#0"},"up":{"uv":[7.016,11.125,7.375,11.016],"texture":"#0"},"down":{"uv":[11.016,7.016,11.375,7.125],"texture":"#0"}}},{"from":[4.8859,19.23115,6.8625],"to":[7.7859,20.83115,6.8625],"rotation":{"origin":[5.0359,20.03115,6.8625],"axis":"y","angle":0.0},"faces":{"north":{"uv":[2.984,5.516,1.516,6.25],"texture":"#0"},"east":{"uv":[0.016,0.016,0.016,0.75],"texture":"#0"},"south":{"uv":[1.516,5.516,2.984,6.25],"texture":"#0"},"west":{"uv":[0.016,0.016,0.016,0.75],"texture":"#0"},"up":{"uv":[0.016,0.016,1.484,0.016],"texture":"#0"},"down":{"uv":[0.016,0.016,1.484,0.016],"texture":"#0"}}},{"from":[9.5141,19.23115,6.8625],"to":[12.4141,20.83115,6.8625],"rotation":{"origin":[10.9641,20.03115,6.8625],"axis":"y","angle":0.0},"faces":{"north":{"uv":[1.516,5.516,2.984,6.25],"texture":"#0"},"east":{"uv":[0.016,0.016,0.016,0.75],"texture":"#0"},"south":{"uv":[2.984,5.516,1.516,6.25],"texture":"#0"},"west":{"uv":[0.016,0.016,0.016,0.75],"texture":"#0"},"up":{"uv":[1.484,0.016,0.016,0.016],"texture":"#0"},"down":{"uv":[1.484,0.016,0.016,0.016],"texture":"#0"}}},{"from":[8.8,15.2,6.8],"to":[10.8,19.0,6.8],"rotation":{"origin":[0.0,-3.0,0.0],"axis":"y","angle":0.0},"faces":{"north":{"uv":[5.516,0.016,6.484,1.875],"texture":"#0"},"east":{"uv":[0.016,0.016,0.016,1.875],"texture":"#0"},"south":{"uv":[6.484,0.016,5.516,1.875],"texture":"#0"},"west":{"uv":[0.016,0.016,0.016,1.875],"texture":"#0"},"up":{"uv":[0.984,0.016,0.016,0.016],"texture":"#0"},"down":{"uv":[0.984,0.016,0.016,0.016],"texture":"#0"}}},{"from":[6.2,15.2,6.8],"to":[8.2,19.0,6.8],"rotation":{"origin":[16.0,-3.0,0.0],"axis":"y","angle":0.0},"faces":{"north":{"uv":[6.484,0.016,5.516,1.875],"texture":"#0"},"east":{"uv":[0.016,0.016,0.016,1.875],"texture":"#0"},"south":{"uv":[5.516,0.016,6.484,1.875],"texture":"#0"},"west":{"uv":[0.016,0.016,0.016,1.875],"texture":"#0"},"up":{"uv":[0.016,0.016,0.984,0.016],"texture":"#0"},"down":{"uv":[0.016,0.016,0.984,0.016],"texture":"#0"}}},{"from":[5.2359,20.83115,6.8625],"to":[8.9359,31.5,6.8625],"rotation":{"origin":[4.9859,19.98115,6.8625],"axis":"y","angle":0.0},"faces":{"north":{"uv":[1.875,0.016,0.016,5.375],"texture":"#0"},"east":{"uv":[0.016,0.016,0.016,5.375],"texture":"#0"},"south":{"uv":[0.016,0.016,1.875,5.375],"texture":"#0"},"west":{"uv":[0.016,0.016,0.016,5.375],"texture":"#0"},"up":{"uv":[0.016,0.016,1.875,0.016],"texture":"#0"},"down":{"uv":[0.016,0.016,1.875,0.016],"texture":"#0"}}},{"from":[8.1641,20.83115,6.8625],"to":[11.8641,31.5,6.8625],"rotation":{"origin":[11.0141,19.98115,6.8625],"axis":"y","angle":0.0},"faces":{"north":{"uv":[0.016,0.016,1.875,5.375],"texture":"#0"},"east":{"uv":[0.016,0.016,0.016,5.375],"texture":"#0"},"south":{"uv":[1.875,0.016,0.016,5.375],"texture":"#0"},"west":{"uv":[0.016,0.016,0.016,5.375],"texture":"#0"},"up":{"uv":[1.875,0.016,0.016,0.016],"texture":"#0"},"down":{"uv":[1.875,0.016,0.016,0.016],"texture":"#0"}}},{"from":[8.05,14.9,6.4625],"to":[8.95,16.1,7.3625],"rotation":{"origin":[0.0,-3.0,0.0],"axis":"y","angle":0.0},"faces":{"north":{"uv":[8.016,1.016,8.484,1.625],"texture":"#0"},"east":{"uv":[8.016,2.016,8.484,2.625],"texture":"#0"},"south":{"uv":[3.516,8.016,3.984,8.625],"texture":"#0"},"west":{"uv":[8.016,5.016,8.484,5.625],"texture":"#0"},"up":{"uv":[8.984,5.484,8.516,5.016],"texture":"#0"},"down":{"uv":[5.984,8.516,5.516,8.984],"texture":"#0"}}},{"from":[8.15,11.0,6.55],"to":[8.85,12.6,7.25],"rotation":{"origin":[0.0,-3.0,0.0],"axis":"y","angle":0.0},"faces":{"north":{"uv":[7.516,8.016,7.875,8.75],"texture":"#0"},"east":{"uv":[8.516,1.016,8.875,1.75],"texture":"#0"},"south":{"uv":[7.516,8.016,7.875,8.75],"texture":"#0"},"west":{"uv":[8.516,1.016,8.875,1.75],"texture":"#0"},"up":{"uv":[2.375,10.375,2.016,10.016],"texture":"#0"},"down":{"uv":[2.875,10.016,2.516,10.375],"texture":"#0"}}},{"from":[8.2,-9.1,6.6],"to":[8.8,8.8,7.2],"rotation":{"origin":[0.0,-3.0,0.0],"axis":"y","angle":0.0},"faces":{"north":{"uv":[0.25,5.516,0.016,14.484],"texture":"#0"},"east":{"uv":[0.016,5.516,0.25,14.484],"texture":"#0"},"south":{"uv":[0.25,5.516,0.016,14.484],"texture":"#0"},"west":{"uv":[0.016,5.516,0.25,14.484],"texture":"#0"},"up":{"uv":[4.75,10.75,4.516,10.516],"texture":"#0"},"down":{"uv":[10.75,4.516,10.516,4.75],"texture":"#0"}}},{"from":[7.9,-10.6,6.3],"to":[9.1,-10.1,7.5],"rotation":{"origin":[0.0,-3.0,0.0],"axis":"y","angle":0.0},"faces":{"north":{"uv":[2.016,9.516,2.625,9.75],"texture":"#0"},"east":{"uv":[9.516,2.016,10.125,2.25],"texture":"#0"},"south":{"uv":[3.016,9.516,3.625,9.75],"texture":"#0"},"west":{"uv":[9.516,3.016,10.125,3.25],"texture":"#0"},"up":{"uv":[2.125,8.125,1.516,7.516],"texture":"#0"},"down":{"uv":[3.125,7.516,2.516,8.125],"texture":"#0"}}},{"from":[8.25206,-14.1,6.651],"to":[8.75006,-12.7,7.149],"rotation":{"origin":[8.50625,-12.1,6.9],"axis":"y","angle":0.0},"faces":{"north":{"uv":[9.016,7.016,9.25,7.75],"texture":"#0"},"east":{"uv":[8.516,9.016,8.75,9.75],"texture":"#0"},"south":{"uv":[9.016,7.016,9.25,7.75],"texture":"#0"},"west":{"uv":[8.516,9.016,8.75,9.75],"texture":"#0"},"up":{"uv":[10.75,2.75,10.516,2.516],"texture":"#0"},"down":{"uv":[10.75,3.016,10.516,3.25],"texture":"#0"}}}],"textures":{"particle":"ec8330ca-4e63-43af-8c4b-1056d8dc3625","0":"ec8330ca-4e63-43af-8c4b-1056d8dc3625"}}