{"display":{"fixed":{"rotation":[-90.0,0.0,0.0],"translation":[0.0,0.0,-16.0],"scale":[2.0,2.0,2.0]}},"elements":[{"from":[7.0,0.0,7.0],"to":[9.0,16.0,9.0],"faces":{"north":{"uv":[11.0,0.0,13.0,16.0],"texture":"#0"},"east":{"uv":[8.0,0.0,10.0,16.0],"texture":"#0"},"south":{"uv":[14.0,0.0,16.0,16.0],"texture":"#0"},"west":{"uv":[6.0,0.0,8.0,16.0],"texture":"#0"},"up":{"uv":[8.0,1.0,10.0,3.0],"texture":"#0"},"down":{"uv":[10.0,9.0,12.0,11.0],"texture":"#0"}}},{"from":[0.0,0.0,11.0],"to":[16.0,16.0,11.0],"faces":{"north":{"texture":"#1"},"east":{"uv":[0.0,0.0,0.0,16.0],"texture":"#1"},"south":{"texture":"#1"},"west":{"uv":[0.0,0.0,0.0,16.0],"texture":"#1"},"up":{"uv":[0.0,0.0,16.0,0.0],"texture":"#1"},"down":{"uv":[0.0,0.0,16.0,0.0],"texture":"#1"}}},{"from":[0.0,0.0,5.0],"to":[16.0,16.0,5.0],"faces":{"north":{"texture":"#1"},"east":{"uv":[0.0,0.0,0.0,16.0],"texture":"#1"},"south":{"texture":"#1"},"west":{"uv":[0.0,0.0,0.0,16.0],"texture":"#1"},"up":{"uv":[0.0,0.0,16.0,0.0],"texture":"#1"},"down":{"uv":[0.0,0.0,16.0,0.0],"texture":"#1"}}},{"from":[11.0,0.0,0.0],"to":[11.0,16.0,16.0],"faces":{"north":{"uv":[0.0,0.0,0.0,16.0],"texture":"#1"},"east":{"texture":"#1"},"south":{"uv":[0.0,0.0,0.0,16.0],"texture":"#1"},"west":{"texture":"#1"},"up":{"uv":[0.0,0.0,16.0,0.0],"texture":"#1","rotation":270},"down":{"uv":[0.0,0.0,16.0,0.0],"texture":"#1","rotation":90}}},{"from":[5.0,0.0,0.0],"to":[5.0,16.0,16.0],"faces":{"north":{"uv":[0.0,0.0,0.0,16.0],"texture":"#1"},"east":{"texture":"#1"},"south":{"uv":[0.0,0.0,0.0,16.0],"texture":"#1"},"west":{"texture":"#1"},"up":{"uv":[0.0,0.0,16.0,0.0],"texture":"#1","rotation":270},"down":{"uv":[0.0,0.0,16.0,0.0],"texture":"#1","rotation":90}}},{"from":[4.0,7.0,8.0],"to":[6.0,9.0,10.0],"faces":{"north":{"uv":[6.0,4.0,8.0,6.0],"texture":"#2"},"east":{"uv":[7.0,0.0,9.0,2.0],"texture":"#2"},"south":{"uv":[6.0,1.0,8.0,3.0],"texture":"#2"},"west":{"uv":[6.0,2.0,8.0,4.0],"texture":"#2"},"up":{"uv":[10.0,6.0,12.0,8.0],"texture":"#2"},"down":{"uv":[7.0,4.0,9.0,6.0],"texture":"#2"}}},{"from":[6.25,4.0,12.0],"to":[8.25,6.0,14.0],"faces":{"north":{"uv":[6.0,4.0,8.0,6.0],"texture":"#2"},"east":{"uv":[7.0,0.0,9.0,2.0],"texture":"#2"},"south":{"uv":[6.0,1.0,8.0,3.0],"texture":"#2"},"west":{"uv":[6.0,2.0,8.0,4.0],"texture":"#2"},"up":{"uv":[10.0,6.0,12.0,8.0],"texture":"#2"},"down":{"uv":[7.0,4.0,9.0,6.0],"texture":"#2"}}},{"from":[10.25,7.0,7.0],"to":[12.25,9.0,9.0],"faces":{"north":{"uv":[6.0,4.0,8.0,6.0],"texture":"#2"},"east":{"uv":[7.0,0.0,9.0,2.0],"texture":"#2"},"south":{"uv":[6.0,1.0,8.0,3.0],"texture":"#2"},"west":{"uv":[6.0,2.0,8.0,4.0],"texture":"#2"},"up":{"uv":[10.0,6.0,12.0,8.0],"texture":"#2"},"down":{"uv":[7.0,4.0,9.0,6.0],"texture":"#2"}}},{"from":[10.25,4.0,3.0],"to":[12.25,6.0,5.0],"faces":{"north":{"uv":[6.0,4.0,8.0,6.0],"texture":"#2"},"east":{"uv":[7.0,0.0,9.0,2.0],"texture":"#2"},"south":{"uv":[6.0,1.0,8.0,3.0],"texture":"#2"},"west":{"uv":[6.0,2.0,8.0,4.0],"texture":"#2"},"up":{"uv":[10.0,6.0,12.0,8.0],"texture":"#2"},"down":{"uv":[7.0,4.0,9.0,6.0],"texture":"#2"}}}],"textures":{"particle":"30d1574d-0dab-4fa4-bfd3-45fdecfa8166","0":"30d1574d-0dab-4fa4-bfd3-45fdecfa8166","1":"c3c5ec4e-0a86-420f-96d1-a8676d8b42c2","2":"48c0529c-6713-46bd-861e-02a849a9a772"},"gui_light":"front"}