{"display":{"thirdperson_righthand":{"rotation":[0.0,180.0,0.0],"translation":[0.0,-9.75,6.0]},"thirdperson_lefthand":{"rotation":[0.0,180.0,0.0],"translation":[0.0,-9.75,6.0]},"firstperson_righthand":{"rotation":[-150.53,-27.71,-171.54],"translation":[0.0,-6.0,-3.75],"scale":[0.89,0.89,0.89]},"firstperson_lefthand":{"rotation":[-150.53,-27.71,-171.54],"translation":[0.0,-6.0,-3.75],"scale":[0.89,0.89,0.89]},"gui":{"rotation":[-128.0,-36.0,-118.0],"translation":[-3.5,-3.5,0.0],"scale":[0.65,0.65,0.65]},"fixed":{"rotation":[0.0,90.0,0.0],"translation":[0.0,-7.25,-0.5]}},"elements":[{"from":[8.0,-0.29926,5.38202],"to":[8.0,31.92626,14.29754],"rotation":{"origin":[8.0,23.4385,9.83978],"axis":"y","angle":0.0},"faces":{"east":{"uv":[0.0,0.0,4.5,16.0],"texture":"#0"},"west":{"uv":[4.5,0.0,0.0,16.0],"texture":"#0"}}},{"from":[7.40824,3.16486,9.91888],"to":[8.59176,12.63307,11.1024],"rotation":{"origin":[8.0,6.71544,10.51064],"axis":"x","angle":22.5},"faces":{"north":{"uv":[10.0,0.0,10.5,4.75],"texture":"#0"},"east":{"uv":[10.0,5.0,10.5,9.75],"texture":"#0"},"south":{"uv":[10.0,10.0,10.5,14.75],"texture":"#0"},"west":{"uv":[10.5,0.0,11.0,4.75],"texture":"#0"}}},{"from":[7.11236,-3.0,-7.14234],"to":[8.88764,-0.74667,-4.77529],"rotation":{"origin":[8.0,-17.07254,8.0],"axis":"x","angle":45.0},"faces":{"north":{"uv":[11.0,12.0,12.0,13.25],"texture":"#0"},"east":{"uv":[11.0,6.0,12.25,7.25],"texture":"#0"},"south":{"uv":[12.0,12.0,13.0,13.25],"texture":"#0"},"west":{"uv":[11.0,7.5,12.25,8.75],"texture":"#0"},"up":{"uv":[13.5,1.25,12.5,0.0],"texture":"#0"},"down":{"uv":[13.5,1.5,12.5,2.75],"texture":"#0"}}},{"from":[7.34906,-2.34443,-9.09516],"to":[8.65094,-1.01085,-7.14234],"rotation":{"origin":[8.0,-17.07254,8.0],"axis":"x","angle":45.0},"faces":{"north":{"uv":[13.0,14.0,13.75,14.75],"texture":"#0"},"east":{"uv":[13.5,7.0,14.5,7.75],"texture":"#0"},"west":{"uv":[13.5,8.0,14.5,8.75],"texture":"#0"},"up":{"uv":[14.25,10.0,13.5,9.0],"texture":"#0"},"down":{"uv":[14.25,10.0,13.5,11.0],"texture":"#0"}}},{"from":[7.99049,5.83695,6.96673],"to":[7.99049,26.28237,7.50777],"rotation":{"origin":[8.0,6.81336,6.18053],"axis":"y","angle":0.0},"faces":{"east":{"uv":[9.0,0.0,9.25,10.25],"texture":"#0"},"west":{"uv":[9.5,0.0,9.75,10.25],"texture":"#0"}}},{"from":[7.40824,19.03123,9.91888],"to":[8.59176,28.49944,11.1024],"rotation":{"origin":[8.0,24.94886,10.51064],"axis":"x","angle":-22.5},"faces":{"north":{"uv":[10.5,5.0,11.0,9.75],"texture":"#0"},"east":{"uv":[9.0,10.5,9.5,15.25],"texture":"#0"},"south":{"uv":[9.5,10.5,10.0,15.25],"texture":"#0"},"west":{"uv":[10.5,10.0,11.0,14.75],"texture":"#0"}}},{"from":[7.40824,12.78898,11.97937],"to":[8.59176,18.78568,13.40383],"rotation":{"origin":[8.0,15.74779,12.60284],"axis":"y","angle":0.0},"faces":{"north":{"uv":[12.0,0.0,12.5,3.0],"texture":"#0"},"east":{"uv":[11.0,0.0,11.75,3.0],"texture":"#0"},"south":{"uv":[12.0,3.0,12.5,6.0],"texture":"#0"},"west":{"uv":[11.0,3.0,11.75,6.0],"texture":"#0"}}},{"from":[7.11236,15.44645,-4.12619],"to":[9.02766,17.36175,-2.21089],"rotation":{"origin":[8.0,-1.40824,8.0],"axis":"x","angle":45.0},"faces":{"north":{"uv":[12.5,9.0,13.5,10.0],"texture":"#0"},"east":{"uv":[12.5,10.0,13.5,11.0],"texture":"#0"},"south":{"uv":[12.5,11.0,13.5,12.0],"texture":"#0"},"west":{"uv":[13.0,12.0,14.0,13.0],"texture":"#0"},"up":{"uv":[14.0,14.0,13.0,13.0],"texture":"#0"},"down":{"uv":[14.5,0.0,13.5,1.0],"texture":"#0"}}},{"from":[7.11236,27.74667,3.85766],"to":[8.88764,30.0,6.22471],"rotation":{"origin":[8.0,33.07254,8.0],"axis":"x","angle":-45.0},"faces":{"north":{"uv":[12.5,3.0,13.5,4.25],"texture":"#0"},"east":{"uv":[11.0,9.0,12.25,10.25],"texture":"#0"},"south":{"uv":[12.5,4.5,13.5,5.75],"texture":"#0"},"west":{"uv":[11.0,10.5,12.25,11.75],"texture":"#0"},"up":{"uv":[13.5,7.25,12.5,6.0],"texture":"#0"},"down":{"uv":[13.5,7.5,12.5,8.75],"texture":"#0"}}},{"from":[7.34906,28.01085,1.90484],"to":[8.65094,29.34443,3.85766],"rotation":{"origin":[8.0,33.07254,8.0],"axis":"x","angle":-45.0},"faces":{"north":{"uv":[14.0,13.0,14.75,13.75],"texture":"#0"},"east":{"uv":[11.0,13.5,12.0,14.25],"texture":"#0"},"west":{"uv":[13.5,11.0,14.5,11.75],"texture":"#0"},"up":{"uv":[12.75,14.5,12.0,13.5],"texture":"#0"},"down":{"uv":[14.75,12.0,14.0,13.0],"texture":"#0"}}},{"from":[7.11236,10.69121,0.62905],"to":[9.02766,12.60651,2.54435],"rotation":{"origin":[8.0,-1.40824,8.0],"axis":"x","angle":45.0},"faces":{"north":{"uv":[13.5,1.0,14.5,2.0],"texture":"#0"},"east":{"uv":[13.5,2.0,14.5,3.0],"texture":"#0"},"south":{"uv":[13.5,3.0,14.5,4.0],"texture":"#0"},"west":{"uv":[13.5,4.0,14.5,5.0],"texture":"#0"},"up":{"uv":[14.5,6.0,13.5,5.0],"texture":"#0"},"down":{"uv":[14.5,6.0,13.5,7.0],"texture":"#0"}}},{"from":[8.0125,16.1,7.53125],"to":[8.0125,18.1,24.03125],"rotation":{"origin":[8.0125,17.1,14.03125],"axis":"z","angle":-45.0},"faces":{"north":{"uv":[12.75,12.0,12.75,13.0],"texture":"#0"},"east":{"uv":[7.0,16.0,8.75,9.5],"texture":"#0","rotation":90},"south":{"uv":[12.0,12.0,12.0,13.0],"texture":"#0"},"west":{"uv":[7.0,9.5,8.75,16.0],"texture":"#0","rotation":90},"up":{"uv":[12.25,8.75,12.25,15.25],"texture":"#0"},"down":{"uv":[12.0,8.75,12.0,15.25],"texture":"#0"}}},{"from":[8.0125,16.1,7.53125],"to":[8.0125,18.1,24.03125],"rotation":{"origin":[8.0125,17.1,14.03125],"axis":"z","angle":45.0},"faces":{"north":{"uv":[12.75,12.5,12.75,13.5],"texture":"#0"},"east":{"uv":[7.0,16.0,8.75,9.5],"texture":"#0","rotation":90},"south":{"uv":[12.0,12.5,12.0,13.5],"texture":"#0"},"west":{"uv":[7.0,9.5,8.75,16.0],"texture":"#0","rotation":90},"up":{"uv":[12.25,9.0,12.25,15.5],"texture":"#0"},"down":{"uv":[12.25,9.0,12.25,15.5],"texture":"#0"}}}],"textures":{"particle":"2c6fb6fb-a5d2-4c94-b9e9-8c995932351c","0":"2c6fb6fb-a5d2-4c94-b9e9-8c995932351c"},"gui_light":"front"}