{"display":{"thirdperson_righthand":{"translation":[0.0,2.25,1.0]},"thirdperson_lefthand":{"translation":[0.0,2.25,1.0]},"firstperson_righthand":{"rotation":[-10.0,0.0,0.0],"translation":[0.0,4.25,1.75]},"firstperson_lefthand":{"rotation":[-10.0,0.0,0.0],"translation":[0.0,4.25,1.75]},"ground":{"rotation":[-45.0,0.0,0.0],"translation":[0.0,8.25,0.0]},"gui":{"rotation":[-90.0,45.0,90.0],"translation":[1.5,-0.25,0.0]},"head":{"rotation":[90.0,-90.0,90.0]},"fixed":{"rotation":[0.0,-90.0,0.0],"translation":[0.0,4.25,-1.5],"scale":[2.5,2.5,2.5]}},"elements":[{"from":[7.5,1.07897,7.5],"to":[8.5,2.07897,8.5],"rotation":{"origin":[7.5,-3.39603,8.55],"axis":"y","angle":0.0},"faces":{"north":{"uv":[9.33333,2.0,10.0,2.66667],"texture":"#2"},"east":{"uv":[9.33333,3.33333,10.0,4.0],"texture":"#2"},"south":{"uv":[9.33333,4.0,10.0,4.66667],"texture":"#2"},"west":{"uv":[9.33333,5.33333,10.0,6.0],"texture":"#2"},"up":{"uv":[10.0,6.66667,9.33333,6.0],"texture":"#2"}}},{"from":[7.5,5.225,7.5],"to":[8.5,6.225,8.5],"rotation":{"origin":[8.0,6.725,8.15],"axis":"x","angle":0.0},"faces":{"north":{"uv":[7.33333,9.33333,8.0,10.0],"texture":"#2"},"east":{"uv":[9.33333,7.33333,10.0,8.0],"texture":"#2"},"south":{"uv":[8.0,9.33333,8.66667,10.0],"texture":"#2"},"west":{"uv":[9.33333,8.0,10.0,8.66667],"texture":"#2"},"down":{"uv":[9.33333,9.33333,8.66667,10.0],"texture":"#2"}}},{"from":[7.5,9.225,7.5],"to":[8.5,10.225,8.5],"rotation":{"origin":[7.5,8.225,7.5],"axis":"y","angle":0.0},"faces":{"north":{"uv":[8.0,10.0,8.66667,10.66667],"texture":"#2"},"east":{"uv":[10.0,8.0,10.66667,8.66667],"texture":"#2"},"south":{"uv":[8.66667,10.0,9.33333,10.66667],"texture":"#2"},"west":{"uv":[10.0,8.66667,10.66667,9.33333],"texture":"#2"}}},{"from":[7.5,4.225,7.5],"to":[8.5,4.725,8.5],"rotation":{"origin":[8.0,3.65199,8.00452],"axis":"x","angle":0.0},"faces":{"north":{"uv":[4.0,11.33333,4.66667,11.66667],"texture":"#2"},"east":{"uv":[11.33333,4.0,12.0,4.33333],"texture":"#2"},"south":{"uv":[4.66667,11.33333,5.33333,11.66667],"texture":"#2"},"west":{"uv":[11.33333,4.66667,12.0,5.0],"texture":"#2"},"up":{"uv":[10.0,10.0,9.33333,9.33333],"texture":"#2"},"down":{"uv":[0.66667,10.0,0.0,10.66667],"texture":"#2"}}},{"from":[7.5,2.57897,7.5],"to":[8.5,3.07897,8.5],"rotation":{"origin":[8.0,3.65199,7.99548],"axis":"x","angle":0.0},"faces":{"north":{"uv":[5.33333,11.33333,6.0,11.66667],"texture":"#2"},"east":{"uv":[11.33333,5.33333,12.0,5.66667],"texture":"#2"},"south":{"uv":[6.0,11.33333,6.66667,11.66667],"texture":"#2"},"west":{"uv":[11.33333,6.0,12.0,6.33333],"texture":"#2"},"up":{"uv":[1.33333,10.66667,0.66667,10.0],"texture":"#2"},"down":{"uv":[2.0,10.0,1.33333,10.66667],"texture":"#2"}}},{"from":[7.4,3.047,7.39637],"to":[8.6,4.247,8.59637],"rotation":{"origin":[8.0,3.65199,7.99672],"axis":"x","angle":-45.0},"faces":{"north":{"uv":[2.0,10.0,2.66667,10.66667],"texture":"#2"},"east":{"uv":[10.0,2.0,10.66667,2.66667],"texture":"#2"},"south":{"uv":[10.0,2.66667,10.66667,3.33333],"texture":"#2"},"west":{"uv":[10.0,3.33333,10.66667,4.0],"texture":"#2"},"up":{"uv":[10.66667,4.66667,10.0,4.0],"texture":"#2"},"down":{"uv":[10.66667,4.66667,10.0,5.33333],"texture":"#2"}}},{"from":[7.6,2.07897,7.6],"to":[8.4,2.57897,8.4],"rotation":{"origin":[8.0,3.65199,7.99548],"axis":"x","angle":0.0},"faces":{"north":{"uv":[6.66667,11.33333,7.33333,11.66667],"texture":"#2"},"east":{"uv":[11.33333,6.66667,12.0,7.0],"texture":"#2"},"south":{"uv":[7.33333,11.33333,8.0,11.66667],"texture":"#2"},"west":{"uv":[11.33333,7.33333,12.0,7.66667],"texture":"#2"}}},{"from":[7.6,4.725,7.6],"to":[8.4,5.225,8.4],"rotation":{"origin":[8.0,3.65199,8.00452],"axis":"x","angle":0.0},"faces":{"north":{"uv":[8.0,11.33333,8.66667,11.66667],"texture":"#2"},"east":{"uv":[11.33333,8.0,12.0,8.33333],"texture":"#2"},"south":{"uv":[8.66667,11.33333,9.33333,11.66667],"texture":"#2"},"west":{"uv":[11.33333,8.66667,12.0,9.0],"texture":"#2"}}},{"from":[7.75,0.11254,6.94818],"to":[8.25,1.11254,7.94818],"rotation":{"origin":[8.0,1.23632,7.98062],"axis":"x","angle":22.5},"faces":{"north":{"uv":[11.33333,11.33333,11.66667,12.0],"texture":"#2"},"east":{"uv":[7.33333,10.0,8.0,10.66667],"texture":"#2"},"south":{"uv":[12.0,0.0,12.33333,0.66667],"texture":"#2"},"west":{"uv":[10.0,7.33333,10.66667,8.0],"texture":"#2"},"up":{"uv":[12.33333,1.33333,12.0,0.66667],"texture":"#2"},"down":{"uv":[12.33333,1.33333,12.0,2.0],"texture":"#2"}}},{"from":[7.752,1.17173,6.45595],"to":[8.248,2.22173,7.18095],"rotation":{"origin":[8.0,1.23632,7.98062],"axis":"x","angle":-22.5},"faces":{"north":{"uv":[11.33333,9.33333,11.66667,10.0],"texture":"#2"},"east":{"uv":[10.0,11.33333,10.33333,12.0],"texture":"#2"},"south":{"uv":[11.33333,10.0,11.66667,10.66667],"texture":"#2"},"west":{"uv":[11.33333,10.66667,11.66667,11.33333],"texture":"#2"},"up":{"uv":[10.33333,12.33333,10.0,12.0],"texture":"#2"}}},{"from":[7.752,1.17173,8.81905],"to":[8.248,2.22173,9.54405],"rotation":{"origin":[8.0,1.23632,8.01938],"axis":"x","angle":22.5},"faces":{"north":{"uv":[11.66667,10.0,11.33333,10.66667],"texture":"#2"},"east":{"uv":[10.33333,11.33333,10.0,12.0],"texture":"#2"},"south":{"uv":[11.66667,9.33333,11.33333,10.0],"texture":"#2"},"west":{"uv":[11.66667,10.66667,11.33333,11.33333],"texture":"#2"},"up":{"uv":[10.33333,12.0,10.0,12.33333],"texture":"#2"}}},{"from":[7.75,0.11254,8.05182],"to":[8.25,1.11254,9.05182],"rotation":{"origin":[8.0,1.23632,8.01938],"axis":"x","angle":-22.5},"faces":{"north":{"uv":[12.33333,0.0,12.0,0.66667],"texture":"#2"},"east":{"uv":[8.0,10.0,7.33333,10.66667],"texture":"#2"},"south":{"uv":[11.66667,11.33333,11.33333,12.0],"texture":"#2"},"west":{"uv":[10.66667,7.33333,10.0,8.0],"texture":"#2"},"up":{"uv":[12.33333,0.66667,12.0,1.33333],"texture":"#2"},"down":{"uv":[12.33333,2.0,12.0,1.33333],"texture":"#2"}}},{"from":[7.405,0.3916,7.66275],"to":[8.595,1.5816,8.85275],"rotation":{"origin":[8.0,1.23632,7.98062],"axis":"x","angle":45.0},"faces":{"north":{"uv":[5.33333,10.0,6.0,10.66667],"texture":"#2"},"east":{"uv":[10.0,5.33333,10.66667,6.0],"texture":"#2"},"south":{"uv":[6.0,10.0,6.66667,10.66667],"texture":"#2"},"west":{"uv":[10.0,6.0,10.66667,6.66667],"texture":"#2"},"up":{"uv":[7.33333,10.66667,6.66667,10.0],"texture":"#2"},"down":{"uv":[10.66667,6.66667,10.0,7.33333],"texture":"#2"}}},{"from":[7.4,9.975,7.25],"to":[8.6,11.725,9.0],"rotation":{"origin":[8.0,10.725,8.0],"axis":"x","angle":-45.0},"faces":{"north":{"uv":[8.66667,0.0,9.33333,1.33333],"texture":"#2"},"east":{"uv":[2.66667,13.0,4.0,14.33333],"texture":"#2"},"south":{"uv":[1.33333,8.66667,2.0,10.0],"texture":"#2"},"west":{"uv":[6.66667,3.33333,8.0,4.66667],"texture":"#2"},"up":{"uv":[9.33333,2.66667,8.66667,1.33333],"texture":"#2"},"down":{"uv":[2.66667,8.66667,2.0,10.0],"texture":"#2"}}},{"from":[7.15,10.225,7.5],"to":[8.85,11.475,8.75],"rotation":{"origin":[8.0,10.725,8.0],"axis":"x","angle":-45.0},"faces":{"north":{"uv":[4.33333,13.0,5.33333,14.0],"texture":"#2"},"east":{"uv":[5.33333,7.33333,6.33333,8.33333],"texture":"#2"},"south":{"uv":[6.66667,7.33333,7.66667,8.33333],"texture":"#2"},"west":{"uv":[2.66667,8.0,3.66667,9.0],"texture":"#2"},"up":{"uv":[9.0,4.33333,8.0,3.33333],"texture":"#2"},"down":{"uv":[5.0,8.0,4.0,9.0],"texture":"#2"}}},{"from":[7.35,6.225,7.35],"to":[8.65,9.225,8.65],"rotation":{"origin":[8.0,6.725,8.15],"axis":"x","angle":0.0},"faces":{"north":{"uv":[5.33333,3.33333,6.33333,5.33333],"texture":"#2"},"east":{"uv":[5.33333,5.33333,6.33333,7.33333],"texture":"#2"},"south":{"uv":[0.0,13.0,1.0,15.0],"texture":"#2"},"west":{"uv":[1.33333,13.0,2.33333,15.0],"texture":"#2"},"up":{"uv":[9.0,8.33333,8.0,7.33333],"texture":"#2"},"down":{"uv":[1.0,8.66667,0.0,9.66667],"texture":"#2"}}},{"from":[7.75,11.84365,3.9794],"to":[8.25,12.84365,5.4794],"rotation":{"origin":[8.0,12.34365,3.9794],"axis":"x","angle":22.5},"faces":{"east":{"uv":[8.66667,8.66667,9.66667,9.33333],"texture":"#2"},"west":{"uv":[9.33333,0.0,10.33333,0.66667],"texture":"#2"},"up":{"uv":[2.33333,12.33333,2.0,11.33333],"texture":"#2"},"down":{"uv":[3.0,11.33333,2.66667,12.33333],"texture":"#2"}}},{"from":[7.75,11.79592,2.58095],"to":[8.25,12.79592,3.58095],"rotation":{"origin":[8.0,13.29592,3.08095],"axis":"x","angle":-45.0},"faces":{"north":{"uv":[12.0,2.0,12.33333,2.66667],"texture":"#2"},"east":{"uv":[9.33333,10.0,10.0,10.66667],"texture":"#2"},"south":{"uv":[12.0,2.66667,12.33333,3.33333],"texture":"#2"},"west":{"uv":[10.0,9.33333,10.66667,10.0],"texture":"#2"}}},{"from":[7.75,10.80768,6.46677],"to":[8.25,11.80768,7.46677],"rotation":{"origin":[8.0,12.30768,6.96677],"axis":"x","angle":-45.0},"faces":{"east":{"uv":[10.66667,8.0,11.33333,8.66667],"texture":"#2"},"south":{"uv":[12.0,7.33333,12.33333,8.0],"texture":"#2"},"west":{"uv":[8.66667,10.66667,9.33333,11.33333],"texture":"#2"}}},{"from":[7.75,12.66598,2.46887],"to":[8.25,13.66598,3.46887],"rotation":{"origin":[8.0,14.16598,2.96887],"axis":"x","angle":-22.5},"faces":{"north":{"uv":[12.0,3.33333,12.33333,4.0],"texture":"#2"},"east":{"uv":[10.0,10.0,10.66667,10.66667],"texture":"#2"},"south":{"uv":[4.0,12.0,4.33333,12.66667],"texture":"#2"},"west":{"uv":[0.0,10.66667,0.66667,11.33333],"texture":"#2"},"up":{"uv":[12.33333,4.66667,12.0,4.0],"texture":"#2"}}},{"from":[7.75,8.95635,3.9794],"to":[8.25,9.95635,5.4794],"rotation":{"origin":[8.0,9.45635,3.9794],"axis":"x","angle":-22.5},"faces":{"east":{"uv":[9.33333,0.66667,10.33333,1.33333],"texture":"#2"},"west":{"uv":[9.33333,1.33333,10.33333,2.0],"texture":"#2"},"up":{"uv":[11.66667,3.66667,11.33333,2.66667],"texture":"#2"},"down":{"uv":[3.66667,11.33333,3.33333,12.33333],"texture":"#2"}}},{"from":[7.75,9.49232,5.17388],"to":[8.25,10.49232,7.67388],"rotation":{"origin":[8.0,9.99232,5.17388],"axis":"x","angle":0.0},"faces":{"east":{"uv":[6.66667,4.66667,8.33333,5.33333],"texture":"#2"},"west":{"uv":[6.66667,5.33333,8.33333,6.0],"texture":"#2"},"up":{"uv":[3.0,11.0,2.66667,9.33333],"texture":"#2"},"down":{"uv":[3.66667,9.33333,3.33333,11.0],"texture":"#2"}}},{"from":[7.75,11.30768,5.17388],"to":[8.25,12.30768,7.67388],"rotation":{"origin":[8.0,11.80768,5.17388],"axis":"x","angle":0.0},"faces":{"east":{"uv":[6.66667,6.0,8.33333,6.66667],"texture":"#2"},"west":{"uv":[6.66667,6.66667,8.33333,7.33333],"texture":"#2"},"up":{"uv":[4.33333,11.0,4.0,9.33333],"texture":"#2"},"down":{"uv":[5.0,9.33333,4.66667,11.0],"texture":"#2"}}},{"from":[7.75,9.00408,2.58095],"to":[8.25,10.00408,3.58095],"rotation":{"origin":[8.0,8.50408,3.08095],"axis":"x","angle":45.0},"faces":{"north":{"uv":[12.0,5.33333,12.33333,6.0],"texture":"#2"},"east":{"uv":[10.66667,0.66667,11.33333,1.33333],"texture":"#2"},"south":{"uv":[6.0,12.0,6.33333,12.66667],"texture":"#2"},"west":{"uv":[1.33333,10.66667,2.0,11.33333],"texture":"#2"}}},{"from":[7.75,8.13402,2.46887],"to":[8.25,9.13402,3.46887],"rotation":{"origin":[8.0,7.63402,2.96887],"axis":"x","angle":22.5},"faces":{"north":{"uv":[4.66667,12.0,5.0,12.66667],"texture":"#2"},"east":{"uv":[10.66667,0.0,11.33333,0.66667],"texture":"#2"},"south":{"uv":[12.0,4.66667,12.33333,5.33333],"texture":"#2"},"west":{"uv":[0.66667,10.66667,1.33333,11.33333],"texture":"#2"},"down":{"uv":[5.66667,12.0,5.33333,12.66667],"texture":"#2"}}},{"from":[7.985,5.9,0.4],"to":[8.015,15.9,7.9],"rotation":{"origin":[7.985,-1.75,0.4],"axis":"y","angle":0.0},"faces":{"east":{"uv":[5.0,0.0,0.0,6.66667],"texture":"#2"},"west":{"uv":[0.0,0.0,5.0,6.66667],"texture":"#2"}}},{"from":[7.0,9.51053,6.25],"to":[7.0,13.01053,9.75],"rotation":{"origin":[7.0,11.26053,8.0],"axis":"x","angle":45.0},"faces":{"west":{"uv":[0.0,0.0,7.0,7.0],"texture":"#1"}}},{"from":[9.0,9.51053,6.25],"to":[9.0,13.01053,9.75],"rotation":{"origin":[9.0,11.26053,8.0],"axis":"x","angle":45.0},"faces":{"east":{"uv":[7.0,0.0,0.0,7.0],"texture":"#1"}}},{"from":[7.77411,8.625,8.80068],"to":[7.80411,13.625,13.30068],"rotation":{"origin":[7.80411,8.625,8.80068],"axis":"y","angle":-45.0},"faces":{"east":{"uv":[4.5,0.0,0.0,5.0],"texture":"#main"},"west":{"uv":[0.0,0.0,4.5,5.0],"texture":"#main"}}},{"from":[7.77411,8.625,8.80068],"to":[7.80411,13.625,13.30068],"rotation":{"origin":[7.80411,8.625,8.80068],"axis":"y","angle":-22.5},"faces":{"east":{"uv":[12.5,0.0,8.0,5.0],"texture":"#main"},"west":{"uv":[8.0,0.0,12.5,5.0],"texture":"#main"}}},{"from":[7.77411,8.625,8.80068],"to":[7.80411,13.625,13.30068],"rotation":{"origin":[7.80411,8.625,8.80068],"axis":"y","angle":0.0},"faces":{"east":{"uv":[4.5,8.0,0.0,13.0],"texture":"#main"},"west":{"uv":[0.0,8.0,4.5,13.0],"texture":"#main"}}},{"from":[8.19589,8.625,8.80068],"to":[8.22589,13.625,13.30068],"rotation":{"origin":[8.19589,8.625,8.80068],"axis":"y","angle":45.0},"faces":{"east":{"uv":[4.5,0.0,0.0,5.0],"texture":"#main"},"west":{"uv":[0.0,0.0,4.5,5.0],"texture":"#main"}}},{"from":[8.19589,8.625,8.80068],"to":[8.22589,13.625,13.30068],"rotation":{"origin":[8.19589,8.625,8.80068],"axis":"y","angle":22.5},"faces":{"east":{"uv":[12.5,0.0,8.0,5.0],"texture":"#main"},"west":{"uv":[8.0,0.0,12.5,5.0],"texture":"#main"}}},{"from":[8.19589,8.625,8.80068],"to":[8.22589,13.625,13.30068],"rotation":{"origin":[8.19589,8.625,8.80068],"axis":"y","angle":0.0},"faces":{"east":{"uv":[4.5,8.0,0.0,13.0],"texture":"#main"},"west":{"uv":[0.0,8.0,4.5,13.0],"texture":"#main"}}},{"from":[7.5,6.75,-1.5],"to":[7.5,14.75,6.5],"rotation":{"origin":[7.5,6.75,-1.5],"axis":"y","angle":0.0},"faces":{"west":{"uv":[0.0,0.0,16.0,16.0],"texture":"#3"}}},{"from":[8.5,6.75,-1.5],"to":[8.5,14.75,6.5],"rotation":{"origin":[8.5,6.75,-1.5],"axis":"y","angle":0.0},"faces":{"east":{"uv":[16.0,0.0,0.0,16.0],"texture":"#3"}}}],"textures":{"particle":"bc477bd4-1c29-4a71-bcf2-5e74c813f463","1":"bc477bd4-1c29-4a71-bcf2-5e74c813f463","2":"18a212ad-baa9-4fb5-a262-f958e5286381","3":"366f20e5-6d4f-4844-ae50-33fa9afde47c","main":"e761ce3b-43ac-44af-80a3-6186aeaa26a5"},"gui_light":"front"}