{"display":{"thirdperson_righthand":{"rotation":[56.75,0.0,0.0],"translation":[0.0,2.25,0.75],"scale":[0.49023,0.49023,0.49023]},"thirdperson_lefthand":{"rotation":[56.75,0.0,0.0],"translation":[0.0,2.25,1.5],"scale":[0.49023,0.49023,0.49023]},"firstperson_righthand":{"rotation":[154.5,0.0,-180.0],"translation":[-2.75,3.25,0.0],"scale":[0.77539,0.77539,0.77539]},"firstperson_lefthand":{"rotation":[154.5,0.0,-180.0],"translation":[-2.75,3.25,0.0],"scale":[0.77539,0.77539,0.77539]},"ground":{"translation":[0.0,7.25,0.0]},"gui":{"rotation":[0.0,158.0,0.0],"translation":[0.25,-0.75,0.0],"scale":[1.1582,1.1582,1.1582]},"head":{"rotation":[0.0,180.0,0.0],"translation":[0.0,-32.5,0.0],"scale":[2.42969,2.42969,2.42969]},"fixed":{"rotation":[-90.0,0.0,0.0],"translation":[0.0,0.0,-11.5],"scale":[2.69922,2.69922,2.69922]}},"elements":[{"from":[4.0,3.6875,4.0],"to":[5.0,8.6875,5.0],"rotation":{"origin":[4.0,3.6875,4.0],"axis":"y","angle":0.0},"faces":{"north":{"uv":[9.0,10.5,9.5,13.0],"texture":"#0"},"east":{"uv":[9.5,10.5,10.0,13.0],"texture":"#0"},"south":{"uv":[8.0,11.0,8.5,13.5],"texture":"#0"},"west":{"uv":[8.5,11.0,9.0,13.5],"texture":"#0"},"up":{"uv":[7.0,8.5,6.5,8.0],"texture":"#0"},"down":{"uv":[3.5,9.0,3.0,9.5],"texture":"#0"}}},{"from":[5.0,3.6875,4.0],"to":[11.0,4.6875,5.0],"rotation":{"origin":[11.0,3.6875,4.0],"axis":"y","angle":0.0},"faces":{"north":{"uv":[10.5,4.0,13.5,4.5],"texture":"#0"},"south":{"uv":[10.5,4.5,13.5,5.0],"texture":"#0"},"up":{"uv":[13.5,5.5,10.5,5.0],"texture":"#0"},"down":{"uv":[13.5,5.5,10.5,6.0],"texture":"#0"}}},{"from":[5.0,7.6875,4.0],"to":[11.0,8.6875,5.0],"rotation":{"origin":[11.0,7.6875,4.0],"axis":"y","angle":0.0},"faces":{"north":{"uv":[6.0,10.5,9.0,11.0],"texture":"#0"},"south":{"uv":[10.5,6.0,13.5,6.5],"texture":"#0"},"up":{"uv":[13.5,7.0,10.5,6.5],"texture":"#0"},"down":{"uv":[13.5,10.0,10.5,10.5],"texture":"#0"}}},{"from":[4.0,7.6875,5.0],"to":[5.0,8.6875,11.0],"rotation":{"origin":[8.0,8.1875,8.0],"axis":"y","angle":0.0},"faces":{"east":{"uv":[10.5,10.5,13.5,11.0],"texture":"#0"},"west":{"uv":[11.0,0.0,14.0,0.5],"texture":"#0"},"up":{"uv":[1.5,13.5,1.0,10.5],"texture":"#0"},"down":{"uv":[2.0,10.5,1.5,13.5],"texture":"#0"}}},{"from":[4.5,4.1875,4.5],"to":[11.5,8.1875,11.5],"rotation":{"origin":[11.0,4.1875,4.5],"axis":"y","angle":0.0},"faces":{"north":{"uv":[3.5,6.0,7.0,8.0],"texture":"#0"},"east":{"uv":[0.0,7.0,3.5,9.0],"texture":"#0"},"south":{"uv":[7.0,0.0,10.5,2.0],"texture":"#0"},"west":{"uv":[7.0,2.0,10.5,4.0],"texture":"#0"},"up":{"uv":[3.5,3.5,0.0,0.0],"texture":"#0"},"down":{"uv":[3.5,3.5,0.0,7.0],"texture":"#0"}}},{"from":[8.0,6.6875,3.5],"to":[10.0,8.6875,4.5],"rotation":{"origin":[8.0,6.6875,3.5],"axis":"z","angle":45.0},"faces":{"north":{"uv":[2.0,11.5,3.0,12.5],"texture":"#0"},"east":{"uv":[2.0,12.5,2.5,13.5],"texture":"#0"},"south":{"uv":[3.0,11.5,4.0,12.5],"texture":"#0"},"west":{"uv":[2.5,12.5,3.0,13.5],"texture":"#0"},"up":{"uv":[3.0,11.0,2.0,10.5],"texture":"#0"},"down":{"uv":[4.0,12.5,3.0,13.0],"texture":"#0"}}},{"from":[11.0,7.6875,5.0],"to":[12.0,8.6875,11.0],"rotation":{"origin":[8.0,8.1875,8.0],"axis":"y","angle":0.0},"faces":{"east":{"uv":[14.0,0.0,11.0,0.5],"texture":"#0"},"west":{"uv":[13.5,10.5,10.5,11.0],"texture":"#0"},"up":{"uv":[1.0,13.5,1.5,10.5],"texture":"#0"},"down":{"uv":[1.5,10.5,2.0,13.5],"texture":"#0"}}},{"from":[11.0,3.6875,4.0],"to":[12.0,8.6875,5.0],"rotation":{"origin":[12.0,3.6875,4.0],"axis":"y","angle":0.0},"faces":{"north":{"uv":[9.5,10.5,9.0,13.0],"texture":"#0"},"east":{"uv":[9.0,11.0,8.5,13.5],"texture":"#0"},"south":{"uv":[8.5,11.0,8.0,13.5],"texture":"#0"},"west":{"uv":[10.0,10.5,9.5,13.0],"texture":"#0"},"up":{"uv":[6.5,8.5,7.0,8.0],"texture":"#0"},"down":{"uv":[3.0,9.0,3.5,9.5],"texture":"#0"}}},{"from":[11.0,3.6875,11.0],"to":[12.0,8.6875,12.0],"rotation":{"origin":[12.0,3.6875,12.0],"axis":"y","angle":0.0},"faces":{"north":{"uv":[8.0,11.0,8.5,13.5],"texture":"#0"},"east":{"uv":[8.5,11.0,9.0,13.5],"texture":"#0"},"south":{"uv":[9.0,10.5,9.5,13.0],"texture":"#0"},"west":{"uv":[9.5,10.5,10.0,13.0],"texture":"#0"},"up":{"uv":[6.5,8.0,7.0,8.5],"texture":"#0"},"down":{"uv":[3.0,9.5,3.5,9.0],"texture":"#0"}}},{"from":[5.0,3.6875,11.0],"to":[11.0,4.6875,12.0],"rotation":{"origin":[11.0,3.6875,12.0],"axis":"y","angle":0.0},"faces":{"north":{"uv":[13.5,4.5,10.5,5.0],"texture":"#0"},"south":{"uv":[13.5,4.0,10.5,4.5],"texture":"#0"},"up":{"uv":[13.5,5.0,10.5,5.5],"texture":"#0"},"down":{"uv":[13.5,6.0,10.5,5.5],"texture":"#0"}}},{"from":[4.0,3.6875,11.0],"to":[5.0,8.6875,12.0],"rotation":{"origin":[4.0,3.6875,12.0],"axis":"y","angle":0.0},"faces":{"north":{"uv":[8.5,11.0,8.0,13.5],"texture":"#0"},"east":{"uv":[10.0,10.5,9.5,13.0],"texture":"#0"},"south":{"uv":[9.5,10.5,9.0,13.0],"texture":"#0"},"west":{"uv":[9.0,11.0,8.5,13.5],"texture":"#0"},"up":{"uv":[7.0,8.0,6.5,8.5],"texture":"#0"},"down":{"uv":[3.5,9.5,3.0,9.0],"texture":"#0"}}},{"from":[5.0,7.6875,11.0],"to":[11.0,8.6875,12.0],"rotation":{"origin":[11.0,7.6875,12.0],"axis":"y","angle":0.0},"faces":{"north":{"uv":[13.5,6.0,10.5,6.5],"texture":"#0"},"south":{"uv":[9.0,10.5,6.0,11.0],"texture":"#0"},"up":{"uv":[13.5,6.5,10.5,7.0],"texture":"#0"},"down":{"uv":[13.5,10.5,10.5,10.0],"texture":"#0"}}},{"from":[4.0,9.34392,4.72731],"to":[5.0,12.34392,5.72731],"rotation":{"origin":[8.0,11.34392,5.22731],"axis":"x","angle":22.5},"faces":{"north":{"uv":[4.0,11.5,4.5,13.0],"texture":"#0"},"east":{"uv":[4.5,11.5,5.0,13.0],"texture":"#0"},"south":{"uv":[5.0,11.5,5.5,13.0],"texture":"#0"},"west":{"uv":[5.5,11.5,6.0,13.0],"texture":"#0"},"up":{"uv":[6.5,10.0,6.0,9.5],"texture":"#0"}}},{"from":[4.0,8.6875,4.0],"to":[5.0,9.6875,12.0],"rotation":{"origin":[8.0,9.1875,8.0],"axis":"y","angle":0.0},"faces":{"north":{"uv":[12.5,8.5,13.0,9.0],"texture":"#0"},"east":{"uv":[6.0,10.0,10.0,10.5],"texture":"#0"},"south":{"uv":[12.5,9.0,13.0,9.5],"texture":"#0"},"west":{"uv":[10.0,7.0,14.0,7.5],"texture":"#0"},"up":{"uv":[10.5,14.0,10.0,10.0],"texture":"#0"},"down":{"uv":[0.5,10.5,0.0,14.5],"texture":"#0"}}},{"from":[4.5,8.9375,5.0],"to":[11.5,11.9375,11.0],"rotation":{"origin":[9.0,9.1875,8.0],"axis":"y","angle":0.0},"faces":{"north":{"uv":[7.0,4.0,10.5,5.5],"texture":"#0"},"east":{"uv":[7.0,7.0,10.0,8.5],"texture":"#0"},"south":{"uv":[7.0,5.5,10.5,7.0],"texture":"#0"},"west":{"uv":[3.5,8.0,6.5,9.5],"texture":"#0"},"up":{"uv":[7.0,3.0,3.5,0.0],"texture":"#0"},"down":{"uv":[7.0,3.0,3.5,6.0],"texture":"#0"}}},{"from":[5.0,8.78421,9.9862],"to":[11.0,11.78421,10.9862],"rotation":{"origin":[8.0,11.28421,10.7362],"axis":"x","angle":-22.5},"faces":{"north":{"uv":[6.5,8.5,9.5,10.0],"texture":"#0"},"east":{"uv":[6.0,11.5,6.5,13.0],"texture":"#0"},"south":{"uv":[0.0,9.0,3.0,10.5],"texture":"#0"},"west":{"uv":[6.5,11.5,7.0,13.0],"texture":"#0"}}},{"from":[5.0,8.78421,5.0138],"to":[11.0,11.78421,6.0138],"rotation":{"origin":[8.0,11.28421,5.2638],"axis":"x","angle":22.5},"faces":{"north":{"uv":[3.0,9.5,6.0,11.0],"texture":"#0"},"east":{"uv":[7.0,11.5,7.5,13.0],"texture":"#0"},"south":{"uv":[9.5,8.5,12.5,10.0],"texture":"#0"},"west":{"uv":[7.5,11.5,8.0,13.0],"texture":"#0"}}},{"from":[5.0,8.6875,4.0],"to":[11.0,9.6875,5.0],"rotation":{"origin":[11.0,6.6875,4.0],"axis":"y","angle":0.0},"faces":{"north":{"uv":[11.0,0.5,14.0,1.0],"texture":"#0"},"up":{"uv":[14.0,1.5,11.0,1.0],"texture":"#0"},"down":{"uv":[14.0,1.5,11.0,2.0],"texture":"#0"}}},{"from":[5.0,8.6875,11.0],"to":[11.0,9.6875,12.0],"rotation":{"origin":[11.0,6.6875,12.0],"axis":"y","angle":0.0},"faces":{"south":{"uv":[2.0,11.0,5.0,11.5],"texture":"#0"},"up":{"uv":[14.0,2.5,11.0,2.0],"texture":"#0"},"down":{"uv":[14.0,2.5,11.0,3.0],"texture":"#0"}}},{"from":[11.0,8.6875,4.0],"to":[12.0,9.6875,12.0],"rotation":{"origin":[8.0,9.1875,8.0],"axis":"y","angle":0.0},"faces":{"north":{"uv":[12.5,9.5,13.0,10.0],"texture":"#0"},"east":{"uv":[10.0,7.5,14.0,8.0],"texture":"#0"},"south":{"uv":[12.5,11.5,13.0,12.0],"texture":"#0"},"west":{"uv":[10.0,8.0,14.0,8.5],"texture":"#0"},"up":{"uv":[11.0,4.0,10.5,0.0],"texture":"#0"},"down":{"uv":[1.0,10.5,0.5,14.5],"texture":"#0"}}},{"from":[5.0,11.34392,4.72731],"to":[11.0,12.34392,5.72731],"rotation":{"origin":[8.0,11.34392,5.22731],"axis":"x","angle":22.5},"faces":{"north":{"uv":[11.0,3.0,14.0,3.5],"texture":"#0"},"south":{"uv":[11.0,3.5,14.0,4.0],"texture":"#0"},"up":{"uv":[8.0,11.5,5.0,11.0],"texture":"#0"},"down":{"uv":[13.5,11.0,10.5,11.5],"texture":"#0"}}},{"from":[11.0,9.34392,4.72731],"to":[12.0,12.34392,5.72731],"rotation":{"origin":[8.0,11.34392,5.22731],"axis":"x","angle":22.5},"faces":{"north":{"uv":[10.5,11.5,11.0,13.0],"texture":"#0"},"east":{"uv":[11.0,11.5,11.5,13.0],"texture":"#0"},"south":{"uv":[11.5,11.5,12.0,13.0],"texture":"#0"},"west":{"uv":[12.0,11.5,12.5,13.0],"texture":"#0"},"up":{"uv":[13.0,12.5,12.5,12.0],"texture":"#0"}}},{"from":[11.0,9.34392,10.27269],"to":[12.0,12.34392,11.27269],"rotation":{"origin":[8.0,11.34392,10.77269],"axis":"x","angle":-22.5},"faces":{"north":{"uv":[12.0,11.5,11.5,13.0],"texture":"#0"},"east":{"uv":[11.5,11.5,11.0,13.0],"texture":"#0"},"south":{"uv":[11.0,11.5,10.5,13.0],"texture":"#0"},"west":{"uv":[12.5,11.5,12.0,13.0],"texture":"#0"},"up":{"uv":[13.0,12.0,12.5,12.5],"texture":"#0"}}},{"from":[5.0,11.34392,10.27269],"to":[11.0,12.34392,11.27269],"rotation":{"origin":[8.0,11.34392,10.77269],"axis":"x","angle":-22.5},"faces":{"north":{"uv":[14.0,3.5,11.0,4.0],"texture":"#0"},"south":{"uv":[14.0,3.0,11.0,3.5],"texture":"#0"},"up":{"uv":[8.0,11.0,5.0,11.5],"texture":"#0"},"down":{"uv":[13.5,11.5,10.5,11.0],"texture":"#0"}}},{"from":[4.0,9.34392,10.27269],"to":[5.0,12.34392,11.27269],"rotation":{"origin":[8.0,11.34392,10.77269],"axis":"x","angle":-22.5},"faces":{"north":{"uv":[5.5,11.5,5.0,13.0],"texture":"#0"},"east":{"uv":[5.0,11.5,4.5,13.0],"texture":"#0"},"south":{"uv":[4.5,11.5,4.0,13.0],"texture":"#0"},"west":{"uv":[6.0,11.5,5.5,13.0],"texture":"#0"},"up":{"uv":[6.5,9.5,6.0,10.0],"texture":"#0"}}},{"from":[6.25,6.69803,3.25],"to":[9.75,10.19803,3.25],"rotation":{"origin":[8.0,8.44803,3.25],"axis":"z","angle":45.0},"faces":{"north":{"uv":[0.0,0.0,7.0,7.0],"texture":"#1"}}},{"from":[-0.06662,9.3125,7.00406],"to":[4.43338,14.3125,7.03406],"rotation":{"origin":[2.6567,11.8125,7.96587],"axis":"y","angle":-22.5},"faces":{"north":{"uv":[0.0,0.0,4.5,5.0],"texture":"#4"},"south":{"uv":[4.5,0.0,0.0,5.0],"texture":"#4"}}},{"from":[0.15473,9.3125,7.75489],"to":[4.65473,14.3125,7.78489],"rotation":{"origin":[2.6567,11.8125,7.96587],"axis":"y","angle":0.0},"faces":{"north":{"uv":[8.0,0.0,12.5,5.0],"texture":"#4"},"south":{"uv":[12.5,0.0,8.0,5.0],"texture":"#4"}}},{"from":[0.07189,9.3125,8.53328],"to":[4.57189,14.3125,8.56328],"rotation":{"origin":[2.6567,11.8125,7.96587],"axis":"y","angle":22.5},"faces":{"north":{"uv":[0.0,8.0,4.5,13.0],"texture":"#4"},"south":{"uv":[4.5,8.0,0.0,13.0],"texture":"#4"}}},{"from":[11.56662,9.3125,7.00406],"to":[16.06662,14.3125,7.03406],"rotation":{"origin":[13.3433,11.8125,7.96587],"axis":"y","angle":22.5},"faces":{"north":{"uv":[4.5,0.0,0.0,5.0],"texture":"#4"},"south":{"uv":[0.0,0.0,4.5,5.0],"texture":"#4"}}},{"from":[11.34527,9.3125,7.75489],"to":[15.84527,14.3125,7.78489],"rotation":{"origin":[13.3433,11.8125,7.96587],"axis":"y","angle":0.0},"faces":{"north":{"uv":[12.5,0.0,8.0,5.0],"texture":"#4"},"south":{"uv":[8.0,0.0,12.5,5.0],"texture":"#4"}}},{"from":[11.42811,9.3125,8.53328],"to":[15.92811,14.3125,8.56328],"rotation":{"origin":[13.3433,11.8125,7.96587],"axis":"y","angle":-22.5},"faces":{"north":{"uv":[4.5,8.0,0.0,13.0],"texture":"#4"},"south":{"uv":[0.0,8.0,4.5,13.0],"texture":"#4"}}}],"textures":{"particle":"bc477bd4-1c29-4a71-bcf2-5e74c813f463","0":"9d31590e-70d2-49b8-a8c6-73e4583cc606","1":"bc477bd4-1c29-4a71-bcf2-5e74c813f463","4":"e761ce3b-43ac-44af-80a3-6186aeaa26a5"},"gui_light":"front"}