{"display":{"thirdperson_righthand":{"rotation":[30.0,60.0,0.0],"scale":[0.3,0.3,0.3]},"thirdperson_lefthand":{"rotation":[30.0,60.0,0.0],"scale":[0.3,0.3,0.3]},"firstperson_righthand":{"rotation":[0.0,30.0,0.0],"translation":[0.0,2.0,0.0],"scale":[0.3,0.3,0.3]},"firstperson_lefthand":{"rotation":[0.0,30.0,0.0],"translation":[0.0,2.0,0.0],"scale":[0.3,0.3,0.3]},"ground":{"translation":[0.0,2.0,0.0],"scale":[0.3,0.3,0.3]},"gui":{"rotation":[30.0,45.0,0.0],"translation":[0.0,1.5,0.0],"scale":[0.6,0.6,0.6]}},"elements":[{"from":[0.0,0.0,0.0],"to":[16.0,8.0,16.0],"faces":{"north":{"uv":[0.0,7.5,16.0,11.5],"texture":"#0"},"east":{"uv":[0.0,7.5,16.0,11.5],"texture":"#0"},"south":{"uv":[0.0,7.5,16.0,11.5],"texture":"#0"},"west":{"uv":[0.0,7.5,16.0,11.5],"texture":"#0"},"up":{"uv":[0.0,0.0,16.0,8.0],"texture":"#0"},"down":{"uv":[0.0,0.0,16.0,8.0],"texture":"#0"}}}],"textures":{"particle":"e6daa428-7824-4b1a-ad29-3adeb5a7024e","0":"e6daa428-7824-4b1a-ad29-3adeb5a7024e"},"gui_light":"front"}