{"display":{"thirdperson_righthand":{"rotation":[36.0,0.0,0.0],"scale":[0.43,0.43,0.43]},"thirdperson_lefthand":{"rotation":[36.0,0.0,0.0],"scale":[0.43,0.43,0.43]},"firstperson_righthand":{"rotation":[0.0,38.0,0.0],"translation":[0.0,3.25,0.0],"scale":[0.53,0.53,0.53]},"firstperson_lefthand":{"rotation":[0.0,38.0,0.0],"translation":[0.0,3.25,0.0],"scale":[0.53,0.53,0.53]},"ground":{"translation":[0.0,3.0,0.0],"scale":[0.46,0.46,0.46]},"gui":{"rotation":[33.0,145.0,0.0],"scale":[0.7,0.7,0.7]},"head":{"translation":[0.0,-2.75,-0.75],"scale":[1.32,1.32,1.32]},"fixed":{"translation":[0.0,0.0,-6.75]}},"elements":[{"from":[-1.23806,9.75,7.14134],"to":[-1.23806,12.25,8.64134],"rotation":{"origin":[1.26194,10.5,7.89134],"axis":"y","angle":-22.5},"faces":{"north":{"uv":[0.0,0.0,0.0,0.75],"texture":"#0"},"east":{"uv":[1.5,11.5,2.0,12.25],"texture":"#0"},"south":{"uv":[0.0,0.0,0.0,0.75],"texture":"#0"},"west":{"uv":[2.0,11.5,2.5,12.25],"texture":"#0"},"up":{"uv":[0.0,0.5,0.0,0.0],"texture":"#0"},"down":{"uv":[0.0,0.0,0.0,0.5],"texture":"#0"}}},{"from":[-0.98806,8.75,6.14134],"to":[1.01194,13.25,9.64134],"rotation":{"origin":[1.26194,10.5,7.89134],"axis":"y","angle":-22.5},"faces":{"north":{"uv":[5.0,11.25,5.5,12.5],"texture":"#0"},"east":{"uv":[5.25,10.0,6.25,11.25],"texture":"#0"},"south":{"uv":[5.5,11.25,6.0,12.5],"texture":"#0"},"west":{"uv":[6.25,10.0,7.25,11.25],"texture":"#0"},"up":{"uv":[8.75,5.5,8.25,4.5],"texture":"#0"},"down":{"uv":[11.5,10.0,11.0,11.0],"texture":"#0"}}},{"from":[1.0,14.0,4.3],"to":[1.0,16.3,12.5],"rotation":{"origin":[1.0,15.0,8.0],"axis":"y","angle":-45.0},"faces":{"north":{"uv":[0.0,0.0,0.0,0.5],"texture":"#0"},"east":{"uv":[11.0,3.0,13.0,3.5],"texture":"#0"},"south":{"uv":[0.0,0.0,0.0,0.5],"texture":"#0"},"west":{"uv":[11.0,3.5,13.0,4.0],"texture":"#0"},"up":{"uv":[0.0,2.0,0.0,0.0],"texture":"#0"},"down":{"uv":[0.0,0.0,0.0,2.0],"texture":"#0"}}},{"from":[1.01194,8.0,5.39134],"to":[5.01194,14.0,10.39134],"rotation":{"origin":[1.26194,10.5,7.89134],"axis":"y","angle":-22.5},"faces":{"north":{"uv":[8.75,5.75,9.75,7.25],"texture":"#0"},"east":{"uv":[8.25,3.0,9.5,4.5],"texture":"#0"},"south":{"uv":[9.0,7.25,10.0,8.75],"texture":"#0"},"west":{"uv":[0.0,8.5,1.25,10.0],"texture":"#0"},"up":{"uv":[11.0,3.75,10.0,2.5],"texture":"#0"},"down":{"uv":[11.0,3.75,10.0,5.0],"texture":"#0"}}},{"from":[2.5,-3.0,3.0],"to":[4.5,-1.0,8.0],"faces":{"north":{"uv":[11.5,6.5,12.0,7.0],"texture":"#0"},"east":{"uv":[11.0,9.5,12.25,10.0],"texture":"#0"},"south":{"uv":[11.5,8.25,12.0,8.75],"texture":"#0"},"west":{"uv":[10.0,11.0,11.25,11.5],"texture":"#0"},"up":{"uv":[11.75,1.25,11.25,0.0],"texture":"#0"},"down":{"uv":[11.75,1.25,11.25,2.5],"texture":"#0"}}},{"from":[2.5,-1.0,3.0],"to":[13.5,16.0,14.0],"faces":{"north":{"uv":[0.0,0.0,2.75,4.25],"texture":"#0"},"east":{"uv":[2.75,0.0,5.5,4.25],"texture":"#0"},"south":{"uv":[0.0,4.25,2.75,8.5],"texture":"#0"},"west":{"uv":[2.75,4.25,5.5,8.5],"texture":"#0"},"up":{"uv":[8.25,2.75,5.5,0.0],"texture":"#0"},"down":{"uv":[8.25,2.75,5.5,5.5],"texture":"#0"}}},{"from":[3.5,16.0,4.0],"to":[12.5,18.0,13.0],"faces":{"north":{"uv":[10.0,5.0,12.25,5.5],"texture":"#0"},"east":{"uv":[0.0,11.0,2.25,11.5],"texture":"#0"},"south":{"uv":[2.25,11.0,4.5,11.5],"texture":"#0"},"west":{"uv":[11.0,2.5,13.25,3.0],"texture":"#0"},"up":{"uv":[7.75,7.75,5.5,5.5],"texture":"#0"},"down":{"uv":[7.75,7.75,5.5,10.0],"texture":"#0"}}},{"from":[4.5,9.0,1.0],"to":[11.5,12.0,3.0],"faces":{"north":{"uv":[9.75,5.75,11.5,6.5],"texture":"#0"},"east":{"uv":[0.5,11.5,1.0,12.25],"texture":"#0"},"south":{"uv":[9.75,6.5,11.5,7.25],"texture":"#0"},"west":{"uv":[1.0,11.5,1.5,12.25],"texture":"#0"},"up":{"uv":[12.75,7.75,11.0,7.25],"texture":"#0"},"down":{"uv":[12.75,7.75,11.0,8.25],"texture":"#0"}}},{"from":[5.5,7.0,-2.0],"to":[10.5,11.0,3.0],"faces":{"north":{"uv":[0.0,10.0,1.25,11.0],"texture":"#0"},"east":{"uv":[1.25,10.0,2.5,11.0],"texture":"#0"},"south":{"uv":[10.0,1.5,11.25,2.5],"texture":"#0"},"west":{"uv":[2.5,10.0,3.75,11.0],"texture":"#0"},"up":{"uv":[9.0,9.75,7.75,8.5],"texture":"#0"},"down":{"uv":[10.0,4.5,8.75,5.75],"texture":"#0"}}},{"from":[7.0,13.0,5.0],"to":[9.0,25.0,9.0],"faces":{"north":{"uv":[9.5,1.5,10.0,4.5],"texture":"#0"},"east":{"uv":[7.75,5.5,8.75,8.5],"texture":"#0"},"south":{"uv":[7.75,9.75,8.25,12.75],"texture":"#0"},"west":{"uv":[8.25,0.0,9.25,3.0],"texture":"#0"},"up":{"uv":[11.75,12.0,11.25,11.0],"texture":"#0"},"down":{"uv":[0.5,11.5,0.0,12.5],"texture":"#0"}}},{"from":[7.0,13.0,9.0],"to":[9.0,23.0,12.0],"faces":{"north":{"uv":[8.25,9.75,8.75,12.25],"texture":"#0"},"east":{"uv":[3.75,8.5,4.5,11.0],"texture":"#0"},"south":{"uv":[7.25,10.0,7.75,12.5],"texture":"#0"},"west":{"uv":[4.5,8.5,5.25,11.0],"texture":"#0"},"up":{"uv":[4.0,12.25,3.5,11.5],"texture":"#0"},"down":{"uv":[4.5,11.5,4.0,12.25],"texture":"#0"}}},{"from":[10.98806,8.0,5.39134],"to":[14.98806,14.0,10.39134],"rotation":{"origin":[14.73806,10.5,7.89134],"axis":"y","angle":22.5},"faces":{"north":{"uv":[9.0,8.75,10.0,10.25],"texture":"#0"},"east":{"uv":[1.25,8.5,2.5,10.0],"texture":"#0"},"south":{"uv":[9.25,0.0,10.25,1.5],"texture":"#0"},"west":{"uv":[2.5,8.5,3.75,10.0],"texture":"#0"},"up":{"uv":[11.0,11.0,10.0,9.75],"texture":"#0"},"down":{"uv":[11.25,0.0,10.25,1.25],"texture":"#0"}}},{"from":[11.5,-3.0,3.0],"to":[13.5,-1.0,8.0],"faces":{"north":{"uv":[11.5,5.5,12.0,6.0],"texture":"#0"},"east":{"uv":[8.75,10.25,10.0,10.75],"texture":"#0"},"south":{"uv":[11.5,6.0,12.0,6.5],"texture":"#0"},"west":{"uv":[8.75,10.75,10.0,11.25],"texture":"#0"},"up":{"uv":[5.0,12.25,4.5,11.0],"texture":"#0"},"down":{"uv":[11.5,8.25,11.0,9.5],"texture":"#0"}}},{"from":[14.98806,8.75,6.14134],"to":[16.98806,13.25,9.64134],"rotation":{"origin":[14.73806,10.5,7.89134],"axis":"y","angle":22.5},"faces":{"north":{"uv":[6.0,11.25,6.5,12.5],"texture":"#0"},"east":{"uv":[10.0,7.25,11.0,8.5],"texture":"#0"},"south":{"uv":[6.5,11.25,7.0,12.5],"texture":"#0"},"west":{"uv":[10.0,8.5,11.0,9.75],"texture":"#0"},"up":{"uv":[9.25,12.25,8.75,11.25],"texture":"#0"},"down":{"uv":[9.75,11.25,9.25,12.25],"texture":"#0"}}},{"from":[15.0,14.0,4.3],"to":[15.0,16.3,12.5],"rotation":{"origin":[15.0,15.0,8.0],"axis":"y","angle":45.0},"faces":{"north":{"uv":[0.0,0.0,0.0,0.5],"texture":"#0"},"east":{"uv":[11.0,4.0,13.0,4.5],"texture":"#0"},"south":{"uv":[0.0,0.0,0.0,0.5],"texture":"#0"},"west":{"uv":[11.0,4.5,13.0,5.0],"texture":"#0"},"up":{"uv":[0.0,2.0,0.0,0.0],"texture":"#0"},"down":{"uv":[0.0,0.0,0.0,2.0],"texture":"#0"}}},{"from":[17.23806,9.75,7.14134],"to":[17.23806,12.25,8.64134],"rotation":{"origin":[14.73806,10.5,7.89134],"axis":"y","angle":22.5},"faces":{"north":{"uv":[0.0,0.0,0.0,0.75],"texture":"#0"},"east":{"uv":[2.5,11.5,3.0,12.25],"texture":"#0"},"south":{"uv":[0.0,0.0,0.0,0.75],"texture":"#0"},"west":{"uv":[3.0,11.5,3.5,12.25],"texture":"#0"},"up":{"uv":[0.0,0.5,0.0,0.0],"texture":"#0"},"down":{"uv":[0.0,0.0,0.0,0.5],"texture":"#0"}}}],"textures":{"0":"0aa6423d-2062-4a5a-9def-0475cfe5b5f0"},"gui_light":"front"}