{"display":{"thirdperson_righthand":{"rotation":[64.0,0.0,0.0],"translation":[0.0,2.75,1.0],"scale":[0.68555,0.68555,0.68555]},"thirdperson_lefthand":{"rotation":[64.0,0.0,0.0],"translation":[0.0,2.75,1.0],"scale":[0.68555,0.68555,0.68555]},"firstperson_righthand":{"rotation":[158.0,0.0,-180.0],"translation":[-2.5,4.25,1.5],"scale":[0.69922,0.69922,0.69922]},"firstperson_lefthand":{"rotation":[158.0,0.0,-180.0],"translation":[-2.5,4.25,1.5],"scale":[0.69922,0.69922,0.69922]},"ground":{"translation":[0.0,6.25,0.0]},"gui":{"rotation":[30.0,135.0,0.0],"translation":[0.0,-0.25,0.0],"scale":[1.05469,1.05469,1.05469]},"head":{"rotation":[0.0,180.0,0.0],"translation":[0.0,-27.0,0.0],"scale":[2.05859,2.05859,2.05859]},"fixed":{"rotation":[-90.0,0.0,0.0],"translation":[0.0,0.0,-24.5],"scale":[3.37305,3.37305,3.37305]}},"elements":[{"from":[3.0,5.44291,3.0],"to":[13.0,6.44291,13.0],"rotation":{"origin":[0.0,3.44291,0.0],"axis":"y","angle":0.0},"faces":{"north":{"uv":[4.0,10.0,8.0,10.4],"texture":"#0"},"east":{"uv":[8.0,10.0,12.0,10.4],"texture":"#0"},"south":{"uv":[4.0,10.4,8.0,10.8],"texture":"#0"},"west":{"uv":[8.0,10.4,12.0,10.8],"texture":"#0"},"up":{"uv":[4.0,4.0,0.0,0.0],"texture":"#0"},"down":{"uv":[4.0,4.0,0.0,8.0],"texture":"#0"}}},{"from":[3.5,6.44291,3.5],"to":[12.5,7.44291,12.5],"rotation":{"origin":[0.0,3.44291,0.0],"axis":"y","angle":0.0},"faces":{"north":{"uv":[4.0,10.8,7.6,11.2],"texture":"#0"},"east":{"uv":[7.6,10.8,11.2,11.2],"texture":"#0"},"south":{"uv":[4.0,11.2,7.6,11.6],"texture":"#0"},"west":{"uv":[7.6,11.2,11.2,11.6],"texture":"#0"}}},{"from":[3.0,7.44291,3.0],"to":[13.0,10.44291,13.0],"rotation":{"origin":[0.0,3.44291,0.0],"axis":"y","angle":0.0},"faces":{"north":{"uv":[4.0,8.0,8.0,9.2],"texture":"#0"},"east":{"uv":[8.0,4.0,12.0,5.2],"texture":"#0"},"south":{"uv":[8.0,5.2,12.0,6.4],"texture":"#0"},"west":{"uv":[8.0,6.4,12.0,7.6],"texture":"#0"},"up":{"uv":[8.0,4.0,4.0,0.0],"texture":"#0"},"down":{"uv":[8.0,4.0,4.0,8.0],"texture":"#0"}}},{"from":[6.75,9.19291,2.5],"to":[9.25,11.69291,3.5],"rotation":{"origin":[0.0,3.44291,0.0],"axis":"y","angle":0.0},"faces":{"north":{"uv":[11.2,11.6,12.2,12.6],"texture":"#0"},"east":{"uv":[2.4,12.0,2.8,13.0],"texture":"#0"},"west":{"uv":[12.0,2.4,12.4,3.4],"texture":"#0"},"up":{"uv":[3.8,12.4,2.8,12.0],"texture":"#0"},"down":{"uv":[13.0,3.6,12.0,4.0],"texture":"#0"}}},{"from":[3.5,10.44291,3.5],"to":[12.5,11.44291,12.5],"rotation":{"origin":[0.0,3.44291,0.0],"axis":"y","angle":0.0},"faces":{"north":{"uv":[11.2,10.8,14.8,11.2],"texture":"#0"},"east":{"uv":[11.2,11.2,14.8,11.6],"texture":"#0"},"south":{"uv":[4.0,11.6,7.6,12.0],"texture":"#0"},"west":{"uv":[7.6,11.6,11.2,12.0],"texture":"#0"}}},{"from":[3.0,11.44291,3.0],"to":[13.0,13.44291,13.0],"rotation":{"origin":[0.0,3.44291,0.0],"axis":"y","angle":0.0},"faces":{"north":{"uv":[8.0,7.6,12.0,8.4],"texture":"#0"},"east":{"uv":[8.0,8.4,12.0,9.2],"texture":"#0"},"south":{"uv":[4.0,9.2,8.0,10.0],"texture":"#0"},"west":{"uv":[8.0,9.2,12.0,10.0],"texture":"#0"},"up":{"uv":[4.0,12.0,0.0,8.0],"texture":"#0"},"down":{"uv":[12.0,0.0,8.0,4.0],"texture":"#0"}}},{"from":[12.0,4.44291,2.5],"to":[14.0,6.44291,4.5],"rotation":{"origin":[13.0,4.94291,8.0],"axis":"z","angle":22.5},"faces":{"north":{"uv":[0.0,12.0,0.8,12.8],"texture":"#0"},"east":{"uv":[12.0,0.0,12.8,0.8],"texture":"#0"},"south":{"uv":[0.8,12.0,1.6,12.8],"texture":"#0"},"west":{"uv":[12.0,0.8,12.8,1.6],"texture":"#0"},"up":{"uv":[2.4,12.8,1.6,12.0],"texture":"#0"},"down":{"uv":[12.8,1.6,12.0,2.4],"texture":"#0"}}},{"from":[13.01537,1.59515,2.75],"to":[14.51537,4.59515,4.25],"rotation":{"origin":[13.76537,3.09515,3.5],"axis":"z","angle":22.5},"faces":{"north":{"uv":[0.0,3.0,3.0,9.0],"texture":"#1","rotation":180},"east":{"uv":[0.0,3.0,3.0,9.0],"texture":"#1","rotation":180},"south":{"uv":[0.0,3.0,3.0,9.0],"texture":"#1","rotation":180},"west":{"uv":[0.0,3.0,3.0,9.0],"texture":"#1","rotation":180}}},{"from":[12.5,2.44291,3.0],"to":[13.5,4.44291,4.0],"rotation":{"origin":[13.0,4.94291,8.0],"axis":"z","angle":22.5},"faces":{"north":{"uv":[4.0,12.0,4.4,12.8],"texture":"#0"},"east":{"uv":[12.0,4.0,12.4,4.8],"texture":"#0"},"south":{"uv":[4.4,12.0,4.8,12.8],"texture":"#0"},"west":{"uv":[4.8,12.0,5.2,12.8],"texture":"#0"},"down":{"uv":[12.4,4.8,12.0,5.2],"texture":"#0"}}},{"from":[2.5,2.44291,3.0],"to":[3.5,4.44291,4.0],"rotation":{"origin":[3.0,4.94291,8.0],"axis":"z","angle":-22.5},"faces":{"north":{"uv":[4.4,12.0,4.0,12.8],"texture":"#0"},"east":{"uv":[5.2,12.0,4.8,12.8],"texture":"#0"},"south":{"uv":[4.8,12.0,4.4,12.8],"texture":"#0"},"west":{"uv":[12.4,4.0,12.0,4.8],"texture":"#0"},"down":{"uv":[12.0,4.8,12.4,5.2],"texture":"#0"}}},{"from":[1.48463,1.59515,2.75],"to":[2.98463,4.59515,4.25],"rotation":{"origin":[2.23463,3.09515,3.5],"axis":"z","angle":-22.5},"faces":{"north":{"uv":[3.0,3.0,0.0,9.0],"texture":"#1","rotation":180},"east":{"uv":[3.0,3.0,0.0,9.0],"texture":"#1","rotation":180},"south":{"uv":[3.0,3.0,0.0,9.0],"texture":"#1","rotation":180},"west":{"uv":[3.0,3.0,0.0,9.0],"texture":"#1","rotation":180}}},{"from":[2.0,4.44291,2.5],"to":[4.0,6.44291,4.5],"rotation":{"origin":[3.0,4.94291,8.0],"axis":"z","angle":-22.5},"faces":{"north":{"uv":[0.8,12.0,0.0,12.8],"texture":"#0"},"east":{"uv":[12.8,0.8,12.0,1.6],"texture":"#0"},"south":{"uv":[1.6,12.0,0.8,12.8],"texture":"#0"},"west":{"uv":[12.8,0.0,12.0,0.8],"texture":"#0"},"up":{"uv":[1.6,12.8,2.4,12.0],"texture":"#0"},"down":{"uv":[12.0,1.6,12.8,2.4],"texture":"#0"}}},{"from":[2.0,4.44291,11.5],"to":[4.0,6.44291,13.5],"rotation":{"origin":[3.0,4.94291,8.0],"axis":"z","angle":-22.5},"faces":{"north":{"uv":[0.8,12.0,1.6,12.8],"texture":"#0"},"east":{"uv":[12.0,0.8,12.8,1.6],"texture":"#0"},"south":{"uv":[0.0,12.0,0.8,12.8],"texture":"#0"},"west":{"uv":[12.0,0.0,12.8,0.8],"texture":"#0"},"up":{"uv":[1.6,12.0,2.4,12.8],"texture":"#0"},"down":{"uv":[12.0,2.4,12.8,1.6],"texture":"#0"}}},{"from":[1.48463,1.59515,11.75],"to":[2.98463,4.59515,13.25],"rotation":{"origin":[2.23463,3.09515,12.5],"axis":"z","angle":-22.5},"faces":{"north":{"uv":[0.0,3.0,3.0,9.0],"texture":"#1","rotation":180},"east":{"uv":[0.0,3.0,3.0,9.0],"texture":"#1","rotation":180},"south":{"uv":[0.0,3.0,3.0,9.0],"texture":"#1","rotation":180},"west":{"uv":[0.0,3.0,3.0,9.0],"texture":"#1","rotation":180}}},{"from":[2.5,2.44291,12.0],"to":[3.5,4.44291,13.0],"rotation":{"origin":[3.0,4.94291,8.0],"axis":"z","angle":-22.5},"faces":{"north":{"uv":[4.4,12.0,4.8,12.8],"texture":"#0"},"east":{"uv":[4.8,12.0,5.2,12.8],"texture":"#0"},"south":{"uv":[4.0,12.0,4.4,12.8],"texture":"#0"},"west":{"uv":[12.0,4.0,12.4,4.8],"texture":"#0"},"down":{"uv":[12.0,5.2,12.4,4.8],"texture":"#0"}}},{"from":[12.5,2.44291,12.0],"to":[13.5,4.44291,13.0],"rotation":{"origin":[13.0,4.94291,8.0],"axis":"z","angle":22.5},"faces":{"north":{"uv":[4.8,12.0,4.4,12.8],"texture":"#0"},"east":{"uv":[12.4,4.0,12.0,4.8],"texture":"#0"},"south":{"uv":[4.4,12.0,4.0,12.8],"texture":"#0"},"west":{"uv":[5.2,12.0,4.8,12.8],"texture":"#0"},"down":{"uv":[12.4,5.2,12.0,4.8],"texture":"#0"}}},{"from":[13.01537,1.59515,11.75],"to":[14.51537,4.59515,13.25],"rotation":{"origin":[13.76537,3.09515,12.5],"axis":"z","angle":22.5},"faces":{"north":{"uv":[3.0,3.0,0.0,9.0],"texture":"#1","rotation":180},"east":{"uv":[3.0,3.0,0.0,9.0],"texture":"#1","rotation":180},"south":{"uv":[3.0,3.0,0.0,9.0],"texture":"#1","rotation":180},"west":{"uv":[3.0,3.0,0.0,9.0],"texture":"#1","rotation":180}}},{"from":[12.0,4.44291,11.5],"to":[14.0,6.44291,13.5],"rotation":{"origin":[13.0,4.94291,8.0],"axis":"z","angle":22.5},"faces":{"north":{"uv":[1.6,12.0,0.8,12.8],"texture":"#0"},"east":{"uv":[12.8,0.0,12.0,0.8],"texture":"#0"},"south":{"uv":[0.8,12.0,0.0,12.8],"texture":"#0"},"west":{"uv":[12.8,0.8,12.0,1.6],"texture":"#0"},"up":{"uv":[2.4,12.0,1.6,12.8],"texture":"#0"},"down":{"uv":[12.8,2.4,12.0,1.6],"texture":"#0"}}}],"textures":{"particle":"b763d15b-22c4-41c3-85e2-c30bc5805e32","0":"b763d15b-22c4-41c3-85e2-c30bc5805e32","1":"7aa262e8-f9e3-420f-ac6a-ead2edd8b1d1"},"gui_light":"front"}