{"display":{"thirdperson_righthand":{"translation":[0.0,2.25,1.0]},"thirdperson_lefthand":{"translation":[0.0,2.25,1.0]},"firstperson_righthand":{"rotation":[-10.0,0.0,0.0],"translation":[0.0,4.25,1.75]},"firstperson_lefthand":{"rotation":[-10.0,0.0,0.0],"translation":[0.0,4.25,1.75]},"ground":{"rotation":[-45.0,0.0,0.0],"translation":[0.0,8.25,0.0]},"gui":{"rotation":[-90.0,45.0,90.0],"translation":[2.5,-2.75,0.0],"scale":[0.79883,0.79883,0.79883]},"head":{"rotation":[90.0,-90.0,90.0]},"fixed":{"rotation":[0.0,-90.0,0.0],"translation":[0.0,-12.0,-1.5],"scale":[2.5,2.5,2.5]}},"elements":[{"from":[7.5,0.75,7.5],"to":[8.5,1.75,8.5],"rotation":{"origin":[7.5,-0.25,7.5],"axis":"y","angle":0.0},"faces":{"north":{"uv":[7.33333,9.33333,8.0,10.0],"texture":"#5"},"east":{"uv":[9.33333,7.33333,10.0,8.0],"texture":"#5"},"south":{"uv":[8.0,9.33333,8.66667,10.0],"texture":"#5"},"west":{"uv":[9.33333,8.0,10.0,8.66667],"texture":"#5"},"up":{"uv":[10.0,9.33333,9.33333,8.66667],"texture":"#5"}}},{"from":[7.5,4.75,7.5],"to":[8.5,5.75,8.5],"rotation":{"origin":[7.5,3.75,7.5],"axis":"y","angle":0.0},"faces":{"north":{"uv":[9.33333,9.33333,10.0,10.0],"texture":"#5"},"east":{"uv":[10.0,0.0,10.66667,0.66667],"texture":"#5"},"south":{"uv":[10.0,0.66667,10.66667,1.33333],"texture":"#5"},"west":{"uv":[10.0,1.33333,10.66667,2.0],"texture":"#5"},"down":{"uv":[10.66667,2.0,10.0,2.66667],"texture":"#5"}}},{"from":[7.5,3.75,7.5],"to":[8.5,4.25,8.5],"rotation":{"origin":[7.5,0.25,7.5],"axis":"y","angle":0.0},"faces":{"north":{"uv":[10.0,10.66667,10.66667,11.0],"texture":"#5"},"east":{"uv":[10.66667,10.66667,11.33333,11.0],"texture":"#5"},"south":{"uv":[11.33333,0.0,12.0,0.33333],"texture":"#5"},"west":{"uv":[11.33333,0.66667,12.0,1.0],"texture":"#5"},"up":{"uv":[10.66667,3.33333,10.0,2.66667],"texture":"#5"},"down":{"uv":[10.66667,3.33333,10.0,4.0],"texture":"#5"}}},{"from":[7.5,2.25,7.5],"to":[8.5,2.75,8.5],"rotation":{"origin":[7.5,1.25,7.5],"axis":"y","angle":0.0},"faces":{"north":{"uv":[11.33333,1.33333,12.0,1.66667],"texture":"#5"},"east":{"uv":[11.33333,2.0,12.0,2.33333],"texture":"#5"},"south":{"uv":[11.33333,2.66667,12.0,3.0],"texture":"#5"},"west":{"uv":[3.33333,11.33333,4.0,11.66667],"texture":"#5"},"up":{"uv":[10.66667,4.66667,10.0,4.0],"texture":"#5"},"down":{"uv":[10.66667,4.66667,10.0,5.33333],"texture":"#5"}}},{"from":[7.4,2.65,7.4],"to":[8.6,3.85,8.6],"rotation":{"origin":[8.0,3.25,8.0],"axis":"x","angle":45.0},"faces":{"north":{"uv":[10.0,5.33333,10.66667,6.0],"texture":"#5"},"east":{"uv":[10.0,6.0,10.66667,6.66667],"texture":"#5"},"south":{"uv":[10.0,6.66667,10.66667,7.33333],"texture":"#5"},"west":{"uv":[7.33333,10.0,8.0,10.66667],"texture":"#5"},"up":{"uv":[10.66667,8.0,10.0,7.33333],"texture":"#5"},"down":{"uv":[8.66667,10.0,8.0,10.66667],"texture":"#5"}}},{"from":[7.6,1.75,7.6],"to":[8.4,2.25,8.4],"rotation":{"origin":[7.5,0.75,7.5],"axis":"y","angle":0.0},"faces":{"north":{"uv":[11.33333,3.33333,12.0,3.66667],"texture":"#5"},"east":{"uv":[4.0,11.33333,4.66667,11.66667],"texture":"#5"},"south":{"uv":[11.33333,4.0,12.0,4.33333],"texture":"#5"},"west":{"uv":[11.33333,4.66667,12.0,5.0],"texture":"#5"}}},{"from":[7.6,4.25,7.6],"to":[8.4,4.75,8.4],"rotation":{"origin":[7.5,3.25,7.5],"axis":"y","angle":0.0},"faces":{"north":{"uv":[5.33333,11.33333,6.0,11.66667],"texture":"#5"},"east":{"uv":[11.33333,5.33333,12.0,5.66667],"texture":"#5"},"south":{"uv":[6.0,11.33333,6.66667,11.66667],"texture":"#5"},"west":{"uv":[11.33333,6.0,12.0,6.33333],"texture":"#5"}}},{"from":[7.75,0.0,6.75],"to":[8.25,1.0,7.75],"rotation":{"origin":[8.0,0.5,7.25],"axis":"x","angle":22.5},"faces":{"north":{"uv":[11.33333,6.66667,11.66667,7.33333],"texture":"#5"},"east":{"uv":[10.0,8.0,10.66667,8.66667],"texture":"#5"},"south":{"uv":[11.33333,7.33333,11.66667,8.0],"texture":"#5"},"west":{"uv":[8.66667,10.0,9.33333,10.66667],"texture":"#5"},"up":{"uv":[11.66667,8.66667,11.33333,8.0],"texture":"#5"},"down":{"uv":[11.66667,8.66667,11.33333,9.33333],"texture":"#5"}}},{"from":[7.752,0.19134,6.40538],"to":[8.248,1.24134,7.13038],"rotation":{"origin":[8.002,0.69134,6.40538],"axis":"x","angle":-22.5},"faces":{"north":{"uv":[11.33333,9.33333,11.66667,10.0],"texture":"#5"},"east":{"uv":[10.0,11.33333,10.33333,12.0],"texture":"#5"},"south":{"uv":[11.33333,10.0,11.66667,10.66667],"texture":"#5"},"west":{"uv":[10.66667,11.33333,11.0,12.0],"texture":"#5"},"up":{"uv":[8.33333,12.33333,8.0,12.0],"texture":"#5"}}},{"from":[7.75,0.0,8.25],"to":[8.25,1.0,9.25],"rotation":{"origin":[8.0,0.5,8.75],"axis":"x","angle":-22.5},"faces":{"north":{"uv":[11.33333,10.66667,11.66667,11.33333],"texture":"#5"},"east":{"uv":[10.0,8.66667,10.66667,9.33333],"texture":"#5"},"south":{"uv":[11.33333,11.33333,11.66667,12.0],"texture":"#5"},"west":{"uv":[9.33333,10.0,10.0,10.66667],"texture":"#5"},"up":{"uv":[12.33333,0.66667,12.0,0.0],"texture":"#5"},"down":{"uv":[12.33333,0.66667,12.0,1.33333],"texture":"#5"}}},{"from":[7.752,0.19134,8.86962],"to":[8.248,1.24134,9.59462],"rotation":{"origin":[8.002,0.69134,9.59462],"axis":"x","angle":22.5},"faces":{"north":{"uv":[12.0,1.33333,12.33333,2.0],"texture":"#5"},"east":{"uv":[12.0,2.0,12.33333,2.66667],"texture":"#5"},"south":{"uv":[12.0,11.0,12.33333,11.66667],"texture":"#5"},"west":{"uv":[12.0,2.66667,12.33333,3.33333],"texture":"#5"},"up":{"uv":[12.33333,8.33333,12.0,8.0],"texture":"#5"}}},{"from":[7.405,-0.095,7.405],"to":[8.595,1.095,8.595],"rotation":{"origin":[8.0,0.5,8.0],"axis":"x","angle":-45.0},"faces":{"north":{"uv":[10.0,9.33333,10.66667,10.0],"texture":"#5"},"east":{"uv":[10.0,10.0,10.66667,10.66667],"texture":"#5"},"south":{"uv":[10.66667,0.0,11.33333,0.66667],"texture":"#5"},"west":{"uv":[10.66667,0.66667,11.33333,1.33333],"texture":"#5"},"up":{"uv":[11.33333,2.0,10.66667,1.33333],"texture":"#5"},"down":{"uv":[11.33333,2.0,10.66667,2.66667],"texture":"#5"}}},{"from":[7.4,5.5,7.25],"to":[8.6,7.25,9.0],"rotation":{"origin":[8.0,6.25,8.0],"axis":"x","angle":-45.0},"faces":{"north":{"uv":[8.0,8.0,8.66667,9.33333],"texture":"#5"},"east":{"uv":[5.33333,0.0,6.66667,1.33333],"texture":"#5"},"south":{"uv":[8.66667,2.66667,9.33333,4.0],"texture":"#5"},"west":{"uv":[5.33333,1.33333,6.66667,2.66667],"texture":"#5"},"up":{"uv":[9.33333,5.33333,8.66667,4.0],"texture":"#5"},"down":{"uv":[9.33333,5.33333,8.66667,6.66667],"texture":"#5"}}},{"from":[7.15,5.75,7.5],"to":[8.85,7.0,8.75],"rotation":{"origin":[8.0,6.25,8.0],"axis":"x","angle":-45.0},"faces":{"north":{"uv":[5.33333,6.66667,6.33333,7.66667],"texture":"#5"},"east":{"uv":[6.66667,6.66667,7.66667,7.66667],"texture":"#5"},"south":{"uv":[7.33333,2.66667,8.33333,3.66667],"texture":"#5"},"west":{"uv":[7.33333,4.0,8.33333,5.0],"texture":"#5"},"up":{"uv":[8.33333,6.33333,7.33333,5.33333],"texture":"#5"},"down":{"uv":[9.0,0.0,8.0,1.0],"texture":"#5"}}},{"from":[7.775,6.69194,8.0],"to":[8.225,8.16694,9.475],"rotation":{"origin":[7.75,6.69194,8.0],"axis":"x","angle":-45.0},"faces":{"north":{"uv":[10.66667,4.0,11.0,5.0],"texture":"#5"},"east":{"uv":[8.0,1.33333,9.0,2.33333],"texture":"#5"},"south":{"uv":[4.66667,10.66667,5.0,11.66667],"texture":"#5"},"west":{"uv":[5.33333,8.0,6.33333,9.0],"texture":"#5"},"up":{"uv":[11.0,6.33333,10.66667,5.33333],"texture":"#5"},"down":{"uv":[7.0,10.66667,6.66667,11.66667],"texture":"#5"}}},{"from":[7.775,12.69194,8.0],"to":[8.225,14.16694,9.475],"rotation":{"origin":[7.75,12.69194,8.0],"axis":"x","angle":-45.0},"faces":{"north":{"uv":[10.66667,6.66667,11.0,7.66667],"texture":"#5"},"east":{"uv":[6.66667,8.0,7.66667,9.0],"texture":"#5"},"south":{"uv":[7.33333,10.66667,7.66667,11.66667],"texture":"#5"},"west":{"uv":[8.0,6.66667,9.0,7.66667],"texture":"#5"},"up":{"uv":[8.33333,11.66667,8.0,10.66667],"texture":"#5"},"down":{"uv":[11.0,8.0,10.66667,9.0],"texture":"#5"}}},{"from":[7.777,7.73492,6.9625],"to":[8.223,13.73492,9.0375],"rotation":{"origin":[8.002,8.73492,8.1375],"axis":"y","angle":0.0},"faces":{"north":{"uv":[5.33333,2.66667,5.66667,6.66667],"texture":"#5"},"east":{"uv":[12.66667,0.0,14.0,4.0],"texture":"#5"},"south":{"uv":[6.0,2.66667,6.33333,6.66667],"texture":"#5"},"west":{"uv":[14.0,0.0,15.33333,4.0],"texture":"#5"}}},{"from":[7.827,8.98492,8.9625],"to":[8.173,11.98492,9.5375],"rotation":{"origin":[8.002,6.98492,9.8625],"axis":"y","angle":0.0},"faces":{"north":{"uv":[9.66667,2.0,9.33333,4.0],"texture":"#5"},"east":{"uv":[9.66667,0.0,9.33333,2.0],"texture":"#5"},"south":{"uv":[9.0,8.0,8.66667,10.0],"texture":"#5"},"west":{"uv":[9.66667,4.0,9.33333,6.0],"texture":"#5"}}},{"from":[7.827,12.50762,9.57442],"to":[8.173,13.40762,10.14942],"rotation":{"origin":[8.002,11.50762,10.47442],"axis":"x","angle":-45.0},"faces":{"north":{"uv":[4.33333,12.0,4.0,12.66667],"texture":"#5"},"east":{"uv":[12.33333,3.33333,12.0,4.0],"texture":"#5"},"south":{"uv":[3.66667,12.0,3.33333,12.66667],"texture":"#5"},"west":{"uv":[12.33333,4.0,12.0,4.66667],"texture":"#5"}}},{"from":[7.827,7.56222,9.57442],"to":[8.173,8.46222,10.14942],"rotation":{"origin":[8.002,9.46222,10.47442],"axis":"x","angle":45.0},"faces":{"north":{"uv":[5.66667,12.0,5.33333,12.66667],"texture":"#5"},"east":{"uv":[12.33333,4.66667,12.0,5.33333],"texture":"#5"},"south":{"uv":[5.0,12.0,4.66667,12.66667],"texture":"#5"},"west":{"uv":[12.33333,5.33333,12.0,6.0],"texture":"#5"}}},{"from":[7.777,13.73492,8.4625],"to":[8.223,23.73492,9.0375],"rotation":{"origin":[8.002,14.73492,9.8875],"axis":"y","angle":0.0},"faces":{"north":{"uv":[13.0,4.33333,13.33333,11.0],"texture":"#5"},"east":{"uv":[13.66667,4.33333,14.0,11.0],"texture":"#5"},"south":{"uv":[14.33333,4.33333,14.66667,11.0],"texture":"#5"},"west":{"uv":[15.0,4.33333,15.33333,11.0],"texture":"#5"}}},{"from":[7.777,23.38518,8.73185],"to":[8.223,23.88518,9.30685],"rotation":{"origin":[8.0,23.88518,9.01935],"axis":"x","angle":45.0},"faces":{"north":{"uv":[8.66667,12.0,9.0,12.33333],"texture":"#5"},"east":{"uv":[12.0,8.66667,12.33333,9.0],"texture":"#5"},"south":{"uv":[9.33333,12.0,9.66667,12.33333],"texture":"#5"},"west":{"uv":[12.0,9.33333,12.33333,9.66667],"texture":"#5"},"up":{"uv":[10.33333,12.33333,10.0,12.0],"texture":"#5"}}},{"from":[7.985,7.25,5.875],"to":[8.015,26.25,9.625],"rotation":{"origin":[7.985,7.25,5.375],"axis":"y","angle":0.0},"faces":{"east":{"uv":[2.66667,0.0,0.0,12.66667],"texture":"#5"},"west":{"uv":[0.0,0.0,2.66667,12.66667],"texture":"#5"}}},{"from":[7.0,5.15,6.25],"to":[7.0,8.65,9.75],"rotation":{"origin":[7.0,6.9,8.0],"axis":"x","angle":45.0},"faces":{"west":{"uv":[0.0,0.0,7.0,7.0],"texture":"#1"}}},{"from":[9.0,5.15,6.25],"to":[9.0,8.65,9.75],"rotation":{"origin":[9.0,6.9,8.0],"axis":"x","angle":45.0},"faces":{"east":{"uv":[7.0,0.0,0.0,7.0],"texture":"#1"}}},{"from":[7.5,9.5,5.5],"to":[7.5,23.5,10.0],"rotation":{"origin":[7.5,9.5,5.5],"axis":"y","angle":0.0},"faces":{"west":{"uv":[0.0,0.0,4.5,14.0],"texture":"#3"}}},{"from":[8.5,9.5,5.5],"to":[8.5,23.5,10.0],"rotation":{"origin":[8.5,9.5,5.5],"axis":"y","angle":0.0},"faces":{"east":{"uv":[4.5,0.0,0.0,14.0],"texture":"#3"}}},{"from":[7.77411,4.175,8.80068],"to":[7.80411,9.175,13.30068],"rotation":{"origin":[7.80411,4.175,8.80068],"axis":"y","angle":-45.0},"faces":{"east":{"uv":[4.5,0.0,0.0,5.0],"texture":"#main"},"west":{"uv":[0.0,0.0,4.5,5.0],"texture":"#main"}}},{"from":[7.77411,4.175,8.80068],"to":[7.80411,9.175,13.30068],"rotation":{"origin":[7.80411,4.175,8.80068],"axis":"y","angle":-22.5},"faces":{"east":{"uv":[12.5,0.0,8.0,5.0],"texture":"#main"},"west":{"uv":[8.0,0.0,12.5,5.0],"texture":"#main"}}},{"from":[7.77411,4.175,8.80068],"to":[7.80411,9.175,13.30068],"rotation":{"origin":[7.80411,4.175,8.80068],"axis":"y","angle":0.0},"faces":{"east":{"uv":[4.5,8.0,0.0,13.0],"texture":"#main"},"west":{"uv":[0.0,8.0,4.5,13.0],"texture":"#main"}}},{"from":[8.19589,4.175,8.80068],"to":[8.22589,9.175,13.30068],"rotation":{"origin":[8.19589,4.175,8.80068],"axis":"y","angle":45.0},"faces":{"east":{"uv":[4.5,0.0,0.0,5.0],"texture":"#main"},"west":{"uv":[0.0,0.0,4.5,5.0],"texture":"#main"}}},{"from":[8.19589,4.175,8.80068],"to":[8.22589,9.175,13.30068],"rotation":{"origin":[8.19589,4.175,8.80068],"axis":"y","angle":22.5},"faces":{"east":{"uv":[12.5,0.0,8.0,5.0],"texture":"#main"},"west":{"uv":[8.0,0.0,12.5,5.0],"texture":"#main"}}},{"from":[8.19589,4.175,8.80068],"to":[8.22589,9.175,13.30068],"rotation":{"origin":[8.19589,4.175,8.80068],"axis":"y","angle":0.0},"faces":{"east":{"uv":[4.5,8.0,0.0,13.0],"texture":"#main"},"west":{"uv":[0.0,8.0,4.5,13.0],"texture":"#main"}}}],"textures":{"particle":"bc477bd4-1c29-4a71-bcf2-5e74c813f463","1":"bc477bd4-1c29-4a71-bcf2-5e74c813f463","3":"45f2f864-cc30-4658-8aeb-0e324c8fc972","5":"6bed2176-bc69-4063-9962-f2fa1e526a43","main":"e761ce3b-43ac-44af-80a3-6186aeaa26a5"},"gui_light":"front"}