{"display":{"fixed":{"rotation":[-90.0,0.0,0.0],"translation":[0.0,0.0,-16.0],"scale":[2.0,2.0,2.0]}},"elements":[{"from":[6.0,0.0,6.0],"to":[10.0,8.0,10.0],"faces":{"north":{"uv":[7.0,6.0,11.0,14.0],"texture":"#1"},"east":{"uv":[7.0,6.0,11.0,14.0],"texture":"#1"},"south":{"uv":[7.0,6.0,11.0,14.0],"texture":"#1"},"west":{"uv":[7.0,6.0,11.0,14.0],"texture":"#1"},"up":{"uv":[7.0,6.0,11.0,10.0],"texture":"#1"},"down":{"uv":[7.0,6.0,11.0,10.0],"texture":"#1"}}},{"from":[7.0,15.0,7.0],"to":[9.0,19.0,9.0],"rotation":{"origin":[0.0,-5.0,0.0],"axis":"y","angle":0.0},"faces":{"north":{"uv":[8.0,0.66667,10.0,4.66667],"texture":"#1"},"east":{"uv":[8.0,0.66667,10.0,4.66667],"texture":"#1"},"south":{"uv":[8.0,0.66667,10.0,4.66667],"texture":"#1"},"west":{"uv":[8.0,0.66667,10.0,4.66667],"texture":"#1"},"up":{"uv":[8.0,0.66667,10.0,2.66667],"texture":"#1"},"down":{"uv":[8.0,0.66667,10.0,2.66667],"texture":"#1"}}},{"from":[6.5,8.0,6.5],"to":[9.5,15.0,9.5],"faces":{"north":{"uv":[8.0,3.0,11.0,10.0],"texture":"#1"},"east":{"uv":[8.0,3.0,11.0,10.0],"texture":"#1"},"south":{"uv":[8.0,3.0,11.0,10.0],"texture":"#1"},"west":{"uv":[8.0,3.0,11.0,10.0],"texture":"#1"},"up":{"uv":[8.0,3.0,11.0,6.0],"texture":"#1"},"down":{"uv":[8.0,3.0,11.0,6.0],"texture":"#1"}}},{"from":[6.0,14.0,17.0],"to":[10.0,14.0,19.0],"rotation":{"origin":[0.0,-5.0,0.0],"axis":"x","angle":-22.5},"faces":{"north":{"uv":[0.0,0.0,2.0,0.0],"texture":"#0"},"east":{"uv":[0.0,0.0,1.0,0.0],"texture":"#0"},"south":{"uv":[0.0,0.0,2.0,0.0],"texture":"#0"},"west":{"uv":[0.0,0.0,1.0,0.0],"texture":"#0"},"up":{"uv":[0.0,8.0,2.0,9.0],"texture":"#0"},"down":{"uv":[0.0,0.0,2.0,1.0],"texture":"#0"}}},{"from":[6.0,13.4,0.5],"to":[10.0,18.4,0.5],"rotation":{"origin":[0.0,-5.0,16.0],"axis":"y","angle":0.0},"faces":{"north":{"uv":[2.0,13.5,0.0,16.0],"texture":"#0"},"east":{"uv":[0.0,0.0,4.0,0.0],"texture":"#0","rotation":270},"south":{"uv":[2.0,16.0,0.0,13.5],"texture":"#0","rotation":180},"west":{"uv":[0.0,0.0,4.0,0.0],"texture":"#0","rotation":90},"up":{"uv":[0.0,0.0,2.0,0.0],"texture":"#0","rotation":180},"down":{"uv":[0.0,0.0,2.0,0.0],"texture":"#0"}}},{"from":[6.0,22.55,21.55],"to":[10.0,22.55,23.55],"rotation":{"origin":[0.0,-5.0,16.0],"axis":"x","angle":-45.0},"faces":{"north":{"uv":[2.0,0.0,0.0,0.0],"texture":"#0"},"east":{"uv":[1.0,0.0,0.0,0.0],"texture":"#0"},"south":{"uv":[2.0,0.0,0.0,0.0],"texture":"#0"},"west":{"uv":[1.0,0.0,0.0,0.0],"texture":"#0"},"up":{"uv":[0.0,1.5,2.0,0.5],"texture":"#0"},"down":{"uv":[0.0,1.0,2.0,0.0],"texture":"#0"}}},{"from":[6.0,19.8,1.8],"to":[10.0,19.8,5.8],"rotation":{"origin":[0.0,-5.0,16.0],"axis":"y","angle":0.0},"faces":{"north":{"uv":[2.0,0.0,0.0,0.0],"texture":"#0"},"east":{"uv":[2.0,0.0,0.0,0.0],"texture":"#0"},"south":{"uv":[2.0,0.0,0.0,0.0],"texture":"#0"},"west":{"uv":[2.0,0.0,0.0,0.0],"texture":"#0"},"up":{"uv":[0.0,2.0,2.0,0.0],"texture":"#0"},"down":{"uv":[0.0,2.0,2.0,0.0],"texture":"#0"}}},{"from":[1.9,19.9,6.0],"to":[5.9,19.9,10.0],"rotation":{"origin":[0.0,-5.0,16.0],"axis":"y","angle":0.0},"faces":{"north":{"uv":[2.0,0.0,0.0,0.0],"texture":"#0"},"east":{"uv":[2.0,0.0,0.0,0.0],"texture":"#0"},"south":{"uv":[2.0,0.0,0.0,0.0],"texture":"#0"},"west":{"uv":[2.0,0.0,0.0,0.0],"texture":"#0"},"up":{"uv":[0.0,12.5,2.0,10.5],"texture":"#0","rotation":270},"down":{"uv":[0.0,2.0,2.0,0.0],"texture":"#0","rotation":90}}},{"from":[6.0,14.0,-3.0],"to":[10.0,14.0,-1.0],"rotation":{"origin":[0.0,-5.0,16.0],"axis":"x","angle":22.5},"faces":{"north":{"uv":[2.0,0.0,0.0,0.0],"texture":"#0"},"east":{"uv":[1.0,0.0,0.0,0.0],"texture":"#0"},"south":{"uv":[2.0,0.0,0.0,0.0],"texture":"#0"},"west":{"uv":[1.0,0.0,0.0,0.0],"texture":"#0"},"up":{"uv":[0.0,1.5,2.0,0.5],"texture":"#0"},"down":{"uv":[0.0,1.0,2.0,0.0],"texture":"#0"}}},{"from":[6.0,19.8,10.2],"to":[10.0,19.8,14.2],"rotation":{"origin":[0.0,-5.0,0.0],"axis":"y","angle":0.0},"faces":{"north":{"uv":[0.0,0.0,2.0,0.0],"texture":"#0"},"east":{"uv":[0.0,0.0,2.0,0.0],"texture":"#0"},"south":{"uv":[0.0,0.0,2.0,0.0],"texture":"#0"},"west":{"uv":[0.0,0.0,2.0,0.0],"texture":"#0"},"up":{"uv":[0.0,6.0,2.0,8.0],"texture":"#0"},"down":{"uv":[0.0,0.0,2.0,2.0],"texture":"#0"}}},{"from":[6.0,22.55,-7.55],"to":[10.0,22.55,-5.55],"rotation":{"origin":[0.0,-5.0,0.0],"axis":"x","angle":45.0},"faces":{"north":{"uv":[0.0,0.0,2.0,0.0],"texture":"#0"},"east":{"uv":[0.0,0.0,1.0,0.0],"texture":"#0"},"south":{"uv":[0.0,0.0,2.0,0.0],"texture":"#0"},"west":{"uv":[0.0,0.0,1.0,0.0],"texture":"#0"},"up":{"uv":[0.0,0.5,2.0,1.5],"texture":"#0"},"down":{"uv":[0.0,0.0,2.0,1.0],"texture":"#0"}}},{"from":[16.95,11.3,6.0],"to":[18.95,11.3,10.0],"rotation":{"origin":[0.0,-5.0,0.0],"axis":"z","angle":45.0},"faces":{"north":{"uv":[0.0,0.0,1.0,0.0],"texture":"#0"},"east":{"uv":[0.0,0.0,2.0,0.0],"texture":"#0"},"south":{"uv":[0.0,0.0,1.0,0.0],"texture":"#0"},"west":{"uv":[0.0,0.0,2.0,0.0],"texture":"#0"},"up":{"uv":[0.0,0.5,2.0,1.5],"texture":"#0","rotation":90},"down":{"uv":[0.0,0.0,2.0,1.0],"texture":"#0","rotation":270}}},{"from":[18.1,20.2,6.0],"to":[20.1,20.2,10.0],"rotation":{"origin":[16.0,-5.0,0.0],"axis":"z","angle":22.5},"faces":{"north":{"uv":[1.0,0.0,0.0,0.0],"texture":"#0"},"east":{"uv":[2.0,0.0,0.0,0.0],"texture":"#0"},"south":{"uv":[1.0,0.0,0.0,0.0],"texture":"#0"},"west":{"uv":[2.0,0.0,0.0,0.0],"texture":"#0"},"up":{"uv":[0.0,12.0,2.0,11.0],"texture":"#0","rotation":90},"down":{"uv":[1.0,0.0,0.0,2.0],"texture":"#0"}}},{"from":[10.1,19.9,6.0],"to":[14.1,19.9,10.0],"rotation":{"origin":[16.0,-5.0,16.0],"axis":"y","angle":0.0},"faces":{"north":{"uv":[0.0,0.0,2.0,0.0],"texture":"#0"},"east":{"uv":[0.0,0.0,2.0,0.0],"texture":"#0"},"south":{"uv":[0.0,0.0,2.0,0.0],"texture":"#0"},"west":{"uv":[0.0,0.0,2.0,0.0],"texture":"#0"},"up":{"uv":[0.0,10.5,2.0,12.5],"texture":"#0","rotation":270},"down":{"uv":[0.0,0.0,2.0,2.0],"texture":"#0","rotation":90}}},{"from":[-2.95,11.3,6.0],"to":[-0.95,11.3,10.0],"rotation":{"origin":[16.0,-5.0,0.0],"axis":"z","angle":-45.0},"faces":{"north":{"uv":[1.0,0.0,0.0,0.0],"texture":"#0"},"east":{"uv":[2.0,0.0,0.0,0.0],"texture":"#0"},"south":{"uv":[1.0,0.0,0.0,0.0],"texture":"#0"},"west":{"uv":[2.0,0.0,0.0,0.0],"texture":"#0"},"up":{"uv":[0.0,1.5,2.0,0.5],"texture":"#0","rotation":90},"down":{"uv":[0.0,1.0,2.0,0.0],"texture":"#0","rotation":270}}},{"from":[15.7,13.55,6.0],"to":[15.7,18.55,10.0],"rotation":{"origin":[16.0,-5.0,0.0],"axis":"y","angle":0.0},"faces":{"north":{"uv":[0.0,0.0,4.0,0.0],"texture":"#0","rotation":270},"east":{"uv":[0.0,16.0,2.0,13.5],"texture":"#0","rotation":180},"south":{"uv":[0.0,0.0,4.0,0.0],"texture":"#0","rotation":90},"west":{"uv":[0.0,12.0,2.0,16.0],"texture":"#0"},"up":{"uv":[0.0,0.0,2.0,0.0],"texture":"#0","rotation":90},"down":{"uv":[0.0,0.0,2.0,0.0],"texture":"#0","rotation":90}}},{"from":[6.0,10.45,15.55],"to":[10.0,18.45,15.55],"rotation":{"origin":[0.0,-5.0,0.0],"axis":"y","angle":0.0},"faces":{"north":{"uv":[2.0,16.0,0.0,12.0],"texture":"#0","rotation":180},"east":{"uv":[0.0,0.0,4.0,0.0],"texture":"#0","rotation":270},"south":{"uv":[2.0,12.0,0.0,16.0],"texture":"#0"},"west":{"uv":[0.0,0.0,4.0,0.0],"texture":"#0","rotation":90},"up":{"uv":[0.0,0.0,2.0,0.0],"texture":"#0","rotation":180},"down":{"uv":[0.0,0.0,2.0,0.0],"texture":"#0"}}},{"from":[0.55,10.55,6.0],"to":[0.55,18.55,10.0],"rotation":{"origin":[0.0,-5.0,0.0],"axis":"y","angle":0.0},"faces":{"north":{"uv":[0.0,0.0,4.0,0.0],"texture":"#0","rotation":270},"east":{"uv":[2.0,12.0,0.0,16.0],"texture":"#0"},"south":{"uv":[0.0,0.0,4.0,0.0],"texture":"#0","rotation":90},"west":{"uv":[2.0,16.0,0.0,12.0],"texture":"#0","rotation":180},"up":{"uv":[0.0,0.0,2.0,0.0],"texture":"#0","rotation":90},"down":{"uv":[0.0,0.0,2.0,0.0],"texture":"#0","rotation":90}}},{"from":[-4.1,20.2,6.0],"to":[-2.1,20.2,10.0],"rotation":{"origin":[0.0,-5.0,0.0],"axis":"z","angle":-22.5},"faces":{"north":{"uv":[0.0,0.0,1.0,0.0],"texture":"#0"},"east":{"uv":[0.0,0.0,2.0,0.0],"texture":"#0"},"south":{"uv":[0.0,0.0,1.0,0.0],"texture":"#0"},"west":{"uv":[0.0,0.0,2.0,0.0],"texture":"#0"},"up":{"uv":[0.0,11.0,2.0,12.0],"texture":"#0","rotation":90},"down":{"uv":[0.0,0.0,1.0,2.0],"texture":"#0"}}}],"textures":{"particle":"46afde61-06e0-4375-91d7-95de86fc6db3","0":"46afde61-06e0-4375-91d7-95de86fc6db3","1":"block/spruce_log"},"gui_light":"front"}