{"display":{"thirdperson_righthand":{"rotation":[-135.25,0.0,-180.0],"scale":[0.77148,0.77148,0.77148]},"thirdperson_lefthand":{"rotation":[66.25,0.0,0.0],"translation":[-5.5,-7.5,10.25],"scale":[1.5,1.5,1.5]},"firstperson_righthand":{"rotation":[-17.5,180.0,0.0],"translation":[0.0,1.25,0.0]},"firstperson_lefthand":{"scale":[0.0,0.0,0.0]},"ground":{"rotation":[-45.0,0.0,0.0],"translation":[0.0,4.0,0.0]},"gui":{"rotation":[0.0,180.0,0.0],"translation":[0.0,9.75,0.0],"scale":[0.53516,0.53516,0.53516]},"head":{"translation":[0.0,-7.75,7.75],"scale":[2.20703,2.20703,2.20703]},"fixed":{"rotation":[0.0,180.0,0.0],"translation":[0.0,0.0,-2.0],"scale":[2.21094,2.21094,2.21094]}},"elements":[{"from":[6.5,-11.5,7.25],"to":[9.5,-8.5,8.75],"rotation":{"origin":[8.0,-10.0,8.0],"axis":"z","angle":45.0},"faces":{"north":{"uv":[7.66667,8.33333,9.66667,10.33333],"texture":"#0"},"east":{"uv":[11.0,4.33333,12.0,6.33333],"texture":"#0"},"south":{"uv":[9.66667,8.33333,11.66667,10.33333],"texture":"#0"},"west":{"uv":[11.0,6.33333,12.0,8.33333],"texture":"#0"},"up":{"uv":[9.66667,12.66667,7.66667,11.66667],"texture":"#0"},"down":{"uv":[13.66667,8.33333,11.66667,9.33333],"texture":"#0"}}},{"from":[7.0,-11.0,6.75],"to":[9.0,-9.0,9.25],"rotation":{"origin":[8.0,-10.0,8.0],"axis":"z","angle":45.0},"faces":{"north":{"uv":[9.66667,11.66667,11.0,13.0],"texture":"#0"},"east":{"uv":[7.66667,10.33333,9.33333,11.66667],"texture":"#0"},"south":{"uv":[11.66667,9.66667,13.0,11.0],"texture":"#0"},"west":{"uv":[9.66667,10.33333,11.33333,11.66667],"texture":"#0"},"up":{"uv":[12.33333,2.0,11.0,0.33333],"texture":"#0"},"down":{"uv":[12.33333,2.33333,11.0,4.0],"texture":"#0"}}},{"from":[9.97,-15.95,8.005],"to":[10.0,-7.45,18.505],"rotation":{"origin":[10.0,-15.95,8.005],"axis":"y","angle":22.5},"faces":{"east":{"uv":[0.0,8.66667,7.0,14.33333],"texture":"#0"},"west":{"uv":[7.0,8.66667,0.0,14.33333],"texture":"#0"}}},{"from":[10.0,-14.2,7.975],"to":[26.0,-2.2,8.005],"rotation":{"origin":[10.0,-14.2,7.975],"axis":"y","angle":-22.5},"faces":{"north":{"uv":[0.0,0.0,10.66667,8.0],"texture":"#0"},"south":{"uv":[10.66667,0.0,0.0,8.0],"texture":"#0"}}},{"from":[6.0,-15.95,8.005],"to":[6.03,-7.45,18.505],"rotation":{"origin":[6.0,-15.95,8.005],"axis":"y","angle":-22.5},"faces":{"east":{"uv":[0.0,8.66667,7.0,14.33333],"texture":"#0"},"west":{"uv":[7.0,8.66667,0.0,14.33333],"texture":"#0"}}},{"from":[-10.0,-14.2,7.975],"to":[6.0,-2.2,8.005],"rotation":{"origin":[6.0,-14.2,7.975],"axis":"y","angle":22.5},"faces":{"north":{"uv":[10.66667,0.0,0.0,8.0],"texture":"#0"},"south":{"uv":[0.0,0.0,10.66667,8.0],"texture":"#0"}}},{"from":[10.0,-12.0,7.75],"to":[18.0,-4.0,7.75],"rotation":{"origin":[10.0,-12.0,7.75],"axis":"y","angle":-22.5},"faces":{"north":{"uv":[0.0,0.0,16.0,16.0],"texture":"#1"},"east":{"uv":[0.0,0.0,0.0,5.33333],"texture":"#missing"},"west":{"uv":[0.0,0.0,0.0,5.33333],"texture":"#missing"},"up":{"uv":[0.0,0.0,5.33333,0.0],"texture":"#missing"},"down":{"uv":[0.0,0.0,5.33333,0.0],"texture":"#missing"}}},{"from":[-2.0,-12.0,7.75],"to":[6.0,-4.0,7.75],"rotation":{"origin":[6.0,-12.0,7.75],"axis":"y","angle":22.5},"faces":{"north":{"uv":[16.0,0.0,0.0,16.0],"texture":"#1"},"east":{"uv":[0.0,0.0,0.0,5.33333],"texture":"#missing"},"west":{"uv":[0.0,0.0,0.0,5.33333],"texture":"#missing"},"up":{"uv":[5.33333,0.0,0.0,0.0],"texture":"#missing"},"down":{"uv":[5.33333,0.0,0.0,0.0],"texture":"#missing"}}}],"textures":{"particle":"74508dd6-6a2f-45a8-9045-0523298f6e13","0":"74508dd6-6a2f-45a8-9045-0523298f6e13","1":"96eb346d-81d6-4008-b16d-54ac24efb9b7"},"gui_light":"front"}