{"display":{"thirdperson_righthand":{"rotation":[49.0,180.0,0.0],"translation":[0.0,0.75,1.0],"scale":[0.45703,0.45703,0.45703]},"thirdperson_lefthand":{"rotation":[67.0,0.0,0.0],"translation":[-5.5,-6.75,9.5]},"firstperson_righthand":{"rotation":[162.0,0.0,180.0],"scale":[0.80859,0.80859,0.80859]},"firstperson_lefthand":{"rotation":[162.0,0.0,180.0],"scale":[0.0,0.0,0.0]},"ground":{"rotation":[-45.0,0.0,0.0],"translation":[0.0,5.0,0.0],"scale":[0.7,0.7,0.7]},"gui":{"rotation":[0.0,180.0,0.0],"scale":[0.42188,0.42188,0.42188]},"head":{"translation":[0.0,-61.0,7.25],"scale":[3.4,3.4,3.4]},"fixed":{"rotation":[0.0,180.0,0.0],"translation":[0.0,0.0,-1.25]}},"elements":[{"from":[8.0,-7.91421,7.5],"to":[9.5,-6.41421,8.5],"rotation":{"origin":[8.0,-7.91421,7.5],"axis":"z","angle":45.0},"faces":{"north":{"uv":[11.0,0.25,12.5,1.75],"texture":"#0"},"south":{"uv":[11.0,1.75,12.5,3.25],"texture":"#0"},"west":{"uv":[11.0,9.25,12.0,10.75],"texture":"#0"},"down":{"uv":[12.5,10.75,11.0,11.75],"texture":"#0"}}},{"from":[8.0,-6.41421,7.5],"to":[9.5,-4.91422,8.5],"rotation":{"origin":[8.0,-7.91421,7.5],"axis":"z","angle":45.0},"faces":{"north":{"uv":[11.0,6.25,12.5,7.75],"texture":"#0"},"east":{"uv":[3.0,12.25,4.0,13.75],"texture":"#0"},"south":{"uv":[11.0,7.75,12.5,9.25],"texture":"#0"},"west":{"uv":[4.0,12.25,5.0,13.75],"texture":"#0"},"up":{"uv":[6.5,13.25,5.0,12.25],"texture":"#0"}}},{"from":[9.5,-7.91421,7.5],"to":[11.0,-6.41421,8.5],"rotation":{"origin":[8.0,-7.91421,7.5],"axis":"z","angle":45.0},"faces":{"north":{"uv":[11.0,3.25,12.5,4.75],"texture":"#0"},"east":{"uv":[11.0,11.75,12.0,13.25],"texture":"#0"},"south":{"uv":[11.0,4.75,12.5,6.25],"texture":"#0"},"up":{"uv":[1.5,13.25,0.0,12.25],"texture":"#0"},"down":{"uv":[3.0,12.25,1.5,13.25],"texture":"#0"}}},{"from":[8.69661,-13.675,9.95494],"to":[19.41555,-1.675,9.96994],"rotation":{"origin":[14.30608,-5.675,9.95494],"axis":"y","angle":-22.5},"faces":{"north":{"uv":[0.0,0.0,10.75,12.0],"texture":"#0"},"south":{"uv":[10.75,0.0,0.0,12.0],"texture":"#0"}}},{"from":[-3.41554,-13.675,9.95494],"to":[7.3034,-1.675,9.96994],"rotation":{"origin":[1.69393,-5.675,9.95494],"axis":"y","angle":22.5},"faces":{"north":{"uv":[10.75,0.0,0.0,12.0],"texture":"#0"},"south":{"uv":[0.0,0.0,10.75,12.0],"texture":"#0"}}},{"from":[0.5,-7.55,8.25],"to":[4.5,-3.55,8.25],"rotation":{"origin":[3.0,-5.55,7.75],"axis":"y","angle":22.5},"faces":{"north":{"uv":[0.0,0.0,16.0,16.0],"texture":"#1"}}},{"from":[11.5,-7.55,8.25],"to":[15.5,-3.55,8.25],"rotation":{"origin":[13.0,-5.55,7.75],"axis":"y","angle":-22.5},"faces":{"north":{"uv":[16.0,0.0,0.0,16.0],"texture":"#1"}}},{"from":[0.7294,-7.55,10.59672],"to":[4.7294,-3.55,10.59672],"rotation":{"origin":[2.7294,-5.55,11.59672],"axis":"y","angle":22.5},"faces":{"south":{"uv":[16.0,0.0,0.0,16.0],"texture":"#1"}}},{"from":[11.2706,-7.55,10.59672],"to":[15.2706,-3.55,10.59672],"rotation":{"origin":[13.2706,-5.55,11.59672],"axis":"y","angle":-22.5},"faces":{"south":{"uv":[0.0,0.0,16.0,16.0],"texture":"#1"}}},{"from":[7.3534,-1.625,10.01994],"to":[-3.46554,-13.725,9.90494],"rotation":{"origin":[1.69393,-5.675,9.95494],"axis":"y","angle":22.5},"faces":{"north":{"uv":[0.0,8.0,7.16667,16.0],"texture":"#2"},"south":{"uv":[14.5,8.0,7.33333,16.0],"texture":"#2"}}},{"from":[19.46554,-1.625,10.01994],"to":[8.64661,-13.725,9.90494],"rotation":{"origin":[14.30608,-5.675,9.95494],"axis":"y","angle":-22.5},"faces":{"north":{"uv":[0.0,0.0,7.16667,8.0],"texture":"#2"},"south":{"uv":[14.5,0.0,7.33333,8.0],"texture":"#2"}}}],"textures":{"particle":"96dfc146-7dd5-4902-857e-7bb74b43e99b","0":"96dfc146-7dd5-4902-857e-7bb74b43e99b","1":"20b838f5-4cd6-46c4-b9a7-39f7d2c87e5a","2":"8c86c449-ef44-4167-b50a-2e14dabcd8ad"},"gui_light":"front"}