{"display":{"thirdperson_righthand":{"translation":[0.0,3.75,1.0],"scale":[0.85938,0.85938,0.85938]},"thirdperson_lefthand":{"translation":[0.0,3.75,1.0],"scale":[0.85938,0.85938,0.85938]},"firstperson_righthand":{"rotation":[-9.46,-0.92,5.65],"translation":[2.25,1.25,0.0],"scale":[0.88672,0.88672,0.88672]},"firstperson_lefthand":{"rotation":[-9.46,-0.92,5.65],"translation":[2.25,1.25,0.0],"scale":[0.88672,0.88672,0.88672]},"ground":{"rotation":[0.0,0.0,70.0],"translation":[0.0,0.0,0.75],"scale":[0.58594,0.58594,0.58594]},"gui":{"rotation":[90.0,45.0,-90.0],"translation":[0.25,-0.25,0.0],"scale":[0.54219,0.54219,0.54219]},"head":{"rotation":[-90.0,59.25,90.0],"translation":[0.0,18.25,0.0],"scale":[0.75781,0.75781,0.75781]},"fixed":{"rotation":[0.0,90.0,0.0],"translation":[0.0,2.0,-1.5],"scale":[1.71875,1.71875,1.71875]}},"elements":[{"from":[7.25,-4.0,7.25],"to":[8.75,14.0,8.75],"rotation":{"origin":[8.0,6.54655,8.0],"axis":"y","angle":0.0},"faces":{"north":{"uv":[3.0,0.0,4.0,9.0],"texture":"#0"},"east":{"uv":[0.0,0.0,1.0,9.0],"texture":"#0"},"south":{"uv":[1.0,0.0,2.0,9.0],"texture":"#0"},"west":{"uv":[2.0,0.0,3.0,9.0],"texture":"#0"},"up":{"uv":[9.0,8.0,8.0,7.0],"texture":"#0","rotation":90},"down":{"uv":[8.5,8.0,7.5,9.0],"texture":"#0","rotation":270}}},{"from":[6.675,9.87527,12.57872],"to":[9.325,12.27527,13.72872],"rotation":{"origin":[8.0,6.54655,8.0],"axis":"x","angle":-45.0},"faces":{"north":{"uv":[6.5,4.0,8.0,5.0],"texture":"#0"},"east":{"uv":[3.5,10.5,4.0,11.5],"texture":"#0"},"south":{"uv":[6.5,3.0,8.0,4.0],"texture":"#0"},"west":{"uv":[6.0,10.5,6.5,11.5],"texture":"#0"},"up":{"uv":[9.5,7.0,9.0,5.5],"texture":"#0","rotation":90},"down":{"uv":[6.5,9.0,6.0,10.5],"texture":"#0","rotation":270}}},{"from":[6.925,10.12527,11.57872],"to":[9.075,13.27527,14.72872],"rotation":{"origin":[8.0,6.54655,8.0],"axis":"x","angle":-45.0},"faces":{"north":{"uv":[4.0,8.0,5.0,9.5],"texture":"#0"},"east":{"uv":[6.5,0.0,8.0,1.5],"texture":"#0"},"south":{"uv":[8.0,3.0,9.0,4.5],"texture":"#0"},"west":{"uv":[6.5,1.5,8.0,3.0],"texture":"#0"},"up":{"uv":[9.5,5.5,8.0,4.5],"texture":"#0","rotation":90},"down":{"uv":[6.5,8.0,5.0,9.0],"texture":"#0","rotation":270}}},{"from":[7.675,15.37527,16.82872],"to":[8.325,16.02527,17.47872],"rotation":{"origin":[8.0,6.54655,8.0],"axis":"x","angle":-45.0},"faces":{"north":{"uv":[14.0,7.0,14.5,7.5],"texture":"#0"},"east":{"uv":[6.5,14.0,7.0,14.5],"texture":"#0"},"south":{"uv":[14.0,6.5,14.5,7.0],"texture":"#0"},"west":{"uv":[7.0,14.0,7.5,14.5],"texture":"#0"},"up":{"uv":[8.0,14.5,7.5,14.0],"texture":"#0","rotation":90},"down":{"uv":[14.5,7.5,14.0,8.0],"texture":"#0","rotation":270}}},{"from":[8.0,13.37527,14.82872],"to":[8.0,18.02527,19.47872],"rotation":{"origin":[8.0,6.54655,8.0],"axis":"x","angle":-45.0},"faces":{"north":{"uv":[0.0,0.0,0.0,2.5],"texture":"#0"},"east":{"uv":[4.0,0.0,6.5,2.5],"texture":"#0"},"south":{"uv":[0.0,0.0,0.0,2.5],"texture":"#0"},"west":{"uv":[4.0,2.5,6.5,5.0],"texture":"#0"},"up":{"uv":[2.5,0.0,0.0,0.0],"texture":"#0","rotation":90},"down":{"uv":[2.5,0.0,0.0,0.0],"texture":"#0","rotation":270}}},{"from":[7.775,9.6556,11.10905],"to":[8.225,11.5556,13.00905],"rotation":{"origin":[8.0,6.54655,8.0],"axis":"x","angle":-45.0},"faces":{"north":{"uv":[9.0,10.5,9.5,11.5],"texture":"#0"},"east":{"uv":[8.5,8.0,9.5,9.0],"texture":"#0"},"south":{"uv":[10.5,7.0,11.0,8.0],"texture":"#0"},"west":{"uv":[0.0,9.0,1.0,10.0],"texture":"#0"},"up":{"uv":[11.5,4.5,10.5,4.0],"texture":"#0","rotation":90},"down":{"uv":[11.5,10.0,10.5,10.5],"texture":"#0","rotation":270}}},{"from":[7.775,5.65195,7.12239],"to":[8.225,7.55195,9.02239],"rotation":{"origin":[8.0,6.54655,8.0],"axis":"x","angle":-45.0},"faces":{"north":{"uv":[11.0,0.5,11.5,1.5],"texture":"#0"},"east":{"uv":[9.0,0.0,10.0,1.0],"texture":"#0"},"south":{"uv":[10.5,10.5,11.0,11.5],"texture":"#0"},"west":{"uv":[1.0,9.0,2.0,10.0],"texture":"#0"},"up":{"uv":[12.0,2.0,11.0,1.5],"texture":"#0","rotation":90},"down":{"uv":[5.0,11.0,4.0,11.5],"texture":"#0","rotation":270}}},{"from":[7.775,6.63691,6.6685],"to":[8.225,12.28691,9.3435],"rotation":{"origin":[8.0,6.54655,8.0],"axis":"y","angle":0.0},"faces":{"north":{"uv":[7.5,5.0,8.0,8.0],"texture":"#0"},"east":{"uv":[4.0,5.0,5.5,8.0],"texture":"#0"},"south":{"uv":[7.0,5.0,7.5,8.0],"texture":"#0"},"west":{"uv":[5.5,5.0,7.0,8.0],"texture":"#0"},"up":{"uv":[10.5,4.5,9.0,4.0],"texture":"#0","rotation":90},"down":{"uv":[10.5,7.0,9.0,7.5],"texture":"#0","rotation":270}}},{"from":[7.75,-6.55275,1.25321],"to":[8.25,-5.80275,3.00321],"rotation":{"origin":[8.0,6.54655,8.0],"axis":"x","angle":-22.5},"faces":{"north":{"uv":[2.5,13.0,3.0,13.5],"texture":"#0"},"east":{"uv":[11.0,6.0,12.0,6.5],"texture":"#0"},"south":{"uv":[13.0,1.5,13.5,2.0],"texture":"#0"},"west":{"uv":[6.5,11.0,7.5,11.5],"texture":"#0"},"up":{"uv":[12.0,7.0,11.0,6.5],"texture":"#0","rotation":90},"down":{"uv":[12.0,7.0,11.0,7.5],"texture":"#0","rotation":270}}},{"from":[7.75,-3.08277,17.18998],"to":[8.25,-1.08277,18.18998],"rotation":{"origin":[8.0,6.54655,8.0],"axis":"x","angle":45.0},"faces":{"north":{"uv":[8.5,11.0,9.0,12.0],"texture":"#0"},"east":{"uv":[7.5,11.0,8.0,12.0],"texture":"#0"},"south":{"uv":[11.0,7.5,11.5,8.5],"texture":"#0"},"west":{"uv":[8.0,11.0,8.5,12.0],"texture":"#0"},"up":{"uv":[13.5,3.0,13.0,2.5],"texture":"#0","rotation":90},"down":{"uv":[3.5,13.0,3.0,13.5],"texture":"#0","rotation":270}}},{"from":[7.5,-5.78738,3.85097],"to":[8.5,-3.78738,4.85097],"rotation":{"origin":[8.0,6.54655,8.0],"axis":"x","angle":-22.5},"faces":{"north":{"uv":[1.5,11.5,2.0,12.5],"texture":"#0"},"east":{"uv":[11.0,8.5,11.5,9.5],"texture":"#0"},"south":{"uv":[11.0,10.5,11.5,11.5],"texture":"#0"},"west":{"uv":[11.5,0.0,12.0,1.0],"texture":"#0"},"up":{"uv":[13.5,3.5,13.0,3.0],"texture":"#0","rotation":90},"down":{"uv":[13.5,3.5,13.0,4.0],"texture":"#0","rotation":270}}},{"from":[7.5,-2.97901,15.00779],"to":[8.5,-1.72901,16.00779],"rotation":{"origin":[8.0,6.54655,8.0],"axis":"x","angle":45.0},"faces":{"north":{"uv":[13.0,5.5,13.5,6.0],"texture":"#0"},"east":{"uv":[13.0,4.0,13.5,4.5],"texture":"#0"},"south":{"uv":[13.0,4.5,13.5,5.0],"texture":"#0"},"west":{"uv":[13.0,5.0,13.5,5.5],"texture":"#0"},"up":{"uv":[6.5,13.5,6.0,13.0],"texture":"#0","rotation":90},"down":{"uv":[7.0,13.0,6.5,13.5],"texture":"#0","rotation":270}}},{"from":[7.75,-5.07308,1.8813],"to":[8.25,-3.57308,2.8813],"rotation":{"origin":[8.0,6.54655,8.0],"axis":"x","angle":-22.5},"faces":{"north":{"uv":[3.5,11.5,4.0,12.5],"texture":"#0"},"east":{"uv":[2.0,11.5,2.5,12.5],"texture":"#0"},"south":{"uv":[11.5,2.0,12.0,3.0],"texture":"#0"},"west":{"uv":[11.5,3.0,12.0,4.0],"texture":"#0"},"up":{"uv":[7.5,13.5,7.0,13.0],"texture":"#0","rotation":90},"down":{"uv":[13.5,7.0,13.0,7.5],"texture":"#0","rotation":270}}},{"from":[7.0,-1.96124,14.50779],"to":[9.0,0.03876,16.50779],"rotation":{"origin":[8.0,6.54655,8.0],"axis":"x","angle":45.0},"faces":{"north":{"uv":[3.0,9.0,4.0,10.0],"texture":"#0"},"east":{"uv":[9.0,1.0,10.0,2.0],"texture":"#0"},"south":{"uv":[2.0,9.0,3.0,10.0],"texture":"#0"},"west":{"uv":[9.0,2.0,10.0,3.0],"texture":"#0"},"up":{"uv":[10.0,4.0,9.0,3.0],"texture":"#0","rotation":90},"down":{"uv":[6.0,9.0,5.0,10.0],"texture":"#0","rotation":270}}},{"from":[6.75,-1.46124,15.00779],"to":[9.25,-0.46124,16.00779],"rotation":{"origin":[8.0,6.54655,8.0],"axis":"x","angle":45.0},"faces":{"north":{"uv":[9.0,7.5,10.5,8.0],"texture":"#0"},"east":{"uv":[7.5,13.0,8.0,13.5],"texture":"#0"},"south":{"uv":[7.5,9.0,9.0,9.5],"texture":"#0"},"west":{"uv":[8.0,13.0,8.5,13.5],"texture":"#0"},"up":{"uv":[9.5,10.5,9.0,9.0],"texture":"#0","rotation":90},"down":{"uv":[4.5,9.5,4.0,11.0],"texture":"#0","rotation":270}}},{"from":[7.675,13.38931,0.15646],"to":[8.325,14.61431,1.05646],"rotation":{"origin":[8.0,6.54655,8.0],"axis":"x","angle":22.5},"faces":{"north":{"uv":[14.0,1.5,14.5,2.0],"texture":"#0"},"east":{"uv":[1.0,14.0,1.5,14.5],"texture":"#0"},"south":{"uv":[14.0,1.0,14.5,1.5],"texture":"#0"},"west":{"uv":[1.5,14.0,2.0,14.5],"texture":"#0"},"up":{"uv":[2.5,14.5,2.0,14.0],"texture":"#0","rotation":90},"down":{"uv":[14.5,2.0,14.0,2.5],"texture":"#0","rotation":270}}},{"from":[7.65,14.61431,-1.09354],"to":[8.35,17.76431,1.05646],"rotation":{"origin":[8.0,6.54655,8.0],"axis":"x","angle":22.5},"faces":{"north":{"uv":[9.5,4.5,10.0,6.0],"texture":"#0"},"east":{"uv":[8.0,0.0,9.0,1.5],"texture":"#0"},"south":{"uv":[4.5,9.5,5.0,11.0],"texture":"#0"},"west":{"uv":[8.0,1.5,9.0,3.0],"texture":"#0"},"up":{"uv":[12.0,10.0,11.0,9.5],"texture":"#0","rotation":90},"down":{"uv":[12.5,1.0,11.5,1.5],"texture":"#0","rotation":270}}},{"from":[7.675,16.28142,7.27466],"to":[8.325,18.68142,7.92466],"rotation":{"origin":[8.0,6.54655,8.0],"axis":"x","angle":-22.5},"faces":{"north":{"uv":[12.0,6.0,12.5,7.0],"texture":"#0"},"east":{"uv":[3.0,12.0,3.5,13.0],"texture":"#0"},"south":{"uv":[12.0,4.0,12.5,5.0],"texture":"#0"},"west":{"uv":[12.0,5.0,12.5,6.0],"texture":"#0"},"up":{"uv":[14.0,13.0,13.5,12.5],"texture":"#0","rotation":90},"down":{"uv":[13.5,13.5,13.0,14.0],"texture":"#0","rotation":270}}},{"from":[7.675,14.28931,-0.74354],"to":[8.325,14.61431,0.15646],"rotation":{"origin":[8.0,6.54655,8.0],"axis":"x","angle":22.5},"faces":{"north":{"uv":[14.0,0.0,14.5,0.5],"texture":"#0"},"east":{"uv":[13.5,13.0,14.0,13.5],"texture":"#0"},"south":{"uv":[13.5,13.5,14.0,14.0],"texture":"#0"},"west":{"uv":[0.0,14.0,0.5,14.5],"texture":"#0"},"up":{"uv":[1.0,14.5,0.5,14.0],"texture":"#0","rotation":90},"down":{"uv":[14.5,0.5,14.0,1.0],"texture":"#0","rotation":270}}},{"from":[7.4,15.11431,-0.09354],"to":[8.6,17.26431,1.30646],"rotation":{"origin":[8.0,6.54655,8.0],"axis":"x","angle":22.5},"faces":{"north":{"uv":[5.0,11.5,5.5,12.5],"texture":"#0"},"east":{"uv":[4.0,11.5,4.5,12.5],"texture":"#0"},"south":{"uv":[11.5,4.0,12.0,5.0],"texture":"#0"},"west":{"uv":[4.5,11.5,5.0,12.5],"texture":"#0"},"up":{"uv":[14.0,0.5,13.5,0.0],"texture":"#0","rotation":90},"down":{"uv":[1.0,13.5,0.5,14.0],"texture":"#0","rotation":270}}},{"from":[7.425,16.75287,8.33533],"to":[8.575,18.32787,8.73533],"rotation":{"origin":[8.0,6.54655,8.0],"axis":"x","angle":-22.5},"faces":{"north":{"uv":[2.5,12.0,3.0,13.0],"texture":"#0"},"east":{"uv":[7.0,11.5,7.5,12.5],"texture":"#0"},"south":{"uv":[1.0,12.0,1.5,13.0],"texture":"#0"},"west":{"uv":[12.0,1.5,12.5,2.5],"texture":"#0"},"up":{"uv":[14.0,12.0,13.5,11.5],"texture":"#0","rotation":90},"down":{"uv":[12.5,13.5,12.0,14.0],"texture":"#0","rotation":270}}},{"from":[7.425,14.28931,0.80646],"to":[8.575,15.11431,1.30646],"rotation":{"origin":[8.0,6.54655,8.0],"axis":"x","angle":22.5},"faces":{"north":{"uv":[11.0,13.5,11.5,14.0],"texture":"#0"},"east":{"uv":[13.5,10.0,14.0,10.5],"texture":"#0"},"south":{"uv":[10.5,13.5,11.0,14.0],"texture":"#0"},"west":{"uv":[13.5,10.5,14.0,11.0],"texture":"#0"},"up":{"uv":[14.0,11.5,13.5,11.0],"texture":"#0","rotation":90},"down":{"uv":[12.0,13.5,11.5,14.0],"texture":"#0","rotation":270}}},{"from":[7.425,14.78931,0.30646],"to":[8.575,15.11431,0.80646],"rotation":{"origin":[8.0,6.54655,8.0],"axis":"x","angle":22.5},"faces":{"north":{"uv":[9.5,13.5,10.0,14.0],"texture":"#0"},"east":{"uv":[13.5,8.5,14.0,9.0],"texture":"#0"},"south":{"uv":[9.0,13.5,9.5,14.0],"texture":"#0"},"west":{"uv":[13.5,9.0,14.0,9.5],"texture":"#0"},"up":{"uv":[14.0,10.0,13.5,9.5],"texture":"#0","rotation":90},"down":{"uv":[10.5,13.5,10.0,14.0],"texture":"#0","rotation":270}}},{"from":[7.425,17.26431,0.30646],"to":[8.575,17.58931,0.80646],"rotation":{"origin":[8.0,6.54655,8.0],"axis":"x","angle":22.5},"faces":{"north":{"uv":[7.5,13.5,8.0,14.0],"texture":"#0"},"east":{"uv":[13.5,6.5,14.0,7.0],"texture":"#0"},"south":{"uv":[7.0,13.5,7.5,14.0],"texture":"#0"},"west":{"uv":[13.5,7.0,14.0,7.5],"texture":"#0"},"up":{"uv":[14.0,8.0,13.5,7.5],"texture":"#0","rotation":90},"down":{"uv":[8.5,13.5,8.0,14.0],"texture":"#0","rotation":270}}},{"from":[7.675,17.76431,0.15646],"to":[8.325,18.98931,1.05646],"rotation":{"origin":[8.0,6.54655,8.0],"axis":"x","angle":22.5},"faces":{"north":{"uv":[13.0,9.5,13.5,10.0],"texture":"#0"},"east":{"uv":[8.5,13.0,9.0,13.5],"texture":"#0"},"south":{"uv":[13.0,8.5,13.5,9.0],"texture":"#0"},"west":{"uv":[13.0,9.0,13.5,9.5],"texture":"#0"},"up":{"uv":[13.5,10.5,13.0,10.0],"texture":"#0","rotation":90},"down":{"uv":[13.5,10.5,13.0,11.0],"texture":"#0","rotation":270}}},{"from":[7.675,20.25881,9.50205],"to":[8.325,20.90881,11.90205],"rotation":{"origin":[8.0,6.54655,8.0],"axis":"x","angle":-22.5},"faces":{"north":{"uv":[12.5,13.5,13.0,14.0],"texture":"#0"},"east":{"uv":[12.0,0.5,13.0,1.0],"texture":"#0"},"south":{"uv":[13.5,12.0,14.0,12.5],"texture":"#0"},"west":{"uv":[12.0,2.5,13.0,3.0],"texture":"#0"},"up":{"uv":[13.0,3.5,12.0,3.0],"texture":"#0","rotation":90},"down":{"uv":[13.0,3.5,12.0,4.0],"texture":"#0","rotation":270}}},{"from":[7.675,17.76431,-0.74354],"to":[8.325,18.08931,0.15646],"rotation":{"origin":[8.0,6.54655,8.0],"axis":"x","angle":22.5},"faces":{"north":{"uv":[13.0,12.5,13.5,13.0],"texture":"#0"},"east":{"uv":[13.0,11.5,13.5,12.0],"texture":"#0"},"south":{"uv":[13.0,12.0,13.5,12.5],"texture":"#0"},"west":{"uv":[12.5,13.0,13.0,13.5],"texture":"#0"},"up":{"uv":[13.5,13.5,13.0,13.0],"texture":"#0","rotation":90},"down":{"uv":[0.5,13.5,0.0,14.0],"texture":"#0","rotation":270}}},{"from":[7.425,17.26431,0.80646],"to":[8.575,18.08931,1.30646],"rotation":{"origin":[8.0,6.54655,8.0],"axis":"x","angle":22.5},"faces":{"north":{"uv":[6.0,13.5,6.5,14.0],"texture":"#0"},"east":{"uv":[13.5,5.0,14.0,5.5],"texture":"#0"},"south":{"uv":[5.5,13.5,6.0,14.0],"texture":"#0"},"west":{"uv":[13.5,5.5,14.0,6.0],"texture":"#0"},"up":{"uv":[14.0,6.5,13.5,6.0],"texture":"#0","rotation":90},"down":{"uv":[7.0,13.5,6.5,14.0],"texture":"#0","rotation":270}}},{"from":[7.425,19.44815,9.8556],"to":[8.575,19.84815,11.4306],"rotation":{"origin":[8.0,6.54655,8.0],"axis":"x","angle":-22.5},"faces":{"north":{"uv":[8.5,13.5,9.0,14.0],"texture":"#0"},"east":{"uv":[11.0,11.5,12.0,12.0],"texture":"#0"},"south":{"uv":[13.5,8.0,14.0,8.5],"texture":"#0"},"west":{"uv":[11.5,11.0,12.5,11.5],"texture":"#0"},"up":{"uv":[1.0,12.5,0.0,12.0],"texture":"#0","rotation":90},"down":{"uv":[13.0,0.0,12.0,0.5],"texture":"#0","rotation":270}}},{"from":[7.675,13.38931,14.94354],"to":[8.325,14.61431,15.84354],"rotation":{"origin":[8.0,6.54655,8.0],"axis":"x","angle":-22.5},"faces":{"north":{"uv":[13.5,14.5,14.0,15.0],"texture":"#0"},"east":{"uv":[14.5,12.5,15.0,13.0],"texture":"#0"},"south":{"uv":[13.0,14.5,13.5,15.0],"texture":"#0"},"west":{"uv":[14.5,13.0,15.0,13.5],"texture":"#0"},"up":{"uv":[15.0,14.0,14.5,13.5],"texture":"#0","rotation":90},"down":{"uv":[14.5,14.5,14.0,15.0],"texture":"#0","rotation":270}}},{"from":[7.65,14.61431,14.94354],"to":[8.35,17.76431,17.09354],"rotation":{"origin":[8.0,6.54655,8.0],"axis":"x","angle":-22.5},"faces":{"north":{"uv":[3.0,10.5,3.5,12.0],"texture":"#0"},"east":{"uv":[8.0,5.5,9.0,7.0],"texture":"#0"},"south":{"uv":[2.5,10.5,3.0,12.0],"texture":"#0"},"west":{"uv":[6.5,8.0,7.5,9.5],"texture":"#0"},"up":{"uv":[13.5,11.5,12.5,11.0],"texture":"#0","rotation":90},"down":{"uv":[14.0,1.0,13.0,1.5],"texture":"#0","rotation":270}}},{"from":[7.675,16.28142,8.07534],"to":[8.325,18.68142,8.72534],"rotation":{"origin":[8.0,6.54655,8.0],"axis":"x","angle":22.5},"faces":{"north":{"uv":[1.0,13.0,1.5,14.0],"texture":"#0"},"east":{"uv":[12.0,12.5,12.5,13.5],"texture":"#0"},"south":{"uv":[12.5,12.0,13.0,13.0],"texture":"#0"},"west":{"uv":[13.0,0.0,13.5,1.0],"texture":"#0"},"up":{"uv":[15.0,12.5,14.5,12.0],"texture":"#0","rotation":90},"down":{"uv":[13.0,14.5,12.5,15.0],"texture":"#0","rotation":270}}},{"from":[7.675,14.28931,15.84354],"to":[8.325,14.61431,16.74354],"rotation":{"origin":[8.0,6.54655,8.0],"axis":"x","angle":-22.5},"faces":{"north":{"uv":[11.5,14.5,12.0,15.0],"texture":"#0"},"east":{"uv":[14.5,10.5,15.0,11.0],"texture":"#0"},"south":{"uv":[11.0,14.5,11.5,15.0],"texture":"#0"},"west":{"uv":[14.5,11.0,15.0,11.5],"texture":"#0"},"up":{"uv":[15.0,12.0,14.5,11.5],"texture":"#0","rotation":90},"down":{"uv":[12.5,14.5,12.0,15.0],"texture":"#0","rotation":270}}},{"from":[7.4,15.11431,14.69354],"to":[8.6,17.26431,16.09354],"rotation":{"origin":[8.0,6.54655,8.0],"axis":"x","angle":-22.5},"faces":{"north":{"uv":[11.5,12.5,12.0,13.5],"texture":"#0"},"east":{"uv":[12.5,10.0,13.0,11.0],"texture":"#0"},"south":{"uv":[10.5,12.5,11.0,13.5],"texture":"#0"},"west":{"uv":[11.0,12.5,11.5,13.5],"texture":"#0"},"up":{"uv":[15.0,10.5,14.5,10.0],"texture":"#0","rotation":90},"down":{"uv":[11.0,14.5,10.5,15.0],"texture":"#0","rotation":270}}},{"from":[7.425,16.75287,7.26467],"to":[8.575,18.32787,7.66467],"rotation":{"origin":[8.0,6.54655,8.0],"axis":"x","angle":22.5},"faces":{"north":{"uv":[10.0,12.5,10.5,13.5],"texture":"#0"},"east":{"uv":[12.5,8.5,13.0,9.5],"texture":"#0"},"south":{"uv":[9.0,12.5,9.5,13.5],"texture":"#0"},"west":{"uv":[9.5,12.5,10.0,13.5],"texture":"#0"},"up":{"uv":[15.0,10.0,14.5,9.5],"texture":"#0","rotation":90},"down":{"uv":[10.5,14.5,10.0,15.0],"texture":"#0","rotation":270}}},{"from":[7.425,14.28931,14.69354],"to":[8.575,15.11431,15.19354],"rotation":{"origin":[8.0,6.54655,8.0],"axis":"x","angle":-22.5},"faces":{"north":{"uv":[9.0,14.5,9.5,15.0],"texture":"#0"},"east":{"uv":[14.5,8.0,15.0,8.5],"texture":"#0"},"south":{"uv":[8.5,14.5,9.0,15.0],"texture":"#0"},"west":{"uv":[14.5,8.5,15.0,9.0],"texture":"#0"},"up":{"uv":[15.0,9.5,14.5,9.0],"texture":"#0","rotation":90},"down":{"uv":[10.0,14.5,9.5,15.0],"texture":"#0","rotation":270}}},{"from":[7.425,14.78931,15.19354],"to":[8.575,15.11431,15.69354],"rotation":{"origin":[8.0,6.54655,8.0],"axis":"x","angle":-22.5},"faces":{"north":{"uv":[7.5,14.5,8.0,15.0],"texture":"#0"},"east":{"uv":[14.5,6.5,15.0,7.0],"texture":"#0"},"south":{"uv":[7.0,14.5,7.5,15.0],"texture":"#0"},"west":{"uv":[14.5,7.0,15.0,7.5],"texture":"#0"},"up":{"uv":[15.0,8.0,14.5,7.5],"texture":"#0","rotation":90},"down":{"uv":[8.5,14.5,8.0,15.0],"texture":"#0","rotation":270}}},{"from":[7.425,17.26431,15.19354],"to":[8.575,17.58931,15.69354],"rotation":{"origin":[8.0,6.54655,8.0],"axis":"x","angle":-22.5},"faces":{"north":{"uv":[6.0,14.5,6.5,15.0],"texture":"#0"},"east":{"uv":[14.5,5.0,15.0,5.5],"texture":"#0"},"south":{"uv":[5.5,14.5,6.0,15.0],"texture":"#0"},"west":{"uv":[14.5,5.5,15.0,6.0],"texture":"#0"},"up":{"uv":[15.0,6.5,14.5,6.0],"texture":"#0","rotation":90},"down":{"uv":[7.0,14.5,6.5,15.0],"texture":"#0","rotation":270}}},{"from":[7.675,17.76431,14.94354],"to":[8.325,18.98931,15.84354],"rotation":{"origin":[8.0,6.54655,8.0],"axis":"x","angle":-22.5},"faces":{"north":{"uv":[4.5,14.5,5.0,15.0],"texture":"#0"},"east":{"uv":[14.5,3.5,15.0,4.0],"texture":"#0"},"south":{"uv":[4.0,14.5,4.5,15.0],"texture":"#0"},"west":{"uv":[14.5,4.0,15.0,4.5],"texture":"#0"},"up":{"uv":[15.0,5.0,14.5,4.5],"texture":"#0","rotation":90},"down":{"uv":[5.5,14.5,5.0,15.0],"texture":"#0","rotation":270}}},{"from":[7.675,20.25881,4.09795],"to":[8.325,20.90881,6.49795],"rotation":{"origin":[8.0,6.54655,8.0],"axis":"x","angle":22.5},"faces":{"north":{"uv":[3.5,14.5,4.0,15.0],"texture":"#0"},"east":{"uv":[7.0,12.5,8.0,13.0],"texture":"#0"},"south":{"uv":[14.5,3.0,15.0,3.5],"texture":"#0"},"west":{"uv":[12.5,7.5,13.5,8.0],"texture":"#0"},"up":{"uv":[9.0,13.0,8.0,12.5],"texture":"#0","rotation":90},"down":{"uv":[13.5,8.0,12.5,8.5],"texture":"#0","rotation":270}}},{"from":[7.675,17.76431,15.84354],"to":[8.325,18.08931,16.74354],"rotation":{"origin":[8.0,6.54655,8.0],"axis":"x","angle":-22.5},"faces":{"north":{"uv":[2.5,14.5,3.0,15.0],"texture":"#0"},"east":{"uv":[14.5,1.5,15.0,2.0],"texture":"#0"},"south":{"uv":[2.0,14.5,2.5,15.0],"texture":"#0"},"west":{"uv":[14.5,2.0,15.0,2.5],"texture":"#0"},"up":{"uv":[15.0,3.0,14.5,2.5],"texture":"#0","rotation":90},"down":{"uv":[3.5,14.5,3.0,15.0],"texture":"#0","rotation":270}}},{"from":[7.425,17.26431,14.69354],"to":[8.575,18.08931,15.19354],"rotation":{"origin":[8.0,6.54655,8.0],"axis":"x","angle":-22.5},"faces":{"north":{"uv":[1.0,14.5,1.5,15.0],"texture":"#0"},"east":{"uv":[14.5,0.0,15.0,0.5],"texture":"#0"},"south":{"uv":[0.5,14.5,1.0,15.0],"texture":"#0"},"west":{"uv":[14.5,0.5,15.0,1.0],"texture":"#0"},"up":{"uv":[15.0,1.5,14.5,1.0],"texture":"#0","rotation":90},"down":{"uv":[2.0,14.5,1.5,15.0],"texture":"#0","rotation":270}}},{"from":[7.425,19.44815,4.5694],"to":[8.575,19.84815,6.1444],"rotation":{"origin":[8.0,6.54655,8.0],"axis":"x","angle":22.5},"faces":{"north":{"uv":[0.0,14.5,0.5,15.0],"texture":"#0"},"east":{"uv":[12.5,2.0,13.5,2.5],"texture":"#0"},"south":{"uv":[14.0,14.0,14.5,14.5],"texture":"#0"},"west":{"uv":[6.0,12.5,7.0,13.0],"texture":"#0"},"up":{"uv":[13.5,6.5,12.5,6.0],"texture":"#0","rotation":90},"down":{"uv":[13.5,6.5,12.5,7.0],"texture":"#0","rotation":270}}},{"from":[7.775,13.0203,1.77519],"to":[8.225,13.6703,4.32519],"rotation":{"origin":[8.0,6.54655,8.0],"axis":"x","angle":22.5},"faces":{"north":{"uv":[14.0,8.5,14.5,9.0],"texture":"#0"},"east":{"uv":[10.0,3.5,11.5,4.0],"texture":"#0"},"south":{"uv":[8.5,14.0,9.0,14.5],"texture":"#0"},"west":{"uv":[10.0,4.5,11.5,5.0],"texture":"#0"},"up":{"uv":[11.5,5.5,10.0,5.0],"texture":"#0","rotation":90},"down":{"uv":[11.5,5.5,10.0,6.0],"texture":"#0","rotation":270}}},{"from":[7.775,15.52579,8.17603],"to":[8.225,16.07579,8.82603],"rotation":{"origin":[8.0,6.54655,8.0],"axis":"x","angle":-22.5},"faces":{"north":{"uv":[14.0,11.0,14.5,11.5],"texture":"#0"},"east":{"uv":[10.5,14.0,11.0,14.5],"texture":"#0"},"south":{"uv":[14.0,10.5,14.5,11.0],"texture":"#0"},"west":{"uv":[11.0,14.0,11.5,14.5],"texture":"#0"},"up":{"uv":[12.0,14.5,11.5,14.0],"texture":"#0","rotation":90},"down":{"uv":[14.5,11.5,14.0,12.0],"texture":"#0","rotation":270}}},{"from":[7.775,15.52579,7.17397],"to":[8.225,16.07579,7.82397],"rotation":{"origin":[8.0,6.54655,8.0],"axis":"x","angle":22.5},"faces":{"north":{"uv":[14.0,9.5,14.5,10.0],"texture":"#0"},"east":{"uv":[9.0,14.0,9.5,14.5],"texture":"#0"},"south":{"uv":[14.0,9.0,14.5,9.5],"texture":"#0"},"west":{"uv":[9.5,14.0,10.0,14.5],"texture":"#0"},"up":{"uv":[10.5,14.5,10.0,14.0],"texture":"#0","rotation":90},"down":{"uv":[14.5,10.0,14.0,10.5],"texture":"#0","rotation":270}}},{"from":[7.775,13.0203,11.67481],"to":[8.225,13.6703,14.22481],"rotation":{"origin":[8.0,6.54655,8.0],"axis":"x","angle":-22.5},"faces":{"north":{"uv":[14.0,8.0,14.5,8.5],"texture":"#0"},"east":{"uv":[10.0,2.0,11.5,2.5],"texture":"#0"},"south":{"uv":[8.0,14.0,8.5,14.5],"texture":"#0"},"west":{"uv":[2.5,10.0,4.0,10.5],"texture":"#0"},"up":{"uv":[11.5,3.0,10.0,2.5],"texture":"#0","rotation":90},"down":{"uv":[11.5,3.0,10.0,3.5],"texture":"#0","rotation":270}}},{"from":[7.4,13.2703,11.67481],"to":[8.6,13.9203,14.82481],"rotation":{"origin":[8.0,6.54655,8.0],"axis":"x","angle":-22.5},"faces":{"north":{"uv":[14.0,2.5,14.5,3.0],"texture":"#0"},"east":{"uv":[9.5,9.0,11.0,9.5],"texture":"#0"},"south":{"uv":[2.5,14.0,3.0,14.5],"texture":"#0"},"west":{"uv":[9.5,9.5,11.0,10.0],"texture":"#0"},"up":{"uv":[1.5,10.5,0.0,10.0],"texture":"#0","rotation":90},"down":{"uv":[11.5,0.0,10.0,0.5],"texture":"#0","rotation":270}}},{"from":[7.425,13.9203,12.42481],"to":[8.575,14.5703,13.17481],"rotation":{"origin":[8.0,6.54655,8.0],"axis":"x","angle":-22.5},"faces":{"north":{"uv":[14.0,3.5,14.5,4.0],"texture":"#0"},"east":{"uv":[3.0,14.0,3.5,14.5],"texture":"#0"},"south":{"uv":[14.0,3.0,14.5,3.5],"texture":"#0"},"west":{"uv":[3.5,14.0,4.0,14.5],"texture":"#0"},"up":{"uv":[4.5,14.5,4.0,14.0],"texture":"#0","rotation":90},"down":{"uv":[14.5,4.0,14.0,4.5],"texture":"#0","rotation":270}}},{"from":[7.425,11.61755,13.45683],"to":[8.575,12.26755,15.60683],"rotation":{"origin":[8.0,6.54655,8.0],"axis":"x","angle":-45.0},"faces":{"north":{"uv":[14.0,4.5,14.5,5.0],"texture":"#0"},"east":{"uv":[12.0,7.0,13.0,7.5],"texture":"#0"},"south":{"uv":[4.5,14.0,5.0,14.5],"texture":"#0"},"west":{"uv":[7.5,12.0,8.5,12.5],"texture":"#0"},"up":{"uv":[9.5,12.5,8.5,12.0],"texture":"#0","rotation":90},"down":{"uv":[10.5,12.0,9.5,12.5],"texture":"#0","rotation":270}}},{"from":[7.425,15.32075,9.33349],"to":[8.575,15.97075,11.48349],"rotation":{"origin":[8.0,6.54655,8.0],"axis":"z","angle":0.0},"faces":{"north":{"uv":[14.0,5.0,14.5,5.5],"texture":"#0"},"east":{"uv":[12.0,9.5,13.0,10.0],"texture":"#0"},"south":{"uv":[5.0,14.0,5.5,14.5],"texture":"#0"},"west":{"uv":[10.5,12.0,11.5,12.5],"texture":"#0"},"up":{"uv":[12.5,12.5,11.5,12.0],"texture":"#0","rotation":90},"down":{"uv":[13.0,11.5,12.0,12.0],"texture":"#0","rotation":270}}},{"from":[7.425,11.61755,0.39317],"to":[8.575,12.26755,2.54317],"rotation":{"origin":[8.0,6.54655,8.0],"axis":"x","angle":45.0},"faces":{"north":{"uv":[5.0,13.5,5.5,14.0],"texture":"#0"},"east":{"uv":[11.5,9.0,12.5,9.5],"texture":"#0"},"south":{"uv":[13.5,4.5,14.0,5.0],"texture":"#0"},"west":{"uv":[10.0,11.5,11.0,12.0],"texture":"#0"},"up":{"uv":[12.5,10.5,11.5,10.0],"texture":"#0","rotation":90},"down":{"uv":[12.5,10.5,11.5,11.0],"texture":"#0","rotation":270}}},{"from":[7.425,15.32075,4.51651],"to":[8.575,15.97075,6.66651],"rotation":{"origin":[8.0,6.54655,8.0],"axis":"z","angle":0.0},"faces":{"north":{"uv":[4.5,13.5,5.0,14.0],"texture":"#0"},"east":{"uv":[11.5,7.5,12.5,8.0],"texture":"#0"},"south":{"uv":[13.5,4.0,14.0,4.5],"texture":"#0"},"west":{"uv":[11.5,8.0,12.5,8.5],"texture":"#0"},"up":{"uv":[12.5,9.0,11.5,8.5],"texture":"#0","rotation":90},"down":{"uv":[10.0,11.5,9.0,12.0],"texture":"#0","rotation":270}}},{"from":[7.425,13.9203,2.82519],"to":[8.575,14.5703,3.57519],"rotation":{"origin":[8.0,6.54655,8.0],"axis":"x","angle":22.5},"faces":{"north":{"uv":[3.5,13.5,4.0,14.0],"texture":"#0"},"east":{"uv":[13.5,2.5,14.0,3.0],"texture":"#0"},"south":{"uv":[3.0,13.5,3.5,14.0],"texture":"#0"},"west":{"uv":[13.5,3.0,14.0,3.5],"texture":"#0"},"up":{"uv":[14.0,4.0,13.5,3.5],"texture":"#0","rotation":90},"down":{"uv":[4.5,13.5,4.0,14.0],"texture":"#0","rotation":270}}},{"from":[7.4,13.2703,1.17519],"to":[8.6,13.9203,4.32519],"rotation":{"origin":[8.0,6.54655,8.0],"axis":"x","angle":22.5},"faces":{"north":{"uv":[2.5,13.5,3.0,14.0],"texture":"#0"},"east":{"uv":[9.5,6.0,11.0,6.5],"texture":"#0"},"south":{"uv":[13.5,2.0,14.0,2.5],"texture":"#0"},"west":{"uv":[9.5,6.5,11.0,7.0],"texture":"#0"},"up":{"uv":[11.0,8.5,9.5,8.0],"texture":"#0","rotation":90},"down":{"uv":[11.0,8.5,9.5,9.0],"texture":"#0","rotation":270}}},{"from":[7.525,16.84252,5.38091],"to":[8.475,19.84252,5.83091],"rotation":{"origin":[8.0,6.54655,8.0],"axis":"x","angle":22.5},"faces":{"north":{"uv":[10.0,10.0,10.5,11.5],"texture":"#0"},"east":{"uv":[5.0,10.0,5.5,11.5],"texture":"#0"},"south":{"uv":[5.5,10.0,6.0,11.5],"texture":"#0"},"west":{"uv":[9.5,10.0,10.0,11.5],"texture":"#0"},"up":{"uv":[12.5,14.5,12.0,14.0],"texture":"#0","rotation":90},"down":{"uv":[14.5,12.0,14.0,12.5],"texture":"#0","rotation":270}}},{"from":[7.75,16.69252,5.03091],"to":[8.25,19.84252,6.18091],"rotation":{"origin":[8.0,6.54655,8.0],"axis":"x","angle":22.5},"faces":{"north":{"uv":[1.0,10.5,1.5,12.0],"texture":"#0"},"east":{"uv":[0.0,10.5,0.5,12.0],"texture":"#0"},"south":{"uv":[0.5,10.5,1.0,12.0],"texture":"#0"},"west":{"uv":[10.5,0.5,11.0,2.0],"texture":"#0"},"up":{"uv":[13.0,14.5,12.5,14.0],"texture":"#0","rotation":90},"down":{"uv":[14.5,12.5,14.0,13.0],"texture":"#0","rotation":270}}},{"from":[7.775,13.6703,13.07481],"to":[8.225,15.8203,14.22481],"rotation":{"origin":[8.0,6.54655,8.0],"axis":"x","angle":-22.5},"faces":{"north":{"uv":[12.5,4.0,13.0,5.0],"texture":"#0"},"east":{"uv":[2.0,12.5,2.5,13.5],"texture":"#0"},"south":{"uv":[3.5,12.5,4.0,13.5],"texture":"#0"},"west":{"uv":[4.0,12.5,4.5,13.5],"texture":"#0"},"up":{"uv":[13.5,14.5,13.0,14.0],"texture":"#0","rotation":90},"down":{"uv":[14.5,13.0,14.0,13.5],"texture":"#0","rotation":270}}},{"from":[7.525,13.6703,13.42481],"to":[8.475,15.6703,13.87481],"rotation":{"origin":[8.0,6.54655,8.0],"axis":"x","angle":-22.5},"faces":{"north":{"uv":[5.5,12.5,6.0,13.5],"texture":"#0"},"east":{"uv":[4.5,12.5,5.0,13.5],"texture":"#0"},"south":{"uv":[5.0,12.5,5.5,13.5],"texture":"#0"},"west":{"uv":[12.5,5.0,13.0,6.0],"texture":"#0"},"up":{"uv":[14.0,14.5,13.5,14.0],"texture":"#0","rotation":90},"down":{"uv":[14.5,13.5,14.0,14.0],"texture":"#0","rotation":270}}},{"from":[7.525,16.84252,10.16909],"to":[8.475,19.84252,10.61909],"rotation":{"origin":[8.0,6.54655,8.0],"axis":"x","angle":-22.5},"faces":{"north":{"uv":[2.0,10.0,2.5,11.5],"texture":"#0"},"east":{"uv":[8.5,9.5,9.0,11.0],"texture":"#0"},"south":{"uv":[10.0,0.5,10.5,2.0],"texture":"#0"},"west":{"uv":[1.5,10.0,2.0,11.5],"texture":"#0"},"up":{"uv":[6.0,14.5,5.5,14.0],"texture":"#0","rotation":90},"down":{"uv":[14.5,5.5,14.0,6.0],"texture":"#0","rotation":270}}},{"from":[7.525,13.6703,2.12519],"to":[8.475,15.6703,2.57519],"rotation":{"origin":[8.0,6.54655,8.0],"axis":"x","angle":22.5},"faces":{"north":{"uv":[1.5,12.5,2.0,13.5],"texture":"#0"},"east":{"uv":[0.0,12.5,0.5,13.5],"texture":"#0"},"south":{"uv":[0.5,12.5,1.0,13.5],"texture":"#0"},"west":{"uv":[12.5,1.0,13.0,2.0],"texture":"#0"},"up":{"uv":[6.5,14.5,6.0,14.0],"texture":"#0","rotation":90},"down":{"uv":[14.5,6.0,14.0,6.5],"texture":"#0","rotation":270}}},{"from":[7.775,13.6703,1.77519],"to":[8.225,15.8203,2.92519],"rotation":{"origin":[8.0,6.54655,8.0],"axis":"x","angle":22.5},"faces":{"north":{"uv":[6.5,11.5,7.0,12.5],"texture":"#0"},"east":{"uv":[11.5,5.0,12.0,6.0],"texture":"#0"},"south":{"uv":[5.5,11.5,6.0,12.5],"texture":"#0"},"west":{"uv":[6.0,11.5,6.5,12.5],"texture":"#0"},"up":{"uv":[14.0,2.0,13.5,1.5],"texture":"#0","rotation":90},"down":{"uv":[2.5,13.5,2.0,14.0],"texture":"#0","rotation":270}}},{"from":[7.75,16.69252,9.81909],"to":[8.25,19.84252,10.96909],"rotation":{"origin":[8.0,6.54655,8.0],"axis":"x","angle":-22.5},"faces":{"north":{"uv":[8.0,9.5,8.5,11.0],"texture":"#0"},"east":{"uv":[6.5,9.5,7.0,11.0],"texture":"#0"},"south":{"uv":[7.0,9.5,7.5,11.0],"texture":"#0"},"west":{"uv":[7.5,9.5,8.0,11.0],"texture":"#0"},"up":{"uv":[14.0,1.0,13.5,0.5],"texture":"#0","rotation":90},"down":{"uv":[2.0,13.5,1.5,14.0],"texture":"#0","rotation":270}}}],"textures":{"particle":"ffa7d485-57a9-46f6-ae3f-8b54e653c287","0":"ffa7d485-57a9-46f6-ae3f-8b54e653c287"},"gui_light":"front"}