{"display":{"thirdperson_righthand":{"rotation":[35.0,-35.0,0.0],"translation":[1.5,-0.25,-1.5]},"thirdperson_lefthand":{"rotation":[35.0,-35.0,0.0],"translation":[1.5,-0.25,-1.5]},"firstperson_righthand":{"rotation":[0.0,0.0,7.0],"translation":[-8.25,1.5,-0.25]},"firstperson_lefthand":{"rotation":[0.0,0.0,7.0],"translation":[-8.25,1.5,-0.25]},"ground":{"rotation":[45.0,0.0,0.0],"translation":[0.0,5.0,0.0],"scale":[0.7,0.7,0.7]},"gui":{"rotation":[0.0,180.0,-45.0],"translation":[0.25,-0.25,0.0],"scale":[0.8,0.8,0.8]},"fixed":{"translation":[0.0,-0.25,-2.0],"scale":[2.0,2.0,2.0]}},"elements":[{"from":[5.45546,4.81789,9.34454],"to":[6.65546,7.06789,10.54454],"rotation":{"origin":[8.0,8.0,8.0],"axis":"y","angle":45.0},"faces":{"north":{"uv":[7.33333,12.66667,8.0,14.33333],"texture":"#3"},"east":{"uv":[12.0,11.33333,12.66667,13.0],"texture":"#3"},"south":{"uv":[12.66667,0.0,13.33333,1.66667],"texture":"#3"},"west":{"uv":[6.66667,12.66667,7.33333,14.33333],"texture":"#3"},"up":{"uv":[10.0,7.33333,9.33333,6.66667],"texture":"#3","rotation":90}}},{"from":[5.45546,8.56789,9.34454],"to":[6.65546,11.31789,10.54454],"rotation":{"origin":[8.0,8.0,8.0],"axis":"y","angle":45.0},"faces":{"north":{"uv":[12.0,9.33333,12.66667,11.33333],"texture":"#3"},"east":{"uv":[8.66667,11.33333,9.33333,13.33333],"texture":"#3"},"south":{"uv":[5.33333,12.0,6.0,14.0],"texture":"#3"},"west":{"uv":[6.0,12.0,6.66667,14.0],"texture":"#3"},"down":{"uv":[10.66667,8.0,10.0,8.66667],"texture":"#3","rotation":270}}},{"from":[5.55546,7.06789,9.44454],"to":[6.55546,8.56789,10.44454],"rotation":{"origin":[8.0,8.0,8.0],"axis":"y","angle":45.0},"faces":{"north":{"uv":[2.0,14.66667,2.66667,15.66667],"texture":"#3"},"east":{"uv":[0.66667,14.66667,1.33333,15.66667],"texture":"#3"},"south":{"uv":[1.33333,14.66667,2.0,15.66667],"texture":"#3"},"west":{"uv":[14.66667,1.33333,15.33333,2.33333],"texture":"#3"}}},{"from":[5.30546,6.11789,9.19454],"to":[6.80546,6.61789,10.69454],"rotation":{"origin":[8.0,8.0,8.0],"axis":"y","angle":45.0},"faces":{"north":{"uv":[14.66667,3.33333,15.66667,3.66667],"texture":"#3"},"east":{"uv":[13.33333,1.33333,14.33333,1.66667],"texture":"#3"},"south":{"uv":[2.66667,14.66667,3.66667,15.0],"texture":"#3"},"west":{"uv":[14.66667,2.66667,15.66667,3.0],"texture":"#3"},"up":{"uv":[10.33333,13.66667,9.33333,12.66667],"texture":"#3","rotation":90},"down":{"uv":[13.66667,11.33333,12.66667,12.33333],"texture":"#3","rotation":270}}},{"from":[5.30546,9.01789,9.19454],"to":[6.80546,9.51789,10.69454],"rotation":{"origin":[8.0,8.0,8.0],"axis":"y","angle":45.0},"faces":{"north":{"uv":[6.66667,14.66667,7.66667,15.0],"texture":"#3"},"east":{"uv":[4.0,14.66667,5.0,15.0],"texture":"#3"},"south":{"uv":[14.66667,5.33333,15.66667,5.66667],"texture":"#3"},"west":{"uv":[14.66667,6.0,15.66667,6.33333],"texture":"#3"},"up":{"uv":[13.66667,13.66667,12.66667,12.66667],"texture":"#3","rotation":90},"down":{"uv":[1.0,13.33333,0.0,14.33333],"texture":"#3","rotation":270}}},{"from":[5.30546,9.91789,9.19454],"to":[6.80546,10.41789,10.69454],"rotation":{"origin":[8.0,8.0,8.0],"axis":"y","angle":45.0},"faces":{"north":{"uv":[14.66667,8.0,15.66667,8.33333],"texture":"#3"},"east":{"uv":[14.66667,6.66667,15.66667,7.0],"texture":"#3"},"south":{"uv":[14.66667,7.33333,15.66667,7.66667],"texture":"#3"},"west":{"uv":[8.0,14.66667,9.0,15.0],"texture":"#3"},"up":{"uv":[14.33333,1.0,13.33333,0.0],"texture":"#3","rotation":90},"down":{"uv":[2.33333,13.33333,1.33333,14.33333],"texture":"#3","rotation":270}}},{"from":[11.53813,11.53814,5.6],"to":[13.03813,13.03814,7.9],"rotation":{"origin":[8.0,8.0,8.0],"axis":"z","angle":45.0},"faces":{"north":{"uv":[13.33333,2.66667,14.33333,3.66667],"texture":"#3"},"south":{"uv":[2.66667,13.33333,3.66667,14.33333],"texture":"#3"},"west":{"uv":[11.33333,2.66667,13.0,3.66667],"texture":"#3"},"down":{"uv":[8.33333,11.33333,6.66667,12.33333],"texture":"#3","rotation":270}}},{"from":[11.53814,13.03813,5.6],"to":[13.03814,14.53813,7.9],"rotation":{"origin":[8.0,8.0,8.0],"axis":"z","angle":45.0},"faces":{"north":{"uv":[13.33333,6.66667,14.33333,7.66667],"texture":"#3"},"east":{"uv":[11.33333,6.66667,13.0,7.66667],"texture":"#3"},"south":{"uv":[4.0,13.33333,5.0,14.33333],"texture":"#3"},"west":{"uv":[1.33333,12.0,3.0,13.0],"texture":"#3"},"up":{"uv":[5.0,13.0,3.33333,12.0],"texture":"#3","rotation":90}}},{"from":[13.03814,11.53814,5.6],"to":[14.53814,13.03814,7.9],"rotation":{"origin":[8.0,8.0,8.0],"axis":"z","angle":45.0},"faces":{"north":{"uv":[14.0,4.0,15.0,5.0],"texture":"#3"},"east":{"uv":[12.0,4.0,13.66667,5.0],"texture":"#3"},"south":{"uv":[8.0,13.33333,9.0,14.33333],"texture":"#3"},"up":{"uv":[13.66667,6.33333,12.0,5.33333],"texture":"#3","rotation":90},"down":{"uv":[13.66667,8.0,12.0,9.0],"texture":"#3","rotation":270}}},{"from":[9.44116,4.72884,9.835],"to":[11.27116,6.55884,11.665],"rotation":{"origin":[8.0,8.0,8.0],"axis":"z","angle":-45.0},"faces":{"north":{"uv":[9.33333,4.0,10.66667,5.33333],"texture":"#3"},"east":{"uv":[6.66667,8.66667,8.0,10.0],"texture":"#3"},"south":{"uv":[8.66667,7.33333,10.0,8.66667],"texture":"#3"},"west":{"uv":[8.0,8.66667,9.33333,10.0],"texture":"#3"},"up":{"uv":[10.66667,6.66667,9.33333,5.33333],"texture":"#3","rotation":90},"down":{"uv":[10.66667,8.66667,9.33333,10.0],"texture":"#3","rotation":270}}},{"from":[4.49141,9.67859,9.835],"to":[6.32141,11.50859,11.665],"rotation":{"origin":[8.0,8.0,8.0],"axis":"z","angle":-45.0},"faces":{"north":{"uv":[6.66667,10.0,8.0,11.33333],"texture":"#3"},"east":{"uv":[10.0,0.0,11.33333,1.33333],"texture":"#3"},"south":{"uv":[10.0,1.33333,11.33333,2.66667],"texture":"#3"},"west":{"uv":[10.0,2.66667,11.33333,4.0],"texture":"#3"},"up":{"uv":[11.33333,8.0,10.0,6.66667],"texture":"#3","rotation":90},"down":{"uv":[9.33333,10.0,8.0,11.33333],"texture":"#3","rotation":270}}},{"from":[3.75,3.16789,5.25],"to":[11.75,11.16789,5.25],"rotation":{"origin":[8.0,8.0,8.0],"axis":"y","angle":0.0},"faces":{"north":{"uv":[0.0,0.0,16.0,16.0],"texture":"#1"}}},{"from":[2.34055,9.65945,6.25],"to":[6.34055,13.65945,7.25],"rotation":{"origin":[8.0,8.0,8.0],"axis":"z","angle":-45.0},"faces":{"north":{"uv":[4.66667,6.0,7.33333,8.66667],"texture":"#3"},"east":{"uv":[9.33333,10.0,10.0,12.66667],"texture":"#3"},"south":{"uv":[4.66667,3.33333,7.33333,6.0],"texture":"#3"},"west":{"uv":[10.0,10.0,10.66667,12.66667],"texture":"#3"},"up":{"uv":[0.66667,13.33333,0.0,10.66667],"texture":"#3","rotation":90},"down":{"uv":[1.33333,10.66667,0.66667,13.33333],"texture":"#3","rotation":270}}},{"from":[9.20971,4.79029,6.25],"to":[11.20971,6.79029,7.25],"rotation":{"origin":[8.0,8.0,8.0],"axis":"z","angle":-45.0},"faces":{"north":{"uv":[2.66667,10.66667,4.0,12.0],"texture":"#3"},"east":{"uv":[4.0,7.33333,4.66667,8.66667],"texture":"#3"},"south":{"uv":[1.33333,10.66667,2.66667,12.0],"texture":"#3"},"west":{"uv":[12.0,13.33333,12.66667,14.66667],"texture":"#3"},"down":{"uv":[6.0,14.0,5.33333,15.33333],"texture":"#3","rotation":270}}},{"from":[12.03814,1.96186,6.25],"to":[14.03814,3.96186,7.25],"rotation":{"origin":[8.0,8.0,8.0],"axis":"z","angle":-45.0},"faces":{"north":{"uv":[10.66667,8.0,12.0,9.33333],"texture":"#3"},"east":{"uv":[10.66667,14.0,11.33333,15.33333],"texture":"#3"},"south":{"uv":[10.66667,5.33333,12.0,6.66667],"texture":"#3"},"west":{"uv":[11.33333,14.0,12.0,15.33333],"texture":"#3"},"down":{"uv":[14.66667,11.33333,14.0,12.66667],"texture":"#3","rotation":270}}},{"from":[12.03814,3.96186,6.25],"to":[14.03814,5.96186,7.25],"rotation":{"origin":[8.0,8.0,8.0],"axis":"z","angle":-45.0},"faces":{"north":{"uv":[10.66667,10.66667,12.0,12.0],"texture":"#3"},"east":{"uv":[12.66667,14.0,13.33333,15.33333],"texture":"#3"},"south":{"uv":[10.66667,9.33333,12.0,10.66667],"texture":"#3"},"west":{"uv":[14.0,12.66667,14.66667,14.0],"texture":"#3"},"up":{"uv":[14.0,15.33333,13.33333,14.0],"texture":"#3","rotation":90}}},{"from":[1.96186,3.96186,6.25],"to":[3.96186,5.96186,7.25],"rotation":{"origin":[8.0,8.0,8.0],"axis":"z","angle":45.0},"faces":{"north":{"uv":[11.33333,1.33333,12.66667,2.66667],"texture":"#3"},"east":{"uv":[14.0,14.0,14.66667,15.33333],"texture":"#3"},"south":{"uv":[11.33333,0.0,12.66667,1.33333],"texture":"#3"},"west":{"uv":[0.0,14.66667,0.66667,16.0],"texture":"#3"},"up":{"uv":[15.33333,1.33333,14.66667,0.0],"texture":"#3","rotation":90}}},{"from":[9.20971,6.79029,6.25],"to":[11.20971,11.79029,7.25],"rotation":{"origin":[8.0,8.0,8.0],"axis":"z","angle":-45.0},"faces":{"north":{"uv":[1.33333,7.33333,2.66667,10.66667],"texture":"#3"},"east":{"uv":[8.66667,4.0,9.33333,7.33333],"texture":"#3"},"south":{"uv":[0.0,7.33333,1.33333,10.66667],"texture":"#3"},"up":{"uv":[14.66667,6.66667,14.0,5.33333],"texture":"#3","rotation":90}}},{"from":[7.20971,6.79029,6.25],"to":[9.20971,8.79029,7.25],"rotation":{"origin":[8.0,8.0,8.0],"axis":"z","angle":-45.0},"faces":{"north":{"uv":[10.66667,4.0,12.0,5.33333],"texture":"#3"},"south":{"uv":[4.0,10.66667,5.33333,12.0],"texture":"#3"},"west":{"uv":[14.0,8.0,14.66667,9.33333],"texture":"#3"}}},{"from":[6.79029,8.79029,6.25],"to":[8.79029,11.79029,7.25],"rotation":{"origin":[8.0,8.0,8.0],"axis":"z","angle":45.0},"faces":{"north":{"uv":[8.66667,0.0,10.0,2.0],"texture":"#3"},"east":{"uv":[10.66667,12.0,11.33333,14.0],"texture":"#3"},"south":{"uv":[7.33333,6.66667,8.66667,8.66667],"texture":"#3"},"up":{"uv":[10.0,15.33333,9.33333,14.0],"texture":"#3","rotation":90}}},{"from":[7.20971,8.79029,6.25],"to":[9.20971,11.79029,7.25],"rotation":{"origin":[8.0,8.0,8.0],"axis":"z","angle":-45.0},"faces":{"north":{"uv":[4.0,8.66667,5.33333,10.66667],"texture":"#3"},"south":{"uv":[8.66667,2.0,10.0,4.0],"texture":"#3"},"west":{"uv":[11.33333,12.0,12.0,14.0],"texture":"#3"},"up":{"uv":[10.66667,15.33333,10.0,14.0],"texture":"#3","rotation":90}}},{"from":[4.79029,6.79029,6.25],"to":[6.79029,11.79029,7.25],"rotation":{"origin":[8.0,8.0,8.0],"axis":"z","angle":45.0},"faces":{"north":{"uv":[7.33333,3.33333,8.66667,6.66667],"texture":"#3"},"east":{"uv":[5.33333,8.66667,6.0,12.0],"texture":"#3"},"south":{"uv":[2.66667,7.33333,4.0,10.66667],"texture":"#3"},"west":{"uv":[6.0,8.66667,6.66667,12.0],"texture":"#3"},"up":{"uv":[6.66667,15.33333,6.0,14.0],"texture":"#3","rotation":90}}},{"from":[11.37917,4.71096,6.735],"to":[17.37917,9.71096,6.765],"rotation":{"origin":[8.0,8.0,8.0],"axis":"z","angle":22.5},"faces":{"north":{"uv":[4.66667,0.0,8.66667,3.33333],"texture":"#3"},"south":{"uv":[8.66667,0.0,4.66667,3.33333],"texture":"#3"}}},{"from":[-1.37917,4.71096,6.735],"to":[4.62083,9.71096,6.765],"rotation":{"origin":[8.0,8.0,8.0],"axis":"z","angle":-22.5},"faces":{"north":{"uv":[8.66667,0.0,4.66667,3.33333],"texture":"#3"},"south":{"uv":[4.66667,0.0,8.66667,3.33333],"texture":"#3"}}},{"from":[4.90641,10.09359,7.185],"to":[5.90641,11.09359,9.835],"rotation":{"origin":[8.0,8.0,8.0],"axis":"z","angle":-45.0},"faces":{"east":{"uv":[12.66667,2.0,14.33333,2.66667],"texture":"#3"},"west":{"uv":[12.66667,9.33333,14.33333,10.0],"texture":"#3"},"up":{"uv":[14.33333,10.66667,12.66667,10.0],"texture":"#3","rotation":90},"down":{"uv":[14.33333,10.66667,12.66667,11.33333],"texture":"#3","rotation":270}}},{"from":[9.85616,5.14384,7.185],"to":[10.85616,6.14384,9.835],"rotation":{"origin":[8.0,8.0,8.0],"axis":"z","angle":-45.0},"faces":{"east":{"uv":[12.66667,2.0,14.33333,2.66667],"texture":"#3"},"west":{"uv":[12.66667,9.33333,14.33333,10.0],"texture":"#3"},"up":{"uv":[14.33333,10.66667,12.66667,10.0],"texture":"#3","rotation":90},"down":{"uv":[14.33333,10.66667,12.66667,11.33333],"texture":"#3","rotation":270}}},{"from":[4.5,-3.33211,6.735],"to":[11.5,7.16789,6.765],"rotation":{"origin":[8.0,8.0,8.0],"axis":"y","angle":0.0},"faces":{"north":{"uv":[0.0,0.0,4.66667,7.0],"texture":"#3"},"south":{"uv":[4.66667,0.0,0.0,7.0],"texture":"#3"}}}],"textures":{"1":"20b838f5-4cd6-46c4-b9a7-39f7d2c87e5a","3":"8ee6b485-8df9-479a-a9e9-c6ed94350dc3"},"gui_light":"front"}