{"display":{"gui":{"translation":[0.0,-1.0,0.0]},"fixed":{"rotation":[-90.0,0.0,0.0],"translation":[0.0,0.0,-16.0],"scale":[2.0,2.0,2.0]}},"elements":[{"from":[5.75,0.0,8.0],"to":[10.25,4.5,8.0],"rotation":{"origin":[3.5,0.0,3.5],"axis":"x","angle":0.0},"faces":{"north":{"uv":[0.0,11.0,3.0,14.0],"texture":"#2"},"east":{"uv":[0.0,0.0,0.0,3.0],"texture":"#2"},"south":{"uv":[0.0,11.0,3.0,14.0],"texture":"#2"},"west":{"uv":[0.0,0.0,0.0,3.0],"texture":"#2"},"up":{"uv":[0.0,0.0,0.0,3.0],"texture":"#2","rotation":90},"down":{"uv":[0.0,0.0,0.0,3.0],"texture":"#2","rotation":270}}},{"from":[8.0,0.0,5.75],"to":[8.0,4.5,10.25],"rotation":{"origin":[3.5,0.0,3.5],"axis":"y","angle":0.0},"faces":{"north":{"uv":[0.0,0.0,0.0,3.0],"texture":"#2"},"east":{"uv":[0.0,11.0,3.0,14.0],"texture":"#2"},"south":{"uv":[0.0,0.0,0.0,3.0],"texture":"#2"},"west":{"uv":[0.0,11.0,3.0,14.0],"texture":"#2"},"up":{"uv":[0.0,0.0,0.0,3.0],"texture":"#2"},"down":{"uv":[0.0,0.0,0.0,3.0],"texture":"#2"}}}],"textures":{"particle":"7594be7d-cf8f-4337-90b7-0979c031cb2e","2":"7594be7d-cf8f-4337-90b7-0979c031cb2e"},"gui_light":"front"}