{"display":{"thirdperson_righthand":{"rotation":[-30.5,0.0,0.0],"translation":[0.0,5.75,2.0],"scale":[0.76,0.76,0.76]},"thirdperson_lefthand":{"rotation":[-30.5,0.0,0.0],"translation":[0.0,5.75,2.0],"scale":[0.76,0.76,0.76]},"firstperson_righthand":{"rotation":[-38.5,0.0,0.0],"translation":[0.75,6.0,-0.75],"scale":[0.47,0.47,0.47]},"firstperson_lefthand":{"rotation":[-38.5,0.0,0.0],"translation":[0.75,6.0,-0.75],"scale":[0.47,0.47,0.47]},"ground":{"rotation":[45.0,-180.0,0.0],"translation":[0.0,3.0,0.0],"scale":[0.35,0.35,0.35]},"gui":{"rotation":[128.29,41.4,-105.89],"translation":[0.25,0.25,0.0],"scale":[0.44,0.44,0.44]},"head":{"scale":[0.01,0.01,0.01]},"fixed":{"rotation":[0.0,-90.0,0.0],"translation":[0.0,-1.25,-2.25],"scale":[0.68,0.68,0.68]}},"elements":[{"from":[-1.36746,8.89575,7.10866],"to":[1.43254,13.0,9.50866],"rotation":{"origin":[-0.36746,10.89575,8.10866],"axis":"z","angle":22.5},"faces":{"north":{"uv":[12.0,13.0,12.75,14.0],"texture":"#1"},"east":{"uv":[5.25,12.5,5.75,13.5],"texture":"#1"},"south":{"uv":[13.0,12.0,13.75,13.0],"texture":"#1"},"west":{"uv":[14.25,3.0,14.75,4.0],"texture":"#1"},"up":{"uv":[0.75,15.25,0.0,14.75],"texture":"#1"},"down":{"uv":[15.5,0.0,14.75,0.5],"texture":"#1"}}},{"from":[0.01761,8.01537,6.60866],"to":[2.91761,11.81537,10.00866],"rotation":{"origin":[0.91761,9.51537,8.10866],"axis":"z","angle":-22.5},"faces":{"north":{"uv":[13.0,4.5,13.75,5.5],"texture":"#1"},"east":{"uv":[13.0,5.5,13.75,6.5],"texture":"#1"},"south":{"uv":[10.0,13.0,10.75,14.0],"texture":"#1"},"west":{"uv":[10.75,13.0,11.5,14.0],"texture":"#1"},"up":{"uv":[4.0,14.75,3.25,14.0],"texture":"#1"},"down":{"uv":[14.75,6.25,14.0,7.0],"texture":"#1"}}},{"from":[0.88658,3.9209,7.0],"to":[0.88658,4.9209,8.1],"rotation":{"origin":[-0.91342,1.0709,9.6],"axis":"z","angle":-22.5},"faces":{"north":{"uv":[0.0,0.0,0.0,16.0],"texture":"#1"},"east":{"uv":[10.25,7.0,10.5,7.25],"texture":"#1"},"south":{"uv":[0.0,0.0,0.0,16.0],"texture":"#1"},"west":{"uv":[2.5,12.25,2.75,12.5],"texture":"#1"},"up":{"uv":[0.0,16.0,0.0,0.0],"texture":"#1"},"down":{"uv":[0.0,0.0,0.0,16.0],"texture":"#1"}}},{"from":[1.08658,3.3209,7.4],"to":[2.58658,4.3209,9.4],"rotation":{"origin":[-0.91342,1.0709,6.4],"axis":"z","angle":-22.5},"faces":{"north":{"uv":[12.25,8.0,12.75,8.25],"texture":"#1"},"east":{"uv":[12.5,6.0,13.0,6.25],"texture":"#1"},"south":{"uv":[12.75,8.0,13.25,8.25],"texture":"#1"},"west":{"uv":[14.0,0.75,14.5,1.0],"texture":"#1"},"up":{"uv":[6.75,15.25,6.25,14.75],"texture":"#1"},"down":{"uv":[15.25,6.5,14.75,7.0],"texture":"#1"}}},{"from":[2.0,6.1903,7.3],"to":[6.0,10.1903,12.05],"rotation":{"origin":[8.0,5.6903,7.3],"axis":"x","angle":-22.5},"faces":{"north":{"uv":[12.25,0.0,13.25,1.0],"texture":"#1"},"east":{"uv":[10.5,8.75,11.75,9.75],"texture":"#1"},"south":{"uv":[1.5,12.25,2.5,13.25],"texture":"#1"},"west":{"uv":[10.25,11.0,11.5,12.0],"texture":"#1"},"up":{"uv":[4.5,3.5,3.5,2.25],"texture":"#1"},"down":{"uv":[9.75,7.25,8.75,8.5],"texture":"#1"}}},{"from":[2.8,-2.4,7.7],"to":[2.8,4.1,10.9],"rotation":{"origin":[2.8,0.85,9.3],"axis":"x","angle":-22.5},"faces":{"north":{"uv":[0.0,0.0,0.0,1.75],"texture":"#1"},"east":{"uv":[10.5,7.0,11.25,8.75],"texture":"#1"},"south":{"uv":[0.0,0.0,0.0,1.75],"texture":"#1"},"west":{"uv":[8.0,11.0,8.75,12.75],"texture":"#1"},"up":{"uv":[0.0,0.75,0.0,0.0],"texture":"#1"},"down":{"uv":[0.0,0.0,0.0,0.75],"texture":"#1"}}},{"from":[3.0,3.9403,6.4],"to":[4.5,8.9403,9.4],"rotation":{"origin":[1.0,5.6903,6.4],"axis":"z","angle":-22.5},"faces":{"north":{"uv":[13.75,2.5,14.25,3.75],"texture":"#1"},"east":{"uv":[0.0,13.0,0.75,14.25],"texture":"#1"},"south":{"uv":[2.75,13.75,3.25,15.0],"texture":"#1"},"west":{"uv":[0.75,13.0,1.5,14.25],"texture":"#1"},"up":{"uv":[4.5,15.25,4.0,14.5],"texture":"#1"},"down":{"uv":[5.0,14.5,4.5,15.25],"texture":"#1"}}},{"from":[3.25,2.79539,2.28046],"to":[6.0,6.54539,17.28046],"rotation":{"origin":[4.0,5.54539,3.03046],"axis":"x","angle":-22.5},"faces":{"north":{"uv":[5.75,0.25,6.4375,1.1875],"texture":"#0"},"east":{"uv":[6.0625,2.0625,6.75,5.8125],"texture":"#0"},"south":{"uv":[6.0625,2.0625,6.75,5.8125],"texture":"#0"},"west":{"uv":[6.8125,0.25,10.5625,1.1875],"texture":"#0"},"up":{"uv":[6.0625,2.0625,6.75,5.8125],"texture":"#0"},"down":{"uv":[6.0625,2.0625,6.75,5.8125],"texture":"#0"}}},{"from":[3.5,1.6903,2.8],"to":[12.5,5.1903,11.8],"rotation":{"origin":[8.0,5.6903,7.3],"axis":"x","angle":-22.5},"faces":{"north":{"uv":[10.0,0.0,12.25,1.0],"texture":"#1"},"east":{"uv":[10.25,1.0,12.5,2.0],"texture":"#1"},"south":{"uv":[10.25,2.0,12.5,3.0],"texture":"#1"},"west":{"uv":[10.25,3.0,12.5,4.0],"texture":"#1"},"up":{"uv":[4.5,5.75,2.25,3.5],"texture":"#1"},"down":{"uv":[6.75,2.25,4.5,4.5],"texture":"#1"}}},{"from":[4.0,2.1903,3.3],"to":[12.0,9.1903,11.3],"rotation":{"origin":[8.0,5.6903,7.3],"axis":"x","angle":-22.5},"faces":{"north":{"uv":[8.0,0.0,10.0,1.75],"texture":"#1"},"east":{"uv":[0.0,8.25,2.0,10.0],"texture":"#1"},"south":{"uv":[5.75,8.5,7.75,10.25],"texture":"#1"},"west":{"uv":[7.75,8.5,9.75,10.25],"texture":"#1"},"up":{"uv":[8.75,4.0,6.75,2.0],"texture":"#1"},"down":{"uv":[4.0,7.75,2.0,9.75],"texture":"#1"}}},{"from":[4.9,1.76642,1.18268],"to":[11.1,5.11642,3.43268],"rotation":{"origin":[8.0,4.76642,7.68268],"axis":"x","angle":-22.5},"faces":{"north":{"uv":[11.75,9.0,13.25,9.75],"texture":"#1"},"east":{"uv":[3.25,14.75,3.75,15.5],"texture":"#1"},"south":{"uv":[12.0,9.75,13.5,10.5],"texture":"#1"},"west":{"uv":[14.75,3.75,15.25,4.5],"texture":"#1"},"up":{"uv":[15.0,1.5,13.5,1.0],"texture":"#1"},"down":{"uv":[15.0,1.5,13.5,2.0],"texture":"#1"}}},{"from":[4.9,7.67715,3.53306],"to":[11.1,10.67715,11.08306],"rotation":{"origin":[8.0,10.44001,5.8],"axis":"x","angle":22.5},"faces":{"north":{"uv":[12.0,10.5,13.5,11.25],"texture":"#1"},"east":{"uv":[8.0,10.25,10.0,11.0],"texture":"#1"},"south":{"uv":[12.0,11.25,13.5,12.0],"texture":"#1"},"west":{"uv":[10.0,10.25,12.0,11.0],"texture":"#1"},"up":{"uv":[10.25,3.75,8.75,1.75],"texture":"#1"},"down":{"uv":[10.25,3.75,8.75,5.75],"texture":"#1"}}},{"from":[5.0,2.26642,1.68268],"to":[11.0,5.36642,3.68268],"rotation":{"origin":[8.0,4.76642,7.68268],"axis":"x","angle":-22.5},"faces":{"north":{"uv":[11.5,6.25,13.0,7.0],"texture":"#1"},"east":{"uv":[1.5,14.75,2.0,15.5],"texture":"#1"},"south":{"uv":[11.75,8.25,13.25,9.0],"texture":"#1"},"west":{"uv":[14.75,3.0,15.25,3.75],"texture":"#1"},"up":{"uv":[8.25,4.5,6.75,4.0],"texture":"#1"},"down":{"uv":[12.0,9.75,10.5,10.25],"texture":"#1"}}},{"from":[5.9,-1.4977,3.22112],"to":[10.1,5.0523,6.22112],"rotation":{"origin":[8.0,-3.4977,3.72112],"axis":"x","angle":45.0},"faces":{"north":{"uv":[10.25,4.0,11.25,5.75],"texture":"#1"},"east":{"uv":[8.75,11.0,9.5,12.75],"texture":"#1"},"south":{"uv":[5.75,10.25,6.75,12.0],"texture":"#1"},"west":{"uv":[9.5,11.0,10.25,12.75],"texture":"#1"},"up":{"uv":[6.25,14.25,5.25,13.5],"texture":"#1"},"down":{"uv":[14.5,9.5,13.5,10.25],"texture":"#1"}}},{"from":[6.0,1.0,6.0],"to":[10.0,3.0,10.0],"faces":{"north":{"uv":[13.75,12.5,14.75,13.0],"texture":"#1"},"east":{"uv":[0.0,14.25,1.0,14.75],"texture":"#1"},"south":{"uv":[1.0,14.25,2.0,14.75],"texture":"#1"},"west":{"uv":[14.25,2.5,15.25,3.0],"texture":"#1"},"up":{"uv":[11.25,13.0,10.25,12.0],"texture":"#1"},"down":{"uv":[13.0,12.0,12.0,13.0],"texture":"#1"}}},{"from":[6.3,7.96306,5.2],"to":[9.7,9.96306,10.8],"faces":{"north":{"uv":[14.75,4.5,15.5,5.0],"texture":"#1"},"east":{"uv":[13.5,10.25,15.0,10.75],"texture":"#1"},"south":{"uv":[14.75,5.0,15.5,5.5],"texture":"#1"},"west":{"uv":[13.5,10.75,15.0,11.25],"texture":"#1"},"up":{"uv":[6.5,8.5,5.75,7.0],"texture":"#1"},"down":{"uv":[6.5,12.0,5.75,13.5],"texture":"#1"}}},{"from":[6.5,-16.0,6.5],"to":[9.5,-11.0,9.5],"faces":{"north":{"uv":[3.25,12.75,4.0,14.0],"texture":"#1"},"east":{"uv":[7.75,12.75,8.5,14.0],"texture":"#1"},"south":{"uv":[8.5,12.75,9.25,14.0],"texture":"#1"},"west":{"uv":[9.25,12.75,10.0,14.0],"texture":"#1"},"up":{"uv":[14.5,12.5,13.75,11.75],"texture":"#1"},"down":{"uv":[14.75,0.0,14.0,0.75],"texture":"#1"}}},{"from":[6.5,-5.20711,4.9],"to":[9.5,-2.20711,6.15],"faces":{"north":{"uv":[7.5,14.0,8.25,14.75],"texture":"#1"},"east":{"uv":[10.0,1.0,10.25,1.75],"texture":"#1"},"south":{"uv":[14.0,7.75,14.75,8.5],"texture":"#1"},"west":{"uv":[11.25,5.0,11.5,5.75],"texture":"#1"},"up":{"uv":[6.5,2.25,5.75,2.0],"texture":"#1"},"down":{"uv":[8.75,1.75,8.0,2.0],"texture":"#1"}}},{"from":[6.5,9.0,-1.0],"to":[6.5,19.0,7.0],"faces":{"north":{"uv":[0.0,0.0,0.0,2.5],"texture":"#1"},"east":{"uv":[4.5,4.5,6.5,7.0],"texture":"#1"},"south":{"uv":[0.0,0.0,0.0,2.5],"texture":"#1"},"west":{"uv":[0.0,5.75,2.0,8.25],"texture":"#1"},"up":{"uv":[0.0,2.0,0.0,0.0],"texture":"#1"},"down":{"uv":[0.0,0.0,0.0,2.0],"texture":"#1"}}},{"from":[6.7,9.96306,5.6],"to":[9.3,22.0,8.4],"faces":{"north":{"uv":[3.5,9.75,4.25,12.75],"texture":"#1"},"east":{"uv":[9.75,7.25,10.5,10.25],"texture":"#1"},"south":{"uv":[0.0,10.0,0.75,13.0],"texture":"#1"},"west":{"uv":[0.75,10.0,1.5,13.0],"texture":"#1"},"up":{"uv":[9.0,14.75,8.25,14.0],"texture":"#1"},"down":{"uv":[14.75,8.5,14.0,9.25],"texture":"#1"}}},{"from":[6.95,21.96306,5.85],"to":[9.05,32.0,8.15],"faces":{"north":{"uv":[2.75,11.25,3.25,13.75],"texture":"#1"},"east":{"uv":[6.75,11.5,7.25,14.0],"texture":"#1"},"south":{"uv":[7.25,11.5,7.75,14.0],"texture":"#1"},"west":{"uv":[11.5,11.0,12.0,13.5],"texture":"#1"},"up":{"uv":[8.75,15.25,8.25,14.75],"texture":"#1"},"down":{"uv":[15.25,8.5,14.75,9.0],"texture":"#1"}}},{"from":[7.0,-11.0,7.0],"to":[9.0,-8.0,9.0],"faces":{"north":{"uv":[5.25,14.25,5.75,15.0],"texture":"#1"},"east":{"uv":[5.75,14.25,6.25,15.0],"texture":"#1"},"south":{"uv":[14.25,14.0,14.75,14.75],"texture":"#1"},"west":{"uv":[2.0,14.5,2.5,15.25],"texture":"#1"},"up":{"uv":[15.25,6.0,14.75,5.5],"texture":"#1"},"down":{"uv":[15.25,6.0,14.75,6.5],"texture":"#1"}}},{"from":[7.0,-4.70711,3.9],"to":[9.0,-2.70711,4.9],"faces":{"north":{"uv":[7.25,14.75,7.75,15.25],"texture":"#1"},"east":{"uv":[7.75,11.5,8.0,12.0],"texture":"#1"},"south":{"uv":[14.75,7.5,15.25,8.0],"texture":"#1"},"west":{"uv":[6.5,12.0,6.75,12.5],"texture":"#1"},"up":{"uv":[10.25,15.0,9.75,14.75],"texture":"#1"},"down":{"uv":[10.75,14.75,10.25,15.0],"texture":"#1"}}},{"from":[7.0,-4.0,7.0],"to":[9.0,1.0,9.0],"faces":{"north":{"uv":[1.5,10.0,2.0,11.25],"texture":"#1"},"east":{"uv":[2.25,13.25,2.75,14.5],"texture":"#1"},"south":{"uv":[6.25,13.5,6.75,14.75],"texture":"#1"},"west":{"uv":[11.5,13.5,12.0,14.75],"texture":"#1"},"up":{"uv":[8.75,4.5,8.25,4.0],"texture":"#1"},"down":{"uv":[11.75,8.25,11.25,8.75],"texture":"#1"}}},{"from":[7.0,8.23385,4.14001],"to":[9.0,16.33385,5.64001],"faces":{"north":{"uv":[12.5,2.0,13.0,4.0],"texture":"#1"},"east":{"uv":[12.5,4.0,13.0,6.0],"texture":"#1"},"south":{"uv":[4.25,12.5,4.75,14.5],"texture":"#1"},"west":{"uv":[4.75,12.5,5.25,14.5],"texture":"#1"},"up":{"uv":[9.25,15.25,8.75,14.75],"texture":"#1"},"down":{"uv":[9.75,14.75,9.25,15.25],"texture":"#1"}}},{"from":[7.275,-8.0,7.275],"to":[8.725,-4.0,8.725],"faces":{"north":{"uv":[4.25,5.75,4.5,6.75],"texture":"#1"},"east":{"uv":[4.0,7.75,4.25,8.75],"texture":"#1"},"south":{"uv":[4.0,8.75,4.25,9.75],"texture":"#1"},"west":{"uv":[3.25,11.25,3.5,12.25],"texture":"#1"},"up":{"uv":[6.75,2.25,6.5,2.0],"texture":"#1"},"down":{"uv":[4.5,6.75,4.25,7.0],"texture":"#1"}}},{"from":[8.0,-4.6,-1.8],"to":[8.0,1.4,4.2],"rotation":{"origin":[8.0,-1.6,1.2],"axis":"x","angle":45.0},"faces":{"north":{"uv":[0.0,0.0,0.0,1.5],"texture":"#1"},"east":{"uv":[8.75,5.75,10.25,7.25],"texture":"#1"},"south":{"uv":[0.0,0.0,0.0,1.5],"texture":"#1"},"west":{"uv":[2.0,9.75,3.5,11.25],"texture":"#1"},"up":{"uv":[0.0,1.5,0.0,0.0],"texture":"#1"},"down":{"uv":[0.0,0.0,0.0,1.5],"texture":"#1"}}},{"from":[8.0,17.0,8.0],"to":[8.0,31.0,15.0],"faces":{"north":{"uv":[0.0,0.0,0.0,3.5],"texture":"#1"},"east":{"uv":[0.0,0.0,1.75,3.5],"texture":"#1"},"south":{"uv":[0.0,0.0,0.0,3.5],"texture":"#1"},"west":{"uv":[1.75,0.0,3.5,3.5],"texture":"#1"},"up":{"uv":[0.0,1.75,0.0,0.0],"texture":"#1"},"down":{"uv":[0.0,0.0,0.0,1.75],"texture":"#1"}}},{"from":[9.2,-2.50711,4.825],"to":[6.8,-4.90711,3.425],"faces":{"north":{"uv":[7.75,14.75,8.25,15.25],"texture":"#1"},"east":{"uv":[7.75,12.0,8.0,12.5],"texture":"#1"},"south":{"uv":[14.75,8.0,15.25,8.5],"texture":"#1"},"west":{"uv":[11.25,12.0,11.5,12.5],"texture":"#1"},"up":{"uv":[11.25,15.0,10.75,14.75],"texture":"#1"},"down":{"uv":[11.75,14.75,11.25,15.0],"texture":"#1"}}},{"from":[10.0,2.79539,2.28046],"to":[12.75,6.54539,17.28046],"rotation":{"origin":[12.0,5.54539,3.03046],"axis":"x","angle":-22.5},"faces":{"north":{"uv":[6.4375,0.25,5.75,1.1875],"texture":"#0"},"east":{"uv":[10.5625,0.25,6.8125,1.1875],"texture":"#0"},"south":{"uv":[6.75,2.0625,6.0625,5.8125],"texture":"#0"},"west":{"uv":[6.75,2.0625,6.0625,5.8125],"texture":"#0"},"up":{"uv":[6.75,2.0625,6.0625,5.8125],"texture":"#0"},"down":{"uv":[6.75,2.0625,6.0625,5.8125],"texture":"#0"}}},{"from":[10.0,6.1903,7.3],"to":[14.0,10.1903,12.05],"rotation":{"origin":[8.0,5.6903,7.3],"axis":"x","angle":-22.5},"faces":{"north":{"uv":[12.25,7.0,13.25,8.0],"texture":"#1"},"east":{"uv":[1.5,11.25,2.75,12.25],"texture":"#1"},"south":{"uv":[12.5,1.0,13.5,2.0],"texture":"#1"},"west":{"uv":[11.25,4.0,12.5,5.0],"texture":"#1"},"up":{"uv":[12.25,8.25,11.25,7.0],"texture":"#1"},"down":{"uv":[12.5,5.0,11.5,6.25],"texture":"#1"}}},{"from":[11.5,3.9403,6.4],"to":[13.0,8.9403,9.4],"rotation":{"origin":[15.0,5.6903,6.4],"axis":"z","angle":22.5},"faces":{"north":{"uv":[13.75,3.75,14.25,5.0],"texture":"#1"},"east":{"uv":[13.0,2.0,13.75,3.25],"texture":"#1"},"south":{"uv":[13.75,5.0,14.25,6.25],"texture":"#1"},"west":{"uv":[13.0,3.25,13.75,4.5],"texture":"#1"},"up":{"uv":[15.0,10.0,14.5,9.25],"texture":"#1"},"down":{"uv":[15.0,11.75,14.5,12.5],"texture":"#1"}}},{"from":[12.708,9.3633,12.008],"to":[3.292,1.0173,2.592],"rotation":{"origin":[8.0,5.1903,7.3],"axis":"x","angle":-22.5},"faces":{"north":{"uv":[5.75,0.0,8.0,2.0],"texture":"#1"},"east":{"uv":[2.0,5.75,4.25,7.75],"texture":"#1"},"south":{"uv":[6.5,4.5,8.75,6.5],"texture":"#1"},"west":{"uv":[6.5,6.5,8.75,8.5],"texture":"#1"},"up":{"uv":[2.25,5.75,0.0,3.5],"texture":"#1"},"down":{"uv":[5.75,0.0,3.5,2.25],"texture":"#1"}}},{"from":[13.08239,8.01537,6.60866],"to":[15.98239,11.81537,10.00866],"rotation":{"origin":[15.08239,9.51537,8.10866],"axis":"z","angle":22.5},"faces":{"north":{"uv":[1.5,13.25,2.25,14.25],"texture":"#1"},"east":{"uv":[13.25,6.5,14.0,7.5],"texture":"#1"},"south":{"uv":[13.25,7.5,14.0,8.5],"texture":"#1"},"west":{"uv":[13.25,8.5,14.0,9.5],"texture":"#1"},"up":{"uv":[7.5,14.75,6.75,14.0],"texture":"#1"},"down":{"uv":[14.75,7.0,14.0,7.75],"texture":"#1"}}},{"from":[13.41342,3.3209,7.4],"to":[14.91342,4.3209,9.4],"rotation":{"origin":[16.91342,1.0709,6.4],"axis":"z","angle":22.5},"faces":{"north":{"uv":[14.0,9.25,14.5,9.5],"texture":"#1"},"east":{"uv":[14.25,6.0,14.75,6.25],"texture":"#1"},"south":{"uv":[14.5,10.0,15.0,10.25],"texture":"#1"},"west":{"uv":[14.75,9.0,15.25,9.25],"texture":"#1"},"up":{"uv":[7.25,15.25,6.75,14.75],"texture":"#1"},"down":{"uv":[15.25,7.0,14.75,7.5],"texture":"#1"}}},{"from":[14.56746,8.89575,7.10866],"to":[17.36746,13.0,9.50866],"rotation":{"origin":[16.36746,10.89575,8.10866],"axis":"z","angle":-22.5},"faces":{"north":{"uv":[12.75,13.0,13.5,14.0],"texture":"#1"},"east":{"uv":[14.25,4.0,14.75,5.0],"texture":"#1"},"south":{"uv":[13.25,0.0,14.0,1.0],"texture":"#1"},"west":{"uv":[14.25,5.0,14.75,6.0],"texture":"#1"},"up":{"uv":[15.5,1.0,14.75,0.5],"texture":"#1"},"down":{"uv":[1.5,14.75,0.75,15.25],"texture":"#1"}}}],"textures":{"0":"508e91ac-1cb5-4566-9a07-3c5406776e11","1":"4d1e0391-62a5-44fd-840b-526cdad183bd"},"gui_light":"front"}