{"display":{"fixed":{"rotation":[-90.0,0.0,0.0],"translation":[0.0,0.0,-16.0],"scale":[2.0,2.0,2.0]}},"elements":[{"from":[8.0,2.0,2.0],"to":[8.0,14.0,14.0],"rotation":{"origin":[0.0,0.0,0.0],"axis":"z","angle":-22.5},"faces":{"north":{"uv":[0.0,0.0,0.0,16.0],"texture":"#0"},"east":{"uv":[0.0,0.0,16.0,16.0],"texture":"#0"},"south":{"uv":[0.0,0.0,0.0,16.0],"texture":"#0"},"west":{"uv":[0.0,0.0,16.0,16.0],"texture":"#0"},"up":{"uv":[0.0,0.0,0.0,16.0],"texture":"#0","rotation":180},"down":{"uv":[0.0,0.0,0.0,16.0],"texture":"#0","rotation":180}}},{"from":[2.0,-4.0,7.0],"to":[14.0,8.0,7.0],"rotation":{"origin":[0.0,0.0,0.0],"axis":"x","angle":-22.5},"faces":{"north":{"uv":[0.0,0.0,16.0,16.0],"texture":"#0"},"east":{"uv":[0.0,0.0,0.0,16.0],"texture":"#0"},"south":{"uv":[0.0,0.0,16.0,16.0],"texture":"#0"},"west":{"uv":[0.0,0.0,0.0,16.0],"texture":"#0"},"up":{"uv":[0.0,0.0,0.0,16.0],"texture":"#0","rotation":90},"down":{"uv":[0.0,0.0,0.0,16.0],"texture":"#0","rotation":270}}},{"from":[2.0,2.0,8.0],"to":[14.0,14.0,8.0],"rotation":{"origin":[0.0,0.0,0.0],"axis":"x","angle":22.5},"faces":{"north":{"uv":[0.0,0.0,16.0,16.0],"texture":"#0"},"east":{"uv":[0.0,0.0,0.0,16.0],"texture":"#0"},"south":{"uv":[0.0,0.0,16.0,16.0],"texture":"#0"},"west":{"uv":[0.0,0.0,0.0,16.0],"texture":"#0"},"up":{"uv":[0.0,0.0,0.0,16.0],"texture":"#0","rotation":90},"down":{"uv":[0.0,0.0,0.0,16.0],"texture":"#0","rotation":270}}},{"from":[7.0,-4.0,2.0],"to":[7.0,8.0,14.0],"rotation":{"origin":[0.0,0.0,0.0],"axis":"z","angle":22.5},"faces":{"north":{"uv":[0.0,0.0,0.0,16.0],"texture":"#0"},"east":{"uv":[0.0,0.0,16.0,16.0],"texture":"#0"},"south":{"uv":[0.0,0.0,0.0,16.0],"texture":"#0"},"west":{"uv":[0.0,0.0,16.0,16.0],"texture":"#0"},"up":{"uv":[0.0,0.0,0.0,16.0],"texture":"#0","rotation":180},"down":{"uv":[0.0,0.0,0.0,16.0],"texture":"#0","rotation":180}}},{"from":[7.0,1.0,7.0],"to":[9.0,2.0,9.0],"faces":{"north":{"uv":[6.0,8.0,8.0,9.0],"texture":"#0"},"east":{"uv":[6.0,5.0,8.0,6.0],"texture":"#0"},"south":{"uv":[8.0,7.0,10.0,8.0],"texture":"#0"},"west":{"uv":[6.0,5.0,8.0,6.0],"texture":"#0"},"up":{"uv":[8.0,7.0,10.0,9.0],"texture":"#0"},"down":{"texture":"#0"}}}],"textures":{"particle":"eac4c75b-8741-45ca-b3cc-c9742347de41","0":"eac4c75b-8741-45ca-b3cc-c9742347de41"},"gui_light":"front"}