{"display":{"fixed":{"rotation":[-90.0,0.0,0.0],"translation":[0.0,0.0,-16.0],"scale":[2.0,2.0,2.0]}},"elements":[{"from":[7.0,0.0,7.0],"to":[9.0,16.0,9.0],"faces":{"north":{"uv":[5.0,0.0,7.0,16.0],"texture":"#0"},"east":{"uv":[10.0,0.0,12.0,16.0],"texture":"#0"},"south":{"uv":[11.0,0.0,13.0,16.0],"texture":"#0"},"west":{"uv":[6.0,0.0,8.0,16.0],"texture":"#0"},"up":{"uv":[0.0,0.0,2.0,2.0],"texture":"#0"},"down":{"uv":[0.0,0.0,2.0,2.0],"texture":"#0"}}},{"from":[3.0,-3.0,8.0],"to":[8.0,-1.0,10.0],"rotation":{"origin":[0.0,0.0,0.0],"axis":"z","angle":22.5},"faces":{"north":{"uv":[7.0,5.0,9.0,10.0],"texture":"#0","rotation":90},"east":{"uv":[0.0,0.0,2.0,2.0],"texture":"#0"},"south":{"uv":[8.0,10.0,10.0,15.0],"texture":"#0","rotation":90},"west":{"uv":[0.0,0.0,2.0,2.0],"texture":"#0"},"up":{"uv":[8.0,5.0,10.0,10.0],"texture":"#0","rotation":90},"down":{"uv":[0.0,0.0,5.0,2.0],"texture":"#0"}}},{"from":[4.0,0.0,8.0],"to":[9.0,1.0,10.0],"rotation":{"origin":[0.0,0.0,0.0],"axis":"y","angle":22.5},"faces":{"north":{"uv":[0.0,0.0,5.0,1.0],"texture":"#0"},"east":{"uv":[0.0,0.0,2.0,1.0],"texture":"#0"},"south":{"uv":[0.0,0.0,5.0,1.0],"texture":"#0"},"west":{"uv":[0.0,0.0,2.0,1.0],"texture":"#0"},"up":{"uv":[9.0,7.0,11.0,12.0],"texture":"#0","rotation":90},"down":{"uv":[0.0,0.0,5.0,2.0],"texture":"#0"}}},{"from":[8.0,3.0,7.0],"to":[10.0,5.0,12.0],"rotation":{"origin":[0.0,0.0,0.0],"axis":"x","angle":22.5},"faces":{"north":{"uv":[0.0,0.0,2.0,2.0],"texture":"#0"},"east":{"uv":[0.0,0.0,5.0,2.0],"texture":"#0"},"south":{"uv":[0.0,0.0,2.0,2.0],"texture":"#0"},"west":{"uv":[0.0,0.0,5.0,2.0],"texture":"#0"},"up":{"uv":[0.0,0.0,2.0,5.0],"texture":"#0"},"down":{"uv":[0.0,0.0,2.0,5.0],"texture":"#0"}}},{"from":[2.0,14.0,-3.0],"to":[12.0,24.0,7.0],"faces":{"north":{"uv":[0.33333,1.33333,3.66667,4.66667],"texture":"#1"},"east":{"uv":[0.0,0.0,3.33333,3.33333],"texture":"#1"},"south":{"uv":[0.0,0.0,3.33333,3.33333],"texture":"#1"},"west":{"uv":[1.33333,1.66667,4.66667,5.0],"texture":"#1","tintindex":0},"up":{"uv":[0.0,0.0,3.33333,3.33333],"texture":"#1"},"down":{"uv":[0.0,0.0,3.33333,3.33333],"texture":"#1"}}},{"from":[-4.0,16.0,3.0],"to":[8.0,28.0,15.0],"faces":{"north":{"uv":[0.0,0.0,4.0,4.0],"texture":"#1"},"east":{"uv":[0.0,0.0,4.0,4.0],"texture":"#1"},"south":{"uv":[1.0,0.66667,5.0,4.66667],"texture":"#1"},"west":{"uv":[1.33333,0.66667,5.33333,4.66667],"texture":"#1","tintindex":0},"up":{"uv":[1.0,0.66667,5.0,4.66667],"texture":"#1"},"down":{"uv":[0.0,0.0,4.0,4.0],"texture":"#1"}}},{"from":[5.0,19.0,0.0],"to":[17.0,31.0,12.0],"faces":{"north":{"uv":[0.0,0.0,4.0,4.0],"texture":"#1"},"east":{"uv":[1.0,1.0,5.0,5.0],"texture":"#1"},"south":{"uv":[1.0,0.66667,5.0,4.66667],"texture":"#1"},"west":{"uv":[0.0,0.0,4.0,4.0],"texture":"#1","tintindex":0},"up":{"uv":[1.33333,0.66667,5.33333,4.66667],"texture":"#1"},"down":{"uv":[0.0,0.0,4.0,4.0],"texture":"#1"}}},{"from":[5.0,13.0,8.0],"to":[15.0,23.0,18.0],"faces":{"north":{"uv":[0.0,0.0,3.33333,3.33333],"texture":"#1"},"east":{"uv":[1.33333,1.33333,4.66667,4.66667],"texture":"#1"},"south":{"uv":[1.33333,1.33333,4.66667,4.66667],"texture":"#1"},"west":{"uv":[0.0,0.0,3.33333,3.33333],"texture":"#1","tintindex":0},"up":{"uv":[0.0,0.0,3.33333,3.33333],"texture":"#1"},"down":{"uv":[0.0,0.0,3.33333,3.33333],"texture":"#1"}}},{"from":[-14.0,9.0,11.0],"to":[12.0,32.0,11.0],"rotation":{"origin":[0.0,0.0,0.0],"axis":"y","angle":45.0},"faces":{"north":{"uv":[0.0,8.66667,7.66667,16.0],"texture":"#1"},"east":{"uv":[0.0,0.0,0.0,6.0],"texture":"#1"},"south":{"uv":[0.0,8.33333,8.66667,16.0],"texture":"#1"},"west":{"uv":[0.0,0.0,0.0,6.0],"texture":"#1"},"up":{"uv":[0.0,0.0,6.0,0.0],"texture":"#1"},"down":{"uv":[0.0,0.0,6.0,0.0],"texture":"#1"}}},{"from":[0.0,9.0,-2.0],"to":[0.0,32.0,24.0],"rotation":{"origin":[0.0,0.0,0.0],"axis":"y","angle":45.0},"faces":{"north":{"uv":[0.0,0.0,0.0,6.0],"texture":"#1"},"east":{"uv":[0.0,6.66667,9.33333,16.0],"texture":"#1"},"south":{"uv":[0.0,0.0,0.0,6.0],"texture":"#1"},"west":{"uv":[0.0,8.66667,7.66667,16.0],"texture":"#1"},"up":{"uv":[0.0,0.0,6.0,0.0],"texture":"#1","rotation":270},"down":{"uv":[0.0,0.0,6.0,0.0],"texture":"#1","rotation":90}}},{"from":[11.0,9.0,-10.0],"to":[11.0,32.0,16.0],"rotation":{"origin":[0.0,9.0,8.0],"axis":"x","angle":22.5},"faces":{"north":{"uv":[0.0,0.0,0.0,6.0],"texture":"#1"},"east":{"uv":[8.66667,16.0,0.0,8.33333],"texture":"#1"},"south":{"uv":[0.0,0.0,0.0,6.0],"texture":"#1"},"west":{"uv":[7.66667,8.66667,0.0,16.0],"texture":"#1"},"up":{"uv":[0.0,0.0,6.0,0.0],"texture":"#1","rotation":270},"down":{"uv":[0.0,0.0,6.0,0.0],"texture":"#1","rotation":90}}},{"from":[6.0,0.0,6.0],"to":[31.0,23.0,6.0],"rotation":{"origin":[0.0,4.0,0.0],"axis":"z","angle":45.0},"faces":{"north":{"uv":[0.0,8.33333,8.33333,16.0],"texture":"#1"},"east":{"uv":[0.0,0.0,0.0,6.0],"texture":"#1"},"south":{"uv":[0.0,8.33333,7.66667,16.0],"texture":"#1"},"west":{"uv":[0.0,0.0,0.0,6.0],"texture":"#1"},"up":{"uv":[0.0,0.0,6.0,0.0],"texture":"#1"},"down":{"uv":[0.0,0.0,6.0,0.0],"texture":"#1"}}}],"textures":{"particle":"block/oak_log","0":"block/oak_log","1":"3184f277-dded-4783-9378-fcd955d94045"},"gui_light":"front"}