{"display":{"thirdperson_righthand":{"rotation":[29.0,-45.0,0.0],"translation":[2.25,-2.25,-1.5]},"thirdperson_lefthand":{"rotation":[29.0,-45.0,0.0],"translation":[2.25,-2.25,-1.5]},"firstperson_righthand":{"rotation":[0.0,0.0,5.0],"translation":[-8.5,1.0,2.5]},"firstperson_lefthand":{"rotation":[0.0,0.0,5.0],"translation":[-8.5,1.0,2.5]},"ground":{"rotation":[45.0,0.0,0.0],"translation":[0.0,6.25,0.0]},"gui":{"rotation":[0.0,180.0,-45.0],"translation":[1.5,-1.5,0.0],"scale":[0.79883,0.79883,0.79883]},"fixed":{"translation":[0.0,-2.75,-1.5],"scale":[2.5,2.5,2.5]}},"elements":[{"from":[7.5,6.60754,9.875],"to":[8.5,7.60754,10.875],"rotation":{"origin":[8.0,8.0,8.0],"axis":"y","angle":0.0},"faces":{"north":{"uv":[14.33333,3.66667,15.0,4.33333],"texture":"#4"},"east":{"uv":[9.33333,10.0,10.0,10.66667],"texture":"#4"},"south":{"uv":[13.66667,3.66667,14.33333,4.33333],"texture":"#4"},"west":{"uv":[10.66667,0.0,11.33333,0.66667],"texture":"#4"},"up":{"uv":[11.33333,1.33333,10.66667,0.66667],"texture":"#4","rotation":90}}},{"from":[7.5,10.60754,9.875],"to":[8.5,11.60754,10.875],"rotation":{"origin":[8.0,8.0,8.0],"axis":"y","angle":0.0},"faces":{"north":{"uv":[10.66667,2.0,11.33333,2.66667],"texture":"#4"},"east":{"uv":[13.66667,3.0,14.33333,3.66667],"texture":"#4"},"south":{"uv":[10.66667,1.33333,11.33333,2.0],"texture":"#4"},"west":{"uv":[14.33333,3.0,15.0,3.66667],"texture":"#4"},"down":{"uv":[15.66667,3.0,15.0,3.66667],"texture":"#4","rotation":270}}},{"from":[7.5,9.60754,9.875],"to":[8.5,10.10754,10.875],"rotation":{"origin":[8.0,8.0,8.0],"axis":"y","angle":0.0},"faces":{"north":{"uv":[11.33333,10.66667,12.0,11.0],"texture":"#4"},"east":{"uv":[10.0,11.33333,10.66667,11.66667],"texture":"#4"},"south":{"uv":[11.33333,10.0,12.0,10.33333],"texture":"#4"},"west":{"uv":[10.66667,11.33333,11.33333,11.66667],"texture":"#4"},"up":{"uv":[11.33333,3.33333,10.66667,2.66667],"texture":"#4","rotation":90},"down":{"uv":[11.33333,3.33333,10.66667,4.0],"texture":"#4","rotation":270}}},{"from":[7.5,8.10754,9.875],"to":[8.5,8.60754,10.875],"rotation":{"origin":[8.0,8.0,8.0],"axis":"y","angle":0.0},"faces":{"north":{"uv":[12.0,0.66667,12.66667,1.0],"texture":"#4"},"east":{"uv":[11.33333,11.33333,12.0,11.66667],"texture":"#4"},"south":{"uv":[12.0,0.0,12.66667,0.33333],"texture":"#4"},"west":{"uv":[0.66667,12.0,1.33333,12.33333],"texture":"#4"},"up":{"uv":[11.33333,4.66667,10.66667,4.0],"texture":"#4","rotation":90},"down":{"uv":[11.33333,4.66667,10.66667,5.33333],"texture":"#4","rotation":270}}},{"from":[8.18315,8.18315,9.775],"to":[9.38315,9.38315,10.975],"rotation":{"origin":[8.0,8.0,8.0],"axis":"z","angle":45.0},"faces":{"north":{"uv":[10.66667,6.0,11.33333,6.66667],"texture":"#4"},"east":{"uv":[5.33333,10.66667,6.0,11.33333],"texture":"#4"},"south":{"uv":[10.66667,5.33333,11.33333,6.0],"texture":"#4"},"west":{"uv":[6.0,10.66667,6.66667,11.33333],"texture":"#4"},"up":{"uv":[7.33333,11.33333,6.66667,10.66667],"texture":"#4","rotation":90},"down":{"uv":[11.33333,6.66667,10.66667,7.33333],"texture":"#4","rotation":270}}},{"from":[7.6,7.60754,9.975],"to":[8.4,8.10754,10.775],"rotation":{"origin":[8.0,8.0,8.0],"axis":"y","angle":0.0},"faces":{"north":{"uv":[12.0,2.0,12.66667,2.33333],"texture":"#4"},"east":{"uv":[1.33333,12.0,2.0,12.33333],"texture":"#4"},"south":{"uv":[12.0,1.33333,12.66667,1.66667],"texture":"#4"},"west":{"uv":[2.0,12.0,2.66667,12.33333],"texture":"#4"}}},{"from":[7.6,10.10754,9.975],"to":[8.4,10.60754,10.775],"rotation":{"origin":[8.0,8.0,8.0],"axis":"y","angle":0.0},"faces":{"north":{"uv":[12.0,3.33333,12.66667,3.66667],"texture":"#4"},"east":{"uv":[2.66667,12.0,3.33333,12.33333],"texture":"#4"},"south":{"uv":[12.0,2.66667,12.66667,3.0],"texture":"#4"},"west":{"uv":[3.33333,12.0,4.0,12.33333],"texture":"#4"}}},{"from":[7.56437,5.69555,10.125],"to":[8.56437,6.69555,10.625],"rotation":{"origin":[8.0,8.0,8.0],"axis":"z","angle":22.5},"faces":{"north":{"uv":[10.66667,7.33333,11.33333,8.0],"texture":"#4"},"east":{"uv":[4.0,12.0,4.33333,12.66667],"texture":"#4"},"south":{"uv":[7.33333,10.66667,8.0,11.33333],"texture":"#4"},"west":{"uv":[12.0,4.0,12.33333,4.66667],"texture":"#4"},"up":{"uv":[5.0,12.66667,4.66667,12.0],"texture":"#4","rotation":90},"down":{"uv":[12.33333,4.66667,12.0,5.33333],"texture":"#4","rotation":270}}},{"from":[9.30356,6.76957,10.127],"to":[10.02856,7.81957,10.623],"rotation":{"origin":[8.0,8.0,8.0],"axis":"z","angle":-22.5},"faces":{"north":{"uv":[12.0,7.33333,12.33333,8.0],"texture":"#4"},"east":{"uv":[12.0,5.33333,12.33333,6.0],"texture":"#4"},"south":{"uv":[12.0,6.0,12.33333,6.66667],"texture":"#4"},"west":{"uv":[12.0,6.66667,12.33333,7.33333],"texture":"#4"},"up":{"uv":[9.66667,13.0,9.33333,12.66667],"texture":"#4","rotation":90}}},{"from":[7.43563,5.69555,10.125],"to":[8.43563,6.69555,10.625],"rotation":{"origin":[8.0,8.0,8.0],"axis":"z","angle":-22.5},"faces":{"north":{"uv":[10.66667,8.0,11.33333,8.66667],"texture":"#4"},"east":{"uv":[12.0,8.0,12.33333,8.66667],"texture":"#4"},"south":{"uv":[8.0,10.66667,8.66667,11.33333],"texture":"#4"},"west":{"uv":[12.0,8.66667,12.33333,9.33333],"texture":"#4"},"up":{"uv":[12.33333,10.0,12.0,9.33333],"texture":"#4","rotation":90},"down":{"uv":[10.33333,12.0,10.0,12.66667],"texture":"#4","rotation":270}}},{"from":[5.97144,6.76957,10.127],"to":[6.69644,7.81957,10.623],"rotation":{"origin":[8.0,8.0,8.0],"axis":"z","angle":22.5},"faces":{"north":{"uv":[11.33333,12.0,11.66667,12.66667],"texture":"#4"},"east":{"uv":[12.0,10.0,12.33333,10.66667],"texture":"#4"},"south":{"uv":[10.66667,12.0,11.0,12.66667],"texture":"#4"},"west":{"uv":[12.0,10.66667,12.33333,11.33333],"texture":"#4"},"up":{"uv":[13.0,9.66667,12.66667,9.33333],"texture":"#4","rotation":90}}},{"from":[8.5664,6.2436,9.78],"to":[9.7564,7.4336,10.97],"rotation":{"origin":[8.0,8.0,8.0],"axis":"z","angle":-45.0},"faces":{"north":{"uv":[10.0,10.66667,10.66667,11.33333],"texture":"#4"},"east":{"uv":[10.66667,8.66667,11.33333,9.33333],"texture":"#4"},"south":{"uv":[9.33333,10.66667,10.0,11.33333],"texture":"#4"},"west":{"uv":[10.66667,9.33333,11.33333,10.0],"texture":"#4"},"up":{"uv":[11.33333,10.66667,10.66667,10.0],"texture":"#4","rotation":90},"down":{"uv":[11.33333,10.66667,10.66667,11.33333],"texture":"#4","rotation":270}}},{"from":[6.71669,11.35091,10.125],"to":[7.71669,12.35091,10.625],"rotation":{"origin":[8.0,8.0,8.0],"axis":"z","angle":-22.5},"faces":{"north":{"uv":[4.66667,11.33333,5.33333,12.0],"texture":"#4"},"east":{"uv":[8.0,12.66667,8.33333,13.33333],"texture":"#4"},"south":{"uv":[11.33333,4.0,12.0,4.66667],"texture":"#4"},"west":{"uv":[12.66667,8.0,13.0,8.66667],"texture":"#4"},"up":{"uv":[9.0,13.33333,8.66667,12.66667],"texture":"#4","rotation":90},"down":{"uv":[13.0,8.66667,12.66667,9.33333],"texture":"#4","rotation":270}}},{"from":[10.15123,10.22689,10.127],"to":[10.87623,11.27689,10.623],"rotation":{"origin":[8.0,8.0,8.0],"axis":"z","angle":22.5},"faces":{"north":{"uv":[12.66667,7.33333,13.0,8.0],"texture":"#4"},"east":{"uv":[6.66667,12.66667,7.0,13.33333],"texture":"#4"},"south":{"uv":[12.66667,6.66667,13.0,7.33333],"texture":"#4"},"west":{"uv":[7.33333,12.66667,7.66667,13.33333],"texture":"#4"},"down":{"uv":[13.0,10.0,12.66667,10.33333],"texture":"#4","rotation":270}}},{"from":[8.28331,11.35091,10.125],"to":[9.28331,12.35091,10.625],"rotation":{"origin":[8.0,8.0,8.0],"axis":"z","angle":22.5},"faces":{"north":{"uv":[4.0,11.33333,4.66667,12.0],"texture":"#4"},"east":{"uv":[5.33333,12.66667,5.66667,13.33333],"texture":"#4"},"south":{"uv":[11.33333,3.33333,12.0,4.0],"texture":"#4"},"west":{"uv":[12.66667,5.33333,13.0,6.0],"texture":"#4"},"up":{"uv":[6.33333,13.33333,6.0,12.66667],"texture":"#4","rotation":90},"down":{"uv":[13.0,6.0,12.66667,6.66667],"texture":"#4","rotation":270}}},{"from":[5.12377,10.22689,10.127],"to":[5.84877,11.27689,10.623],"rotation":{"origin":[8.0,8.0,8.0],"axis":"z","angle":-22.5},"faces":{"north":{"uv":[12.66667,4.66667,13.0,5.33333],"texture":"#4"},"east":{"uv":[4.0,12.66667,4.33333,13.33333],"texture":"#4"},"south":{"uv":[12.66667,4.0,13.0,4.66667],"texture":"#4"},"west":{"uv":[4.66667,12.66667,5.0,13.33333],"texture":"#4"},"down":{"uv":[10.33333,12.66667,10.0,13.0],"texture":"#4","rotation":270}}},{"from":[10.13269,10.13269,9.78],"to":[11.32269,11.32269,10.97],"rotation":{"origin":[8.0,8.0,8.0],"axis":"z","angle":45.0},"faces":{"north":{"uv":[2.66667,11.33333,3.33333,12.0],"texture":"#4"},"east":{"uv":[11.33333,1.33333,12.0,2.0],"texture":"#4"},"south":{"uv":[2.0,11.33333,2.66667,12.0],"texture":"#4"},"west":{"uv":[11.33333,2.0,12.0,2.66667],"texture":"#4"},"up":{"uv":[12.0,3.33333,11.33333,2.66667],"texture":"#4","rotation":90},"down":{"uv":[4.0,11.33333,3.33333,12.0],"texture":"#4","rotation":270}}},{"from":[3.74198,10.50802,6.025],"to":[5.49198,12.25802,7.225],"rotation":{"origin":[8.0,8.0,8.0],"axis":"z","angle":-45.0},"faces":{"north":{"uv":[6.0,4.66667,7.33333,6.0],"texture":"#4"},"east":{"uv":[13.66667,0.0,14.33333,1.33333],"texture":"#4"},"south":{"uv":[6.0,3.33333,7.33333,4.66667],"texture":"#4"},"west":{"uv":[6.66667,9.33333,7.33333,10.66667],"texture":"#4"},"up":{"uv":[8.0,10.66667,7.33333,9.33333],"texture":"#4","rotation":90},"down":{"uv":[8.66667,9.33333,8.0,10.66667],"texture":"#4","rotation":270}}},{"from":[3.99198,10.75802,5.775],"to":[5.24198,12.00802,7.475],"rotation":{"origin":[8.0,8.0,8.0],"axis":"z","angle":-45.0},"faces":{"north":{"uv":[8.66667,1.33333,9.66667,2.33333],"texture":"#4"},"east":{"uv":[5.33333,8.0,6.33333,9.0],"texture":"#4"},"south":{"uv":[6.66667,8.0,7.66667,9.0],"texture":"#4"},"west":{"uv":[8.0,8.0,9.0,9.0],"texture":"#4"},"up":{"uv":[9.66667,3.66667,8.66667,2.66667],"texture":"#4","rotation":90},"down":{"uv":[9.66667,4.0,8.66667,5.0],"texture":"#4","rotation":270}}},{"from":[6.33367,12.03127,6.275],"to":[8.33367,13.28127,6.975],"rotation":{"origin":[8.0,8.0,8.0],"axis":"z","angle":-22.5},"faces":{"north":{"uv":[6.66667,0.0,8.0,1.0],"texture":"#4"},"east":{"uv":[11.33333,4.66667,11.66667,5.66667],"texture":"#4"},"south":{"uv":[6.0,6.0,7.33333,7.0],"texture":"#4"},"up":{"uv":[0.33333,12.66667,0.0,11.33333],"texture":"#4","rotation":90},"down":{"uv":[11.66667,0.0,11.33333,1.33333],"texture":"#4","rotation":270}}},{"from":[6.19155,11.73792,6.277],"to":[7.19155,14.73792,6.973],"rotation":{"origin":[8.0,8.0,8.0],"axis":"z","angle":-45.0},"faces":{"north":{"uv":[7.33333,1.33333,8.0,3.33333],"texture":"#4"},"east":{"uv":[9.33333,8.0,9.66667,10.0],"texture":"#4"},"south":{"uv":[6.66667,1.33333,7.33333,3.33333],"texture":"#4"},"west":{"uv":[8.66667,9.33333,9.0,11.33333],"texture":"#4"},"up":{"uv":[12.33333,12.0,12.0,11.33333],"texture":"#4","rotation":90},"down":{"uv":[12.33333,12.0,12.0,12.66667],"texture":"#4","rotation":270}}},{"from":[5.19155,13.73792,6.277],"to":[6.19155,14.73792,6.973],"rotation":{"origin":[8.0,8.0,8.0],"axis":"z","angle":-45.0},"faces":{"north":{"uv":[1.33333,11.33333,2.0,12.0],"texture":"#4"},"south":{"uv":[0.66667,11.33333,1.33333,12.0],"texture":"#4"},"up":{"uv":[0.33333,13.33333,0.0,12.66667],"texture":"#4","rotation":90},"down":{"uv":[13.0,0.0,12.66667,0.66667],"texture":"#4","rotation":270}}},{"from":[7.45632,14.24478,6.24972],"to":[8.01132,15.60478,7.00028],"rotation":{"origin":[8.0,8.0,8.0],"axis":"z","angle":-22.5},"faces":{"north":{"uv":[6.0,11.33333,6.33333,12.33333],"texture":"#4"},"east":{"uv":[10.0,0.0,10.66667,1.0],"texture":"#4"},"south":{"uv":[5.33333,11.33333,5.66667,12.33333],"texture":"#4"},"west":{"uv":[10.0,1.33333,10.66667,2.33333],"texture":"#4"},"up":{"uv":[1.33333,13.0,0.66667,12.66667],"texture":"#4","rotation":90},"down":{"uv":[13.33333,0.66667,12.66667,1.0],"texture":"#4","rotation":270}}},{"from":[7.66633,12.03127,6.275],"to":[9.66633,13.28127,6.975],"rotation":{"origin":[8.0,8.0,8.0],"axis":"z","angle":22.5},"faces":{"north":{"uv":[8.0,0.0,6.66667,1.0],"texture":"#4"},"south":{"uv":[7.33333,6.0,6.0,7.0],"texture":"#4"},"west":{"uv":[11.66667,4.66667,11.33333,5.66667],"texture":"#4"},"up":{"uv":[0.33333,11.33333,0.0,12.66667],"texture":"#4","rotation":90},"down":{"uv":[11.66667,1.33333,11.33333,0.0],"texture":"#4","rotation":270}}},{"from":[8.80845,11.73792,6.277],"to":[9.80845,14.73792,6.973],"rotation":{"origin":[8.0,8.0,8.0],"axis":"z","angle":45.0},"faces":{"north":{"uv":[8.0,1.33333,7.33333,3.33333],"texture":"#4"},"east":{"uv":[9.0,9.33333,8.66667,11.33333],"texture":"#4"},"south":{"uv":[7.33333,1.33333,6.66667,3.33333],"texture":"#4"},"west":{"uv":[9.66667,8.0,9.33333,10.0],"texture":"#4"},"up":{"uv":[12.33333,11.33333,12.0,12.0],"texture":"#4","rotation":90},"down":{"uv":[12.33333,12.66667,12.0,12.0],"texture":"#4","rotation":270}}},{"from":[9.80845,13.73792,6.277],"to":[10.80845,14.73792,6.973],"rotation":{"origin":[8.0,8.0,8.0],"axis":"z","angle":45.0},"faces":{"north":{"uv":[2.0,11.33333,1.33333,12.0],"texture":"#4"},"south":{"uv":[1.33333,11.33333,0.66667,12.0],"texture":"#4"},"up":{"uv":[0.33333,12.66667,0.0,13.33333],"texture":"#4","rotation":90},"down":{"uv":[13.0,0.66667,12.66667,0.0],"texture":"#4","rotation":270}}},{"from":[7.98868,14.24478,6.24972],"to":[8.54368,15.60478,7.00028],"rotation":{"origin":[8.0,8.0,8.0],"axis":"z","angle":22.5},"faces":{"north":{"uv":[6.33333,11.33333,6.0,12.33333],"texture":"#4"},"east":{"uv":[10.66667,1.33333,10.0,2.33333],"texture":"#4"},"south":{"uv":[5.66667,11.33333,5.33333,12.33333],"texture":"#4"},"west":{"uv":[10.66667,0.0,10.0,1.0],"texture":"#4"},"up":{"uv":[1.33333,12.66667,0.66667,13.0],"texture":"#4","rotation":90},"down":{"uv":[13.33333,1.0,12.66667,0.66667],"texture":"#4","rotation":270}}},{"from":[4.56422,9.96078,6.4],"to":[6.03922,11.43578,6.85],"rotation":{"origin":[8.0,8.0,8.0],"axis":"z","angle":-45.0},"faces":{"north":{"uv":[8.66667,6.66667,9.66667,7.66667],"texture":"#4"},"east":{"uv":[11.33333,6.0,11.66667,7.0],"texture":"#4"},"south":{"uv":[8.66667,5.33333,9.66667,6.33333],"texture":"#4"},"west":{"uv":[6.66667,11.33333,7.0,12.33333],"texture":"#4"},"up":{"uv":[7.66667,12.33333,7.33333,11.33333],"texture":"#4","rotation":90},"down":{"uv":[11.66667,7.33333,11.33333,8.33333],"texture":"#4","rotation":270}}},{"from":[8.80686,5.71814,6.4],"to":[10.28186,7.19314,6.85],"rotation":{"origin":[8.0,8.0,8.0],"axis":"z","angle":-45.0},"faces":{"north":{"uv":[5.33333,9.33333,6.33333,10.33333],"texture":"#4"},"east":{"uv":[8.0,11.33333,8.33333,12.33333],"texture":"#4"},"south":{"uv":[13.66667,1.66667,14.66667,2.66667],"texture":"#4"},"west":{"uv":[8.66667,11.33333,9.0,12.33333],"texture":"#4"},"up":{"uv":[11.66667,9.66667,11.33333,8.66667],"texture":"#4","rotation":90},"down":{"uv":[9.66667,11.33333,9.33333,12.33333],"texture":"#4","rotation":270}}},{"from":[6.9625,5.81594,6.402],"to":[9.0375,11.81594,6.848],"rotation":{"origin":[8.0,8.0,8.0],"axis":"x","angle":0.0},"faces":{"north":{"uv":[4.66667,3.33333,6.0,7.33333],"texture":"#4"},"east":{"uv":[13.66667,4.66667,14.0,8.66667],"texture":"#4"},"south":{"uv":[3.33333,3.33333,4.66667,7.33333],"texture":"#4"},"west":{"uv":[7.33333,3.33333,7.66667,7.33333],"texture":"#4"}}},{"from":[8.9625,7.56594,6.452],"to":[9.5375,10.56594,6.798],"rotation":{"origin":[8.0,8.0,8.0],"axis":"x","angle":0.0},"faces":{"north":{"uv":[10.0,8.66667,10.33333,10.66667],"texture":"#4"},"east":{"uv":[10.0,2.66667,10.33333,4.66667],"texture":"#4"},"south":{"uv":[10.0,4.66667,10.33333,6.66667],"texture":"#4"},"west":{"uv":[10.0,6.66667,10.33333,8.66667],"texture":"#4"}}},{"from":[8.8191,7.88026,6.452],"to":[9.3941,8.78026,6.798],"rotation":{"origin":[8.0,8.0,8.0],"axis":"z","angle":-45.0},"faces":{"north":{"uv":[12.66667,2.0,13.0,2.66667],"texture":"#4"},"east":{"uv":[1.33333,12.66667,1.66667,13.33333],"texture":"#4"},"south":{"uv":[12.66667,1.33333,13.0,2.0],"texture":"#4"},"west":{"uv":[2.0,12.66667,2.33333,13.33333],"texture":"#4"}}},{"from":[6.37278,10.32657,6.452],"to":[7.27278,10.90157,6.798],"rotation":{"origin":[8.0,8.0,8.0],"axis":"z","angle":-45.0},"faces":{"north":{"uv":[12.66667,2.66667,13.33333,3.0],"texture":"#4"},"south":{"uv":[2.66667,12.66667,3.33333,13.0],"texture":"#4"},"up":{"uv":[3.66667,13.33333,3.33333,12.66667],"texture":"#4","rotation":90},"down":{"uv":[13.0,3.33333,12.66667,4.0],"texture":"#4","rotation":270}}},{"from":[8.72722,10.32657,6.452],"to":[9.62722,10.90157,6.798],"rotation":{"origin":[8.0,8.0,8.0],"axis":"z","angle":45.0},"faces":{"north":{"uv":[13.33333,2.66667,12.66667,3.0],"texture":"#4"},"south":{"uv":[3.33333,12.66667,2.66667,13.0],"texture":"#4"},"up":{"uv":[3.66667,12.66667,3.33333,13.33333],"texture":"#4","rotation":90},"down":{"uv":[13.0,4.0,12.66667,3.33333],"texture":"#4","rotation":270}}},{"from":[6.4625,7.56594,6.452],"to":[7.0375,10.56594,6.798],"rotation":{"origin":[8.0,8.0,8.0],"axis":"x","angle":0.0},"faces":{"north":{"uv":[10.33333,8.66667,10.0,10.66667],"texture":"#4"},"east":{"uv":[10.33333,6.66667,10.0,8.66667],"texture":"#4"},"south":{"uv":[10.33333,4.66667,10.0,6.66667],"texture":"#4"},"west":{"uv":[10.33333,2.66667,10.0,4.66667],"texture":"#4"}}},{"from":[6.6059,7.88026,6.452],"to":[7.1809,8.78026,6.798],"rotation":{"origin":[8.0,8.0,8.0],"axis":"z","angle":45.0},"faces":{"north":{"uv":[13.0,2.0,12.66667,2.66667],"texture":"#4"},"east":{"uv":[2.33333,12.66667,2.0,13.33333],"texture":"#4"},"south":{"uv":[13.0,1.33333,12.66667,2.0],"texture":"#4"},"west":{"uv":[1.66667,12.66667,1.33333,13.33333],"texture":"#4"}}},{"from":[13.23852,3.15373,6.402],"to":[13.81352,3.65373,6.848],"rotation":{"origin":[8.0,8.0,8.0],"axis":"z","angle":-45.0},"faces":{"north":{"uv":[12.66667,11.33333,13.0,11.66667],"texture":"#4"},"east":{"uv":[10.66667,12.66667,11.0,13.0],"texture":"#4"},"south":{"uv":[12.66667,10.66667,13.0,11.0],"texture":"#4"},"west":{"uv":[11.33333,12.66667,11.66667,13.0],"texture":"#4"},"down":{"uv":[12.33333,12.66667,12.0,13.0],"texture":"#4","rotation":270}}},{"from":[8.4625,0.81594,6.402],"to":[9.0375,5.81594,6.848],"rotation":{"origin":[8.0,8.0,8.0],"axis":"x","angle":0.0},"faces":{"north":{"uv":[8.0,4.66667,8.33333,8.0],"texture":"#4"},"east":{"uv":[8.0,1.33333,8.33333,4.66667],"texture":"#4"},"south":{"uv":[4.0,8.0,4.33333,11.33333],"texture":"#4"},"west":{"uv":[4.66667,8.0,5.0,11.33333],"texture":"#4"}}},{"from":[12.51201,10.34279,6.41],"to":[17.51201,15.34279,6.44],"rotation":{"origin":[8.0,8.0,8.0],"axis":"z","angle":22.5},"faces":{"north":{"uv":[3.33333,0.0,6.66667,3.33333],"texture":"#4"},"south":{"uv":[6.66667,0.0,3.33333,3.33333],"texture":"#4"}}},{"from":[-1.51201,10.34279,6.41],"to":[3.48799,15.34279,6.44],"rotation":{"origin":[8.0,8.0,8.0],"axis":"z","angle":-22.5},"faces":{"north":{"uv":[6.66667,0.0,3.33333,3.33333],"texture":"#4"},"south":{"uv":[3.33333,0.0,6.66667,3.33333],"texture":"#4"}}},{"from":[8.75,-0.89246,6.625],"to":[11.25,13.10754,6.655],"rotation":{"origin":[8.0,8.0,8.0],"axis":"y","angle":0.0},"faces":{"north":{"uv":[0.0,0.0,1.66667,9.33333],"texture":"#4"},"south":{"uv":[1.66667,0.0,0.0,9.33333],"texture":"#4"}}},{"from":[10.47642,-0.89246,5.48594],"to":[12.47642,15.10754,5.51594],"rotation":{"origin":[8.0,8.0,8.0],"axis":"y","angle":-22.5},"faces":{"north":{"uv":[2.0,0.0,3.33333,10.66667],"texture":"#4"},"south":{"uv":[3.33333,0.0,2.0,10.66667],"texture":"#4"}}},{"from":[4.75,-0.89246,6.625],"to":[7.25,13.10754,6.655],"rotation":{"origin":[8.0,8.0,8.0],"axis":"y","angle":0.0},"faces":{"north":{"uv":[1.66667,0.0,0.0,9.33333],"texture":"#4"},"south":{"uv":[0.0,0.0,1.66667,9.33333],"texture":"#4"}}},{"from":[3.52358,-0.89246,5.48594],"to":[5.52358,15.10754,5.51594],"rotation":{"origin":[8.0,8.0,8.0],"axis":"y","angle":22.5},"faces":{"north":{"uv":[3.33333,0.0,2.0,10.66667],"texture":"#4"},"south":{"uv":[2.0,0.0,3.33333,10.66667],"texture":"#4"}}},{"from":[2.18648,3.15373,6.402],"to":[2.76148,3.65373,6.848],"rotation":{"origin":[8.0,8.0,8.0],"axis":"z","angle":45.0},"faces":{"north":{"uv":[13.0,11.33333,12.66667,11.66667],"texture":"#4"},"east":{"uv":[11.66667,12.66667,11.33333,13.0],"texture":"#4"},"south":{"uv":[13.0,10.66667,12.66667,11.0],"texture":"#4"},"west":{"uv":[11.0,12.66667,10.66667,13.0],"texture":"#4"},"down":{"uv":[12.33333,13.0,12.0,12.66667],"texture":"#4","rotation":270}}},{"from":[6.9625,0.81594,6.402],"to":[7.5375,5.81594,6.848],"rotation":{"origin":[8.0,8.0,8.0],"axis":"x","angle":0.0},"faces":{"north":{"uv":[8.33333,4.66667,8.0,8.0],"texture":"#4"},"east":{"uv":[5.0,8.0,4.66667,11.33333],"texture":"#4"},"south":{"uv":[4.33333,8.0,4.0,11.33333],"texture":"#4"},"west":{"uv":[8.33333,1.33333,8.0,4.66667],"texture":"#4"}}},{"from":[4.78337,10.21663,6.78],"to":[5.78337,11.21663,9.78],"rotation":{"origin":[8.0,8.0,8.0],"axis":"z","angle":-45.0},"faces":{"east":{"uv":[4.0,7.33333,6.0,8.0],"texture":"#4"},"west":{"uv":[6.0,7.33333,8.0,8.0],"texture":"#4"},"up":{"uv":[10.0,0.66667,8.0,0.0],"texture":"#4","rotation":90},"down":{"uv":[10.0,0.66667,8.0,1.33333],"texture":"#4","rotation":270}}},{"from":[8.67246,6.32754,6.78],"to":[9.67246,7.32754,9.78],"rotation":{"origin":[8.0,8.0,8.0],"axis":"z","angle":-45.0},"faces":{"east":{"uv":[4.0,7.33333,6.0,8.0],"texture":"#4"},"west":{"uv":[6.0,7.33333,8.0,8.0],"texture":"#4"},"up":{"uv":[10.0,0.66667,8.0,0.0],"texture":"#4","rotation":90},"down":{"uv":[10.0,0.66667,8.0,1.33333],"texture":"#4","rotation":270}}},{"from":[5.75,-1.89246,6.125],"to":[10.25,12.10754,6.125],"rotation":{"origin":[8.0,8.0,8.0],"axis":"y","angle":0.0},"faces":{"north":{"uv":[0.0,0.0,4.5,14.0],"texture":"#3"}}},{"from":[9.96764,9.96764,5.625],"to":[13.46764,13.46764,5.625],"rotation":{"origin":[8.0,8.0,8.0],"axis":"z","angle":45.0},"faces":{"north":{"uv":[0.0,0.0,7.0,7.0],"texture":"#1"}}},{"from":[-0.25,2.5,6.0],"to":[7.75,10.5,6.0],"rotation":{"origin":[3.75,6.5,6.0],"axis":"y","angle":0.0},"faces":{"north":{"uv":[0.0,0.0,16.0,16.0],"texture":"#5"}}},{"from":[8.25,2.5,6.0],"to":[16.25,10.5,6.0],"rotation":{"origin":[12.25,6.5,6.0],"axis":"y","angle":0.0},"faces":{"north":{"uv":[16.0,0.0,0.0,16.0],"texture":"#5"}}}],"textures":{"particle":"7b2875ea-ba1e-4ed3-b42a-62917f0a9a12","1":"7b2875ea-ba1e-4ed3-b42a-62917f0a9a12","3":"bd4964ba-8328-4fc0-a58c-8f3eea497d96","4":"4336aa0a-116e-48e8-b9f8-c4ecfebaa52a","5":"08e163fe-7346-4949-9051-d0c9719806e1"},"gui_light":"front"}