{"display":{"thirdperson_righthand":{"rotation":[0.0,180.0,0.0],"translation":[0.0,-6.5,4.25]},"thirdperson_lefthand":{"rotation":[0.0,180.0,0.0],"translation":[0.0,-6.5,4.25]},"firstperson_righthand":{"rotation":[-150.0,-22.0,-175.0],"translation":[0.75,-2.5,-2.5],"scale":[0.89,0.89,0.89]},"firstperson_lefthand":{"rotation":[-150.0,-22.0,-175.0],"translation":[0.75,-2.5,-2.5],"scale":[0.89,0.89,0.89]},"gui":{"rotation":[-128.0,-36.0,-118.0],"translation":[-2.25,-2.0,0.0],"scale":[0.65,0.65,0.65]},"fixed":{"rotation":[0.0,90.0,0.0],"translation":[0.0,-4.25,-1.25]}},"elements":[{"from":[7.45792,1.10123,8.54777],"to":[8.54208,9.77451,9.63193],"rotation":{"origin":[8.0,4.35371,9.08985],"axis":"x","angle":22.5},"faces":{"north":{"uv":[5.5,4.5,6.0,8.75],"texture":"#0"},"east":{"uv":[6.0,4.5,6.5,8.75],"texture":"#0"},"south":{"uv":[0.5,6.5,1.0,10.75],"texture":"#0"},"west":{"uv":[1.0,6.5,1.5,10.75],"texture":"#0"}}},{"from":[7.18688,7.99568,0.0379],"to":[8.94138,9.75018,1.7924],"rotation":{"origin":[8.0,-3.08792,6.79],"axis":"x","angle":45.0},"faces":{"north":{"uv":[7.0,3.0,8.0,4.0],"texture":"#0"},"east":{"uv":[7.5,0.0,8.5,1.0],"texture":"#0"},"south":{"uv":[7.5,1.0,8.5,2.0],"texture":"#0"},"west":{"uv":[7.5,2.0,8.5,3.0],"texture":"#0"},"up":{"uv":[8.5,5.0,7.5,4.0],"texture":"#0"},"down":{"uv":[8.5,5.0,7.5,6.0],"texture":"#0"}}},{"from":[7.45792,9.91733,10.43527],"to":[8.54208,15.41056,11.74014],"rotation":{"origin":[8.0,12.62773,11.00639],"axis":"y","angle":0.0},"faces":{"north":{"uv":[4.5,6.5,5.0,9.25],"texture":"#0"},"east":{"uv":[3.5,6.5,4.25,9.25],"texture":"#0"},"south":{"uv":[7.0,0.0,7.5,2.75],"texture":"#0"},"west":{"uv":[6.5,4.5,7.25,7.25],"texture":"#0"}}},{"from":[7.18688,12.35168,-4.3181],"to":[8.94138,14.10618,-2.5636],"rotation":{"origin":[8.0,-3.08792,6.79],"axis":"x","angle":45.0},"faces":{"north":{"uv":[7.5,6.0,8.5,7.0],"texture":"#0"},"east":{"uv":[6.5,7.5,7.5,8.5],"texture":"#0"},"south":{"uv":[7.5,7.0,8.5,8.0],"texture":"#0"},"west":{"uv":[8.0,3.0,9.0,4.0],"texture":"#0"},"up":{"uv":[8.5,9.0,7.5,8.0],"texture":"#0"},"down":{"uv":[9.5,0.0,8.5,1.0],"texture":"#0"}}},{"from":[7.45792,15.63549,8.54777],"to":[8.54208,24.30877,9.63193],"rotation":{"origin":[8.0,21.05629,9.08985],"axis":"x","angle":-22.5},"faces":{"north":{"uv":[1.5,6.5,2.0,10.75],"texture":"#0"},"east":{"uv":[2.0,6.5,2.5,10.75],"texture":"#0"},"south":{"uv":[2.5,6.5,3.0,10.75],"texture":"#0"},"west":{"uv":[3.0,6.5,3.5,10.75],"texture":"#0"}}},{"from":[7.18688,-0.37752,2.99544],"to":[8.81312,1.7908,5.16376],"rotation":{"origin":[8.0,-3.08792,6.79],"axis":"x","angle":45.0},"faces":{"north":{"uv":[8.5,6.0,9.25,7.0],"texture":"#0"},"east":{"uv":[8.5,1.0,9.5,2.0],"texture":"#0"},"south":{"uv":[6.5,8.5,7.25,9.5],"texture":"#0"},"west":{"uv":[8.5,2.0,9.5,3.0],"texture":"#0"},"up":{"uv":[9.25,8.0,8.5,7.0],"texture":"#0"},"down":{"uv":[9.25,8.0,8.5,9.0],"texture":"#0"}}},{"from":[7.40371,0.32718,1.20658],"to":[8.59629,1.5488,2.99544],"rotation":{"origin":[8.0,-3.08792,6.79],"axis":"x","angle":45.0},"faces":{"north":{"uv":[9.5,5.5,10.0,6.0],"texture":"#0"},"east":{"uv":[9.5,0.0,10.5,0.5],"texture":"#0"},"west":{"uv":[9.5,0.5,10.5,1.0],"texture":"#0"},"up":{"uv":[10.0,2.0,9.5,1.0],"texture":"#0"},"down":{"uv":[10.0,2.0,9.5,3.0],"texture":"#0"}}},{"from":[7.99129,3.81772,5.84348],"to":[7.99129,22.54659,6.3391],"rotation":{"origin":[8.0,4.44341,5.12329],"axis":"y","angle":0.0},"faces":{"east":{"uv":[0.0,5.0,0.25,14.25],"texture":"#0"},"west":{"uv":[5.0,0.0,5.25,9.25],"texture":"#0"}}},{"from":[7.99129,3.31147,-3.25652],"to":[7.99129,22.04034,6.2391],"rotation":{"origin":[8.02771,12.55,8.71344],"axis":"y","angle":0.0},"faces":{"east":{"uv":[10.75,0.0,15.5,9.25],"texture":"#0"},"west":{"uv":[15.5,0.0,10.75,9.25],"texture":"#0"}}},{"from":[7.40371,23.8612,1.20658],"to":[8.59629,25.08282,2.99544],"rotation":{"origin":[8.0,28.49792,6.79],"axis":"x","angle":-45.0},"faces":{"north":{"uv":[9.5,6.0,10.0,6.5],"texture":"#0"},"east":{"uv":[3.5,9.5,4.5,10.0],"texture":"#0"},"west":{"uv":[9.5,4.0,10.5,4.5],"texture":"#0"},"up":{"uv":[5.0,10.5,4.5,9.5],"texture":"#0"},"down":{"uv":[10.0,4.5,9.5,5.5],"texture":"#0"}}},{"from":[7.18688,23.6192,2.99544],"to":[8.81312,25.78752,5.16376],"rotation":{"origin":[8.0,28.49792,6.79],"axis":"x","angle":-45.0},"faces":{"north":{"uv":[9.0,3.0,9.75,4.0],"texture":"#0"},"east":{"uv":[8.5,4.0,9.5,5.0],"texture":"#0"},"south":{"uv":[5.5,9.0,6.25,10.0],"texture":"#0"},"west":{"uv":[8.5,5.0,9.5,6.0],"texture":"#0"},"up":{"uv":[8.25,10.0,7.5,9.0],"texture":"#0"},"down":{"uv":[9.25,9.0,8.5,10.0],"texture":"#0"}}},{"from":[6.51584,18.56446,8.65709],"to":[9.51584,21.56446,11.65709],"rotation":{"origin":[8.0,19.24862,10.51221],"axis":"y","angle":0.0},"faces":{"north":{"uv":[0.5,5.0,2.0,6.5],"texture":"#0"},"east":{"uv":[2.0,5.0,3.5,6.5],"texture":"#0"},"south":{"uv":[3.5,5.0,5.0,6.5],"texture":"#0"},"west":{"uv":[5.5,0.0,7.0,1.5],"texture":"#0"},"up":{"uv":[7.0,3.0,5.5,1.5],"texture":"#0"},"down":{"uv":[7.0,3.0,5.5,4.5],"texture":"#0"}}},{"from":[6.91584,17.76446,11.15709],"to":[7.51584,18.56446,11.65709],"rotation":{"origin":[8.0,19.24862,10.51221],"axis":"y","angle":0.0},"faces":{"north":{"uv":[9.5,7.5,9.75,8.0],"texture":"#0"},"east":{"uv":[9.5,8.0,9.75,8.5],"texture":"#0"},"south":{"uv":[9.5,8.5,9.75,9.0],"texture":"#0"},"west":{"uv":[9.5,9.0,9.75,9.5],"texture":"#0"},"down":{"uv":[10.25,1.0,10.0,1.25],"texture":"#0"}}},{"from":[7.91584,17.76446,11.15709],"to":[9.11584,18.56446,11.65709],"rotation":{"origin":[8.0,19.24862,10.51221],"axis":"y","angle":0.0},"faces":{"north":{"uv":[7.0,4.0,7.5,4.5],"texture":"#0"},"east":{"uv":[6.5,9.5,6.75,10.0],"texture":"#0"},"south":{"uv":[5.0,9.5,5.5,10.0],"texture":"#0"},"west":{"uv":[9.5,6.5,9.75,7.0],"texture":"#0"},"down":{"uv":[10.0,7.0,9.5,7.25],"texture":"#0"}}},{"from":[8.0,-2.68792,3.47452],"to":[8.0,2.1908,8.35324],"rotation":{"origin":[8.0,-3.08792,6.427],"axis":"x","angle":45.0},"faces":{"east":{"uv":[2.5,0.0,5.0,2.5],"texture":"#0"},"west":{"uv":[2.5,2.5,5.0,5.0],"texture":"#0"}}},{"from":[8.0,20.5092,10.07452],"to":[8.0,25.38792,14.95324],"rotation":{"origin":[8.0,19.08792,6.427],"axis":"x","angle":-45.0},"faces":{"east":{"uv":[2.5,2.5,5.0,0.0],"texture":"#0"},"west":{"uv":[2.5,5.0,5.0,2.5],"texture":"#0"}}},{"from":[8.0125,13.0,3.23125],"to":[8.0125,15.0,19.73125],"rotation":{"origin":[8.0125,14.0,9.73125],"axis":"z","angle":-45.0},"faces":{"north":{"uv":[12.75,12.0,12.75,13.0],"texture":"#0"},"east":{"uv":[8.75,13.0,2.25,14.75],"texture":"#0"},"south":{"uv":[12.0,12.0,12.0,13.0],"texture":"#0"},"west":{"uv":[2.25,13.0,8.75,14.75],"texture":"#0"},"up":{"uv":[12.25,8.75,12.25,15.25],"texture":"#0"},"down":{"uv":[12.0,8.75,12.0,15.25],"texture":"#0"}}},{"from":[8.0125,13.0,3.23125],"to":[8.0125,15.0,19.73125],"rotation":{"origin":[8.0125,14.0,9.73125],"axis":"z","angle":45.0},"faces":{"north":{"uv":[12.75,12.5,12.75,13.5],"texture":"#0"},"east":{"uv":[8.75,13.0,2.25,14.75],"texture":"#0"},"south":{"uv":[12.0,12.5,12.0,13.5],"texture":"#0"},"west":{"uv":[2.25,13.0,8.75,14.75],"texture":"#0"},"up":{"uv":[12.25,9.0,12.25,15.5],"texture":"#0"},"down":{"uv":[12.25,9.0,12.25,15.5],"texture":"#0"}}}],"textures":{"particle":"1b00abd2-ce09-46f3-9ac7-12cbfb9635a2","0":"1b00abd2-ce09-46f3-9ac7-12cbfb9635a2"},"gui_light":"front"}