{"display":{"head":{"translation":[0.0,-35.0,0.0],"scale":[1.6,1.6,1.6]}},"elements":[{"from":[-4.0,3.0,7.1],"to":[20.0,19.0,7.1],"rotation":{"origin":[8.0,0.0,8.1],"axis":"x","angle":-45.0},"faces":{"north":{"uv":[12.0,5.0,0.0,13.0],"texture":"#1"},"east":{"uv":[0.0,0.0,0.0,16.0],"texture":"#1"},"south":{"uv":[0.0,5.0,12.0,13.0],"texture":"#1"},"west":{"uv":[0.0,0.0,0.0,16.0],"texture":"#1"},"up":{"uv":[0.0,0.0,16.0,0.0],"texture":"#1"},"down":{"uv":[0.0,0.0,16.0,0.0],"texture":"#1"}}},{"from":[9.0,3.0,-3.9],"to":[9.0,19.0,20.1],"rotation":{"origin":[8.0,0.0,8.1],"axis":"z","angle":-45.0},"faces":{"north":{"uv":[0.0,0.0,0.0,16.0],"texture":"#1"},"east":{"uv":[12.0,5.0,0.0,13.0],"texture":"#1"},"south":{"uv":[0.0,0.0,0.0,16.0],"texture":"#1"},"west":{"uv":[0.0,5.0,12.0,13.0],"texture":"#1"},"up":{"uv":[0.0,0.0,16.0,0.0],"texture":"#1","rotation":90},"down":{"uv":[0.0,0.0,16.0,0.0],"texture":"#1","rotation":270}}},{"from":[-4.0,3.0,9.1],"to":[20.0,19.0,9.1],"rotation":{"origin":[8.0,0.0,8.1],"axis":"x","angle":45.0},"faces":{"north":{"uv":[0.0,5.0,12.0,13.0],"texture":"#1"},"east":{"uv":[0.0,0.0,0.0,16.0],"texture":"#1"},"south":{"uv":[12.0,5.0,0.0,13.0],"texture":"#1"},"west":{"uv":[0.0,0.0,0.0,16.0],"texture":"#1"},"up":{"uv":[0.0,0.0,16.0,0.0],"texture":"#1","rotation":180},"down":{"uv":[0.0,0.0,16.0,0.0],"texture":"#1","rotation":180}}},{"from":[7.0,3.0,-3.9],"to":[7.0,19.0,20.1],"rotation":{"origin":[8.0,0.0,8.1],"axis":"z","angle":45.0},"faces":{"north":{"uv":[0.0,0.0,0.0,16.0],"texture":"#1"},"east":{"uv":[0.0,5.0,12.0,13.0],"texture":"#1"},"south":{"uv":[0.0,0.0,0.0,16.0],"texture":"#1"},"west":{"uv":[12.0,5.0,0.0,13.0],"texture":"#1"},"up":{"uv":[0.0,0.0,16.0,0.0],"texture":"#1","rotation":270},"down":{"uv":[0.0,0.0,16.0,0.0],"texture":"#1","rotation":90}}},{"from":[-4.0,12.7,-16.0],"to":[20.0,12.7,-6.0],"rotation":{"origin":[8.0,0.0,8.0],"axis":"x","angle":0.0},"faces":{"north":{"uv":[0.0,0.0,16.0,0.0],"texture":"#1","rotation":180},"east":{"uv":[0.0,0.0,0.0,10.0],"texture":"#1","rotation":90},"south":{"uv":[0.0,0.0,16.0,0.0],"texture":"#1"},"west":{"uv":[0.0,0.0,0.0,10.0],"texture":"#1","rotation":270},"up":{"uv":[0.0,0.0,12.0,5.0],"texture":"#1"},"down":{"uv":[0.0,5.0,12.0,0.0],"texture":"#1"}}},{"from":[22.0,12.7,-4.0],"to":[32.0,12.7,20.0],"rotation":{"origin":[8.0,0.0,8.0],"axis":"x","angle":0.0},"faces":{"north":{"uv":[0.0,0.0,0.0,10.0],"texture":"#1","rotation":270},"east":{"uv":[0.0,0.0,16.0,0.0],"texture":"#1","rotation":180},"south":{"uv":[0.0,0.0,0.0,10.0],"texture":"#1","rotation":90},"west":{"uv":[0.0,0.0,16.0,0.0],"texture":"#1"},"up":{"uv":[0.0,0.0,12.0,5.0],"texture":"#1","rotation":90},"down":{"uv":[0.0,5.0,12.0,0.0],"texture":"#1","rotation":270}}},{"from":[-4.0,12.7,22.0],"to":[20.0,12.7,32.0],"rotation":{"origin":[8.0,0.0,8.0],"axis":"x","angle":0.0},"faces":{"north":{"uv":[0.0,0.0,16.0,0.0],"texture":"#1"},"east":{"uv":[0.0,0.0,0.0,10.0],"texture":"#1","rotation":270},"south":{"uv":[0.0,0.0,16.0,0.0],"texture":"#1","rotation":180},"west":{"uv":[0.0,0.0,0.0,10.0],"texture":"#1","rotation":90},"up":{"uv":[0.0,0.0,12.0,5.0],"texture":"#1","rotation":180},"down":{"uv":[0.0,5.0,12.0,0.0],"texture":"#1","rotation":180}}},{"from":[-16.0,12.7,-4.0],"to":[-6.0,12.7,20.0],"rotation":{"origin":[8.0,0.0,8.0],"axis":"x","angle":0.0},"faces":{"north":{"uv":[0.0,0.0,0.0,10.0],"texture":"#1","rotation":90},"east":{"uv":[0.0,0.0,16.0,0.0],"texture":"#1"},"south":{"uv":[0.0,0.0,0.0,10.0],"texture":"#1","rotation":270},"west":{"uv":[0.0,0.0,16.0,0.0],"texture":"#1","rotation":180},"up":{"uv":[0.0,0.0,12.0,5.0],"texture":"#1","rotation":270},"down":{"uv":[0.0,5.0,12.0,0.0],"texture":"#1","rotation":90}}}],"textures":{"1":"9dd3ae36-bc83-43e6-bf9b-a3b39f180a02"}}