{"display":{"thirdperson_righthand":{"rotation":[0.0,180.0,0.0],"translation":[0.0,-6.5,4.25]},"thirdperson_lefthand":{"rotation":[0.0,180.0,0.0],"translation":[0.0,-6.5,4.25]},"firstperson_righthand":{"rotation":[-162.0,-22.0,-175.0],"translation":[0.75,-2.5,-2.5],"scale":[0.89,0.89,0.89]},"firstperson_lefthand":{"rotation":[-162.0,-22.0,-175.0],"translation":[0.75,-2.5,-2.5],"scale":[0.89,0.89,0.89]},"gui":{"rotation":[-128.0,-36.0,-118.0],"translation":[-2.25,-2.0,0.0],"scale":[0.65,0.65,0.65]},"fixed":{"rotation":[0.0,90.0,0.0],"translation":[0.0,-4.25,-1.25]}},"elements":[{"from":[7.18688,23.6192,2.99544],"to":[8.81312,25.78752,5.16376],"rotation":{"origin":[8.0,28.49792,6.79],"axis":"x","angle":-45.0},"faces":{"north":{"uv":[7.0,6.0,7.75,7.0],"texture":"#0"},"east":{"uv":[7.0,5.0,8.0,6.0],"texture":"#0"},"south":{"uv":[7.0,7.0,7.75,8.0],"texture":"#0"},"west":{"uv":[6.0,7.0,7.0,8.0],"texture":"#0"},"up":{"uv":[8.75,1.0,8.0,0.0],"texture":"#0"},"down":{"uv":[8.75,1.0,8.0,2.0],"texture":"#0"}}},{"from":[7.45792,9.91733,10.43527],"to":[8.54208,15.41056,11.74014],"rotation":{"origin":[8.0,12.62773,11.00639],"axis":"y","angle":0.0},"faces":{"north":{"uv":[5.0,6.0,5.5,8.75],"texture":"#0"},"east":{"uv":[3.0,6.0,3.75,8.75],"texture":"#0"},"south":{"uv":[5.5,6.0,6.0,8.75],"texture":"#0"},"west":{"uv":[4.0,6.0,4.75,8.75],"texture":"#0"}}},{"from":[8.0,20.4467,9.87452],"to":[8.0,26.32542,15.75324],"rotation":{"origin":[8.0,19.08792,6.427],"axis":"x","angle":-45.0},"faces":{"east":{"uv":[4.0,0.0,7.0,3.0],"texture":"#0"},"west":{"uv":[4.0,3.0,7.0,6.0],"texture":"#0"}}},{"from":[7.40371,23.8612,1.20658],"to":[8.59629,25.08282,2.99544],"rotation":{"origin":[8.0,28.49792,6.79],"axis":"x","angle":-45.0},"faces":{"north":{"uv":[8.0,5.0,8.5,5.5],"texture":"#0"},"east":{"uv":[8.0,2.0,9.0,2.5],"texture":"#0"},"west":{"uv":[8.0,2.5,9.0,3.0],"texture":"#0"},"up":{"uv":[8.5,4.0,8.0,3.0],"texture":"#0"},"down":{"uv":[8.5,4.0,8.0,5.0],"texture":"#0"}}},{"from":[7.45792,15.63549,8.54777],"to":[8.54208,24.30877,9.63193],"rotation":{"origin":[8.0,21.05629,9.08985],"axis":"x","angle":-22.5},"faces":{"north":{"uv":[1.0,6.0,1.5,10.25],"texture":"#0"},"east":{"uv":[1.5,6.0,2.0,10.25],"texture":"#0"},"south":{"uv":[2.0,6.0,2.5,10.25],"texture":"#0"},"west":{"uv":[2.5,6.0,3.0,10.25],"texture":"#0"}}},{"from":[7.99129,3.54897,5.84348],"to":[7.99129,21.97784,6.3391],"rotation":{"origin":[8.0,4.44341,5.12329],"axis":"y","angle":0.0},"faces":{"east":{"uv":[0.0,6.0,0.25,15.25],"texture":"#0"},"west":{"uv":[0.5,6.0,0.75,15.25],"texture":"#0"}}},{"from":[7.11813,12.35168,-4.3181],"to":[8.87263,14.10618,-2.5636],"rotation":{"origin":[8.0,-3.08792,6.79],"axis":"x","angle":45.0},"faces":{"north":{"uv":[6.0,6.0,7.0,7.0],"texture":"#0"},"east":{"uv":[7.0,0.0,8.0,1.0],"texture":"#0"},"south":{"uv":[7.0,1.0,8.0,2.0],"texture":"#0"},"west":{"uv":[7.0,2.0,8.0,3.0],"texture":"#0"},"up":{"uv":[8.0,4.0,7.0,3.0],"texture":"#0"},"down":{"uv":[8.0,4.0,7.0,5.0],"texture":"#0"}}},{"from":[7.11813,11.19382,-4.3181],"to":[8.87263,12.94832,-2.5636],"rotation":{"origin":[8.0,28.38792,6.79],"axis":"x","angle":-45.0},"faces":{"north":{"uv":[6.0,7.0,7.0,6.0],"texture":"#0"},"east":{"uv":[7.0,1.0,8.0,0.0],"texture":"#0"},"south":{"uv":[7.0,2.0,8.0,1.0],"texture":"#0"},"west":{"uv":[7.0,3.0,8.0,2.0],"texture":"#0"},"up":{"uv":[8.0,5.0,7.0,4.0],"texture":"#0"},"down":{"uv":[8.0,3.0,7.0,4.0],"texture":"#0"}}},{"from":[7.45792,0.99123,8.54777],"to":[8.54208,9.66451,9.63193],"rotation":{"origin":[8.0,4.24371,9.08985],"axis":"x","angle":22.5},"faces":{"north":{"uv":[1.0,10.25,1.5,6.0],"texture":"#0"},"east":{"uv":[1.5,10.25,2.0,6.0],"texture":"#0"},"south":{"uv":[2.0,10.25,2.5,6.0],"texture":"#0"},"west":{"uv":[2.5,10.25,3.0,6.0],"texture":"#0"}}},{"from":[7.18688,-0.48752,2.99544],"to":[8.81312,1.6808,5.16376],"rotation":{"origin":[8.0,-3.19792,6.79],"axis":"x","angle":45.0},"faces":{"north":{"uv":[7.0,7.0,7.75,6.0],"texture":"#0"},"east":{"uv":[7.0,6.0,8.0,5.0],"texture":"#0"},"south":{"uv":[7.0,8.0,7.75,7.0],"texture":"#0"},"west":{"uv":[6.0,8.0,7.0,7.0],"texture":"#0"},"up":{"uv":[8.75,2.0,8.0,1.0],"texture":"#0"},"down":{"uv":[8.75,0.0,8.0,1.0],"texture":"#0"}}},{"from":[7.40371,0.21718,1.20658],"to":[8.59629,1.4388,2.99544],"rotation":{"origin":[8.0,-3.19792,6.79],"axis":"x","angle":45.0},"faces":{"north":{"uv":[8.0,5.5,8.5,5.0],"texture":"#0"},"east":{"uv":[8.0,2.5,9.0,2.0],"texture":"#0"},"west":{"uv":[8.0,3.0,9.0,2.5],"texture":"#0"},"up":{"uv":[8.5,5.0,8.0,4.0],"texture":"#0"},"down":{"uv":[8.5,3.0,8.0,4.0],"texture":"#0"}}},{"from":[8.0,-1.02542,9.87452],"to":[8.0,4.8533,15.75324],"rotation":{"origin":[8.0,6.21208,6.427],"axis":"x","angle":45.0},"faces":{"east":{"uv":[4.0,3.0,7.0,0.0],"texture":"#0"},"west":{"uv":[4.0,6.0,7.0,3.0],"texture":"#0"}}}],"textures":{"particle":"e54256c1-188c-453a-8f0f-f9b9739ac93e","0":"e54256c1-188c-453a-8f0f-f9b9739ac93e"},"gui_light":"front"}