{"display":{"thirdperson_righthand":{"rotation":[0.0,90.0,0.0],"translation":[0.0,-1.0,1.0],"scale":[0.9,0.9,0.9]},"thirdperson_lefthand":{"rotation":[0.0,-90.0,0.0],"translation":[0.0,-1.0,1.0],"scale":[0.9,0.9,0.9]},"firstperson_righthand":{"rotation":[-15.0,90.0,0.0],"translation":[0.0,2.0,0.0],"scale":[0.7,0.7,0.7]},"firstperson_lefthand":{"rotation":[-15.0,-90.0,0.0],"translation":[0.0,2.0,0.0],"scale":[0.7,0.7,0.7]},"ground":{"rotation":[45.0,0.0,0.0],"scale":[0.35,0.35,0.35]},"gui":{"rotation":[20.0,-20.0,-45.0],"translation":[-2.0,-2.0,0.0],"scale":[0.75,0.75,0.75]},"head":{"rotation":[-180.0,0.0,120.0],"translation":[8.25,8.0,0.0]},"fixed":{"rotation":[0.0,0.0,45.0],"translation":[2.5,-2.5,-1.0],"scale":[0.9,0.9,0.9]}},"elements":[{"from":[6.5,0.0,6.75],"to":[9.5,3.0,9.25],"rotation":{"origin":[8.0,1.5,8.0],"axis":"z","angle":45.0},"faces":{"north":{"uv":[7.0,3.0,8.5,4.5],"texture":"#2"},"east":{"uv":[7.0,4.5,8.5,6.0],"texture":"#2"},"south":{"uv":[7.0,6.0,8.5,7.5],"texture":"#2"},"west":{"uv":[7.0,7.5,8.5,9.0],"texture":"#2"},"up":{"uv":[9.5,1.5,8.0,0.0],"texture":"#2"},"down":{"uv":[9.5,1.5,8.0,3.0],"texture":"#2"}}},{"from":[7.0,9.5,7.0],"to":[9.0,16.5,9.0],"rotation":{"origin":[8.0,8.5,8.0],"axis":"y","angle":0.0},"faces":{"north":{"uv":[0.0,3.0,1.0,6.5],"texture":"#2"},"east":{"uv":[1.0,3.0,2.0,6.5],"texture":"#2"},"south":{"uv":[2.0,3.0,3.0,6.5],"texture":"#2"},"west":{"uv":[3.0,3.0,4.0,6.5],"texture":"#2"},"up":{"uv":[6.0,9.5,5.0,8.5],"texture":"#2"},"down":{"uv":[11.0,10.5,10.0,11.5],"texture":"#2"}}},{"from":[7.0,2.5,7.0],"to":[9.0,9.5,9.0],"rotation":{"origin":[8.0,8.5,8.0],"axis":"y","angle":0.0},"faces":{"north":{"uv":[4.0,3.0,5.0,6.5],"texture":"#2"},"east":{"uv":[5.0,0.0,6.0,3.5],"texture":"#2"},"south":{"uv":[5.0,3.5,6.0,7.0],"texture":"#2"},"west":{"uv":[6.0,0.0,7.0,3.5],"texture":"#2"},"up":{"uv":[1.0,12.0,0.0,11.0],"texture":"#2"},"down":{"uv":[12.0,0.0,11.0,1.0],"texture":"#2"}}},{"from":[5.5,16.5,6.5],"to":[10.5,19.5,9.5],"rotation":{"origin":[8.0,7.5,8.0],"axis":"y","angle":0.0},"faces":{"north":{"uv":[0.0,0.0,2.5,1.5],"texture":"#2"},"east":{"uv":[8.5,3.0,10.0,4.5],"texture":"#2"},"south":{"uv":[0.0,1.5,2.5,3.0],"texture":"#2"},"west":{"uv":[8.5,4.5,10.0,6.0],"texture":"#2"},"up":{"uv":[5.0,1.5,2.5,0.0],"texture":"#2"},"down":{"uv":[5.0,1.5,2.5,3.0],"texture":"#2"}}},{"from":[3.30239,17.53387,6.475],"to":[6.30239,20.53387,9.525],"rotation":{"origin":[3.30239,19.03387,8.0],"axis":"z","angle":-22.5},"faces":{"north":{"uv":[8.5,6.0,10.0,7.5],"texture":"#2"},"east":{"uv":[8.5,7.5,10.0,9.0],"texture":"#2"},"south":{"uv":[7.0,9.0,8.5,10.5],"texture":"#2"},"west":{"uv":[8.5,9.0,10.0,10.5],"texture":"#2"},"up":{"uv":[1.5,11.0,0.0,9.5],"texture":"#2"},"down":{"uv":[11.0,0.0,9.5,1.5],"texture":"#2"}}},{"from":[9.69761,17.53387,6.475],"to":[12.69761,20.53387,9.525],"rotation":{"origin":[12.69761,19.03387,8.0],"axis":"z","angle":22.5},"faces":{"north":{"uv":[1.5,9.5,3.0,11.0],"texture":"#2"},"east":{"uv":[9.5,1.5,11.0,3.0],"texture":"#2"},"south":{"uv":[3.0,9.5,4.5,11.0],"texture":"#2"},"west":{"uv":[4.5,9.5,6.0,11.0],"texture":"#2"},"up":{"uv":[11.5,4.5,10.0,3.0],"texture":"#2"},"down":{"uv":[11.5,4.5,10.0,6.0],"texture":"#2"}}},{"from":[10.69761,16.53387,6.475],"to":[12.69761,17.53387,9.525],"rotation":{"origin":[12.69761,19.03387,8.0],"axis":"z","angle":22.5},"faces":{"north":{"uv":[6.0,11.0,7.0,11.5],"texture":"#2"},"east":{"uv":[3.0,11.0,4.5,11.5],"texture":"#2"},"south":{"uv":[11.0,9.0,12.0,9.5],"texture":"#2"},"west":{"uv":[4.5,11.0,6.0,11.5],"texture":"#2"},"up":{"uv":[6.0,8.5,5.0,7.0],"texture":"#2"},"down":{"uv":[7.0,9.5,6.0,11.0],"texture":"#2"}}},{"from":[10.69761,20.53387,6.475],"to":[12.69761,21.53387,9.525],"rotation":{"origin":[12.69761,19.03387,8.0],"axis":"z","angle":22.5},"faces":{"north":{"uv":[11.0,9.5,12.0,10.0],"texture":"#2"},"east":{"uv":[11.0,6.0,12.5,6.5],"texture":"#2"},"south":{"uv":[11.0,10.0,12.0,10.5],"texture":"#2"},"west":{"uv":[11.0,6.5,12.5,7.0],"texture":"#2"},"up":{"uv":[11.0,7.5,10.0,6.0],"texture":"#2"},"down":{"uv":[11.0,7.5,10.0,9.0],"texture":"#2"}}},{"from":[3.30239,16.53387,6.475],"to":[5.30239,17.53387,9.525],"rotation":{"origin":[3.30239,19.03387,8.0],"axis":"z","angle":-22.5},"faces":{"north":{"uv":[11.0,10.5,12.0,11.0],"texture":"#2"},"east":{"uv":[11.0,7.0,12.5,7.5],"texture":"#2"},"south":{"uv":[11.0,11.0,12.0,11.5],"texture":"#2"},"west":{"uv":[11.0,7.5,12.5,8.0],"texture":"#2"},"up":{"uv":[11.0,10.5,10.0,9.0],"texture":"#2"},"down":{"uv":[8.0,10.5,7.0,12.0],"texture":"#2"}}},{"from":[3.30239,20.53387,6.475],"to":[5.30239,21.53387,9.525],"rotation":{"origin":[3.30239,19.03387,8.0],"axis":"z","angle":-22.5},"faces":{"north":{"uv":[3.0,11.5,4.0,12.0],"texture":"#2"},"east":{"uv":[11.0,8.0,12.5,8.5],"texture":"#2"},"south":{"uv":[11.5,3.0,12.5,3.5],"texture":"#2"},"west":{"uv":[11.0,8.5,12.5,9.0],"texture":"#2"},"up":{"uv":[9.0,12.0,8.0,10.5],"texture":"#2"},"down":{"uv":[10.0,10.5,9.0,12.0],"texture":"#2"}}},{"from":[10.00579,13.14734,7.974],"to":[19.00579,19.14734,7.974],"rotation":{"origin":[14.50579,17.14734,7.974],"axis":"z","angle":0.0},"faces":{"north":{"uv":[0.0,0.0,6.0,9.0],"texture":"#1","rotation":90},"east":{"uv":[0.0,0.0,0.5,0.5],"texture":"#missing","rotation":270},"south":{"uv":[6.0,0.0,0.0,9.0],"texture":"#1","rotation":270},"west":{"uv":[0.0,0.0,0.5,0.5],"texture":"#missing","rotation":270},"up":{"uv":[0.0,0.0,0.5,0.5],"texture":"#missing","rotation":270},"down":{"uv":[0.0,0.0,0.5,0.5],"texture":"#missing","rotation":270}}},{"from":[10.47416,18.452,6.975],"to":[18.47416,19.452,8.975],"rotation":{"origin":[13.97416,18.477,7.975],"axis":"z","angle":-22.5},"faces":{"north":{"uv":[6.5,5.5,6.0,9.5],"texture":"#2","rotation":90},"east":{"uv":[11.5,2.0,12.0,3.0],"texture":"#2","rotation":270},"south":{"uv":[6.5,5.5,6.0,9.5],"texture":"#2","rotation":270},"west":{"uv":[2.0,12.0,3.0,11.0],"texture":"#2","rotation":270},"up":{"uv":[6.5,5.5,6.0,9.5],"texture":"#2","rotation":270},"down":{"uv":[6.5,5.5,6.0,9.5],"texture":"#2","rotation":270}}},{"from":[12.47416,17.452,7.475],"to":[16.47416,18.452,8.475],"rotation":{"origin":[13.97416,18.477,7.975],"axis":"z","angle":-22.5},"faces":{"north":{"uv":[3.5,7.5,3.0,9.5],"texture":"#2","rotation":90},"east":{"uv":[11.0,2.0,11.5,3.0],"texture":"#2","rotation":270},"south":{"uv":[7.0,7.5,6.5,9.5],"texture":"#2","rotation":270},"west":{"uv":[2.0,12.0,3.0,11.0],"texture":"#2","rotation":270},"up":{"uv":[8.0,0.0,7.0,3.0],"texture":"#2","rotation":270},"down":{"uv":[5.0,7.5,4.0,9.5],"texture":"#2","rotation":270}}}],"textures":{"1":"458f1cc7-0216-433b-824f-7eda736deacc","2":"07b5eabf-476d-4ad6-a266-8784c00df7d2"},"gui_light":"front"}