{"display":{"thirdperson_righthand":{"translation":[0.0,-3.0,1.0]},"thirdperson_lefthand":{"translation":[0.0,-3.0,1.0]},"firstperson_righthand":{"rotation":[-10.0,0.0,0.0],"translation":[0.0,-2.75,0.75]},"firstperson_lefthand":{"rotation":[-10.0,0.0,0.0],"translation":[0.0,-2.75,0.75]},"ground":{"rotation":[45.0,0.0,0.0],"translation":[0.0,5.5,0.0],"scale":[0.7,0.7,0.7]},"gui":{"rotation":[90.0,-45.0,90.0],"translation":[3.75,-3.75,0.0],"scale":[0.8,0.8,0.8]},"head":{"rotation":[0.0,90.0,0.0]},"fixed":{"rotation":[0.0,-90.0,0.0],"translation":[0.0,-8.75,-1.25],"scale":[2.5,2.5,2.5]}},"elements":[{"from":[7.5,0.5,7.5],"to":[8.5,1.5,8.5],"rotation":{"origin":[6.5,-0.5,7.5],"axis":"y","angle":0.0},"faces":{"north":{"uv":[0.0,10.0,0.66667,10.66667],"texture":"#3"},"east":{"uv":[4.0,10.0,4.66667,10.66667],"texture":"#3"},"south":{"uv":[10.0,4.0,10.66667,4.66667],"texture":"#3"},"west":{"uv":[4.66667,10.0,5.33333,10.66667],"texture":"#3"},"up":{"uv":[10.66667,5.33333,10.0,4.66667],"texture":"#3"},"down":{"uv":[6.0,10.0,5.33333,10.66667],"texture":"#3"}}},{"from":[7.5,7.75,7.5],"to":[8.5,10.25,8.5],"rotation":{"origin":[8.0,9.0,8.0],"axis":"y","angle":45.0},"faces":{"north":{"uv":[7.33333,8.0,8.0,9.66667],"texture":"#3"},"east":{"uv":[2.0,8.66667,2.66667,10.33333],"texture":"#3"},"south":{"uv":[8.66667,5.33333,9.33333,7.0],"texture":"#3"},"west":{"uv":[8.66667,7.33333,9.33333,9.0],"texture":"#3"},"up":{"uv":[6.66667,10.66667,6.0,10.0],"texture":"#3"},"down":{"uv":[7.33333,10.0,6.66667,10.66667],"texture":"#3"}}},{"from":[7.4,0.0,7.4],"to":[8.6,0.5,8.6],"rotation":{"origin":[6.5,-0.5,7.5],"axis":"y","angle":0.0},"faces":{"north":{"uv":[4.0,11.33333,4.66667,11.66667],"texture":"#3"},"east":{"uv":[11.33333,4.0,12.0,4.33333],"texture":"#3"},"south":{"uv":[4.66667,11.33333,5.33333,11.66667],"texture":"#3"},"west":{"uv":[11.33333,4.66667,12.0,5.0],"texture":"#3"},"up":{"uv":[10.66667,7.33333,10.0,6.66667],"texture":"#3"},"down":{"uv":[8.0,10.0,7.33333,10.66667],"texture":"#3"}}},{"from":[7.4,7.5,7.4],"to":[8.6,8.0,8.6],"rotation":{"origin":[6.5,5.5,7.5],"axis":"y","angle":0.0},"faces":{"north":{"uv":[5.33333,11.33333,6.0,11.66667],"texture":"#3"},"east":{"uv":[6.0,11.33333,6.66667,11.66667],"texture":"#3"},"south":{"uv":[6.66667,11.33333,7.33333,11.66667],"texture":"#3"},"west":{"uv":[11.33333,6.66667,12.0,7.0],"texture":"#3"},"up":{"uv":[10.66667,8.0,10.0,7.33333],"texture":"#3"},"down":{"uv":[8.66667,10.0,8.0,10.66667],"texture":"#3"}}},{"from":[7.4,17.5,7.4],"to":[8.6,18.0,8.6],"rotation":{"origin":[6.5,2.5,7.5],"axis":"y","angle":0.0},"faces":{"north":{"uv":[7.33333,11.33333,8.0,11.66667],"texture":"#3"},"east":{"uv":[11.33333,7.33333,12.0,7.66667],"texture":"#3"},"south":{"uv":[8.0,11.33333,8.66667,11.66667],"texture":"#3"},"west":{"uv":[11.33333,8.0,12.0,8.33333],"texture":"#3"},"up":{"uv":[9.33333,10.66667,8.66667,10.0],"texture":"#3"},"down":{"uv":[10.0,10.0,9.33333,10.66667],"texture":"#3"}}},{"from":[7.5,10.5,7.5],"to":[8.5,11.5,8.5],"rotation":{"origin":[6.5,5.5,7.5],"axis":"y","angle":0.0},"faces":{"north":{"uv":[10.0,9.33333,10.66667,10.0],"texture":"#3"},"east":{"uv":[10.0,10.0,10.66667,10.66667],"texture":"#3"},"south":{"uv":[0.0,10.66667,0.66667,11.33333],"texture":"#3"},"west":{"uv":[0.66667,10.66667,1.33333,11.33333],"texture":"#3"},"up":{"uv":[2.0,11.33333,1.33333,10.66667],"texture":"#3"},"down":{"uv":[2.66667,10.66667,2.0,11.33333],"texture":"#3"}}},{"from":[7.5,6.5,7.5],"to":[8.5,7.5,8.5],"rotation":{"origin":[6.5,-7.5,7.5],"axis":"y","angle":0.0},"faces":{"north":{"uv":[8.0,10.66667,8.66667,11.33333],"texture":"#3"},"east":{"uv":[10.66667,8.0,11.33333,8.66667],"texture":"#3"},"south":{"uv":[8.66667,10.66667,9.33333,11.33333],"texture":"#3"},"west":{"uv":[10.66667,8.66667,11.33333,9.33333],"texture":"#3"},"up":{"uv":[10.0,11.33333,9.33333,10.66667],"texture":"#3"},"down":{"uv":[11.33333,9.33333,10.66667,10.0],"texture":"#3"}}},{"from":[7.4,10.0,7.4],"to":[8.6,10.5,8.6],"rotation":{"origin":[6.5,5.5,7.5],"axis":"y","angle":0.0},"faces":{"north":{"uv":[8.66667,11.33333,9.33333,11.66667],"texture":"#3"},"east":{"uv":[11.33333,8.66667,12.0,9.0],"texture":"#3"},"south":{"uv":[9.33333,11.33333,10.0,11.66667],"texture":"#3"},"west":{"uv":[11.33333,9.33333,12.0,9.66667],"texture":"#3"},"up":{"uv":[3.33333,11.33333,2.66667,10.66667],"texture":"#3"},"down":{"uv":[11.33333,2.66667,10.66667,3.33333],"texture":"#3"}}},{"from":[7.5,-1.0,8.0],"to":[8.5,0.0,9.0],"rotation":{"origin":[7.5,-1.0,8.0],"axis":"x","angle":-45.0},"faces":{"north":{"uv":[3.33333,10.66667,4.0,11.33333],"texture":"#3"},"east":{"uv":[10.66667,3.33333,11.33333,4.0],"texture":"#3"},"south":{"uv":[4.0,10.66667,4.66667,11.33333],"texture":"#3"},"west":{"uv":[10.66667,4.0,11.33333,4.66667],"texture":"#3"},"up":{"uv":[5.33333,11.33333,4.66667,10.66667],"texture":"#3"},"down":{"uv":[11.33333,4.66667,10.66667,5.33333],"texture":"#3"}}},{"from":[7.0,18.0,7.0],"to":[9.0,18.5,9.0],"rotation":{"origin":[7.0,9.0,7.0],"axis":"y","angle":0.0},"faces":{"north":{"uv":[5.33333,10.66667,6.66667,11.0],"texture":"#3"},"east":{"uv":[10.66667,5.33333,12.0,5.66667],"texture":"#3"},"south":{"uv":[10.66667,6.0,12.0,6.33333],"texture":"#3"},"west":{"uv":[6.66667,10.66667,8.0,11.0],"texture":"#3"},"down":{"uv":[8.0,0.0,6.66667,1.33333],"texture":"#3"}}},{"from":[6.0,18.5,6.0],"to":[10.0,20.0,10.0],"rotation":{"origin":[7.0,9.5,7.0],"axis":"y","angle":0.0},"faces":{"north":{"uv":[8.0,0.0,16.0,3.0],"texture":"#1"},"east":{"uv":[8.0,4.0,16.0,7.0],"texture":"#1"},"south":{"uv":[8.0,8.0,16.0,11.0],"texture":"#1"},"west":{"uv":[8.0,12.0,16.0,15.0],"texture":"#1"},"up":{"uv":[8.0,8.0,0.0,0.0],"texture":"#1"},"down":{"uv":[8.0,8.0,0.0,16.0],"texture":"#1"}}},{"from":[6.5,20.0,6.5],"to":[9.5,22.0,9.5],"rotation":{"origin":[7.0,11.0,7.0],"axis":"y","angle":0.0},"faces":{"north":{"uv":[4.66667,2.0,6.66667,3.33333],"texture":"#3"},"east":{"uv":[4.66667,3.33333,6.66667,4.66667],"texture":"#3"},"south":{"uv":[4.66667,4.66667,6.66667,6.0],"texture":"#3"},"west":{"uv":[0.0,5.33333,2.0,6.66667],"texture":"#3"},"up":{"uv":[4.66667,2.0,2.66667,0.0],"texture":"#3"}}},{"from":[7.4,1.5,7.4],"to":[8.6,6.5,8.6],"rotation":{"origin":[7.5,1.5,7.5],"axis":"y","angle":0.0},"faces":{"north":{"uv":[2.0,5.33333,2.66667,8.66667],"texture":"#3"},"east":{"uv":[2.66667,6.0,3.33333,9.33333],"texture":"#3"},"south":{"uv":[3.33333,6.0,4.0,9.33333],"texture":"#3"},"west":{"uv":[4.0,6.0,4.66667,9.33333],"texture":"#3"},"up":{"uv":[11.33333,7.33333,10.66667,6.66667],"texture":"#3"},"down":{"uv":[11.33333,7.33333,10.66667,8.0],"texture":"#3"}}},{"from":[7.4,11.5,7.4],"to":[8.6,16.5,8.6],"rotation":{"origin":[7.5,11.5,7.5],"axis":"y","angle":0.0},"faces":{"north":{"uv":[4.66667,6.0,5.33333,9.33333],"texture":"#3"},"east":{"uv":[5.33333,6.0,6.0,9.33333],"texture":"#3"},"south":{"uv":[6.0,6.0,6.66667,9.33333],"texture":"#3"},"west":{"uv":[0.0,6.66667,0.66667,10.0],"texture":"#3"},"up":{"uv":[12.0,1.33333,11.33333,0.66667],"texture":"#3"},"down":{"uv":[2.0,11.33333,1.33333,12.0],"texture":"#3"}}},{"from":[7.5,16.5,7.5],"to":[8.5,17.5,8.5],"rotation":{"origin":[6.5,2.5,7.5],"axis":"y","angle":0.0},"faces":{"north":{"uv":[10.0,10.66667,10.66667,11.33333],"texture":"#3"},"east":{"uv":[10.66667,10.0,11.33333,10.66667],"texture":"#3"},"south":{"uv":[10.66667,10.66667,11.33333,11.33333],"texture":"#3"},"west":{"uv":[0.0,11.33333,0.66667,12.0],"texture":"#3"},"up":{"uv":[12.0,0.66667,11.33333,0.0],"texture":"#3"},"down":{"uv":[1.33333,11.33333,0.66667,12.0],"texture":"#3"}}},{"from":[7.5,19.25347,2.5],"to":[8.5,20.25347,5.5],"rotation":{"origin":[8.0,19.74653,6.0],"axis":"x","angle":0.0},"faces":{"north":{"uv":[11.33333,1.33333,12.0,2.0],"texture":"#3"},"east":{"uv":[8.0,0.0,10.0,0.66667],"texture":"#3"},"west":{"uv":[8.0,0.66667,10.0,1.33333],"texture":"#3"},"up":{"uv":[8.66667,4.66667,8.0,2.66667],"texture":"#3"},"down":{"uv":[8.66667,4.66667,8.0,6.66667],"texture":"#3"}}},{"from":[7.25,19.00347,2.0],"to":[8.75,20.50347,2.5],"rotation":{"origin":[8.0,19.74653,1.5],"axis":"x","angle":0.0},"faces":{"east":{"uv":[2.0,11.33333,2.33333,12.33333],"texture":"#3"},"west":{"uv":[11.33333,2.0,11.66667,3.0],"texture":"#3"},"up":{"uv":[3.66667,11.66667,2.66667,11.33333],"texture":"#3"},"down":{"uv":[12.33333,3.33333,11.33333,3.66667],"texture":"#3"}}},{"from":[7.0,18.75347,2.5],"to":[9.0,20.75347,3.5],"rotation":{"origin":[8.0,19.74653,1.0],"axis":"x","angle":0.0},"faces":{"north":{"uv":[6.66667,2.66667,8.0,4.0],"texture":"#3"},"east":{"uv":[8.0,8.66667,8.66667,10.0],"texture":"#3"},"south":{"uv":[6.66667,4.0,8.0,5.33333],"texture":"#3"},"west":{"uv":[0.66667,9.33333,1.33333,10.66667],"texture":"#3"},"up":{"uv":[10.66667,6.0,9.33333,5.33333],"texture":"#3"},"down":{"uv":[10.66667,6.0,9.33333,6.66667],"texture":"#3"}}},{"from":[7.0,18.75347,5.5],"to":[9.0,20.75347,6.5],"rotation":{"origin":[8.0,19.74653,4.0],"axis":"x","angle":0.0},"faces":{"north":{"uv":[6.66667,5.33333,8.0,6.66667],"texture":"#3"},"east":{"uv":[1.33333,9.33333,2.0,10.66667],"texture":"#3"},"south":{"uv":[6.66667,6.66667,8.0,8.0],"texture":"#3"},"west":{"uv":[9.33333,6.66667,10.0,8.0],"texture":"#3"},"up":{"uv":[10.66667,8.66667,9.33333,8.0],"texture":"#3"},"down":{"uv":[10.0,9.33333,8.66667,10.0],"texture":"#3"}}},{"from":[7.25,18.99307,2.02346],"to":[8.75,20.49307,5.52346],"rotation":{"origin":[8.0,19.75,6.0],"axis":"x","angle":0.0},"faces":{"east":{"uv":[3.0,0.0,0.0,7.0],"texture":"#2","rotation":90},"west":{"uv":[3.0,0.0,0.0,7.0],"texture":"#2","rotation":270},"up":{"uv":[3.0,0.0,0.0,7.0],"texture":"#2"},"down":{"uv":[3.0,0.0,0.0,7.0],"texture":"#2","rotation":180}}},{"from":[6.5,18.24653,1.0],"to":[9.5,21.24653,2.0],"rotation":{"origin":[6.5,18.24653,1.0],"axis":"y","angle":0.0},"faces":{"east":{"uv":[6.66667,8.0,7.33333,10.0],"texture":"#3"},"south":{"uv":[2.66667,2.0,4.66667,4.0],"texture":"#3"},"west":{"uv":[8.0,6.66667,8.66667,8.66667],"texture":"#3"},"up":{"uv":[10.66667,3.33333,8.66667,2.66667],"texture":"#3"},"down":{"uv":[10.66667,3.33333,8.66667,4.0],"texture":"#3"}}},{"from":[6.0,17.74653,0.25],"to":[10.0,21.74653,1.0],"rotation":{"origin":[6.5,18.24653,0.0],"axis":"y","angle":0.0},"faces":{"north":{"uv":[0.0,0.0,2.66667,2.66667],"texture":"#3"},"east":{"uv":[0.66667,6.66667,1.33333,9.33333],"texture":"#3"},"south":{"uv":[0.0,2.66667,2.66667,5.33333],"texture":"#3"},"west":{"uv":[1.33333,6.66667,2.0,9.33333],"texture":"#3"},"up":{"uv":[9.33333,2.0,6.66667,1.33333],"texture":"#3"},"down":{"uv":[9.33333,2.0,6.66667,2.66667],"texture":"#3"}}},{"from":[7.2,20.37389,-0.46812],"to":[8.8,21.37389,1.53188],"rotation":{"origin":[8.0,19.75,1.57952],"axis":"x","angle":22.5},"faces":{"north":{"uv":[10.0,0.66667,11.0,1.33333],"texture":"#3"},"east":{"uv":[9.33333,8.66667,10.66667,9.33333],"texture":"#3"},"south":{"uv":[2.66667,10.0,3.66667,10.66667],"texture":"#3"},"west":{"uv":[10.0,0.0,11.33333,0.66667],"texture":"#3"},"down":{"uv":[9.66667,4.0,8.66667,5.33333],"texture":"#3"}}},{"from":[6.67,21.37389,-0.46812],"to":[9.333,22.37389,2.03188],"rotation":{"origin":[7.995,19.75,1.57952],"axis":"x","angle":22.5},"faces":{"north":{"uv":[9.33333,1.33333,11.0,2.0],"texture":"#3"},"east":{"uv":[9.33333,2.0,11.0,2.66667],"texture":"#3"},"south":{"uv":[2.66667,9.33333,4.33333,10.0],"texture":"#3"},"west":{"uv":[4.66667,9.33333,6.33333,10.0],"texture":"#3"},"up":{"uv":[4.33333,5.66667,2.66667,4.0],"texture":"#3"},"down":{"uv":[6.33333,0.0,4.66667,1.66667],"texture":"#3"}}},{"from":[6.37611,18.95,-0.46812],"to":[7.37611,20.55,1.53188],"rotation":{"origin":[8.0,19.75,1.57952],"axis":"y","angle":22.5},"faces":{"north":{"uv":[10.0,0.66667,11.0,1.33333],"texture":"#3","rotation":90},"east":{"uv":[9.66667,4.0,8.66667,5.33333],"texture":"#3","rotation":270},"south":{"uv":[2.66667,10.0,3.66667,10.66667],"texture":"#3","rotation":270},"up":{"uv":[9.33333,8.66667,10.66667,9.33333],"texture":"#3","rotation":270},"down":{"uv":[10.0,0.0,11.33333,0.66667],"texture":"#3","rotation":270}}},{"from":[5.37611,18.42,-0.46812],"to":[6.37611,21.083,2.03188],"rotation":{"origin":[8.0,19.745,1.57952],"axis":"y","angle":22.5},"faces":{"north":{"uv":[9.33333,1.33333,11.0,2.0],"texture":"#3","rotation":90},"east":{"uv":[6.33333,0.0,4.66667,1.66667],"texture":"#3","rotation":270},"south":{"uv":[2.66667,9.33333,4.33333,10.0],"texture":"#3","rotation":270},"west":{"uv":[4.33333,5.66667,2.66667,4.0],"texture":"#3","rotation":270},"up":{"uv":[9.33333,2.0,11.0,2.66667],"texture":"#3","rotation":270},"down":{"uv":[4.66667,9.33333,6.33333,10.0],"texture":"#3","rotation":270}}},{"from":[7.2,18.12611,-0.46812],"to":[8.8,19.12611,1.53188],"rotation":{"origin":[8.0,19.75,1.57952],"axis":"x","angle":-22.5},"faces":{"north":{"uv":[10.0,0.66667,11.0,1.33333],"texture":"#3","rotation":180},"east":{"uv":[10.0,0.0,11.33333,0.66667],"texture":"#3","rotation":180},"south":{"uv":[2.66667,10.0,3.66667,10.66667],"texture":"#3","rotation":180},"west":{"uv":[9.33333,8.66667,10.66667,9.33333],"texture":"#3","rotation":180},"up":{"uv":[9.66667,4.0,8.66667,5.33333],"texture":"#3","rotation":180}}},{"from":[6.667,17.12611,-0.46812],"to":[9.33,18.12611,2.03188],"rotation":{"origin":[8.005,19.75,1.57952],"axis":"x","angle":-22.5},"faces":{"north":{"uv":[9.33333,1.33333,11.0,2.0],"texture":"#3","rotation":180},"east":{"uv":[4.66667,9.33333,6.33333,10.0],"texture":"#3","rotation":180},"south":{"uv":[2.66667,9.33333,4.33333,10.0],"texture":"#3","rotation":180},"west":{"uv":[9.33333,2.0,11.0,2.66667],"texture":"#3","rotation":180},"up":{"uv":[6.33333,0.0,4.66667,1.66667],"texture":"#3","rotation":180},"down":{"uv":[4.33333,5.66667,2.66667,4.0],"texture":"#3","rotation":180}}},{"from":[8.62389,18.95,-0.46812],"to":[9.62389,20.55,1.53188],"rotation":{"origin":[8.0,19.75,1.57952],"axis":"y","angle":-22.5},"faces":{"north":{"uv":[10.0,0.66667,11.0,1.33333],"texture":"#3","rotation":270},"south":{"uv":[2.66667,10.0,3.66667,10.66667],"texture":"#3","rotation":90},"west":{"uv":[9.66667,4.0,8.66667,5.33333],"texture":"#3","rotation":90},"up":{"uv":[10.0,0.0,11.33333,0.66667],"texture":"#3","rotation":90},"down":{"uv":[9.33333,8.66667,10.66667,9.33333],"texture":"#3","rotation":90}}},{"from":[9.62389,18.417,-0.46812],"to":[10.62389,21.08,2.03188],"rotation":{"origin":[8.0,19.755,1.57952],"axis":"y","angle":-22.5},"faces":{"north":{"uv":[9.33333,1.33333,11.0,2.0],"texture":"#3","rotation":270},"east":{"uv":[4.33333,5.66667,2.66667,4.0],"texture":"#3","rotation":90},"south":{"uv":[2.66667,9.33333,4.33333,10.0],"texture":"#3","rotation":90},"west":{"uv":[6.33333,0.0,4.66667,1.66667],"texture":"#3","rotation":90},"up":{"uv":[4.66667,9.33333,6.33333,10.0],"texture":"#3","rotation":90},"down":{"uv":[9.33333,2.0,11.0,2.66667],"texture":"#3","rotation":90}}},{"from":[6.0,17.74653,15.0],"to":[10.0,21.74653,15.75],"rotation":{"origin":[6.5,18.24653,16.0],"axis":"y","angle":0.0},"faces":{"north":{"uv":[2.66667,2.66667,0.0,5.33333],"texture":"#3"},"east":{"uv":[1.33333,6.66667,0.66667,9.33333],"texture":"#3"},"south":{"uv":[2.66667,0.0,0.0,2.66667],"texture":"#3"},"west":{"uv":[2.0,6.66667,1.33333,9.33333],"texture":"#3"},"up":{"uv":[9.33333,1.33333,6.66667,2.0],"texture":"#3"},"down":{"uv":[9.33333,2.66667,6.66667,2.0],"texture":"#3"}}},{"from":[7.25,18.99307,10.47654],"to":[8.75,20.49307,13.97654],"rotation":{"origin":[8.0,19.75,10.0],"axis":"x","angle":0.0},"faces":{"east":{"uv":[3.0,7.0,0.0,0.0],"texture":"#2","rotation":90},"west":{"uv":[3.0,7.0,0.0,0.0],"texture":"#2","rotation":270},"up":{"uv":[3.0,7.0,0.0,0.0],"texture":"#2"},"down":{"uv":[3.0,7.0,0.0,0.0],"texture":"#2","rotation":180}}},{"from":[7.0,18.75347,12.5],"to":[9.0,20.75347,13.5],"rotation":{"origin":[8.0,19.74653,15.0],"axis":"x","angle":0.0},"faces":{"north":{"uv":[8.0,4.0,6.66667,5.33333],"texture":"#3"},"east":{"uv":[8.66667,8.66667,8.0,10.0],"texture":"#3"},"south":{"uv":[8.0,2.66667,6.66667,4.0],"texture":"#3"},"west":{"uv":[1.33333,9.33333,0.66667,10.66667],"texture":"#3"},"up":{"uv":[10.66667,5.33333,9.33333,6.0],"texture":"#3"},"down":{"uv":[10.66667,6.66667,9.33333,6.0],"texture":"#3"}}},{"from":[7.25,19.00347,13.5],"to":[8.75,20.50347,14.0],"rotation":{"origin":[8.0,19.74653,14.5],"axis":"x","angle":0.0},"faces":{"east":{"uv":[2.33333,11.33333,2.0,12.33333],"texture":"#3"},"west":{"uv":[11.66667,2.0,11.33333,3.0],"texture":"#3"},"up":{"uv":[3.66667,11.33333,2.66667,11.66667],"texture":"#3"},"down":{"uv":[12.33333,3.66667,11.33333,3.33333],"texture":"#3"}}},{"from":[7.5,19.25347,10.5],"to":[8.5,20.25347,13.5],"rotation":{"origin":[8.0,19.74653,10.0],"axis":"x","angle":0.0},"faces":{"east":{"uv":[10.0,0.0,8.0,0.66667],"texture":"#3"},"south":{"uv":[12.0,1.33333,11.33333,2.0],"texture":"#3"},"west":{"uv":[10.0,0.66667,8.0,1.33333],"texture":"#3"},"up":{"uv":[8.66667,2.66667,8.0,4.66667],"texture":"#3"},"down":{"uv":[8.66667,6.66667,8.0,4.66667],"texture":"#3"}}},{"from":[7.0,18.75347,9.5],"to":[9.0,20.75347,10.5],"rotation":{"origin":[8.0,19.74653,12.0],"axis":"x","angle":0.0},"faces":{"north":{"uv":[8.0,6.66667,6.66667,8.0],"texture":"#3"},"east":{"uv":[2.0,9.33333,1.33333,10.66667],"texture":"#3"},"south":{"uv":[8.0,5.33333,6.66667,6.66667],"texture":"#3"},"west":{"uv":[10.0,6.66667,9.33333,8.0],"texture":"#3"},"up":{"uv":[10.66667,8.0,9.33333,8.66667],"texture":"#3"},"down":{"uv":[10.0,10.0,8.66667,9.33333],"texture":"#3"}}},{"from":[6.5,18.24653,14.0],"to":[9.5,21.24653,15.0],"rotation":{"origin":[6.5,18.24653,15.0],"axis":"y","angle":0.0},"faces":{"north":{"uv":[4.66667,2.0,2.66667,4.0],"texture":"#3"},"east":{"uv":[7.33333,8.0,6.66667,10.0],"texture":"#3"},"west":{"uv":[8.66667,6.66667,8.0,8.66667],"texture":"#3"},"up":{"uv":[10.66667,2.66667,8.66667,3.33333],"texture":"#3"},"down":{"uv":[10.66667,4.0,8.66667,3.33333],"texture":"#3"}}},{"from":[7.2,20.37389,14.46812],"to":[8.8,21.37389,16.46812],"rotation":{"origin":[8.0,19.75,14.42048],"axis":"x","angle":-22.5},"faces":{"north":{"uv":[3.66667,10.0,2.66667,10.66667],"texture":"#3"},"east":{"uv":[10.66667,8.66667,9.33333,9.33333],"texture":"#3"},"south":{"uv":[11.0,0.66667,10.0,1.33333],"texture":"#3"},"west":{"uv":[11.33333,0.0,10.0,0.66667],"texture":"#3"},"down":{"uv":[9.66667,5.33333,8.66667,4.0],"texture":"#3"}}},{"from":[6.67,21.37389,13.96812],"to":[9.333,22.37389,16.46812],"rotation":{"origin":[7.995,19.75,14.42048],"axis":"x","angle":-22.5},"faces":{"north":{"uv":[4.33333,9.33333,2.66667,10.0],"texture":"#3"},"east":{"uv":[11.0,2.0,9.33333,2.66667],"texture":"#3"},"south":{"uv":[11.0,1.33333,9.33333,2.0],"texture":"#3"},"west":{"uv":[6.33333,9.33333,4.66667,10.0],"texture":"#3"},"up":{"uv":[4.33333,4.0,2.66667,5.66667],"texture":"#3"},"down":{"uv":[6.33333,1.66667,4.66667,0.0],"texture":"#3"}}},{"from":[5.37611,18.42,13.96812],"to":[6.37611,21.083,16.46812],"rotation":{"origin":[8.0,19.745,14.42048],"axis":"y","angle":-22.5},"faces":{"north":{"uv":[2.66667,10.0,4.33333,9.33333],"texture":"#3","rotation":270},"east":{"uv":[6.33333,1.66667,4.66667,0.0],"texture":"#3","rotation":270},"south":{"uv":[9.33333,2.0,11.0,1.33333],"texture":"#3","rotation":90},"west":{"uv":[4.33333,4.0,2.66667,5.66667],"texture":"#3","rotation":270},"up":{"uv":[11.0,2.0,9.33333,2.66667],"texture":"#3","rotation":270},"down":{"uv":[6.33333,9.33333,4.66667,10.0],"texture":"#3","rotation":270}}},{"from":[6.37611,18.95,14.46812],"to":[7.37611,20.55,16.46812],"rotation":{"origin":[8.0,19.75,14.42048],"axis":"y","angle":-22.5},"faces":{"north":{"uv":[2.66667,10.66667,3.66667,10.0],"texture":"#3","rotation":270},"east":{"uv":[9.66667,5.33333,8.66667,4.0],"texture":"#3","rotation":270},"south":{"uv":[10.0,1.33333,11.0,0.66667],"texture":"#3","rotation":90},"up":{"uv":[10.66667,8.66667,9.33333,9.33333],"texture":"#3","rotation":270},"down":{"uv":[11.33333,0.0,10.0,0.66667],"texture":"#3","rotation":270}}},{"from":[6.667,17.12611,13.96812],"to":[9.33,18.12611,16.46812],"rotation":{"origin":[8.005,19.75,14.42048],"axis":"x","angle":22.5},"faces":{"north":{"uv":[4.33333,9.33333,2.66667,10.0],"texture":"#3","rotation":180},"east":{"uv":[6.33333,9.33333,4.66667,10.0],"texture":"#3","rotation":180},"south":{"uv":[11.0,1.33333,9.33333,2.0],"texture":"#3","rotation":180},"west":{"uv":[11.0,2.0,9.33333,2.66667],"texture":"#3","rotation":180},"up":{"uv":[6.33333,1.66667,4.66667,0.0],"texture":"#3","rotation":180},"down":{"uv":[4.33333,4.0,2.66667,5.66667],"texture":"#3","rotation":180}}},{"from":[7.2,18.12611,14.46812],"to":[8.8,19.12611,16.46812],"rotation":{"origin":[8.0,19.75,14.42048],"axis":"x","angle":22.5},"faces":{"north":{"uv":[3.66667,10.0,2.66667,10.66667],"texture":"#3","rotation":180},"east":{"uv":[11.33333,0.0,10.0,0.66667],"texture":"#3","rotation":180},"south":{"uv":[11.0,0.66667,10.0,1.33333],"texture":"#3","rotation":180},"west":{"uv":[10.66667,8.66667,9.33333,9.33333],"texture":"#3","rotation":180},"up":{"uv":[9.66667,5.33333,8.66667,4.0],"texture":"#3","rotation":180}}},{"from":[9.62389,18.417,13.96812],"to":[10.62389,21.08,16.46812],"rotation":{"origin":[8.0,19.755,14.42048],"axis":"y","angle":22.5},"faces":{"north":{"uv":[2.66667,10.0,4.33333,9.33333],"texture":"#3","rotation":90},"east":{"uv":[4.33333,4.0,2.66667,5.66667],"texture":"#3","rotation":90},"south":{"uv":[9.33333,2.0,11.0,1.33333],"texture":"#3","rotation":270},"west":{"uv":[6.33333,1.66667,4.66667,0.0],"texture":"#3","rotation":90},"up":{"uv":[6.33333,9.33333,4.66667,10.0],"texture":"#3","rotation":90},"down":{"uv":[11.0,2.0,9.33333,2.66667],"texture":"#3","rotation":90}}},{"from":[8.62389,18.95,14.46812],"to":[9.62389,20.55,16.46812],"rotation":{"origin":[8.0,19.75,14.42048],"axis":"y","angle":22.5},"faces":{"north":{"uv":[2.66667,10.66667,3.66667,10.0],"texture":"#3","rotation":90},"south":{"uv":[10.0,1.33333,11.0,0.66667],"texture":"#3","rotation":270},"west":{"uv":[9.66667,5.33333,8.66667,4.0],"texture":"#3","rotation":90},"up":{"uv":[11.33333,0.0,10.0,0.66667],"texture":"#3","rotation":90},"down":{"uv":[10.66667,8.66667,9.33333,9.33333],"texture":"#3","rotation":90}}}],"textures":{"particle":"62b4f276-8b94-4fce-8fd1-9d3ff45e996b","1":"62b4f276-8b94-4fce-8fd1-9d3ff45e996b","2":"75cb2b2d-85ca-4358-8dbd-89388c5e7c79","3":"a47ba0ab-73c1-4160-a7ef-c6417d2a705e"},"gui_light":"front"}