{"display":{"thirdperson_righthand":{"rotation":[64.5,0.0,0.0],"translation":[0.0,4.25,3.25],"scale":[0.7,0.7,0.7]},"thirdperson_lefthand":{"rotation":[64.5,0.0,0.0],"translation":[0.0,4.25,3.25],"scale":[0.7,0.7,0.7]},"firstperson_righthand":{"rotation":[159.25,0.0,-180.0],"translation":[0.0,3.5,-2.75],"scale":[0.75391,0.75391,0.75391]},"firstperson_lefthand":{"rotation":[159.25,0.0,-180.0],"translation":[0.0,3.5,-2.75],"scale":[0.75391,0.75391,0.75391]},"ground":{"translation":[0.0,5.0,0.0]},"gui":{"rotation":[25.0,135.0,0.0],"scale":[0.875,0.875,0.875]},"head":{"rotation":[0.0,180.0,0.0],"translation":[0.0,-25.75,0.0],"scale":[2.38867,2.38867,2.38867]},"fixed":{"rotation":[-90.0,0.0,0.0],"translation":[0.0,0.0,-20.0],"scale":[3.0,3.0,3.0]}},"elements":[{"from":[2.0,1.25,2.0],"to":[4.0,2.25,4.0],"rotation":{"origin":[2.0,1.25,2.0],"axis":"y","angle":0.0},"faces":{"north":{"uv":[11.66667,10.66667,12.33333,11.0],"texture":"#1"},"east":{"uv":[6.33333,12.0,7.0,12.33333],"texture":"#1"},"south":{"uv":[12.0,6.66667,12.66667,7.0],"texture":"#1"},"west":{"uv":[7.0,12.0,7.66667,12.33333],"texture":"#1"},"up":{"uv":[12.0,7.33333,11.33333,6.66667],"texture":"#1"},"down":{"uv":[12.0,7.33333,11.33333,8.0],"texture":"#1"}}},{"from":[2.5,2.63268,2.57612],"to":[3.5,4.63268,3.57612],"rotation":{"origin":[1.5,2.63268,1.57612],"axis":"x","angle":22.5},"faces":{"north":{"uv":[3.66667,8.0,4.0,8.66667],"texture":"#1"},"east":{"uv":[3.66667,8.66667,4.0,9.33333],"texture":"#1"},"south":{"uv":[3.66667,9.33333,4.0,10.0],"texture":"#1"},"west":{"uv":[3.66667,10.0,4.0,10.66667],"texture":"#1"},"up":{"uv":[4.0,11.0,3.66667,10.66667],"texture":"#1"}}},{"from":[2.5035,3.71508,3.18925],"to":[3.4965,4.71508,4.18925],"rotation":{"origin":[1.5035,3.71508,2.18925],"axis":"x","angle":0.0},"faces":{"north":{"uv":[2.0,11.0,2.33333,11.33333],"texture":"#1"},"east":{"uv":[5.0,11.66667,5.33333,12.0],"texture":"#1"},"south":{"uv":[8.66667,12.0,9.0,12.33333],"texture":"#1"},"west":{"uv":[9.0,12.0,9.33333,12.33333],"texture":"#1"},"up":{"uv":[9.66667,12.33333,9.33333,12.0],"texture":"#1"}}},{"from":[3.18925,3.71508,2.5035],"to":[4.18925,4.71508,3.4965],"rotation":{"origin":[3.51693,3.84881,3.0],"axis":"x","angle":0.0},"faces":{"north":{"uv":[9.66667,12.0,10.0,12.33333],"texture":"#1"},"east":{"uv":[10.0,12.0,10.33333,12.33333],"texture":"#1"},"south":{"uv":[10.33333,12.0,10.66667,12.33333],"texture":"#1"},"west":{"uv":[10.66667,12.0,11.0,12.33333],"texture":"#1"},"up":{"uv":[11.33333,12.33333,11.0,12.0],"texture":"#1"}}},{"from":[3.18925,1.98254,2.5],"to":[4.18925,3.98254,3.5],"rotation":{"origin":[3.51693,3.84881,3.0],"axis":"z","angle":-22.5},"faces":{"north":{"uv":[6.33333,11.33333,6.66667,12.0],"texture":"#1"},"east":{"uv":[2.66667,12.0,3.0,12.66667],"texture":"#1"},"south":{"uv":[12.0,7.0,12.33333,7.66667],"texture":"#1"},"west":{"uv":[7.66667,12.0,8.0,12.66667],"texture":"#1"},"up":{"uv":[11.66667,12.33333,11.33333,12.0],"texture":"#1"}}},{"from":[3.0,1.75,3.0],"to":[13.0,2.75,13.0],"rotation":{"origin":[3.0,1.75,3.0],"axis":"y","angle":0.0},"faces":{"north":{"uv":[11.0,1.33333,14.33333,1.66667],"texture":"#1"},"east":{"uv":[11.0,1.66667,14.33333,2.0],"texture":"#1"},"south":{"uv":[11.0,2.0,14.33333,2.33333],"texture":"#1"},"west":{"uv":[11.0,2.33333,14.33333,2.66667],"texture":"#1"},"up":{"uv":[11.0,3.33333,7.66667,0.0],"texture":"#1"},"down":{"uv":[11.0,3.33333,7.66667,6.66667],"texture":"#1"}}},{"from":[2.5,4.75,2.5],"to":[13.5,5.75,13.5],"rotation":{"origin":[3.0,4.75,3.0],"axis":"y","angle":0.0},"faces":{"north":{"uv":[10.66667,9.0,14.33333,9.33333],"texture":"#1"},"east":{"uv":[10.66667,9.33333,14.33333,9.66667],"texture":"#1"},"south":{"uv":[10.66667,9.66667,14.33333,10.0],"texture":"#1"},"west":{"uv":[11.0,0.0,14.66667,0.33333],"texture":"#1"},"up":{"uv":[7.66667,3.66667,4.0,0.0],"texture":"#1"},"down":{"uv":[7.66667,3.66667,4.0,7.33333],"texture":"#1"}}},{"from":[3.5,2.75,3.5],"to":[12.5,4.75,12.5],"rotation":{"origin":[3.0,3.75,3.0],"axis":"y","angle":0.0},"faces":{"north":{"uv":[0.0,8.66667,3.0,9.33333],"texture":"#1"},"east":{"uv":[7.66667,8.66667,10.66667,9.33333],"texture":"#1"},"south":{"uv":[0.0,9.33333,3.0,10.0],"texture":"#1"},"west":{"uv":[7.66667,9.33333,10.66667,10.0],"texture":"#1"}}},{"from":[2.5,4.5,1.5],"to":[4.5,6.0,4.5],"rotation":{"origin":[3.0,5.25,3.0],"axis":"y","angle":-45.0},"faces":{"north":{"uv":[3.66667,11.66667,4.33333,12.16667],"texture":"#1"},"east":{"uv":[2.0,11.33333,3.0,11.83333],"texture":"#1"},"south":{"uv":[4.33333,11.66667,5.0,12.16667],"texture":"#1"},"west":{"uv":[5.33333,11.33333,6.33333,11.83333],"texture":"#1"},"up":{"uv":[7.33333,12.0,6.66667,11.0],"texture":"#1"},"down":{"uv":[8.0,11.0,7.33333,12.0],"texture":"#1"}}},{"from":[6.0,3.75,1.85],"to":[8.0,5.75,3.35],"rotation":{"origin":[8.0,5.75,2.35],"axis":"z","angle":45.0},"faces":{"north":{"uv":[11.33333,8.0,12.0,8.66667],"texture":"#1"},"south":{"uv":[9.33333,11.33333,10.0,12.0],"texture":"#1"},"west":{"uv":[11.66667,5.0,12.16667,5.66667],"texture":"#1"},"down":{"uv":[12.33333,5.66667,11.66667,6.16667],"texture":"#1"}}},{"from":[8.0,3.75,1.85],"to":[10.0,5.75,3.35],"rotation":{"origin":[8.0,5.75,2.35],"axis":"z","angle":45.0},"faces":{"north":{"uv":[10.0,11.33333,10.66667,12.0],"texture":"#1"},"east":{"uv":[11.66667,10.0,12.16667,10.66667],"texture":"#1"},"south":{"uv":[10.66667,11.33333,11.33333,12.0],"texture":"#1"},"up":{"uv":[1.33333,12.5,0.66667,12.0],"texture":"#1"},"down":{"uv":[2.0,12.0,1.33333,12.5],"texture":"#1"}}},{"from":[6.0,5.75,1.85],"to":[8.0,7.75,3.35],"rotation":{"origin":[8.0,5.75,2.35],"axis":"z","angle":45.0},"faces":{"north":{"uv":[11.33333,11.33333,12.0,12.0],"texture":"#1"},"east":{"uv":[2.0,12.0,2.5,12.66667],"texture":"#1"},"south":{"uv":[3.0,11.66667,3.66667,12.33333],"texture":"#1"},"west":{"uv":[5.0,12.0,5.5,12.66667],"texture":"#1"},"up":{"uv":[6.33333,12.5,5.66667,12.0],"texture":"#1"}}},{"from":[12.0,1.25,2.0],"to":[14.0,2.25,4.0],"rotation":{"origin":[14.0,1.25,2.0],"axis":"y","angle":0.0},"faces":{"north":{"uv":[12.33333,10.66667,11.66667,11.0],"texture":"#1"},"east":{"uv":[7.66667,12.0,7.0,12.33333],"texture":"#1"},"south":{"uv":[12.66667,6.66667,12.0,7.0],"texture":"#1"},"west":{"uv":[7.0,12.0,6.33333,12.33333],"texture":"#1"},"up":{"uv":[11.33333,7.33333,12.0,6.66667],"texture":"#1"},"down":{"uv":[11.33333,7.33333,12.0,8.0],"texture":"#1"}}},{"from":[11.81075,1.98254,2.5],"to":[12.81075,3.98254,3.5],"rotation":{"origin":[12.48307,3.84881,3.0],"axis":"z","angle":22.5},"faces":{"north":{"uv":[6.66667,11.33333,6.33333,12.0],"texture":"#1"},"east":{"uv":[8.0,12.0,7.66667,12.66667],"texture":"#1"},"south":{"uv":[12.33333,7.0,12.0,7.66667],"texture":"#1"},"west":{"uv":[3.0,12.0,2.66667,12.66667],"texture":"#1"},"up":{"uv":[11.33333,12.33333,11.66667,12.0],"texture":"#1"}}},{"from":[12.5,2.63268,2.57612],"to":[13.5,4.63268,3.57612],"rotation":{"origin":[14.5,2.63268,1.57612],"axis":"x","angle":22.5},"faces":{"north":{"uv":[4.0,8.0,3.66667,8.66667],"texture":"#1"},"east":{"uv":[4.0,10.0,3.66667,10.66667],"texture":"#1"},"south":{"uv":[4.0,9.33333,3.66667,10.0],"texture":"#1"},"west":{"uv":[4.0,8.66667,3.66667,9.33333],"texture":"#1"},"up":{"uv":[3.66667,11.0,4.0,10.66667],"texture":"#1"}}},{"from":[12.5035,3.71508,3.18925],"to":[13.4965,4.71508,4.18925],"rotation":{"origin":[14.4965,3.71508,2.18925],"axis":"x","angle":0.0},"faces":{"north":{"uv":[2.33333,11.0,2.0,11.33333],"texture":"#1"},"east":{"uv":[9.33333,12.0,9.0,12.33333],"texture":"#1"},"south":{"uv":[9.0,12.0,8.66667,12.33333],"texture":"#1"},"west":{"uv":[5.33333,11.66667,5.0,12.0],"texture":"#1"},"up":{"uv":[9.33333,12.33333,9.66667,12.0],"texture":"#1"}}},{"from":[11.81075,3.71508,2.5035],"to":[12.81075,4.71508,3.4965],"rotation":{"origin":[12.48307,3.84881,3.0],"axis":"x","angle":0.0},"faces":{"north":{"uv":[10.0,12.0,9.66667,12.33333],"texture":"#1"},"east":{"uv":[11.0,12.0,10.66667,12.33333],"texture":"#1"},"south":{"uv":[10.66667,12.0,10.33333,12.33333],"texture":"#1"},"west":{"uv":[10.33333,12.0,10.0,12.33333],"texture":"#1"},"up":{"uv":[11.0,12.33333,11.33333,12.0],"texture":"#1"}}},{"from":[11.5,4.5,1.5],"to":[13.5,6.0,4.5],"rotation":{"origin":[13.0,5.25,3.0],"axis":"y","angle":45.0},"faces":{"north":{"uv":[4.33333,11.66667,3.66667,12.16667],"texture":"#1"},"east":{"uv":[6.33333,11.33333,5.33333,11.83333],"texture":"#1"},"south":{"uv":[5.0,11.66667,4.33333,12.16667],"texture":"#1"},"west":{"uv":[3.0,11.33333,2.0,11.83333],"texture":"#1"},"up":{"uv":[6.66667,12.0,7.33333,11.0],"texture":"#1"},"down":{"uv":[7.33333,11.0,8.0,12.0],"texture":"#1"}}},{"from":[2.0,1.25,12.0],"to":[4.0,2.25,14.0],"rotation":{"origin":[2.0,1.25,14.0],"axis":"y","angle":0.0},"faces":{"north":{"uv":[12.66667,6.66667,12.0,7.0],"texture":"#1"},"east":{"uv":[7.0,12.0,6.33333,12.33333],"texture":"#1"},"south":{"uv":[12.33333,10.66667,11.66667,11.0],"texture":"#1"},"west":{"uv":[7.66667,12.0,7.0,12.33333],"texture":"#1"},"up":{"uv":[12.0,6.66667,11.33333,7.33333],"texture":"#1"},"down":{"uv":[12.0,8.0,11.33333,7.33333],"texture":"#1"}}},{"from":[2.5,2.63268,12.42388],"to":[3.5,4.63268,13.42388],"rotation":{"origin":[1.5,2.63268,14.42388],"axis":"x","angle":-22.5},"faces":{"north":{"uv":[4.0,9.33333,3.66667,10.0],"texture":"#1"},"east":{"uv":[4.0,8.66667,3.66667,9.33333],"texture":"#1"},"south":{"uv":[4.0,8.0,3.66667,8.66667],"texture":"#1"},"west":{"uv":[4.0,10.0,3.66667,10.66667],"texture":"#1"},"up":{"uv":[4.0,10.66667,3.66667,11.0],"texture":"#1"}}},{"from":[3.18925,1.98254,12.5],"to":[4.18925,3.98254,13.5],"rotation":{"origin":[3.51693,3.84881,13.0],"axis":"z","angle":-22.5},"faces":{"north":{"uv":[12.33333,7.0,12.0,7.66667],"texture":"#1"},"east":{"uv":[3.0,12.0,2.66667,12.66667],"texture":"#1"},"south":{"uv":[6.66667,11.33333,6.33333,12.0],"texture":"#1"},"west":{"uv":[8.0,12.0,7.66667,12.66667],"texture":"#1"},"up":{"uv":[11.66667,12.0,11.33333,12.33333],"texture":"#1"}}},{"from":[2.5035,3.71508,11.81075],"to":[3.4965,4.71508,12.81075],"rotation":{"origin":[1.5035,3.71508,13.81075],"axis":"x","angle":0.0},"faces":{"north":{"uv":[9.0,12.0,8.66667,12.33333],"texture":"#1"},"east":{"uv":[5.33333,11.66667,5.0,12.0],"texture":"#1"},"south":{"uv":[2.33333,11.0,2.0,11.33333],"texture":"#1"},"west":{"uv":[9.33333,12.0,9.0,12.33333],"texture":"#1"},"up":{"uv":[9.66667,12.0,9.33333,12.33333],"texture":"#1"}}},{"from":[3.18925,3.71508,12.5035],"to":[4.18925,4.71508,13.4965],"rotation":{"origin":[3.51693,3.84881,13.0],"axis":"x","angle":0.0},"faces":{"north":{"uv":[10.66667,12.0,10.33333,12.33333],"texture":"#1"},"east":{"uv":[10.33333,12.0,10.0,12.33333],"texture":"#1"},"south":{"uv":[10.0,12.0,9.66667,12.33333],"texture":"#1"},"west":{"uv":[11.0,12.0,10.66667,12.33333],"texture":"#1"},"up":{"uv":[11.33333,12.0,11.0,12.33333],"texture":"#1"}}},{"from":[2.5,4.5,11.5],"to":[4.5,6.0,14.5],"rotation":{"origin":[3.0,5.25,13.0],"axis":"y","angle":45.0},"faces":{"north":{"uv":[5.0,11.66667,4.33333,12.16667],"texture":"#1"},"east":{"uv":[3.0,11.33333,2.0,11.83333],"texture":"#1"},"south":{"uv":[4.33333,11.66667,3.66667,12.16667],"texture":"#1"},"west":{"uv":[6.33333,11.33333,5.33333,11.83333],"texture":"#1"},"up":{"uv":[7.33333,11.0,6.66667,12.0],"texture":"#1"},"down":{"uv":[8.0,12.0,7.33333,11.0],"texture":"#1"}}},{"from":[12.0,1.25,12.0],"to":[14.0,2.25,14.0],"rotation":{"origin":[14.0,1.25,14.0],"axis":"y","angle":0.0},"faces":{"north":{"uv":[12.0,6.66667,12.66667,7.0],"texture":"#1"},"east":{"uv":[7.0,12.0,7.66667,12.33333],"texture":"#1"},"south":{"uv":[11.66667,10.66667,12.33333,11.0],"texture":"#1"},"west":{"uv":[6.33333,12.0,7.0,12.33333],"texture":"#1"},"up":{"uv":[11.33333,6.66667,12.0,7.33333],"texture":"#1"},"down":{"uv":[11.33333,8.0,12.0,7.33333],"texture":"#1"}}},{"from":[11.81075,1.98254,12.5],"to":[12.81075,3.98254,13.5],"rotation":{"origin":[12.48307,3.84881,13.0],"axis":"z","angle":22.5},"faces":{"north":{"uv":[12.0,7.0,12.33333,7.66667],"texture":"#1"},"east":{"uv":[7.66667,12.0,8.0,12.66667],"texture":"#1"},"south":{"uv":[6.33333,11.33333,6.66667,12.0],"texture":"#1"},"west":{"uv":[2.66667,12.0,3.0,12.66667],"texture":"#1"},"up":{"uv":[11.33333,12.0,11.66667,12.33333],"texture":"#1"}}},{"from":[12.5,2.63268,12.42388],"to":[13.5,4.63268,13.42388],"rotation":{"origin":[14.5,2.63268,14.42388],"axis":"x","angle":-22.5},"faces":{"north":{"uv":[3.66667,9.33333,4.0,10.0],"texture":"#1"},"east":{"uv":[3.66667,10.0,4.0,10.66667],"texture":"#1"},"south":{"uv":[3.66667,8.0,4.0,8.66667],"texture":"#1"},"west":{"uv":[3.66667,8.66667,4.0,9.33333],"texture":"#1"},"up":{"uv":[3.66667,10.66667,4.0,11.0],"texture":"#1"}}},{"from":[12.5035,3.71508,11.81075],"to":[13.4965,4.71508,12.81075],"rotation":{"origin":[14.4965,3.71508,13.81075],"axis":"x","angle":0.0},"faces":{"north":{"uv":[8.66667,12.0,9.0,12.33333],"texture":"#1"},"east":{"uv":[9.0,12.0,9.33333,12.33333],"texture":"#1"},"south":{"uv":[2.0,11.0,2.33333,11.33333],"texture":"#1"},"west":{"uv":[5.0,11.66667,5.33333,12.0],"texture":"#1"},"up":{"uv":[9.33333,12.0,9.66667,12.33333],"texture":"#1"}}},{"from":[11.81075,3.71508,12.5035],"to":[12.81075,4.71508,13.4965],"rotation":{"origin":[12.48307,3.84881,13.0],"axis":"x","angle":0.0},"faces":{"north":{"uv":[10.33333,12.0,10.66667,12.33333],"texture":"#1"},"east":{"uv":[10.66667,12.0,11.0,12.33333],"texture":"#1"},"south":{"uv":[9.66667,12.0,10.0,12.33333],"texture":"#1"},"west":{"uv":[10.0,12.0,10.33333,12.33333],"texture":"#1"},"up":{"uv":[11.0,12.0,11.33333,12.33333],"texture":"#1"}}},{"from":[11.5,4.5,11.5],"to":[13.5,6.0,14.5],"rotation":{"origin":[13.0,5.25,13.0],"axis":"y","angle":-45.0},"faces":{"north":{"uv":[4.33333,11.66667,5.0,12.16667],"texture":"#1"},"east":{"uv":[5.33333,11.33333,6.33333,11.83333],"texture":"#1"},"south":{"uv":[3.66667,11.66667,4.33333,12.16667],"texture":"#1"},"west":{"uv":[2.0,11.33333,3.0,11.83333],"texture":"#1"},"up":{"uv":[6.66667,11.0,7.33333,12.0],"texture":"#1"},"down":{"uv":[7.33333,12.0,8.0,11.0],"texture":"#1"}}},{"from":[2.0,5.75,2.0],"to":[14.0,6.75,14.0],"rotation":{"origin":[3.0,-7.25,3.0],"axis":"y","angle":0.0},"faces":{"north":{"uv":[7.66667,10.0,11.66667,10.33333],"texture":"#1"},"east":{"uv":[7.66667,10.33333,11.66667,10.66667],"texture":"#1"},"south":{"uv":[7.66667,10.66667,11.66667,11.0],"texture":"#1"},"west":{"uv":[10.66667,8.66667,14.66667,9.0],"texture":"#1"},"up":{"uv":[4.0,4.0,0.0,0.0],"texture":"#1"},"down":{"uv":[4.0,4.0,0.0,8.0],"texture":"#1"}}},{"from":[2.5,6.75,2.5],"to":[13.5,8.75,13.5],"rotation":{"origin":[3.0,-2.25,3.0],"axis":"y","angle":0.0},"faces":{"north":{"uv":[7.66667,6.66667,11.33333,7.33333],"texture":"#1"},"east":{"uv":[7.66667,7.33333,11.33333,8.0],"texture":"#1"},"south":{"uv":[0.0,8.0,3.66667,8.66667],"texture":"#1"},"west":{"uv":[7.66667,8.0,11.33333,8.66667],"texture":"#1"},"up":{"uv":[7.66667,11.0,4.0,7.33333],"texture":"#1"}}},{"from":[2.25,5.5,1.3],"to":[4.0,8.5,4.7],"rotation":{"origin":[3.0,-0.75,3.0],"axis":"y","angle":-45.0},"faces":{"north":{"uv":[8.0,11.0,8.66667,12.0],"texture":"#1"},"east":{"uv":[11.0,0.33333,12.16667,1.33333],"texture":"#1"},"south":{"uv":[8.66667,11.0,9.33333,12.0],"texture":"#1"},"west":{"uv":[0.66667,11.0,1.83333,12.0],"texture":"#1"},"up":{"uv":[3.0,11.16667,2.33333,10.0],"texture":"#1"},"down":{"uv":[11.66667,5.0,11.0,6.16667],"texture":"#1"}}},{"from":[10.5,8.75,3.5],"to":[12.5,9.75,12.5],"rotation":{"origin":[3.0,-2.25,3.0],"axis":"y","angle":0.0},"faces":{"north":{"uv":[12.0,7.66667,12.66667,8.0],"texture":"#1"},"east":{"uv":[3.66667,11.0,6.66667,11.33333],"texture":"#1"},"south":{"uv":[8.0,12.0,8.66667,12.33333],"texture":"#1"},"west":{"uv":[11.0,4.0,14.0,4.33333],"texture":"#1"},"up":{"uv":[3.66667,11.66667,3.0,8.66667],"texture":"#1"}}},{"from":[3.5,8.75,3.5],"to":[5.5,9.75,12.5],"rotation":{"origin":[3.0,-2.25,3.0],"axis":"y","angle":0.0},"faces":{"north":{"uv":[12.0,8.0,12.66667,8.33333],"texture":"#1"},"east":{"uv":[11.0,4.33333,14.0,4.66667],"texture":"#1"},"south":{"uv":[12.0,8.33333,12.66667,8.66667],"texture":"#1"},"west":{"uv":[11.0,4.66667,14.0,5.0],"texture":"#1"},"up":{"uv":[0.66667,13.0,0.0,10.0],"texture":"#1"}}},{"from":[5.5,8.75,3.5],"to":[10.5,9.75,5.5],"rotation":{"origin":[3.0,-2.25,3.0],"axis":"y","angle":0.0},"faces":{"north":{"uv":[11.0,6.33333,12.66667,6.66667],"texture":"#1"},"south":{"uv":[9.33333,11.0,11.0,11.33333],"texture":"#1"},"up":{"uv":[12.66667,3.33333,11.0,2.66667],"texture":"#1"}}},{"from":[5.5,8.75,10.5],"to":[10.5,9.75,12.5],"rotation":{"origin":[3.0,-2.25,3.0],"axis":"y","angle":0.0},"faces":{"north":{"uv":[11.0,11.0,12.66667,11.33333],"texture":"#1"},"south":{"uv":[3.66667,11.33333,5.33333,11.66667],"texture":"#1"},"up":{"uv":[12.66667,4.0,11.0,3.33333],"texture":"#1"}}},{"from":[12.0,5.5,1.3],"to":[13.75,8.5,4.7],"rotation":{"origin":[13.0,-0.75,3.0],"axis":"y","angle":45.0},"faces":{"north":{"uv":[8.66667,11.0,8.0,12.0],"texture":"#1"},"east":{"uv":[1.83333,11.0,0.66667,12.0],"texture":"#1"},"south":{"uv":[9.33333,11.0,8.66667,12.0],"texture":"#1"},"west":{"uv":[12.16667,0.33333,11.0,1.33333],"texture":"#1"},"up":{"uv":[2.33333,11.16667,3.0,10.0],"texture":"#1"},"down":{"uv":[11.0,5.0,11.66667,6.16667],"texture":"#1"}}},{"from":[2.25,5.5,11.3],"to":[4.0,8.5,14.7],"rotation":{"origin":[3.0,-0.75,13.0],"axis":"y","angle":45.0},"faces":{"north":{"uv":[9.33333,11.0,8.66667,12.0],"texture":"#1"},"east":{"uv":[12.16667,0.33333,11.0,1.33333],"texture":"#1"},"south":{"uv":[8.66667,11.0,8.0,12.0],"texture":"#1"},"west":{"uv":[1.83333,11.0,0.66667,12.0],"texture":"#1"},"up":{"uv":[3.0,10.0,2.33333,11.16667],"texture":"#1"},"down":{"uv":[11.66667,6.16667,11.0,5.0],"texture":"#1"}}},{"from":[12.0,5.5,11.3],"to":[13.75,8.5,14.7],"rotation":{"origin":[13.0,-0.75,13.0],"axis":"y","angle":-45.0},"faces":{"north":{"uv":[8.66667,11.0,9.33333,12.0],"texture":"#1"},"east":{"uv":[0.66667,11.0,1.83333,12.0],"texture":"#1"},"south":{"uv":[8.0,11.0,8.66667,12.0],"texture":"#1"},"west":{"uv":[11.0,0.33333,12.16667,1.33333],"texture":"#1"},"up":{"uv":[2.33333,10.0,3.0,11.16667],"texture":"#1"},"down":{"uv":[11.0,6.16667,11.66667,5.0],"texture":"#1"}}},{"from":[4.0,9.75,7.75],"to":[12.0,17.75,7.78],"rotation":{"origin":[8.0,14.75,8.765],"axis":"x","angle":0.0},"faces":{"north":{"uv":[0.0,0.0,16.0,16.0],"texture":"#2"},"south":{"uv":[16.0,0.0,0.0,16.0],"texture":"#2"}}}],"textures":{"particle":"20b838f5-4cd6-46c4-b9a7-39f7d2c87e5a","1":"d5cb72a7-d749-40c1-963c-4b1799a60a1d","2":"20b838f5-4cd6-46c4-b9a7-39f7d2c87e5a"},"gui_light":"front"}