{"display":{"thirdperson_righthand":{"translation":[0.0,2.25,1.0]},"thirdperson_lefthand":{"translation":[0.0,2.25,1.0]},"firstperson_righthand":{"rotation":[-10.0,0.0,0.0],"translation":[0.0,4.25,1.75]},"firstperson_lefthand":{"rotation":[-10.0,0.0,0.0],"translation":[0.0,4.25,1.75]},"ground":{"rotation":[-45.0,0.0,0.0],"translation":[0.0,8.25,0.0]},"gui":{"rotation":[-90.0,45.0,90.0],"translation":[1.0,0.0,0.0]},"head":{"rotation":[90.0,-90.0,90.0]},"fixed":{"rotation":[0.0,-90.0,0.0],"translation":[0.0,0.5,-1.5],"scale":[2.5,2.5,2.5]}},"elements":[{"from":[7.5,1.07897,7.5],"to":[8.5,2.07897,8.5],"rotation":{"origin":[7.5,-3.39603,8.55],"axis":"y","angle":0.0},"faces":{"north":{"uv":[6.0,10.0,7.0,11.0],"texture":"#4"},"east":{"uv":[9.0,10.0,10.0,11.0],"texture":"#4"},"south":{"uv":[10.0,10.0,11.0,11.0],"texture":"#4"},"west":{"uv":[11.0,2.0,12.0,3.0],"texture":"#4"},"up":{"uv":[12.0,4.0,11.0,3.0],"texture":"#4"}}},{"from":[7.5,5.225,7.5],"to":[8.5,6.225,8.5],"rotation":{"origin":[8.0,6.725,8.15],"axis":"y","angle":0.0},"faces":{"north":{"uv":[11.0,4.0,12.0,5.0],"texture":"#4"},"east":{"uv":[11.0,5.0,12.0,6.0],"texture":"#4"},"south":{"uv":[6.0,11.0,7.0,12.0],"texture":"#4"},"west":{"uv":[11.0,6.0,12.0,7.0],"texture":"#4"},"down":{"uv":[8.0,11.0,7.0,12.0],"texture":"#4"}}},{"from":[7.5,7.475,7.5],"to":[8.5,10.475,8.5],"rotation":{"origin":[8.0,6.725,8.15],"axis":"y","angle":0.0},"faces":{"north":{"uv":[5.0,4.0,6.0,7.0],"texture":"#4"},"east":{"uv":[6.0,4.0,7.0,7.0],"texture":"#4"},"south":{"uv":[7.0,0.0,8.0,3.0],"texture":"#4"},"west":{"uv":[7.0,3.0,8.0,6.0],"texture":"#4"},"up":{"uv":[7.0,13.0,6.0,12.0],"texture":"#4"}}},{"from":[7.565,10.475,7.565],"to":[8.435,13.085,8.435],"rotation":{"origin":[8.0,7.3425,8.1305],"axis":"y","angle":0.0},"faces":{"north":{"uv":[5.0,7.0,6.0,9.5],"texture":"#4"},"east":{"uv":[6.0,7.0,7.0,9.5],"texture":"#4"},"south":{"uv":[7.0,6.0,8.0,8.5],"texture":"#4"},"west":{"uv":[8.0,0.0,9.0,2.5],"texture":"#4"},"up":{"uv":[13.0,7.0,12.0,6.0],"texture":"#4"}}},{"from":[7.62155,13.085,7.62155],"to":[8.37845,15.3557,8.37845],"rotation":{"origin":[8.0,8.24972,8.11353],"axis":"y","angle":0.0},"faces":{"north":{"uv":[8.0,3.0,9.0,5.5],"texture":"#4"},"east":{"uv":[8.0,6.0,9.0,8.5],"texture":"#4"},"south":{"uv":[9.0,0.0,10.0,2.5],"texture":"#4"},"west":{"uv":[9.0,3.0,10.0,5.5],"texture":"#4"}}},{"from":[7.5,4.225,7.5],"to":[8.5,4.725,8.5],"rotation":{"origin":[8.0,3.65199,8.00452],"axis":"y","angle":0.0},"faces":{"north":{"uv":[13.0,6.0,14.0,6.5],"texture":"#4"},"east":{"uv":[7.0,13.0,8.0,13.5],"texture":"#4"},"south":{"uv":[13.0,7.0,14.0,7.5],"texture":"#4"},"west":{"uv":[8.0,13.0,9.0,13.5],"texture":"#4"},"up":{"uv":[12.0,8.0,11.0,7.0],"texture":"#4"},"down":{"uv":[9.0,11.0,8.0,12.0],"texture":"#4"}}},{"from":[7.5,2.57897,7.5],"to":[8.5,3.07897,8.5],"rotation":{"origin":[8.0,3.65199,7.99548],"axis":"y","angle":0.0},"faces":{"north":{"uv":[13.0,8.0,14.0,8.5],"texture":"#4"},"east":{"uv":[9.0,13.0,10.0,13.5],"texture":"#4"},"south":{"uv":[13.0,9.0,14.0,9.5],"texture":"#4"},"west":{"uv":[10.0,13.0,11.0,13.5],"texture":"#4"},"up":{"uv":[12.0,9.0,11.0,8.0],"texture":"#4"},"down":{"uv":[10.0,11.0,9.0,12.0],"texture":"#4"}}},{"from":[7.4,3.047,7.39637],"to":[8.6,4.247,8.59637],"rotation":{"origin":[8.0,3.65199,7.99672],"axis":"x","angle":-45.0},"faces":{"north":{"uv":[11.0,9.0,12.0,10.0],"texture":"#4"},"east":{"uv":[10.0,11.0,11.0,12.0],"texture":"#4"},"south":{"uv":[11.0,10.0,12.0,11.0],"texture":"#4"},"west":{"uv":[11.0,11.0,12.0,12.0],"texture":"#4"},"up":{"uv":[1.0,13.0,0.0,12.0],"texture":"#4"},"down":{"uv":[13.0,0.0,12.0,1.0],"texture":"#4"}}},{"from":[7.4,15.047,7.39637],"to":[8.6,16.247,8.59637],"rotation":{"origin":[8.0,15.65199,7.99672],"axis":"x","angle":-45.0},"faces":{"north":{"uv":[7.0,12.0,8.0,13.0],"texture":"#4"},"east":{"uv":[12.0,7.0,13.0,8.0],"texture":"#4"},"south":{"uv":[8.0,12.0,9.0,13.0],"texture":"#4"},"west":{"uv":[12.0,8.0,13.0,9.0],"texture":"#4"},"up":{"uv":[10.0,13.0,9.0,12.0],"texture":"#4"},"down":{"uv":[13.0,9.0,12.0,10.0],"texture":"#4"}}},{"from":[7.6,2.07897,7.6],"to":[8.4,2.57897,8.4],"rotation":{"origin":[8.0,3.65199,7.99548],"axis":"y","angle":0.0},"faces":{"north":{"uv":[11.0,13.0,12.0,13.5],"texture":"#4"},"east":{"uv":[13.0,11.0,14.0,11.5],"texture":"#4"},"south":{"uv":[12.0,13.0,13.0,13.5],"texture":"#4"},"west":{"uv":[13.0,12.0,14.0,12.5],"texture":"#4"}}},{"from":[7.6,4.725,7.6],"to":[8.4,5.225,8.4],"rotation":{"origin":[8.0,3.65199,8.00452],"axis":"y","angle":0.0},"faces":{"north":{"uv":[13.0,13.0,14.0,13.5],"texture":"#4"},"east":{"uv":[1.0,14.0,2.0,14.5],"texture":"#4"},"south":{"uv":[14.0,1.0,15.0,1.5],"texture":"#4"},"west":{"uv":[2.0,14.0,3.0,14.5],"texture":"#4"}}},{"from":[7.75,0.11254,6.94818],"to":[8.25,1.11254,7.94818],"rotation":{"origin":[8.0,1.23632,7.98062],"axis":"x","angle":22.5},"faces":{"north":{"uv":[14.0,2.0,14.5,3.0],"texture":"#4"},"east":{"uv":[1.0,12.0,2.0,13.0],"texture":"#4"},"south":{"uv":[14.0,3.0,14.5,4.0],"texture":"#4"},"west":{"uv":[12.0,1.0,13.0,2.0],"texture":"#4"},"up":{"uv":[4.5,15.0,4.0,14.0],"texture":"#4"},"down":{"uv":[14.5,4.0,14.0,5.0],"texture":"#4"}}},{"from":[7.752,1.17173,6.45595],"to":[8.248,2.22173,7.18095],"rotation":{"origin":[8.0,1.23632,7.98062],"axis":"x","angle":-22.5},"faces":{"north":{"uv":[5.0,14.0,5.5,15.0],"texture":"#4"},"east":{"uv":[14.0,5.0,14.5,6.0],"texture":"#4"},"south":{"uv":[6.0,14.0,6.5,15.0],"texture":"#4"},"west":{"uv":[14.0,6.0,14.5,7.0],"texture":"#4"},"up":{"uv":[15.5,0.5,15.0,0.0],"texture":"#4"}}},{"from":[7.752,1.17173,8.81905],"to":[8.248,2.22173,9.54405],"rotation":{"origin":[8.0,1.23632,8.01938],"axis":"x","angle":22.5},"faces":{"north":{"uv":[7.0,14.0,7.5,15.0],"texture":"#4"},"east":{"uv":[14.0,7.0,14.5,8.0],"texture":"#4"},"south":{"uv":[8.0,14.0,8.5,15.0],"texture":"#4"},"west":{"uv":[14.0,8.0,14.5,9.0],"texture":"#4"},"up":{"uv":[1.5,15.5,1.0,15.0],"texture":"#4"}}},{"from":[7.75,0.11254,8.05182],"to":[8.25,1.11254,9.05182],"rotation":{"origin":[8.0,1.23632,8.01938],"axis":"x","angle":-22.5},"faces":{"north":{"uv":[9.0,14.0,9.5,15.0],"texture":"#4"},"east":{"uv":[2.0,12.0,3.0,13.0],"texture":"#4"},"south":{"uv":[14.0,9.0,14.5,10.0],"texture":"#4"},"west":{"uv":[12.0,2.0,13.0,3.0],"texture":"#4"},"up":{"uv":[10.5,15.0,10.0,14.0],"texture":"#4"},"down":{"uv":[14.5,10.0,14.0,11.0],"texture":"#4"}}},{"from":[7.405,0.3916,7.66275],"to":[8.595,1.5816,8.85275],"rotation":{"origin":[8.0,1.23632,7.98062],"axis":"x","angle":45.0},"faces":{"north":{"uv":[3.0,12.0,4.0,13.0],"texture":"#4"},"east":{"uv":[12.0,3.0,13.0,4.0],"texture":"#4"},"south":{"uv":[4.0,12.0,5.0,13.0],"texture":"#4"},"west":{"uv":[12.0,4.0,13.0,5.0],"texture":"#4"},"up":{"uv":[6.0,13.0,5.0,12.0],"texture":"#4"},"down":{"uv":[13.0,5.0,12.0,6.0],"texture":"#4"}}},{"from":[7.4,5.975,7.25],"to":[8.6,7.725,9.0],"rotation":{"origin":[8.0,6.725,8.0],"axis":"x","angle":-45.0},"faces":{"north":{"uv":[10.0,2.0,11.0,4.0],"texture":"#4"},"east":{"uv":[5.0,0.0,7.0,2.0],"texture":"#4"},"south":{"uv":[4.0,10.0,5.0,12.0],"texture":"#4"},"west":{"uv":[5.0,2.0,7.0,4.0],"texture":"#4"},"up":{"uv":[11.0,6.0,10.0,4.0],"texture":"#4"},"down":{"uv":[6.0,10.0,5.0,12.0],"texture":"#4"}}},{"from":[7.15,6.225,7.5],"to":[8.85,7.475,8.75],"rotation":{"origin":[8.0,6.725,8.0],"axis":"x","angle":-45.0},"faces":{"north":{"uv":[9.0,6.0,10.5,7.5],"texture":"#4"},"east":{"uv":[7.0,9.0,8.5,10.5],"texture":"#4"},"south":{"uv":[9.0,8.0,10.5,9.5],"texture":"#4"},"west":{"uv":[0.0,10.0,1.5,11.5],"texture":"#4"},"up":{"uv":[11.5,1.5,10.0,0.0],"texture":"#4"},"down":{"uv":[3.5,10.0,2.0,11.5],"texture":"#4"}}},{"from":[7.0,5.51053,6.25],"to":[7.0,9.01053,9.75],"rotation":{"origin":[7.0,7.26053,8.0],"axis":"x","angle":45.0},"faces":{"west":{"uv":[0.0,0.0,7.0,7.0],"texture":"#1"}}},{"from":[9.0,5.51053,6.25],"to":[9.0,9.01053,9.75],"rotation":{"origin":[9.0,7.26053,8.0],"axis":"x","angle":45.0},"faces":{"east":{"uv":[7.0,0.0,0.0,7.0],"texture":"#1"}}},{"from":[7.77411,4.625,8.80068],"to":[7.80411,9.625,13.30068],"rotation":{"origin":[7.80411,4.625,8.80068],"axis":"y","angle":-45.0},"faces":{"east":{"uv":[4.5,0.0,0.0,5.0],"texture":"#main"},"west":{"uv":[0.0,0.0,4.5,5.0],"texture":"#main"}}},{"from":[7.77411,4.625,8.80068],"to":[7.80411,9.625,13.30068],"rotation":{"origin":[7.80411,4.625,8.80068],"axis":"y","angle":-22.5},"faces":{"east":{"uv":[12.5,0.0,8.0,5.0],"texture":"#main"},"west":{"uv":[8.0,0.0,12.5,5.0],"texture":"#main"}}},{"from":[7.77411,4.625,8.80068],"to":[7.80411,9.625,13.30068],"rotation":{"origin":[7.80411,4.625,8.80068],"axis":"y","angle":0.0},"faces":{"east":{"uv":[4.5,8.0,0.0,13.0],"texture":"#main"},"west":{"uv":[0.0,8.0,4.5,13.0],"texture":"#main"}}},{"from":[8.19589,4.625,8.80068],"to":[8.22589,9.625,13.30068],"rotation":{"origin":[8.19589,4.625,8.80068],"axis":"y","angle":45.0},"faces":{"east":{"uv":[4.5,0.0,0.0,5.0],"texture":"#main"},"west":{"uv":[0.0,0.0,4.5,5.0],"texture":"#main"}}},{"from":[8.19589,4.625,8.80068],"to":[8.22589,9.625,13.30068],"rotation":{"origin":[8.19589,4.625,8.80068],"axis":"y","angle":22.5},"faces":{"east":{"uv":[12.5,0.0,8.0,5.0],"texture":"#main"},"west":{"uv":[8.0,0.0,12.5,5.0],"texture":"#main"}}},{"from":[8.19589,4.625,8.80068],"to":[8.22589,9.625,13.30068],"rotation":{"origin":[8.19589,4.625,8.80068],"axis":"y","angle":0.0},"faces":{"east":{"uv":[4.5,8.0,0.0,13.0],"texture":"#main"},"west":{"uv":[0.0,8.0,4.5,13.0],"texture":"#main"}}},{"from":[7.0,8.675,5.825],"to":[7.5,9.175,7.825],"rotation":{"origin":[7.0,8.675,5.825],"axis":"y","angle":0.0},"faces":{"north":{"uv":[15.0,1.0,15.5,1.5],"texture":"#4"},"east":{"uv":[10.0,12.0,12.0,12.5],"texture":"#4"},"south":{"uv":[2.0,15.0,2.5,15.5],"texture":"#4"},"west":{"uv":[12.0,10.0,14.0,10.5],"texture":"#4"},"up":{"uv":[12.5,13.0,12.0,11.0],"texture":"#4"},"down":{"uv":[0.5,13.0,0.0,15.0],"texture":"#4"}}},{"from":[8.5,8.675,5.825],"to":[9.0,9.175,7.825],"rotation":{"origin":[8.5,8.675,5.825],"axis":"y","angle":0.0},"faces":{"north":{"uv":[15.0,2.0,15.5,2.5],"texture":"#4"},"east":{"uv":[13.0,0.0,15.0,0.5],"texture":"#4"},"south":{"uv":[3.0,15.0,3.5,15.5],"texture":"#4"},"west":{"uv":[1.0,13.0,3.0,13.5],"texture":"#4"},"up":{"uv":[13.5,3.0,13.0,1.0],"texture":"#4"},"down":{"uv":[3.5,13.0,3.0,15.0],"texture":"#4"}}},{"from":[7.5,8.675,7.325],"to":[8.5,9.175,7.825],"rotation":{"origin":[8.0,8.675,5.825],"axis":"y","angle":0.0},"faces":{"north":{"uv":[11.0,14.0,12.0,14.5],"texture":"#4"},"south":{"uv":[14.0,11.0,15.0,11.5],"texture":"#4"},"up":{"uv":[13.0,14.5,12.0,14.0],"texture":"#4"},"down":{"uv":[15.0,12.0,14.0,12.5],"texture":"#4"}}},{"from":[7.5,8.675,5.825],"to":[8.5,9.175,6.325],"rotation":{"origin":[8.0,8.675,4.325],"axis":"y","angle":0.0},"faces":{"north":{"uv":[13.0,14.0,14.0,14.5],"texture":"#4"},"south":{"uv":[14.0,13.0,15.0,13.5],"texture":"#4"},"up":{"uv":[15.0,14.5,14.0,14.0],"texture":"#4"},"down":{"uv":[1.0,15.0,0.0,15.5],"texture":"#4"}}},{"from":[7.5,11.6,7.325],"to":[8.5,12.1,7.825],"rotation":{"origin":[8.0,11.6,5.825],"axis":"y","angle":0.0},"faces":{"north":{"uv":[11.0,14.0,12.0,14.5],"texture":"#4"},"south":{"uv":[14.0,11.0,15.0,11.5],"texture":"#4"},"up":{"uv":[13.0,14.5,12.0,14.0],"texture":"#4"},"down":{"uv":[15.0,12.0,14.0,12.5],"texture":"#4"}}},{"from":[7.0,11.6,5.825],"to":[7.5,12.1,7.825],"rotation":{"origin":[7.0,11.6,5.825],"axis":"y","angle":0.0},"faces":{"north":{"uv":[15.0,1.0,15.5,1.5],"texture":"#4"},"east":{"uv":[10.0,12.0,12.0,12.5],"texture":"#4"},"south":{"uv":[2.0,15.0,2.5,15.5],"texture":"#4"},"west":{"uv":[12.0,10.0,14.0,10.5],"texture":"#4"},"up":{"uv":[12.5,13.0,12.0,11.0],"texture":"#4"},"down":{"uv":[0.5,13.0,0.0,15.0],"texture":"#4"}}},{"from":[7.5,11.6,5.825],"to":[8.5,12.1,6.325],"rotation":{"origin":[8.0,11.6,4.325],"axis":"y","angle":0.0},"faces":{"north":{"uv":[13.0,14.0,14.0,14.5],"texture":"#4"},"south":{"uv":[14.0,13.0,15.0,13.5],"texture":"#4"},"up":{"uv":[15.0,14.5,14.0,14.0],"texture":"#4"},"down":{"uv":[1.0,15.0,0.0,15.5],"texture":"#4"}}},{"from":[8.5,11.6,5.825],"to":[9.0,12.1,7.825],"rotation":{"origin":[8.5,11.6,5.825],"axis":"y","angle":0.0},"faces":{"north":{"uv":[15.0,2.0,15.5,2.5],"texture":"#4"},"east":{"uv":[13.0,0.0,15.0,0.5],"texture":"#4"},"south":{"uv":[3.0,15.0,3.5,15.5],"texture":"#4"},"west":{"uv":[1.0,13.0,3.0,13.5],"texture":"#4"},"up":{"uv":[13.5,3.0,13.0,1.0],"texture":"#4"},"down":{"uv":[3.5,13.0,3.0,15.0],"texture":"#4"}}},{"from":[7.5,14.525,7.325],"to":[8.5,15.025,7.825],"rotation":{"origin":[8.0,14.525,5.825],"axis":"y","angle":0.0},"faces":{"north":{"uv":[11.0,14.0,12.0,14.5],"texture":"#4"},"south":{"uv":[14.0,11.0,15.0,11.5],"texture":"#4"},"up":{"uv":[13.0,14.5,12.0,14.0],"texture":"#4"},"down":{"uv":[15.0,12.0,14.0,12.5],"texture":"#4"}}},{"from":[7.0,14.525,5.825],"to":[7.5,15.025,7.825],"rotation":{"origin":[7.0,14.525,5.825],"axis":"y","angle":0.0},"faces":{"north":{"uv":[15.0,1.0,15.5,1.5],"texture":"#4"},"east":{"uv":[10.0,12.0,12.0,12.5],"texture":"#4"},"south":{"uv":[2.0,15.0,2.5,15.5],"texture":"#4"},"west":{"uv":[12.0,10.0,14.0,10.5],"texture":"#4"},"up":{"uv":[12.5,13.0,12.0,11.0],"texture":"#4"},"down":{"uv":[0.5,13.0,0.0,15.0],"texture":"#4"}}},{"from":[7.5,14.525,5.825],"to":[8.5,15.025,6.325],"rotation":{"origin":[8.0,14.525,4.325],"axis":"y","angle":0.0},"faces":{"north":{"uv":[13.0,14.0,14.0,14.5],"texture":"#4"},"south":{"uv":[14.0,13.0,15.0,13.5],"texture":"#4"},"up":{"uv":[15.0,14.5,14.0,14.0],"texture":"#4"},"down":{"uv":[1.0,15.0,0.0,15.5],"texture":"#4"}}},{"from":[8.5,14.525,5.825],"to":[9.0,15.025,7.825],"rotation":{"origin":[8.5,14.525,5.825],"axis":"y","angle":0.0},"faces":{"north":{"uv":[15.0,2.0,15.5,2.5],"texture":"#4"},"east":{"uv":[13.0,0.0,15.0,0.5],"texture":"#4"},"south":{"uv":[3.0,15.0,3.5,15.5],"texture":"#4"},"west":{"uv":[1.0,13.0,3.0,13.5],"texture":"#4"},"up":{"uv":[13.5,3.0,13.0,1.0],"texture":"#4"},"down":{"uv":[3.5,13.0,3.0,15.0],"texture":"#4"}}},{"from":[7.985,6.75,3.475],"to":[8.015,16.0,7.725],"rotation":{"origin":[7.985,6.0,2.725],"axis":"y","angle":0.0},"faces":{"east":{"uv":[4.5,0.0,0.0,9.5],"texture":"#4"},"west":{"uv":[0.0,0.0,4.5,9.5],"texture":"#4"}}},{"from":[7.5,12.25,4.15],"to":[8.5,13.25,5.15],"rotation":{"origin":[7.5,12.25,4.15],"axis":"y","angle":0.0},"faces":{"north":{"uv":[13.0,3.0,14.0,4.0],"texture":"#4"},"east":{"uv":[4.0,13.0,5.0,14.0],"texture":"#4"},"south":{"uv":[13.0,4.0,14.0,5.0],"texture":"#4"},"west":{"uv":[5.0,13.0,6.0,14.0],"texture":"#4"},"up":{"uv":[14.0,6.0,13.0,5.0],"texture":"#4"},"down":{"uv":[7.0,13.0,6.0,14.0],"texture":"#4"}}},{"from":[6.8,7.5,1.0],"to":[6.8,15.5,9.0],"rotation":{"origin":[6.8,7.5,1.0],"axis":"y","angle":0.0},"faces":{"west":{"uv":[0.0,0.0,16.0,16.0],"texture":"#3"}}},{"from":[9.2,7.5,1.0],"to":[9.2,15.5,9.0],"rotation":{"origin":[9.2,7.5,1.0],"axis":"y","angle":0.0},"faces":{"east":{"uv":[16.0,0.0,0.0,16.0],"texture":"#3"}}}],"textures":{"particle":"bc477bd4-1c29-4a71-bcf2-5e74c813f463","1":"bc477bd4-1c29-4a71-bcf2-5e74c813f463","3":"366f20e5-6d4f-4844-ae50-33fa9afde47c","4":"8bb3614b-d28a-46ef-8b21-e9b43b1120f6","main":"e761ce3b-43ac-44af-80a3-6186aeaa26a5"},"gui_light":"front"}