{"display":{"thirdperson_righthand":{"translation":[0.0,-1.5,0.75],"scale":[0.44,0.44,0.44]},"thirdperson_lefthand":{"translation":[0.0,-1.5,0.75],"scale":[0.44,0.44,0.44]},"firstperson_righthand":{"rotation":[16.0,34.0,0.27],"translation":[2.25,8.5,-7.5],"scale":[0.68594,0.68594,0.68594]},"firstperson_lefthand":{"rotation":[16.0,34.0,0.27],"translation":[2.25,8.5,-7.5],"scale":[0.68594,0.68594,0.68594]},"ground":{"rotation":[0.0,0.0,90.0],"translation":[1.25,0.25,0.0],"scale":[0.5,0.5,0.5]},"gui":{"rotation":[115.0,45.0,-111.0],"translation":[-1.5,1.5,0.0],"scale":[0.37703,0.37703,0.37898]},"head":{"rotation":[90.0,-168.0,90.0],"translation":[-0.5,9.75,0.0],"scale":[0.56,0.56,0.56]},"fixed":{"rotation":[0.0,90.0,0.0],"translation":[-3.5,0.5,-4.25],"scale":[0.98719,0.98719,0.98719]}},"elements":[{"from":[7.0,2.0,5.0],"to":[9.0,11.0,7.0],"rotation":{"origin":[0.0,10.0,15.0],"axis":"y","angle":0.0},"faces":{"north":{"uv":[2.5625,0.4375,2.8125,1.5625],"texture":"#0"},"east":{"uv":[2.5625,0.4375,2.8125,1.5625],"texture":"#0"},"south":{"uv":[2.5625,0.4375,2.8125,1.5625],"texture":"#0"},"west":{"uv":[2.5625,0.4375,2.8125,1.5625],"texture":"#0"},"up":{"uv":[2.5625,0.4375,2.8125,0.6875],"texture":"#0"},"down":{"uv":[2.5625,0.4375,2.8125,0.6875],"texture":"#0"}}},{"from":[4.0,14.0,1.0],"to":[12.0,22.0,1.0],"rotation":{"origin":[0.0,12.0,-0.5],"axis":"y","angle":0.0},"faces":{"north":{"uv":[0.0,0.0,16.0,16.0],"texture":"#1"},"east":{"uv":[0.0,0.0,0.0,16.0],"texture":"#1"},"south":{"uv":[16.0,0.0,0.0,16.0],"texture":"#1"},"west":{"uv":[0.0,0.0,0.0,16.0],"texture":"#1"},"up":{"uv":[0.0,16.0,0.0,0.0],"texture":"#1","rotation":90},"down":{"uv":[0.0,0.0,0.0,16.0],"texture":"#1","rotation":270}}},{"from":[6.75,10.0,4.75],"to":[9.25,12.5,7.25],"rotation":{"origin":[7.0,14.5,23.0],"axis":"y","angle":0.0},"faces":{"north":{"uv":[1.5625,2.125,1.875,2.4375],"texture":"#0"},"east":{"uv":[1.5625,2.125,1.875,2.4375],"texture":"#0"},"south":{"uv":[1.5625,2.125,1.875,2.4375],"texture":"#0"},"west":{"uv":[1.5625,2.125,1.875,2.4375],"texture":"#0"},"up":{"uv":[1.875,2.125,2.1875,2.4375],"texture":"#0"},"down":{"uv":[1.875,2.125,2.1875,2.4375],"texture":"#0"}}},{"from":[6.75,-0.5,4.75],"to":[9.25,2.0,7.25],"rotation":{"origin":[7.0,1.5,23.0],"axis":"y","angle":0.0},"faces":{"north":{"uv":[1.5625,2.4375,1.875,2.125],"texture":"#0"},"east":{"uv":[1.5625,2.4375,1.875,2.125],"texture":"#0"},"south":{"uv":[1.5625,2.4375,1.875,2.125],"texture":"#0"},"west":{"uv":[1.5625,2.4375,1.875,2.125],"texture":"#0"},"up":{"uv":[1.875,2.4375,2.1875,2.125],"texture":"#0"},"down":{"uv":[1.875,2.4375,2.1875,2.125],"texture":"#0"}}},{"from":[7.5,12.5,2.45],"to":[11.0,16.0,5.55],"rotation":{"origin":[7.9375,13.0,6.7625],"axis":"z","angle":45.0},"faces":{"north":{"uv":[2.25,0.4375,2.6875,0.0],"texture":"#0"},"east":{"uv":[2.6875,0.4375,3.075,0.0],"texture":"#0"},"south":{"uv":[2.6875,0.4375,2.25,0.0],"texture":"#0"},"west":{"uv":[2.6875,0.4375,3.075,0.0],"texture":"#0"},"up":{"uv":[3.125,0.0,3.5625,0.3875],"texture":"#0"},"down":{"uv":[3.125,0.0,3.5625,0.3875],"texture":"#0","rotation":180}}},{"from":[6.4,-14.58415,13.13415],"to":[6.4,-9.58415,18.13415],"rotation":{"origin":[8.0,-12.075,15.00915],"axis":"x","angle":22.5},"faces":{"north":{"uv":[0.0,16.0,0.0,0.0],"texture":"#missing","rotation":180},"east":{"uv":[16.0,1.9375,15.0,0.9375],"texture":"#0","rotation":90},"south":{"uv":[0.0,16.0,0.0,0.0],"texture":"#missing"},"west":{"uv":[15.0,1.9375,16.0,0.9375],"texture":"#0","rotation":270},"up":{"uv":[0.0,14.0,0.0,0.0],"texture":"#missing"},"down":{"uv":[0.0,14.0,0.0,0.0],"texture":"#missing","rotation":180}}},{"from":[6.75,-13.33415,13.13415],"to":[9.25,-10.83415,15.63415],"rotation":{"origin":[8.0,-12.075,15.00915],"axis":"x","angle":22.5},"faces":{"north":{"uv":[2.5,2.4375,2.8125,2.125],"texture":"#0","rotation":180},"east":{"uv":[2.1875,2.4375,2.5,2.125],"texture":"#0","rotation":90},"south":{"uv":[2.5,2.4375,2.8125,2.125],"texture":"#0"},"west":{"uv":[2.1875,2.4375,2.5,2.125],"texture":"#0","rotation":270},"up":{"uv":[2.1875,2.4375,2.5,2.125],"texture":"#0"},"down":{"uv":[2.1875,2.4375,2.5,2.125],"texture":"#0","rotation":180}}},{"from":[6.5,-13.68633,13.63342],"to":[9.5,-10.68633,16.63342],"rotation":{"origin":[8.0,-12.075,15.00915],"axis":"x","angle":-22.5},"faces":{"north":{"uv":[2.25,1.5625,2.625,1.9375],"texture":"#0","rotation":270},"east":{"uv":[2.25,1.9375,1.875,1.5625],"texture":"#0"},"south":{"uv":[2.625,1.5625,3.0,1.9375],"texture":"#0"},"west":{"uv":[1.875,1.9375,2.25,1.5625],"texture":"#0"},"up":{"uv":[2.25,1.5625,2.625,1.9375],"texture":"#0","rotation":270},"down":{"uv":[2.625,1.9375,3.0,1.5625],"texture":"#0"}}},{"from":[9.6,-14.58415,13.13415],"to":[9.6,-9.58415,18.13415],"rotation":{"origin":[8.0,-12.075,15.00915],"axis":"x","angle":22.5},"faces":{"north":{"uv":[0.0,16.0,0.0,0.0],"texture":"#missing","rotation":180},"east":{"uv":[16.0,1.9375,15.0,0.9375],"texture":"#0","rotation":90},"south":{"uv":[0.0,16.0,0.0,0.0],"texture":"#missing"},"west":{"uv":[15.0,1.9375,16.0,0.9375],"texture":"#0","rotation":270},"up":{"uv":[0.0,14.0,0.0,0.0],"texture":"#missing"},"down":{"uv":[0.0,14.0,0.0,0.0],"texture":"#missing","rotation":180}}},{"from":[6.15,-2.35688,4.72679],"to":[9.85,1.14312,8.22679],"rotation":{"origin":[8.0,-0.15598,6.0],"axis":"x","angle":22.5},"faces":{"north":{"uv":[3.5625,0.0,3.125,0.3875],"texture":"#0","rotation":90},"east":{"uv":[2.25,0.4375,2.6875,0.0],"texture":"#0","rotation":270},"south":{"uv":[3.5625,0.0,3.125,0.3875],"texture":"#0","rotation":270},"west":{"uv":[2.6875,0.4375,2.25,0.0],"texture":"#0","rotation":90},"up":{"uv":[2.6875,0.0,3.075,0.4375],"texture":"#0"},"down":{"uv":[2.6875,0.0,3.075,0.4375],"texture":"#0","rotation":180}}},{"from":[5.75,-2.3,5.0],"to":[10.25,0.2,7.5],"rotation":{"origin":[7.0,-1.2,7.0],"axis":"x","angle":22.5},"faces":{"north":{"uv":[1.875,1.0,2.1875,1.5625],"texture":"#0","rotation":270},"east":{"uv":[2.25,0.4375,2.5625,0.75],"texture":"#0","rotation":180},"south":{"uv":[2.1875,1.0,2.5,1.5625],"texture":"#0","rotation":90},"west":{"uv":[2.25,0.75,2.5625,0.4375],"texture":"#0"},"up":{"uv":[1.875,1.0,2.1875,1.5625],"texture":"#0","rotation":90},"down":{"uv":[2.1875,1.0,2.5,1.5625],"texture":"#0","rotation":270}}},{"from":[5.75,11.8,5.0],"to":[10.25,14.3,7.5],"rotation":{"origin":[7.0,13.2,7.0],"axis":"x","angle":-22.5},"faces":{"north":{"uv":[2.1875,1.0,1.875,1.5625],"texture":"#0","rotation":270},"east":{"uv":[2.25,0.75,2.5625,0.4375],"texture":"#0","rotation":180},"south":{"uv":[2.5,1.0,2.1875,1.5625],"texture":"#0","rotation":90},"west":{"uv":[2.25,0.4375,2.5625,0.75],"texture":"#0"},"up":{"uv":[2.5,1.0,2.1875,1.5625],"texture":"#0","rotation":270},"down":{"uv":[2.1875,1.0,1.875,1.5625],"texture":"#0","rotation":90}}},{"from":[6.0,13.3,1.65],"to":[8.5,15.8,6.15],"rotation":{"origin":[8.0,13.8,2.9],"axis":"z","angle":-45.0},"faces":{"north":{"uv":[2.25,0.75,2.5625,0.4375],"texture":"#0","rotation":90},"east":{"uv":[2.1875,1.0,2.5,1.5625],"texture":"#0","rotation":90},"south":{"uv":[2.25,0.4375,2.5625,0.75],"texture":"#0","rotation":90},"west":{"uv":[1.875,1.0,2.1875,1.5625],"texture":"#0","rotation":90},"up":{"uv":[1.875,1.0,2.1875,1.5625],"texture":"#0","rotation":180},"down":{"uv":[2.1875,1.0,2.5,1.5625],"texture":"#0"}}},{"from":[7.75,-10.5,15.5],"to":[8.25,6.0,16.0],"rotation":{"origin":[8.0,-10.25,15.75],"axis":"y","angle":0.0},"faces":{"north":{"uv":[0.25,9.3125,0.3125,7.25],"texture":"#0"},"east":{"uv":[0.25,9.3125,0.3125,7.25],"texture":"#0"},"south":{"uv":[0.25,9.3125,0.3125,7.25],"texture":"#0"},"west":{"uv":[0.25,9.3125,0.3125,7.25],"texture":"#0"},"up":{"uv":[0.25,7.3125,0.3125,7.25],"texture":"#0"},"down":{"uv":[0.25,7.3125,0.3125,7.25],"texture":"#0"}}},{"from":[7.75,6.0,15.5],"to":[8.25,22.5,16.0],"rotation":{"origin":[8.0,22.25,15.75],"axis":"y","angle":0.0},"faces":{"north":{"uv":[0.25,7.25,0.3125,9.3125],"texture":"#0"},"east":{"uv":[0.25,7.25,0.3125,9.3125],"texture":"#0"},"south":{"uv":[0.25,7.25,0.3125,9.3125],"texture":"#0"},"west":{"uv":[0.25,7.25,0.3125,9.3125],"texture":"#0"},"up":{"uv":[0.25,7.25,0.3125,7.3125],"texture":"#0"},"down":{"uv":[0.25,7.25,0.3125,7.3125],"texture":"#0"}}},{"from":[8.0,1.5,-15.0],"to":[8.0,10.5,16.5],"rotation":{"origin":[8.0,6.0,-0.25],"axis":"z","angle":-22.5},"faces":{"north":{"uv":[0.25,7.25,0.3125,9.3125],"texture":"#0","rotation":90},"east":{"uv":[14.875,8.6875,16.0,4.75],"texture":"#0","rotation":270},"south":{"uv":[0.25,7.25,0.3125,9.3125],"texture":"#0","rotation":270},"west":{"uv":[14.875,4.75,16.0,8.6875],"texture":"#0","rotation":270},"up":{"uv":[0.25,7.25,0.3125,9.3125],"texture":"#0","rotation":270},"down":{"uv":[0.25,7.25,0.3125,9.3125],"texture":"#0","rotation":270}}},{"from":[8.0,1.5,-15.0],"to":[8.0,10.5,16.5],"rotation":{"origin":[8.0,6.0,-0.25],"axis":"z","angle":22.5},"faces":{"north":{"uv":[0.25,7.25,0.3125,9.3125],"texture":"#0","rotation":90},"east":{"uv":[14.875,8.6875,16.0,4.75],"texture":"#0","rotation":270},"south":{"uv":[0.25,7.25,0.3125,9.3125],"texture":"#0","rotation":270},"west":{"uv":[14.875,4.75,16.0,8.6875],"texture":"#0","rotation":270},"up":{"uv":[0.25,7.25,0.3125,9.3125],"texture":"#0","rotation":270},"down":{"uv":[0.25,7.25,0.3125,9.3125],"texture":"#0","rotation":270}}},{"from":[6.15,10.85688,4.72679],"to":[9.85,14.35688,8.22679],"rotation":{"origin":[8.0,12.15598,6.0],"axis":"x","angle":-22.5},"faces":{"north":{"uv":[3.125,0.0,3.5625,0.3875],"texture":"#0","rotation":90},"east":{"uv":[2.6875,0.4375,2.25,0.0],"texture":"#0","rotation":270},"south":{"uv":[3.125,0.0,3.5625,0.3875],"texture":"#0","rotation":270},"west":{"uv":[2.25,0.4375,2.6875,0.0],"texture":"#0","rotation":90},"up":{"uv":[2.6875,0.4375,3.075,0.0],"texture":"#0","rotation":180},"down":{"uv":[2.6875,0.4375,3.075,0.0],"texture":"#0"}}},{"from":[6.75,-8.03417,7.26583],"to":[9.25,-0.03417,11.26583],"rotation":{"origin":[8.0,-8.06168,10.78682],"axis":"x","angle":-22.5},"faces":{"north":{"uv":[5.4375,6.25,4.4375,6.5625],"texture":"#0","rotation":90},"east":{"uv":[4.4375,5.75,5.4375,6.25],"texture":"#0","rotation":90},"south":{"uv":[4.4375,6.9375,5.4375,6.625],"texture":"#0","rotation":270},"west":{"uv":[4.4375,6.25,5.4375,5.75],"texture":"#0","rotation":90},"up":{"uv":[3.9375,6.8125,4.25,6.3125],"texture":"#0","rotation":180},"down":{"uv":[3.9375,6.8125,4.25,6.3125],"texture":"#0","rotation":180}}},{"from":[10.0,12.0,2.0],"to":[12.0,13.5,4.0],"rotation":{"origin":[10.0,11.375,12.0],"axis":"z","angle":45.0},"faces":{"north":{"uv":[1.875,0.8125,2.125,1.0],"texture":"#0"},"east":{"uv":[1.75,0.625,2.0,0.8125],"texture":"#0"},"south":{"uv":[2.125,0.8125,1.875,1.0],"texture":"#0"},"west":{"uv":[1.75,0.625,2.0,0.8125],"texture":"#0"},"up":{"uv":[1.75,0.375,2.0,0.625],"texture":"#0","rotation":90},"down":{"uv":[1.75,0.375,2.0,0.625],"texture":"#0","rotation":270}}},{"from":[4.0,12.0,2.0],"to":[6.0,13.5,4.0],"rotation":{"origin":[6.0,11.375,12.0],"axis":"z","angle":-45.0},"faces":{"north":{"uv":[2.125,0.8125,1.875,1.0],"texture":"#0"},"east":{"uv":[2.0,0.625,1.75,0.8125],"texture":"#0"},"south":{"uv":[1.875,0.8125,2.125,1.0],"texture":"#0"},"west":{"uv":[2.0,0.625,1.75,0.8125],"texture":"#0"},"up":{"uv":[1.75,0.625,2.0,0.375],"texture":"#0","rotation":90},"down":{"uv":[1.75,0.625,2.0,0.375],"texture":"#0","rotation":270}}},{"from":[2.5,7.0,0.0],"to":[7.5,9.0,6.0],"rotation":{"origin":[6.0,11.375,12.0],"axis":"z","angle":-45.0},"faces":{"north":{"uv":[1.625,1.625,1.0,1.875],"texture":"#0"},"east":{"uv":[1.75,1.875,1.0,2.125],"texture":"#0"},"south":{"uv":[1.0,1.625,1.625,1.875],"texture":"#0"},"west":{"uv":[1.75,1.875,1.0,2.125],"texture":"#0"},"up":{"uv":[1.0,1.5,1.75,0.875],"texture":"#0","rotation":90},"down":{"uv":[1.0,1.5,1.75,0.875],"texture":"#0","rotation":270}}},{"from":[3.5,9.0,1.0],"to":[6.5,12.0,5.0],"rotation":{"origin":[6.0,11.375,12.0],"axis":"z","angle":-45.0},"faces":{"north":{"uv":[1.5,0.0,1.125,0.375],"texture":"#0"},"east":{"uv":[2.125,0.0,1.625,0.375],"texture":"#0"},"south":{"uv":[1.125,0.0,1.5,0.375],"texture":"#0"},"west":{"uv":[2.125,0.0,1.625,0.375],"texture":"#0"},"up":{"uv":[1.125,0.75,1.625,0.375],"texture":"#0","rotation":90},"down":{"uv":[1.125,0.75,1.625,0.375],"texture":"#0","rotation":270}}},{"from":[8.5,7.0,0.0],"to":[13.5,9.0,6.0],"rotation":{"origin":[10.0,11.375,12.0],"axis":"z","angle":45.0},"faces":{"north":{"uv":[1.0,1.625,1.625,1.875],"texture":"#0"},"east":{"uv":[1.0,1.875,1.75,2.125],"texture":"#0"},"south":{"uv":[1.625,1.625,1.0,1.875],"texture":"#0"},"west":{"uv":[1.0,1.875,1.75,2.125],"texture":"#0"},"up":{"uv":[1.0,0.875,1.75,1.5],"texture":"#0","rotation":90},"down":{"uv":[1.0,0.875,1.75,1.5],"texture":"#0","rotation":270}}},{"from":[9.5,9.0,1.0],"to":[12.5,12.0,5.0],"rotation":{"origin":[10.0,11.375,12.0],"axis":"z","angle":45.0},"faces":{"north":{"uv":[1.125,0.0,1.5,0.375],"texture":"#0"},"east":{"uv":[1.625,0.0,2.125,0.375],"texture":"#0"},"south":{"uv":[1.5,0.0,1.125,0.375],"texture":"#0"},"west":{"uv":[1.625,0.0,2.125,0.375],"texture":"#0"},"up":{"uv":[1.125,0.375,1.625,0.75],"texture":"#0","rotation":90},"down":{"uv":[1.125,0.375,1.625,0.75],"texture":"#0","rotation":270}}},{"from":[-1.0,13.0,0.5],"to":[3.0,17.0,0.5],"rotation":{"origin":[4.5,15.0,4.5],"axis":"y","angle":45.0},"faces":{"north":{"uv":[13.6875,0.9375,14.1875,1.4375],"texture":"#0"},"east":{"uv":[0.0,0.0,0.0,14.0],"texture":"#missing"},"south":{"uv":[14.1875,0.9375,13.6875,1.4375],"texture":"#0"},"west":{"uv":[0.0,0.0,0.0,14.0],"texture":"#missing"},"up":{"uv":[0.0,0.0,0.0,16.0],"texture":"#missing","rotation":90},"down":{"uv":[0.0,0.0,0.0,16.0],"texture":"#missing","rotation":270}}},{"from":[7.7,5.0,-7.0],"to":[7.7,8.0,-4.0],"rotation":{"origin":[4.5,15.0,4.5],"axis":"y","angle":0.0},"faces":{"north":{"uv":[0.0,0.0,0.0,14.0],"texture":"#missing"},"east":{"uv":[14.1875,0.9375,13.6875,1.4375],"texture":"#0"},"south":{"uv":[0.0,0.0,0.0,14.0],"texture":"#missing"},"west":{"uv":[13.6875,0.9375,14.1875,1.4375],"texture":"#0"},"up":{"uv":[0.0,0.0,0.0,16.0],"texture":"#missing"},"down":{"uv":[0.0,0.0,0.0,16.0],"texture":"#missing"}}},{"from":[7.7,4.5,-3.0],"to":[7.7,8.5,1.0],"rotation":{"origin":[4.5,15.0,4.5],"axis":"y","angle":0.0},"faces":{"north":{"uv":[0.0,0.0,0.0,14.0],"texture":"#missing"},"east":{"uv":[14.1875,0.9375,13.6875,1.4375],"texture":"#0"},"south":{"uv":[0.0,0.0,0.0,14.0],"texture":"#missing"},"west":{"uv":[13.6875,0.9375,14.1875,1.4375],"texture":"#0"},"up":{"uv":[0.0,0.0,0.0,16.0],"texture":"#missing"},"down":{"uv":[0.0,0.0,0.0,16.0],"texture":"#missing"}}},{"from":[8.3,5.0,-7.0],"to":[8.3,8.0,-4.0],"rotation":{"origin":[11.5,15.0,4.5],"axis":"y","angle":0.0},"faces":{"north":{"uv":[0.0,0.0,0.0,14.0],"texture":"#missing"},"east":{"uv":[14.1875,0.9375,13.6875,1.4375],"texture":"#0"},"south":{"uv":[0.0,0.0,0.0,14.0],"texture":"#missing"},"west":{"uv":[13.6875,0.9375,14.1875,1.4375],"texture":"#0"},"up":{"uv":[0.0,0.0,0.0,16.0],"texture":"#missing"},"down":{"uv":[0.0,0.0,0.0,16.0],"texture":"#missing"}}},{"from":[8.3,4.5,-3.0],"to":[8.3,8.5,1.0],"rotation":{"origin":[11.5,15.0,4.5],"axis":"y","angle":0.0},"faces":{"north":{"uv":[0.0,0.0,0.0,14.0],"texture":"#missing"},"east":{"uv":[14.1875,0.9375,13.6875,1.4375],"texture":"#0"},"south":{"uv":[0.0,0.0,0.0,14.0],"texture":"#missing"},"west":{"uv":[13.6875,0.9375,14.1875,1.4375],"texture":"#0"},"up":{"uv":[0.0,0.0,0.0,16.0],"texture":"#missing"},"down":{"uv":[0.0,0.0,0.0,16.0],"texture":"#missing"}}},{"from":[2.0,14.0,1.5],"to":[6.0,18.0,1.5],"rotation":{"origin":[4.5,16.0,4.5],"axis":"y","angle":22.5},"faces":{"north":{"uv":[13.6875,0.9375,14.1875,1.4375],"texture":"#0"},"east":{"uv":[0.0,0.0,0.0,14.0],"texture":"#missing"},"south":{"uv":[14.1875,0.9375,13.6875,1.4375],"texture":"#0"},"west":{"uv":[0.0,0.0,0.0,14.0],"texture":"#missing"},"up":{"uv":[0.0,0.0,0.0,16.0],"texture":"#missing","rotation":90},"down":{"uv":[0.0,0.0,0.0,16.0],"texture":"#missing","rotation":270}}},{"from":[10.0,14.0,1.5],"to":[14.0,18.0,1.5],"rotation":{"origin":[11.5,16.0,4.5],"axis":"y","angle":-22.5},"faces":{"north":{"uv":[14.1875,0.9375,13.6875,1.4375],"texture":"#0"},"east":{"uv":[0.0,0.0,0.0,14.0],"texture":"#missing"},"south":{"uv":[13.6875,0.9375,14.1875,1.4375],"texture":"#0"},"west":{"uv":[0.0,0.0,0.0,14.0],"texture":"#missing"},"up":{"uv":[0.0,16.0,0.0,0.0],"texture":"#missing","rotation":90},"down":{"uv":[0.0,16.0,0.0,0.0],"texture":"#missing","rotation":270}}},{"from":[13.0,13.0,0.5],"to":[17.0,17.0,0.5],"rotation":{"origin":[11.5,15.0,4.5],"axis":"y","angle":-45.0},"faces":{"north":{"uv":[14.1875,0.9375,13.6875,1.4375],"texture":"#0"},"east":{"uv":[0.0,0.0,0.0,14.0],"texture":"#missing"},"south":{"uv":[13.6875,0.9375,14.1875,1.4375],"texture":"#0"},"west":{"uv":[0.0,0.0,0.0,14.0],"texture":"#missing"},"up":{"uv":[0.0,16.0,0.0,0.0],"texture":"#missing","rotation":90},"down":{"uv":[0.0,16.0,0.0,0.0],"texture":"#missing","rotation":270}}},{"from":[12.0,14.1,10.3],"to":[23.0,19.3,10.3],"rotation":{"origin":[17.5,16.7,4.3],"axis":"y","angle":-45.0},"faces":{"north":{"uv":[11.5625,0.65,12.9375,0.0],"texture":"#0"},"east":{"uv":[1.9375,2.9,2.325,2.5],"texture":"#0"},"south":{"uv":[12.9375,0.65,11.5625,0.0],"texture":"#0"},"west":{"uv":[1.9375,2.9,2.325,2.5],"texture":"#0"},"up":{"uv":[2.375,2.5,2.75,2.8875],"texture":"#0"},"down":{"uv":[1.125,2.9375,1.5,3.325],"texture":"#0","rotation":180}}},{"from":[-7.2,14.1,10.3],"to":[3.8,19.3,10.3],"rotation":{"origin":[-1.7,16.7,4.3],"axis":"y","angle":45.0},"faces":{"north":{"uv":[12.9375,0.65,11.5625,0.0],"texture":"#0"},"east":{"uv":[2.325,2.9,1.9375,2.5],"texture":"#0"},"south":{"uv":[11.5625,0.65,12.9375,0.0],"texture":"#0"},"west":{"uv":[2.325,2.9,1.9375,2.5],"texture":"#0"},"up":{"uv":[2.75,2.5,2.375,2.8875],"texture":"#0"},"down":{"uv":[1.5,2.9375,1.125,3.325],"texture":"#0","rotation":180}}},{"from":[7.0,-9.0,7.2],"to":[9.0,-1.0,9.2],"rotation":{"origin":[0.0,-3.0,16.0],"axis":"x","angle":-45.0},"faces":{"north":{"uv":[2.5625,0.4375,2.8125,1.4375],"texture":"#0"},"east":{"uv":[2.5625,0.4375,2.8125,1.4375],"texture":"#0"},"south":{"uv":[2.5625,0.4375,2.8125,1.4375],"texture":"#0"},"west":{"uv":[2.5625,0.4375,2.8125,1.4375],"texture":"#0"},"up":{"uv":[2.5625,0.4375,2.8125,0.6875],"texture":"#0"},"down":{"uv":[2.5625,0.4375,2.8125,0.6875],"texture":"#0"}}},{"from":[6.75,12.03417,7.26583],"to":[9.25,20.03417,11.26583],"rotation":{"origin":[8.0,20.06168,10.78682],"axis":"x","angle":22.5},"faces":{"north":{"uv":[4.4375,6.25,5.4375,6.5625],"texture":"#0","rotation":90},"east":{"uv":[5.4375,5.75,4.4375,6.25],"texture":"#0","rotation":90},"south":{"uv":[5.4375,6.9375,4.4375,6.625],"texture":"#0","rotation":270},"west":{"uv":[5.4375,6.25,4.4375,5.75],"texture":"#0","rotation":90},"up":{"uv":[3.9375,6.3125,4.25,6.8125],"texture":"#0","rotation":180},"down":{"uv":[3.9375,6.3125,4.25,6.8125],"texture":"#0","rotation":180}}},{"from":[7.0,13.0,7.2],"to":[9.0,21.0,9.2],"rotation":{"origin":[0.0,15.0,16.0],"axis":"x","angle":45.0},"faces":{"north":{"uv":[2.5625,1.4375,2.8125,0.4375],"texture":"#0"},"east":{"uv":[2.5625,1.4375,2.8125,0.4375],"texture":"#0"},"south":{"uv":[2.5625,1.4375,2.8125,0.4375],"texture":"#0"},"west":{"uv":[2.5625,1.4375,2.8125,0.4375],"texture":"#0"},"up":{"uv":[2.5625,0.6875,2.8125,0.4375],"texture":"#0"},"down":{"uv":[2.5625,0.6875,2.8125,0.4375],"texture":"#0"}}},{"from":[6.4,21.58415,13.13415],"to":[6.4,26.58415,18.13415],"rotation":{"origin":[8.0,24.075,15.00915],"axis":"x","angle":-22.5},"faces":{"north":{"uv":[0.0,0.0,0.0,16.0],"texture":"#missing","rotation":180},"east":{"uv":[15.0,1.9375,16.0,0.9375],"texture":"#0","rotation":90},"south":{"uv":[0.0,0.0,0.0,16.0],"texture":"#missing"},"west":{"uv":[16.0,1.9375,15.0,0.9375],"texture":"#0","rotation":270},"up":{"uv":[0.0,0.0,0.0,14.0],"texture":"#missing","rotation":180},"down":{"uv":[0.0,0.0,0.0,14.0],"texture":"#missing"}}},{"from":[6.5,22.68633,13.63342],"to":[9.5,25.68633,16.63342],"rotation":{"origin":[8.0,24.075,15.00915],"axis":"x","angle":22.5},"faces":{"north":{"uv":[2.625,1.5625,2.25,1.9375],"texture":"#0","rotation":270},"east":{"uv":[2.25,1.5625,1.875,1.9375],"texture":"#0"},"south":{"uv":[2.625,1.9375,3.0,1.5625],"texture":"#0"},"west":{"uv":[1.875,1.5625,2.25,1.9375],"texture":"#0"},"up":{"uv":[2.625,1.5625,3.0,1.9375],"texture":"#0"},"down":{"uv":[2.625,1.5625,2.25,1.9375],"texture":"#0","rotation":270}}},{"from":[9.6,21.58415,13.13415],"to":[9.6,26.58415,18.13415],"rotation":{"origin":[8.0,24.075,15.00915],"axis":"x","angle":-22.5},"faces":{"north":{"uv":[0.0,0.0,0.0,16.0],"texture":"#missing","rotation":180},"east":{"uv":[15.0,1.9375,16.0,0.9375],"texture":"#0","rotation":90},"south":{"uv":[0.0,0.0,0.0,16.0],"texture":"#missing"},"west":{"uv":[16.0,1.9375,15.0,0.9375],"texture":"#0","rotation":270},"up":{"uv":[0.0,0.0,0.0,14.0],"texture":"#missing","rotation":180},"down":{"uv":[0.0,0.0,0.0,14.0],"texture":"#missing"}}},{"from":[6.75,22.83415,13.13415],"to":[9.25,25.33415,15.63415],"rotation":{"origin":[8.0,24.075,15.00915],"axis":"x","angle":-22.5},"faces":{"north":{"uv":[2.5,2.125,2.8125,2.4375],"texture":"#0","rotation":180},"east":{"uv":[2.5,2.4375,2.1875,2.125],"texture":"#0","rotation":90},"south":{"uv":[2.5,2.125,2.8125,2.4375],"texture":"#0"},"west":{"uv":[2.5,2.4375,2.1875,2.125],"texture":"#0","rotation":270},"up":{"uv":[2.1875,2.125,2.5,2.4375],"texture":"#0","rotation":180},"down":{"uv":[2.1875,2.125,2.5,2.4375],"texture":"#0"}}},{"from":[7.9,-3.5,8.0],"to":[7.9,3.5,14.0],"rotation":{"origin":[7.9,-12.5,19.5],"axis":"y","angle":0.0},"faces":{"north":{"uv":[0.0,0.0,0.0,12.0],"texture":"#missing"},"east":{"uv":[14.5,0.0,13.75,0.875],"texture":"#0"},"south":{"uv":[0.0,0.0,0.0,12.0],"texture":"#missing"},"west":{"uv":[13.75,0.0,14.5,0.875],"texture":"#0"},"up":{"uv":[0.0,0.0,0.0,10.0],"texture":"#missing"},"down":{"uv":[0.0,0.0,0.0,10.0],"texture":"#missing"}}},{"from":[7.9,22.0,17.0],"to":[7.9,29.0,23.0],"rotation":{"origin":[7.9,26.0,20.0],"axis":"x","angle":22.5},"faces":{"north":{"uv":[0.0,0.0,0.0,12.0],"texture":"#missing"},"east":{"uv":[14.5,0.0,13.75,0.875],"texture":"#0"},"south":{"uv":[0.0,0.0,0.0,12.0],"texture":"#missing"},"west":{"uv":[13.75,0.0,14.5,0.875],"texture":"#0"},"up":{"uv":[0.0,0.0,0.0,10.0],"texture":"#missing"},"down":{"uv":[0.0,0.0,0.0,10.0],"texture":"#missing"}}},{"from":[8.0,21.10951,6.57763],"to":[8.0,26.10951,13.57763],"rotation":{"origin":[8.0,21.3827,11.0],"axis":"x","angle":-45.0},"faces":{"north":{"uv":[0.0,10.0,0.0,0.0],"texture":"#missing","rotation":180},"east":{"uv":[13.0625,0.0,13.6875,0.875],"texture":"#0","rotation":270},"south":{"uv":[0.0,10.0,0.0,0.0],"texture":"#missing"},"west":{"uv":[13.6875,0.0,13.0625,0.875],"texture":"#0","rotation":90},"up":{"uv":[0.0,0.0,0.0,12.0],"texture":"#missing","rotation":180},"down":{"uv":[0.0,0.0,0.0,12.0],"texture":"#missing"}}},{"from":[8.0,16.96032,10.72681],"to":[8.0,23.96032,15.72681],"rotation":{"origin":[8.0,21.3827,11.0],"axis":"y","angle":0.0},"faces":{"north":{"uv":[0.0,0.0,0.0,12.0],"texture":"#missing"},"east":{"uv":[13.6875,0.0,13.0625,0.875],"texture":"#0"},"south":{"uv":[0.0,0.0,0.0,12.0],"texture":"#missing"},"west":{"uv":[13.0625,0.0,13.6875,0.875],"texture":"#0"},"up":{"uv":[0.0,0.0,0.0,10.0],"texture":"#missing"},"down":{"uv":[0.0,0.0,0.0,10.0],"texture":"#missing"}}},{"from":[6.45,-1.9,2.9],"to":[9.55,1.3,5.9],"rotation":{"origin":[8.0,-7.61142,11.0625],"axis":"y","angle":0.0},"faces":{"north":{"uv":[1.5,2.9,1.8875,2.5],"texture":"#0"},"east":{"uv":[1.5,2.9,1.125,2.5],"texture":"#0"},"south":{"uv":[1.5,2.9,1.8875,2.5],"texture":"#0"},"west":{"uv":[1.125,2.9,1.5,2.5],"texture":"#0"},"up":{"uv":[2.25,2.9375,2.625,3.325],"texture":"#0","rotation":270},"down":{"uv":[3.5,4.5,3.875,4.8875],"texture":"#0","rotation":270}}},{"from":[3.0,12.42389,3.5],"to":[8.0,19.42389,3.5],"rotation":{"origin":[5.89628,15.92389,3.5],"axis":"z","angle":-45.0},"faces":{"north":{"uv":[14.5,0.0,15.125,0.875],"texture":"#0"},"east":{"uv":[0.0,0.0,0.0,12.0],"texture":"#missing"},"south":{"uv":[15.125,0.0,14.5,0.875],"texture":"#0"},"west":{"uv":[0.0,0.0,0.0,12.0],"texture":"#missing"},"up":{"uv":[0.0,0.0,0.0,10.0],"texture":"#missing","rotation":90},"down":{"uv":[0.0,0.0,0.0,10.0],"texture":"#missing","rotation":270}}},{"from":[8.0,12.42389,3.5],"to":[13.0,19.42389,3.5],"rotation":{"origin":[10.10372,15.92389,3.5],"axis":"z","angle":45.0},"faces":{"north":{"uv":[15.125,0.0,14.5,0.875],"texture":"#0"},"east":{"uv":[0.0,0.0,0.0,12.0],"texture":"#missing"},"south":{"uv":[14.5,0.0,15.125,0.875],"texture":"#0"},"west":{"uv":[0.0,0.0,0.0,12.0],"texture":"#missing"},"up":{"uv":[0.0,10.0,0.0,0.0],"texture":"#missing","rotation":90},"down":{"uv":[0.0,10.0,0.0,0.0],"texture":"#missing","rotation":270}}}],"textures":{"particle":"f6944b33-a6da-48e9-a22c-65b29204d1ba","0":"f6944b33-a6da-48e9-a22c-65b29204d1ba","1":"05a8e166-305a-4085-aff2-016771beb62e"},"gui_light":"front"}