{"display":{"thirdperson_righthand":{"rotation":[6.0,0.0,0.0],"translation":[-0.626,2.713,-1.46]},"gui":{"rotation":[-25.0,-149.0,2.0],"translation":[0.5,-0.834,0.0],"scale":[0.85,0.85,0.85]}},"elements":[{"from":[6.0,7.0,0.0],"to":[12.0,13.0,15.0],"faces":{"down":{"uv":[10.0,0.0,16.0,16.0],"texture":"#0","rotation":180},"up":{"uv":[10.0,0.0,16.0,16.0],"texture":"#0","rotation":90},"north":{"uv":[0.0,10.25,6.0,16.0],"texture":"#0"},"south":{"uv":[10.0,0.0,16.0,4.0],"texture":"#0","rotation":90},"west":{"uv":[10.0,0.0,16.0,16.0],"texture":"#0"},"east":{"uv":[10.0,0.0,16.0,16.0],"texture":"#0","rotation":180}}},{"from":[7.0,5.0,10.0],"to":[11.0,7.0,12.0],"faces":{"down":{"uv":[10.0,0.0,16.0,4.0],"texture":"#0","rotation":90},"up":{"uv":[0.0,1.5,9.0,2.25],"texture":"#0","rotation":90},"north":{"uv":[10.0,0.0,16.0,4.0],"texture":"#0","rotation":90},"south":{"uv":[0.0,1.5,9.0,2.25],"texture":"#0","rotation":270},"west":{"uv":[10.0,0.0,16.0,4.0],"texture":"#0","rotation":90},"east":{"uv":[10.0,0.0,16.0,4.0],"texture":"#0","rotation":90}}},{"from":[8.0,6.0,8.0],"to":[10.0,7.0,10.0],"faces":{"down":{"uv":[10.0,0.0,16.0,4.0],"texture":"#0","rotation":90},"up":{"uv":[0.0,1.5,9.0,2.25],"texture":"#0","rotation":90},"north":{"uv":[10.0,0.0,16.0,4.0],"texture":"#0","rotation":90},"south":{"uv":[0.0,1.5,9.0,2.25],"texture":"#0","rotation":270},"west":{"uv":[10.0,0.0,16.0,4.0],"texture":"#0","rotation":90},"east":{"uv":[10.0,0.0,16.0,4.0],"texture":"#0","rotation":90}}},{"from":[8.0,8.0,15.0],"to":[10.0,9.0,16.0],"faces":{"down":{"uv":[0.0,1.5,9.0,2.25],"texture":"#0","rotation":90},"up":{"uv":[0.0,1.5,9.0,2.25],"texture":"#0","rotation":90},"north":{"uv":[0.0,1.5,9.0,2.25],"texture":"#0","rotation":90},"south":{"uv":[0.0,1.5,9.0,2.25],"texture":"#0","rotation":270},"west":{"uv":[0.0,1.5,9.0,2.25],"texture":"#0","rotation":90},"east":{"uv":[0.0,1.5,9.0,2.25],"texture":"#0","rotation":90}}},{"from":[7.0,7.0,15.0],"to":[11.0,8.0,16.0],"faces":{"down":{"uv":[0.0,1.5,9.0,2.25],"texture":"#0","rotation":90},"up":{"uv":[0.0,1.5,9.0,2.25],"texture":"#0","rotation":90},"north":{"uv":[0.0,1.5,9.0,2.25],"texture":"#0","rotation":90},"south":{"uv":[0.0,1.5,9.0,2.25],"texture":"#0","rotation":270},"west":{"uv":[0.0,1.5,9.0,2.25],"texture":"#0","rotation":90},"east":{"uv":[0.0,1.5,9.0,2.25],"texture":"#0","rotation":90}}},{"from":[5.0,7.0,11.0],"to":[6.0,8.0,15.0],"faces":{"down":{"uv":[0.0,1.5,9.0,2.25],"texture":"#0","rotation":90},"up":{"uv":[10.0,0.0,16.0,8.0],"texture":"#0","rotation":90},"north":{"uv":[0.0,1.5,9.0,2.25],"texture":"#0","rotation":90},"south":{"uv":[0.0,1.5,9.0,2.25],"texture":"#0","rotation":270},"west":{"uv":[10.0,0.0,16.0,8.0],"texture":"#0","rotation":90},"east":{"uv":[0.0,1.5,9.0,2.25],"texture":"#0","rotation":90}}},{"from":[10.0,9.0,8.0],"to":[11.0,10.0,9.0],"faces":{"down":{"uv":[0.0,1.5,9.0,2.25],"texture":"#0","rotation":90},"up":{"uv":[0.0,1.5,9.0,2.25],"texture":"#0","rotation":90},"north":{"uv":[0.0,1.5,9.0,2.25],"texture":"#0","rotation":90},"south":{"uv":[0.0,1.5,9.0,2.25],"texture":"#0","rotation":270},"west":{"uv":[0.0,1.5,9.0,2.25],"texture":"#0","rotation":90},"east":{"uv":[0.0,1.5,9.0,2.25],"texture":"#0","rotation":90}}},{"from":[10.0,11.0,15.0],"to":[11.0,12.0,16.0],"faces":{"down":{"uv":[9.0,0.0,10.0,4.0],"texture":"#0","rotation":90},"up":{"uv":[9.0,0.0,10.0,4.0],"texture":"#0","rotation":90},"north":{"uv":[0.0,1.5,9.0,2.25],"texture":"#0","rotation":90},"south":{"uv":[6.0,15.75,7.0,16.0],"texture":"#0","rotation":270},"west":{"uv":[9.0,0.0,10.0,4.0],"texture":"#0","rotation":90},"east":{"uv":[9.0,0.0,10.0,4.0],"texture":"#0","rotation":90}}},{"from":[8.0,3.0,12.0],"to":[10.0,7.0,16.0],"faces":{"down":{"uv":[0.0,0.0,9.0,4.0],"texture":"#0","rotation":90},"up":{"uv":[0.0,1.5,9.0,2.25],"texture":"#0","rotation":90},"north":{"uv":[0.0,0.0,9.0,4.0],"texture":"#0","rotation":90},"south":{"uv":[7.0,15.75,9.0,16.0],"texture":"#0","rotation":270},"west":{"uv":[0.0,0.0,9.0,4.0],"texture":"#0","rotation":90},"east":{"uv":[0.0,0.0,9.0,4.0],"texture":"#0","rotation":90}}},{"from":[10.0,9.0,15.0],"to":[11.0,10.0,16.0],"faces":{"down":{"uv":[9.0,0.0,10.0,4.0],"texture":"#0","rotation":90},"up":{"uv":[9.0,0.0,10.0,4.0],"texture":"#0","rotation":90},"north":{"uv":[0.0,1.5,9.0,2.25],"texture":"#0","rotation":90},"south":{"uv":[6.0,15.75,7.0,16.0],"texture":"#0","rotation":270},"west":{"uv":[9.0,0.0,10.0,4.0],"texture":"#0","rotation":90},"east":{"uv":[9.0,0.0,10.0,4.0],"texture":"#0","rotation":90}}},{"from":[7.0,3.0,12.0],"to":[8.0,6.0,16.0],"faces":{"down":{"uv":[0.0,0.0,9.0,4.0],"texture":"#0","rotation":90},"up":{"uv":[9.0,0.0,10.0,4.0],"texture":"#0","rotation":90},"north":{"uv":[0.0,0.0,9.0,4.0],"texture":"#0","rotation":90},"south":{"uv":[0.0,0.0,9.0,4.0],"texture":"#0","rotation":270},"west":{"uv":[0.0,0.0,9.0,4.0],"texture":"#0","rotation":90},"east":{"uv":[9.0,0.0,10.0,4.0],"texture":"#0","rotation":90}}},{"from":[7.0,11.0,15.0],"to":[8.0,12.0,16.0],"faces":{"down":{"uv":[9.0,0.0,10.0,4.0],"texture":"#0","rotation":90},"up":{"uv":[9.0,0.0,10.0,4.0],"texture":"#0","rotation":90},"north":{"uv":[0.0,1.5,9.0,2.25],"texture":"#0","rotation":90},"south":{"uv":[6.0,15.75,7.0,16.0],"texture":"#0","rotation":270},"west":{"uv":[9.0,0.0,10.0,4.0],"texture":"#0","rotation":90},"east":{"uv":[9.0,0.0,10.0,4.0],"texture":"#0","rotation":90}}},{"from":[12.0,10.0,0.0],"to":[13.0,11.0,14.0],"faces":{"down":{"uv":[9.0,0.0,10.0,4.0],"texture":"#0","rotation":90},"up":{"uv":[9.0,0.0,10.0,4.0],"texture":"#0"},"north":{"uv":[9.0,0.0,10.0,4.0],"texture":"#0","rotation":90},"south":{"uv":[9.0,0.0,10.0,4.0],"texture":"#0","rotation":90},"west":{"uv":[9.0,0.0,10.0,4.0],"texture":"#0"},"east":{"uv":[9.0,0.0,10.0,4.0],"texture":"#0","rotation":90}}},{"from":[5.0,10.0,0.0],"to":[6.0,11.0,14.0],"faces":{"down":{"uv":[9.0,0.0,10.0,4.0],"texture":"#0","rotation":90},"up":{"uv":[9.0,0.0,10.0,4.0],"texture":"#0"},"north":{"uv":[9.0,0.0,10.0,4.0],"texture":"#0","rotation":90},"south":{"uv":[9.0,0.0,10.0,4.0],"texture":"#0","rotation":90},"west":{"uv":[9.0,0.0,10.0,4.0],"texture":"#0"},"east":{"uv":[9.0,0.0,10.0,4.0],"texture":"#0","rotation":90}}},{"from":[7.0,13.0,0.0],"to":[8.0,14.0,14.0],"faces":{"down":{"uv":[9.0,0.0,10.0,4.0],"texture":"#0","rotation":90},"up":{"uv":[9.0,0.0,10.0,4.0],"texture":"#0"},"north":{"uv":[9.0,0.0,10.0,4.0],"texture":"#0","rotation":90},"south":{"uv":[9.0,0.0,10.0,4.0],"texture":"#0","rotation":90},"west":{"uv":[9.0,0.0,10.0,4.0],"texture":"#0"},"east":{"uv":[9.0,0.0,10.0,4.0],"texture":"#0","rotation":90}}},{"from":[10.0,13.0,0.0],"to":[11.0,14.0,14.0],"faces":{"down":{"uv":[9.0,0.0,10.0,4.0],"texture":"#0","rotation":90},"up":{"uv":[9.0,0.0,10.0,4.0],"texture":"#0"},"north":{"uv":[9.0,0.0,10.0,4.0],"texture":"#0","rotation":90},"south":{"uv":[9.0,0.0,10.0,4.0],"texture":"#0","rotation":90},"west":{"uv":[9.0,0.0,10.0,4.0],"texture":"#0"},"east":{"uv":[9.0,0.0,10.0,4.0],"texture":"#0","rotation":90}}},{"from":[5.0,12.0,2.0],"to":[6.0,13.0,4.0],"faces":{"down":{"uv":[3.0,1.25,4.0,1.5],"texture":"#0","rotation":90},"up":{"uv":[3.0,1.25,4.0,1.5],"texture":"#0","rotation":90},"north":{"uv":[3.0,1.25,4.0,1.5],"texture":"#0","rotation":90},"south":{"uv":[3.0,1.25,4.0,1.5],"texture":"#0","rotation":270},"west":{"uv":[3.0,1.25,4.0,1.5],"texture":"#0","rotation":90},"east":{"uv":[3.0,1.25,4.0,1.5],"texture":"#0","rotation":90}}},{"from":[12.0,7.0,11.0],"to":[13.0,8.0,15.0],"faces":{"down":{"uv":[0.0,1.5,9.0,2.25],"texture":"#0","rotation":90},"up":{"uv":[0.0,1.5,9.0,2.25],"texture":"#0","rotation":90},"north":{"uv":[0.0,1.5,9.0,2.25],"texture":"#0","rotation":90},"south":{"uv":[0.0,1.5,9.0,2.25],"texture":"#0","rotation":270},"west":{"uv":[0.0,1.5,9.0,2.25],"texture":"#0","rotation":90},"east":{"uv":[0.0,1.5,9.0,2.25],"texture":"#0","rotation":90}}},{"from":[5.0,12.0,6.0],"to":[6.0,13.0,8.0],"faces":{"down":{"uv":[3.0,1.25,4.0,1.5],"texture":"#0","rotation":90},"up":{"uv":[3.0,1.25,4.0,1.5],"texture":"#0","rotation":90},"north":{"uv":[3.0,1.25,4.0,1.5],"texture":"#0","rotation":90},"south":{"uv":[3.0,1.25,4.0,1.5],"texture":"#0","rotation":270},"west":{"uv":[3.0,1.25,4.0,1.5],"texture":"#0","rotation":90},"east":{"uv":[3.0,1.25,4.0,1.5],"texture":"#0","rotation":90}}},{"from":[5.0,12.0,10.0],"to":[6.0,13.0,12.0],"faces":{"down":{"uv":[3.0,1.25,4.0,1.5],"texture":"#0","rotation":90},"up":{"uv":[3.0,1.25,4.0,1.5],"texture":"#0","rotation":90},"north":{"uv":[3.0,1.25,4.0,1.5],"texture":"#0","rotation":90},"south":{"uv":[3.0,1.25,4.0,1.5],"texture":"#0","rotation":270},"west":{"uv":[3.0,1.25,4.0,1.5],"texture":"#0","rotation":90},"east":{"uv":[3.0,1.25,4.0,1.5],"texture":"#0","rotation":90}}},{"from":[12.0,12.0,2.0],"to":[13.0,13.0,4.0],"faces":{"down":{"uv":[3.0,1.25,4.0,1.5],"texture":"#0","rotation":90},"up":{"uv":[3.0,1.25,4.0,1.5],"texture":"#0","rotation":90},"north":{"uv":[3.0,1.25,4.0,1.5],"texture":"#0","rotation":90},"south":{"uv":[3.0,1.25,4.0,1.5],"texture":"#0","rotation":270},"west":{"uv":[3.0,1.25,4.0,1.5],"texture":"#0","rotation":90},"east":{"uv":[3.0,1.25,4.0,1.5],"texture":"#0","rotation":90}}},{"from":[12.0,12.0,6.0],"to":[13.0,13.0,8.0],"faces":{"down":{"uv":[3.0,1.25,4.0,1.5],"texture":"#0","rotation":90},"up":{"uv":[3.0,1.25,4.0,1.5],"texture":"#0","rotation":90},"north":{"uv":[3.0,1.25,4.0,1.5],"texture":"#0","rotation":90},"south":{"uv":[3.0,1.25,4.0,1.5],"texture":"#0","rotation":270},"west":{"uv":[3.0,1.25,4.0,1.5],"texture":"#0","rotation":90},"east":{"uv":[3.0,1.25,4.0,1.5],"texture":"#0","rotation":90}}},{"from":[12.0,12.0,10.0],"to":[13.0,13.0,12.0],"faces":{"down":{"uv":[3.0,1.25,4.0,1.5],"texture":"#0","rotation":90},"up":{"uv":[3.0,1.25,4.0,1.5],"texture":"#0","rotation":90},"north":{"uv":[3.0,1.25,4.0,1.5],"texture":"#0","rotation":90},"south":{"uv":[3.0,1.25,4.0,1.5],"texture":"#0","rotation":270},"west":{"uv":[3.0,1.25,4.0,1.5],"texture":"#0","rotation":90},"east":{"uv":[3.0,1.25,4.0,1.5],"texture":"#0","rotation":90}}},{"from":[4.0,9.0,7.0],"to":[6.0,11.0,9.0],"faces":{"down":{"uv":[3.0,1.25,4.0,1.5],"texture":"#0","rotation":90},"up":{"uv":[3.0,1.25,4.0,1.5],"texture":"#0","rotation":90},"north":{"uv":[3.0,1.25,4.0,1.5],"texture":"#0","rotation":90},"south":{"uv":[3.0,1.25,4.0,1.5],"texture":"#0","rotation":270},"west":{"uv":[3.0,1.25,4.0,1.5],"texture":"#0","rotation":90},"east":{"uv":[3.0,1.25,4.0,1.5],"texture":"#0","rotation":90}}},{"from":[12.0,9.0,7.0],"to":[14.0,11.0,9.0],"faces":{"down":{"uv":[3.0,1.25,4.0,1.5],"texture":"#0","rotation":90},"up":{"uv":[3.0,1.25,4.0,1.5],"texture":"#0","rotation":90},"north":{"uv":[3.0,1.25,4.0,1.5],"texture":"#0","rotation":90},"south":{"uv":[3.0,1.25,4.0,1.5],"texture":"#0","rotation":270},"west":{"uv":[3.0,1.25,4.0,1.5],"texture":"#0","rotation":90},"east":{"uv":[3.0,1.25,4.0,1.5],"texture":"#0","rotation":90}}},{"from":[5.0,11.0,7.0],"to":[6.0,12.0,9.0],"faces":{"down":{"uv":[3.0,1.25,4.0,1.5],"texture":"#0","rotation":90},"up":{"uv":[3.0,1.25,4.0,1.5],"texture":"#0","rotation":90},"north":{"uv":[3.0,1.25,4.0,1.5],"texture":"#0","rotation":90},"south":{"uv":[3.0,1.25,4.0,1.5],"texture":"#0","rotation":270},"west":{"uv":[3.0,1.25,4.0,1.5],"texture":"#0","rotation":90},"east":{"uv":[3.0,1.25,4.0,1.5],"texture":"#0","rotation":90}}},{"from":[12.0,11.0,7.0],"to":[13.0,12.0,9.0],"faces":{"down":{"uv":[3.0,1.25,4.0,1.5],"texture":"#0","rotation":90},"up":{"uv":[3.0,1.25,4.0,1.5],"texture":"#0","rotation":90},"north":{"uv":[3.0,1.25,4.0,1.5],"texture":"#0","rotation":90},"south":{"uv":[3.0,1.25,4.0,1.5],"texture":"#0","rotation":270},"west":{"uv":[3.0,1.25,4.0,1.5],"texture":"#0","rotation":90},"east":{"uv":[3.0,1.25,4.0,1.5],"texture":"#0","rotation":90}}},{"from":[8.0,13.0,7.0],"to":[10.0,15.0,9.0],"faces":{"down":{"uv":[3.0,1.25,4.0,1.5],"texture":"#0","rotation":90},"up":{"uv":[3.0,1.25,4.0,1.5],"texture":"#0","rotation":90},"north":{"uv":[3.0,1.25,4.0,1.5],"texture":"#0","rotation":90},"south":{"uv":[3.0,1.25,4.0,1.5],"texture":"#0","rotation":270},"west":{"uv":[3.0,1.25,4.0,1.5],"texture":"#0","rotation":90},"east":{"uv":[3.0,1.25,4.0,1.5],"texture":"#0","rotation":90}}},{"from":[6.0,13.0,7.0],"to":[12.0,14.0,9.0],"faces":{"down":{"uv":[3.0,1.25,4.0,1.5],"texture":"#0","rotation":90},"up":{"uv":[3.0,1.25,4.0,1.5],"texture":"#0","rotation":90},"north":{"uv":[3.0,1.25,4.0,1.5],"texture":"#0","rotation":90},"south":{"uv":[3.0,1.25,4.0,1.5],"texture":"#0","rotation":270},"west":{"uv":[3.0,1.25,4.0,1.5],"texture":"#0","rotation":90},"east":{"uv":[3.0,1.25,4.0,1.5],"texture":"#0","rotation":90}}},{"from":[7.0,14.0,7.0],"to":[8.0,15.0,9.0],"faces":{"down":{"uv":[3.0,1.25,4.0,1.5],"texture":"#0","rotation":90},"up":{"uv":[3.0,1.25,4.0,1.5],"texture":"#0","rotation":90},"north":{"uv":[3.0,1.25,4.0,1.5],"texture":"#0","rotation":90},"south":{"uv":[3.0,1.25,4.0,1.5],"texture":"#0","rotation":270},"west":{"uv":[3.0,1.25,4.0,1.5],"texture":"#0","rotation":90},"east":{"uv":[3.0,1.25,4.0,1.5],"texture":"#0","rotation":90}}},{"from":[10.0,14.0,7.0],"to":[11.0,15.0,9.0],"faces":{"down":{"uv":[3.0,1.25,4.0,1.5],"texture":"#0","rotation":90},"up":{"uv":[3.0,1.25,4.0,1.5],"texture":"#0","rotation":90},"north":{"uv":[3.0,1.25,4.0,1.5],"texture":"#0","rotation":90},"south":{"uv":[3.0,1.25,4.0,1.5],"texture":"#0","rotation":270},"west":{"uv":[3.0,1.25,4.0,1.5],"texture":"#0","rotation":90},"east":{"uv":[3.0,1.25,4.0,1.5],"texture":"#0","rotation":90}}},{"from":[8.0,15.0,7.0],"to":[10.0,16.0,9.0],"faces":{"down":{"uv":[3.0,1.25,4.0,1.5],"texture":"#0","rotation":90},"up":{"uv":[3.0,1.25,4.0,1.5],"texture":"#0","rotation":90},"north":{"uv":[3.0,1.25,4.0,1.5],"texture":"#0","rotation":90},"south":{"uv":[3.0,1.25,4.0,1.5],"texture":"#0","rotation":270},"west":{"uv":[3.0,1.25,4.0,1.5],"texture":"#0","rotation":90},"east":{"uv":[3.0,1.25,4.0,1.5],"texture":"#0","rotation":90}}},{"from":[5.0,8.0,7.0],"to":[11.0,9.0,9.0],"faces":{"down":{"uv":[3.0,1.25,4.0,1.5],"texture":"#0","rotation":90},"up":{"uv":[3.0,1.25,4.0,1.5],"texture":"#0","rotation":90},"north":{"uv":[3.0,1.25,4.0,1.5],"texture":"#0","rotation":90},"south":{"uv":[3.0,1.25,4.0,1.5],"texture":"#0","rotation":270},"west":{"uv":[3.0,1.25,4.0,1.5],"texture":"#0","rotation":90},"east":{"uv":[3.0,1.25,4.0,1.5],"texture":"#0","rotation":90}}},{"from":[8.0,8.0,5.0],"to":[11.0,9.0,7.0],"faces":{"down":{"uv":[3.0,1.25,4.0,1.5],"texture":"#0","rotation":90},"up":{"uv":[3.0,1.25,4.0,1.5],"texture":"#0","rotation":90},"north":{"uv":[3.0,1.25,4.0,1.5],"texture":"#0","rotation":90},"south":{"uv":[3.0,1.25,4.0,1.5],"texture":"#0","rotation":270},"west":{"uv":[3.0,1.25,4.0,1.5],"texture":"#0","rotation":90},"east":{"uv":[3.0,1.25,4.0,1.5],"texture":"#0","rotation":90}}},{"from":[7.0,8.0,7.0],"to":[9.0,9.0,9.0],"faces":{"down":{"uv":[3.0,1.25,4.0,1.5],"texture":"#0","rotation":90},"up":{"uv":[3.0,1.25,4.0,1.5],"texture":"#0","rotation":90},"north":{"uv":[3.0,1.25,4.0,1.5],"texture":"#0","rotation":90},"south":{"uv":[3.0,1.25,4.0,1.5],"texture":"#0","rotation":270},"west":{"uv":[3.0,1.25,4.0,1.5],"texture":"#0","rotation":90},"east":{"uv":[3.0,1.25,4.0,1.5],"texture":"#0","rotation":90}}},{"from":[8.0,13.0,5.0],"to":[10.0,14.0,7.0],"faces":{"down":{"uv":[3.0,1.25,4.0,1.5],"texture":"#0","rotation":90},"up":{"uv":[3.0,1.25,4.0,1.5],"texture":"#0","rotation":90},"north":{"uv":[3.0,1.25,4.0,1.5],"texture":"#0","rotation":90},"south":{"uv":[3.0,1.25,4.0,1.5],"texture":"#0","rotation":270},"west":{"uv":[3.0,1.25,4.0,1.5],"texture":"#0","rotation":90},"east":{"uv":[3.0,1.25,4.0,1.5],"texture":"#0","rotation":90}}},{"from":[7.0,8.0,7.0],"to":[9.0,9.0,9.0],"faces":{"down":{"uv":[3.0,1.25,4.0,1.5],"texture":"#0","rotation":90},"up":{"uv":[3.0,1.25,4.0,1.5],"texture":"#0","rotation":90},"north":{"uv":[3.0,1.25,4.0,1.5],"texture":"#0","rotation":90},"south":{"uv":[3.0,1.25,4.0,1.5],"texture":"#0","rotation":270},"west":{"uv":[3.0,1.25,4.0,1.5],"texture":"#0","rotation":90},"east":{"uv":[3.0,1.25,4.0,1.5],"texture":"#0","rotation":90}}},{"from":[8.0,13.0,9.0],"to":[10.0,14.0,11.0],"faces":{"down":{"uv":[3.0,1.25,4.0,1.5],"texture":"#0","rotation":90},"up":{"uv":[3.0,1.25,4.0,1.5],"texture":"#0","rotation":90},"north":{"uv":[3.0,1.25,4.0,1.5],"texture":"#0","rotation":90},"south":{"uv":[3.0,1.25,4.0,1.5],"texture":"#0","rotation":270},"west":{"uv":[3.0,1.25,4.0,1.5],"texture":"#0","rotation":90},"east":{"uv":[3.0,1.25,4.0,1.5],"texture":"#0","rotation":90}}},{"from":[8.0,8.0,8.0],"to":[9.0,9.0,9.0],"faces":{"down":{"uv":[9.0,0.0,10.0,4.0],"texture":"#0","rotation":90},"up":{"uv":[9.0,0.0,10.0,4.0],"texture":"#0","rotation":90},"north":{"uv":[0.0,1.5,9.0,2.25],"texture":"#0","rotation":90},"south":{"uv":[9.0,0.0,10.0,4.0],"texture":"#0","rotation":270},"west":{"uv":[9.0,0.0,10.0,4.0],"texture":"#0","rotation":90},"east":{"uv":[9.0,0.0,10.0,4.0],"texture":"#0","rotation":90}}},{"from":[8.0,14.0,9.0],"to":[10.0,15.0,10.0],"faces":{"down":{"uv":[9.0,0.0,10.0,4.0],"texture":"#0","rotation":90},"up":{"uv":[9.0,0.0,10.0,4.0],"texture":"#0","rotation":90},"north":{"uv":[0.0,1.5,9.0,2.25],"texture":"#0","rotation":90},"south":{"uv":[9.0,0.0,10.0,4.0],"texture":"#0","rotation":270},"west":{"uv":[9.0,0.0,10.0,4.0],"texture":"#0","rotation":90},"east":{"uv":[9.0,0.0,10.0,4.0],"texture":"#0","rotation":90}}},{"from":[8.0,8.0,6.0],"to":[10.0,9.0,7.0],"faces":{"down":{"uv":[9.0,0.0,10.0,4.0],"texture":"#0","rotation":90},"up":{"uv":[9.0,0.0,10.0,4.0],"texture":"#0","rotation":90},"north":{"uv":[0.0,1.5,9.0,2.25],"texture":"#0","rotation":90},"south":{"uv":[9.0,0.0,10.0,4.0],"texture":"#0","rotation":270},"west":{"uv":[9.0,0.0,10.0,4.0],"texture":"#0","rotation":90},"east":{"uv":[9.0,0.0,10.0,4.0],"texture":"#0","rotation":90}}},{"from":[8.0,14.0,6.0],"to":[10.0,15.0,7.0],"faces":{"down":{"uv":[9.0,0.0,10.0,4.0],"texture":"#0","rotation":90},"up":{"uv":[9.0,0.0,10.0,4.0],"texture":"#0","rotation":90},"north":{"uv":[3.0,1.25,4.0,1.5],"texture":"#0","rotation":90},"south":{"uv":[9.0,0.0,10.0,4.0],"texture":"#0","rotation":270},"west":{"uv":[9.0,0.0,10.0,4.0],"texture":"#0","rotation":90},"east":{"uv":[9.0,0.0,10.0,4.0],"texture":"#0","rotation":90}}},{"from":[6.0,6.0,6.0],"to":[7.0,7.0,8.0],"faces":{"down":{"uv":[3.0,1.25,4.0,1.5],"texture":"#0","rotation":90},"up":{"uv":[3.0,1.25,4.0,1.5],"texture":"#0","rotation":90},"north":{"uv":[3.0,1.25,4.0,1.5],"texture":"#0","rotation":90},"south":{"uv":[3.0,1.25,4.0,1.5],"texture":"#0","rotation":270},"west":{"uv":[3.0,1.25,4.0,1.5],"texture":"#0","rotation":90},"east":{"uv":[3.0,1.25,4.0,1.5],"texture":"#0","rotation":90}}},{"from":[6.0,6.0,3.0],"to":[7.0,7.0,5.0],"faces":{"down":{"uv":[3.0,1.25,4.0,1.5],"texture":"#0","rotation":90},"up":{"uv":[3.0,1.25,4.0,1.5],"texture":"#0","rotation":90},"north":{"uv":[3.0,1.25,4.0,1.5],"texture":"#0","rotation":90},"south":{"uv":[3.0,1.25,4.0,1.5],"texture":"#0","rotation":270},"west":{"uv":[3.0,1.25,4.0,1.5],"texture":"#0","rotation":90},"east":{"uv":[3.0,1.25,4.0,1.5],"texture":"#0","rotation":90}}},{"from":[8.0,8.0,9.0],"to":[9.0,9.0,11.0],"faces":{"down":{"uv":[3.0,1.25,4.0,1.5],"texture":"#0","rotation":90},"up":{"uv":[3.0,1.25,4.0,1.5],"texture":"#0","rotation":90},"north":{"uv":[3.0,1.25,4.0,1.5],"texture":"#0","rotation":90},"south":{"uv":[3.0,1.25,4.0,1.5],"texture":"#0","rotation":270},"west":{"uv":[3.0,1.25,4.0,1.5],"texture":"#0","rotation":90},"east":{"uv":[3.0,1.25,4.0,1.5],"texture":"#0","rotation":90}}},{"from":[8.0,8.0,6.0],"to":[9.0,9.0,8.0],"faces":{"down":{"uv":[3.0,1.25,4.0,1.5],"texture":"#0","rotation":90},"up":{"uv":[3.0,1.25,4.0,1.5],"texture":"#0","rotation":90},"north":{"uv":[3.0,1.25,4.0,1.5],"texture":"#0","rotation":90},"south":{"uv":[3.0,1.25,4.0,1.5],"texture":"#0","rotation":270},"west":{"uv":[3.0,1.25,4.0,1.5],"texture":"#0","rotation":90},"east":{"uv":[3.0,1.25,4.0,1.5],"texture":"#0","rotation":90}}},{"from":[8.0,8.0,9.0],"to":[9.0,9.0,11.0],"faces":{"down":{"uv":[3.0,1.25,4.0,1.5],"texture":"#0","rotation":90},"up":{"uv":[3.0,1.25,4.0,1.5],"texture":"#0","rotation":90},"north":{"uv":[3.0,1.25,4.0,1.5],"texture":"#0","rotation":90},"south":{"uv":[3.0,1.25,4.0,1.5],"texture":"#0","rotation":270},"west":{"uv":[3.0,1.25,4.0,1.5],"texture":"#0","rotation":90},"east":{"uv":[3.0,1.25,4.0,1.5],"texture":"#0","rotation":90}}},{"from":[8.0,8.0,6.0],"to":[9.0,9.0,8.0],"faces":{"down":{"uv":[3.0,1.25,4.0,1.5],"texture":"#0","rotation":90},"up":{"uv":[3.0,1.25,4.0,1.5],"texture":"#0","rotation":90},"north":{"uv":[3.0,1.25,4.0,1.5],"texture":"#0","rotation":90},"south":{"uv":[3.0,1.25,4.0,1.5],"texture":"#0","rotation":270},"west":{"uv":[3.0,1.25,4.0,1.5],"texture":"#0","rotation":90},"east":{"uv":[3.0,1.25,4.0,1.5],"texture":"#0","rotation":90}}},{"from":[8.0,8.0,9.0],"to":[9.0,9.0,11.0],"faces":{"down":{"uv":[3.0,1.25,4.0,1.5],"texture":"#0","rotation":90},"up":{"uv":[3.0,1.25,4.0,1.5],"texture":"#0","rotation":90},"north":{"uv":[3.0,1.25,4.0,1.5],"texture":"#0","rotation":90},"south":{"uv":[3.0,1.25,4.0,1.5],"texture":"#0","rotation":270},"west":{"uv":[3.0,1.25,4.0,1.5],"texture":"#0","rotation":90},"east":{"uv":[3.0,1.25,4.0,1.5],"texture":"#0","rotation":90}}},{"from":[8.0,8.0,6.0],"to":[9.0,9.0,8.0],"faces":{"down":{"uv":[3.0,1.25,4.0,1.5],"texture":"#0","rotation":90},"up":{"uv":[3.0,1.25,4.0,1.5],"texture":"#0","rotation":90},"north":{"uv":[3.0,1.25,4.0,1.5],"texture":"#0","rotation":90},"south":{"uv":[3.0,1.25,4.0,1.5],"texture":"#0","rotation":270},"west":{"uv":[3.0,1.25,4.0,1.5],"texture":"#0","rotation":90},"east":{"uv":[3.0,1.25,4.0,1.5],"texture":"#0","rotation":90}}},{"from":[11.0,6.0,6.0],"to":[12.0,7.0,8.0],"faces":{"down":{"uv":[3.0,1.25,4.0,1.5],"texture":"#0","rotation":90},"up":{"uv":[3.0,1.25,4.0,1.5],"texture":"#0","rotation":90},"north":{"uv":[3.0,1.25,4.0,1.5],"texture":"#0","rotation":90},"south":{"uv":[3.0,1.25,4.0,1.5],"texture":"#0","rotation":270},"west":{"uv":[3.0,1.25,4.0,1.5],"texture":"#0","rotation":90},"east":{"uv":[3.0,1.25,4.0,1.5],"texture":"#0","rotation":90}}},{"from":[11.0,6.0,3.0],"to":[12.0,7.0,5.0],"faces":{"down":{"uv":[3.0,1.25,4.0,1.5],"texture":"#0","rotation":90},"up":{"uv":[3.0,1.25,4.0,1.5],"texture":"#0","rotation":90},"north":{"uv":[3.0,1.25,4.0,1.5],"texture":"#0","rotation":90},"south":{"uv":[3.0,1.25,4.0,1.5],"texture":"#0","rotation":270},"west":{"uv":[3.0,1.25,4.0,1.5],"texture":"#0","rotation":90},"east":{"uv":[3.0,1.25,4.0,1.5],"texture":"#0","rotation":90}}},{"from":[8.0,6.0,1.0],"to":[10.0,7.0,2.0],"faces":{"down":{"uv":[9.0,0.0,10.0,4.0],"texture":"#0","rotation":90},"up":{"uv":[9.0,0.0,10.0,4.0],"texture":"#0","rotation":90},"north":{"uv":[9.0,0.0,10.0,4.0],"texture":"#0","rotation":90},"south":{"uv":[9.0,0.0,10.0,4.0],"texture":"#0","rotation":270},"west":{"uv":[9.0,0.0,10.0,4.0],"texture":"#0","rotation":90},"east":{"uv":[9.0,0.0,10.0,4.0],"texture":"#0","rotation":90}}},{"from":[8.0,6.0,5.0],"to":[10.0,7.0,6.0],"faces":{"down":{"uv":[9.0,0.0,10.0,4.0],"texture":"#0","rotation":90},"up":{"uv":[9.0,0.0,10.0,4.0],"texture":"#0","rotation":90},"north":{"uv":[9.0,0.0,10.0,4.0],"texture":"#0","rotation":90},"south":{"uv":[9.0,0.0,10.0,4.0],"texture":"#0","rotation":270},"west":{"uv":[9.0,0.0,10.0,4.0],"texture":"#0","rotation":90},"east":{"uv":[9.0,0.0,10.0,4.0],"texture":"#0","rotation":90}}},{"from":[8.0,6.0,3.0],"to":[10.0,7.0,4.0],"faces":{"down":{"uv":[3.0,1.25,4.0,1.5],"texture":"#0","rotation":90},"up":{"uv":[3.0,1.25,4.0,1.5],"texture":"#0","rotation":90},"north":{"uv":[3.0,1.25,4.0,1.5],"texture":"#0","rotation":90},"south":{"uv":[3.0,1.25,4.0,1.5],"texture":"#0","rotation":270},"west":{"uv":[3.0,1.25,4.0,1.5],"texture":"#0","rotation":90},"east":{"uv":[3.0,1.25,4.0,1.5],"texture":"#0","rotation":90}}},{"from":[10.0,3.0,12.0],"to":[11.0,6.0,16.0],"faces":{"down":{"uv":[0.0,0.0,9.0,4.0],"texture":"#0","rotation":90},"up":{"uv":[0.0,1.5,9.0,2.25],"texture":"#0","rotation":90},"north":{"uv":[0.0,0.0,9.0,4.0],"texture":"#0","rotation":90},"south":{"uv":[7.0,15.75,9.0,16.0],"texture":"#0","rotation":270},"west":{"uv":[7.0,15.75,9.0,16.0],"texture":"#0","rotation":90},"east":{"uv":[0.0,0.0,9.0,4.0],"texture":"#0","rotation":90}}},{"from":[8.0,7.0,6.0],"to":[9.0,10.0,10.0],"faces":{"down":{"uv":[10.0,0.0,16.0,4.0],"texture":"#0","rotation":90},"up":{"uv":[0.0,1.5,9.0,2.25],"texture":"#0","rotation":90},"north":{"uv":[10.0,0.0,16.0,4.0],"texture":"#0","rotation":90},"south":{"uv":[7.0,15.75,9.0,16.0],"texture":"#0","rotation":270},"west":{"uv":[7.0,15.75,9.0,16.0],"texture":"#0","rotation":90},"east":{"uv":[0.0,0.0,9.0,4.0],"texture":"#0","rotation":90}}},{"from":[8.0,3.0,16.0],"to":[10.0,6.0,17.0],"faces":{"down":{"uv":[0.0,0.0,9.0,4.0],"texture":"#0","rotation":90},"up":{"uv":[0.0,0.0,9.0,4.0],"texture":"#0","rotation":90},"north":{"uv":[0.0,1.5,9.0,2.25],"texture":"#0","rotation":90},"south":{"uv":[0.0,0.0,9.0,4.0],"texture":"#0","rotation":270},"west":{"uv":[0.0,0.0,9.0,4.0],"texture":"#0","rotation":90},"east":{"uv":[0.0,0.0,9.0,4.0],"texture":"#0","rotation":90}}},{"from":[7.0,9.0,15.0],"to":[8.0,10.0,16.0],"faces":{"down":{"uv":[9.0,0.0,10.0,4.0],"texture":"#0","rotation":90},"up":{"uv":[9.0,0.0,10.0,4.0],"texture":"#0","rotation":90},"north":{"uv":[0.0,1.5,9.0,2.25],"texture":"#0","rotation":90},"south":{"uv":[6.0,15.75,7.0,16.0],"texture":"#0","rotation":270},"west":{"uv":[9.0,0.0,10.0,4.0],"texture":"#0","rotation":90},"east":{"uv":[9.0,0.0,10.0,4.0],"texture":"#0","rotation":90}}},{"from":[8.0,9.0,-1.0],"to":[10.0,11.0,0.0],"faces":{"down":{"uv":[10.0,0.0,16.0,16.0],"texture":"#0","rotation":180},"up":{"uv":[10.0,0.0,16.0,16.0],"texture":"#0","rotation":90},"north":{"uv":[0.0,10.25,6.0,16.0],"texture":"#0"},"south":{"uv":[10.0,0.0,16.0,4.0],"texture":"#0","rotation":90},"west":{"uv":[10.0,0.0,16.0,16.0],"texture":"#0"},"east":{"uv":[10.0,0.0,16.0,16.0],"texture":"#0","rotation":180}}},{"from":[6.0,7.0,-1.0],"to":[7.0,8.0,0.0],"faces":{"down":{"uv":[10.0,0.0,16.0,16.0],"texture":"#0","rotation":180},"up":{"uv":[10.0,0.0,16.0,16.0],"texture":"#0","rotation":90},"north":{"uv":[0.0,10.0,6.0,16.0],"texture":"#0"},"south":{"uv":[10.0,0.0,16.0,4.0],"texture":"#0","rotation":90},"west":{"uv":[10.0,0.0,16.0,16.0],"texture":"#0"},"east":{"uv":[10.0,0.0,16.0,16.0],"texture":"#0","rotation":180}}},{"from":[11.0,12.0,-1.0],"to":[12.0,13.0,0.0],"faces":{"down":{"uv":[10.0,0.0,16.0,16.0],"texture":"#0","rotation":180},"up":{"uv":[10.0,0.0,16.0,16.0],"texture":"#0","rotation":90},"north":{"uv":[0.0,10.0,6.0,16.0],"texture":"#0"},"south":{"uv":[10.0,0.0,16.0,4.0],"texture":"#0","rotation":90},"west":{"uv":[10.0,0.0,16.0,16.0],"texture":"#0"},"east":{"uv":[10.0,0.0,16.0,16.0],"texture":"#0","rotation":180}}},{"from":[6.0,12.0,-1.0],"to":[7.0,13.0,0.0],"faces":{"down":{"uv":[10.0,0.0,16.0,16.0],"texture":"#0","rotation":180},"up":{"uv":[10.0,0.0,16.0,16.0],"texture":"#0","rotation":90},"north":{"uv":[0.0,10.0,6.0,16.0],"texture":"#0"},"south":{"uv":[10.0,0.0,16.0,4.0],"texture":"#0","rotation":90},"west":{"uv":[10.0,0.0,16.0,16.0],"texture":"#0"},"east":{"uv":[10.0,0.0,16.0,16.0],"texture":"#0","rotation":180}}},{"from":[11.0,7.0,-1.0],"to":[12.0,8.0,0.0],"faces":{"down":{"uv":[10.0,0.0,16.0,16.0],"texture":"#0","rotation":180},"up":{"uv":[10.0,0.0,16.0,16.0],"texture":"#0","rotation":90},"north":{"uv":[0.0,10.0,6.0,16.0],"texture":"#0"},"south":{"uv":[10.0,0.0,16.0,4.0],"texture":"#0","rotation":90},"west":{"uv":[10.0,0.0,16.0,16.0],"texture":"#0"},"east":{"uv":[10.0,0.0,16.0,16.0],"texture":"#0","rotation":180}}}],"textures":{"0":"564bf623-c172-4452-945c-f03762cc2e58"}}