{"display":{"thirdperson_righthand":{"rotation":[12.5,0.0,0.0],"translation":[0.0,6.0,2.0],"scale":[0.87109,0.87109,0.87109]},"thirdperson_lefthand":{"rotation":[12.5,0.0,0.0],"translation":[0.0,6.0,2.0],"scale":[0.87109,0.87109,0.87109]},"firstperson_righthand":{"rotation":[-4.46,-1.54,6.66],"translation":[5.75,2.75,-3.75],"scale":[0.76563,0.76563,0.76563]},"firstperson_lefthand":{"rotation":[-4.46,-1.54,6.66],"translation":[5.75,2.75,-3.75],"scale":[0.76563,0.76563,0.76563]},"ground":{"rotation":[0.0,0.0,70.0],"translation":[0.25,0.0,0.25],"scale":[0.58594,0.58594,0.58594]},"gui":{"rotation":[90.0,45.0,-90.0],"translation":[0.25,0.75,0.0],"scale":[0.43867,0.43867,0.43867]},"head":{"rotation":[-90.0,59.25,90.0],"translation":[0.0,18.25,0.0],"scale":[0.75781,0.75781,0.75781]},"fixed":{"rotation":[0.0,90.0,0.0],"translation":[0.0,2.0,-1.5],"scale":[1.50781,1.50781,1.50781]}},"elements":[{"from":[7.63811,-12.0,7.63861],"to":[9.13811,14.0,9.13861],"rotation":{"origin":[8.38836,6.342,8.00025],"axis":"y","angle":0.0},"faces":{"north":{"uv":[1.0,0.0,2.0,13.0],"texture":"#1"},"east":{"uv":[2.0,0.0,3.0,13.0],"texture":"#1"},"south":{"uv":[3.0,0.0,4.0,13.0],"texture":"#1"},"west":{"uv":[0.0,0.0,1.0,13.0],"texture":"#1"},"up":{"uv":[11.0,10.0,10.0,9.0],"texture":"#1","rotation":270},"down":{"uv":[11.0,10.0,10.0,11.0],"texture":"#1","rotation":90}}},{"from":[8.13811,7.0,9.13861],"to":[8.63811,13.0,9.63861],"rotation":{"origin":[8.38836,6.342,8.00025],"axis":"y","angle":0.0},"faces":{"north":{"uv":[9.0,3.0,9.5,6.0],"texture":"#1"},"east":{"uv":[9.0,6.0,9.5,9.0],"texture":"#1"},"south":{"uv":[9.0,9.0,9.5,12.0],"texture":"#1"},"west":{"uv":[9.0,0.0,9.5,3.0],"texture":"#1"},"up":{"uv":[14.0,9.0,13.5,8.5],"texture":"#1","rotation":270},"down":{"uv":[9.5,13.5,9.0,14.0],"texture":"#1","rotation":90}}},{"from":[8.13811,15.0,9.63861],"to":[8.63811,19.0,10.13861],"rotation":{"origin":[8.38836,6.342,8.00025],"axis":"y","angle":0.0},"faces":{"north":{"uv":[10.5,0.0,11.0,2.0],"texture":"#1"},"east":{"uv":[10.5,5.0,11.0,7.0],"texture":"#1"},"south":{"uv":[11.0,0.0,11.5,2.0],"texture":"#1"},"west":{"uv":[6.5,10.0,7.0,12.0],"texture":"#1"},"up":{"uv":[14.0,9.5,13.5,9.0],"texture":"#1","rotation":270},"down":{"uv":[14.0,9.5,13.5,10.0],"texture":"#1","rotation":90}}},{"from":[8.13811,13.78051,17.96286],"to":[8.63811,14.78051,18.46286],"rotation":{"origin":[8.38836,6.342,8.00025],"axis":"x","angle":-45.0},"faces":{"north":{"uv":[13.5,10.5,14.0,11.0],"texture":"#1"},"east":{"uv":[13.5,11.0,14.0,11.5],"texture":"#1"},"south":{"uv":[13.5,11.5,14.0,12.0],"texture":"#1"},"west":{"uv":[13.5,10.0,14.0,10.5],"texture":"#1"},"up":{"uv":[14.0,12.5,13.5,12.0],"texture":"#1","rotation":270},"down":{"uv":[14.0,12.5,13.5,13.0],"texture":"#1","rotation":90}}},{"from":[8.13811,6.96577,8.19347],"to":[8.63811,7.96577,8.69347],"rotation":{"origin":[8.38836,6.342,8.00025],"axis":"x","angle":45.0},"faces":{"north":{"uv":[13.5,13.5,14.0,14.0],"texture":"#1"},"east":{"uv":[0.0,14.0,0.5,14.5],"texture":"#1"},"south":{"uv":[0.5,14.0,1.0,14.5],"texture":"#1"},"west":{"uv":[13.0,13.5,13.5,14.0],"texture":"#1"},"up":{"uv":[1.5,14.5,1.0,14.0],"texture":"#1","rotation":270},"down":{"uv":[2.0,14.0,1.5,14.5],"texture":"#1","rotation":90}}},{"from":[7.38811,9.12886,12.58633],"to":[9.38811,12.12886,15.58633],"rotation":{"origin":[8.38836,6.342,8.00025],"axis":"x","angle":-45.0},"faces":{"north":{"uv":[9.5,0.0,10.5,1.5],"texture":"#1"},"east":{"uv":[5.5,8.5,7.0,10.0],"texture":"#1"},"south":{"uv":[9.5,1.5,10.5,3.0],"texture":"#1"},"west":{"uv":[4.0,8.5,5.5,10.0],"texture":"#1"},"up":{"uv":[11.0,4.0,9.5,3.0],"texture":"#1","rotation":270},"down":{"uv":[11.0,4.0,9.5,5.0],"texture":"#1","rotation":90}}},{"from":[8.13811,8.62886,12.08633],"to":[8.63811,9.62886,16.08633],"rotation":{"origin":[8.38836,6.342,8.00025],"axis":"x","angle":-45.0},"faces":{"north":{"uv":[2.0,14.0,2.5,14.5],"texture":"#1"},"east":{"uv":[10.5,2.5,12.5,3.0],"texture":"#1"},"south":{"uv":[2.5,14.0,3.0,14.5],"texture":"#1"},"west":{"uv":[10.5,2.0,12.5,2.5],"texture":"#1"},"up":{"uv":[12.5,7.5,10.5,7.0],"texture":"#1","rotation":270},"down":{"uv":[12.5,7.5,10.5,8.0],"texture":"#1","rotation":90}}},{"from":[8.13811,8.62886,15.08633],"to":[8.63811,12.62886,16.08633],"rotation":{"origin":[8.38836,6.342,8.00025],"axis":"x","angle":-45.0},"faces":{"north":{"uv":[11.0,5.0,11.5,7.0],"texture":"#1"},"east":{"uv":[8.0,11.0,8.5,13.0],"texture":"#1"},"south":{"uv":[11.0,8.0,11.5,10.0],"texture":"#1"},"west":{"uv":[11.0,3.0,11.5,5.0],"texture":"#1"},"up":{"uv":[14.5,3.0,14.0,2.5],"texture":"#1","rotation":270},"down":{"uv":[3.5,14.0,3.0,14.5],"texture":"#1","rotation":90}}},{"from":[7.13811,10.12886,12.33633],"to":[9.63811,11.12886,14.58633],"rotation":{"origin":[8.38836,6.342,8.00025],"axis":"x","angle":-45.0},"faces":{"north":{"uv":[11.5,10.0,13.0,10.5],"texture":"#1"},"east":{"uv":[12.5,1.5,13.5,2.0],"texture":"#1"},"south":{"uv":[11.5,10.5,13.0,11.0],"texture":"#1"},"west":{"uv":[12.5,1.0,13.5,1.5],"texture":"#1"},"up":{"uv":[10.5,6.5,9.5,5.0],"texture":"#1","rotation":270},"down":{"uv":[10.5,6.5,9.5,8.0],"texture":"#1","rotation":90}}},{"from":[8.13861,19.63304,-7.92354],"to":[8.63861,23.35804,-7.42354],"rotation":{"origin":[8.38836,6.342,8.00025],"axis":"x","angle":45.0},"faces":{"north":{"uv":[9.5,11.0,10.0,13.0],"texture":"#1"},"east":{"uv":[10.0,11.0,10.5,13.0],"texture":"#1"},"south":{"uv":[11.0,10.0,11.5,12.0],"texture":"#1"},"west":{"uv":[8.5,11.0,9.0,13.0],"texture":"#1"},"up":{"uv":[15.0,3.0,14.5,2.5],"texture":"#1","rotation":270},"down":{"uv":[3.5,14.5,3.0,15.0],"texture":"#1","rotation":90}}},{"from":[8.13861,27.0,6.43861],"to":[8.63861,27.3,7.11361],"rotation":{"origin":[8.38836,6.342,8.00025],"axis":"y","angle":0.0},"faces":{"north":{"uv":[1.5,14.5,2.0,15.0],"texture":"#1"},"east":{"uv":[14.5,1.5,15.0,2.0],"texture":"#1"},"south":{"uv":[2.0,14.5,2.5,15.0],"texture":"#1"},"west":{"uv":[14.5,1.0,15.0,1.5],"texture":"#1"},"up":{"uv":[15.0,2.5,14.5,2.0],"texture":"#1","rotation":270},"down":{"uv":[3.0,14.5,2.5,15.0],"texture":"#1","rotation":90}}},{"from":[8.13861,27.0,7.11361],"to":[8.63861,27.975,7.78861],"rotation":{"origin":[8.38836,6.342,8.00025],"axis":"y","angle":0.0},"faces":{"north":{"uv":[0.0,14.5,0.5,15.0],"texture":"#1"},"east":{"uv":[14.5,0.0,15.0,0.5],"texture":"#1"},"south":{"uv":[0.5,14.5,1.0,15.0],"texture":"#1"},"west":{"uv":[14.0,14.0,14.5,14.5],"texture":"#1"},"up":{"uv":[15.0,1.0,14.5,0.5],"texture":"#1","rotation":270},"down":{"uv":[1.5,14.5,1.0,15.0],"texture":"#1","rotation":90}}},{"from":[8.13861,27.0,7.78861],"to":[8.63861,28.625,8.46361],"rotation":{"origin":[8.38836,6.342,8.00025],"axis":"y","angle":0.0},"faces":{"north":{"uv":[13.0,6.0,13.5,7.0],"texture":"#1"},"east":{"uv":[13.0,7.0,13.5,8.0],"texture":"#1"},"south":{"uv":[8.0,13.0,8.5,14.0],"texture":"#1"},"west":{"uv":[13.0,5.0,13.5,6.0],"texture":"#1"},"up":{"uv":[14.0,14.5,13.5,14.0],"texture":"#1","rotation":270},"down":{"uv":[14.5,13.5,14.0,14.0],"texture":"#1","rotation":90}}},{"from":[8.13861,27.0,8.46361],"to":[8.63861,29.275,9.13861],"rotation":{"origin":[8.38836,6.342,8.00025],"axis":"y","angle":0.0},"faces":{"north":{"uv":[3.5,13.0,4.0,14.0],"texture":"#1"},"east":{"uv":[4.0,13.0,4.5,14.0],"texture":"#1"},"south":{"uv":[13.0,4.0,13.5,5.0],"texture":"#1"},"west":{"uv":[3.0,13.0,3.5,14.0],"texture":"#1"},"up":{"uv":[13.5,14.5,13.0,14.0],"texture":"#1","rotation":270},"down":{"uv":[14.5,13.0,14.0,13.5],"texture":"#1","rotation":90}}},{"from":[8.13861,15.0,6.13861],"to":[8.63861,16.0,7.13861],"rotation":{"origin":[8.38836,6.342,8.00025],"axis":"y","angle":0.0},"faces":{"north":{"uv":[14.0,11.5,14.5,12.0],"texture":"#1"},"east":{"uv":[12.0,14.0,12.5,14.5],"texture":"#1"},"south":{"uv":[14.0,12.0,14.5,12.5],"texture":"#1"},"west":{"uv":[11.5,14.0,12.0,14.5],"texture":"#1"},"up":{"uv":[13.0,14.5,12.5,14.0],"texture":"#1","rotation":270},"down":{"uv":[14.5,12.5,14.0,13.0],"texture":"#1","rotation":90}}},{"from":[8.13861,7.21287,7.14914],"to":[8.63861,9.53787,7.64914],"rotation":{"origin":[8.38836,6.342,8.00025],"axis":"x","angle":-45.0},"faces":{"north":{"uv":[13.5,3.5,14.0,4.5],"texture":"#1"},"east":{"uv":[4.5,13.5,5.0,14.5],"texture":"#1"},"south":{"uv":[13.5,4.5,14.0,5.5],"texture":"#1"},"west":{"uv":[13.5,2.5,14.0,3.5],"texture":"#1"},"up":{"uv":[15.0,12.5,14.5,12.0],"texture":"#1","rotation":270},"down":{"uv":[13.0,14.5,12.5,15.0],"texture":"#1","rotation":90}}},{"from":[8.13861,6.7,6.48861],"to":[8.63861,8.0,7.13861],"rotation":{"origin":[8.38836,6.342,8.00025],"axis":"y","angle":0.0},"faces":{"north":{"uv":[14.5,14.5,15.0,15.0],"texture":"#1"},"east":{"uv":[0.0,15.0,0.5,15.5],"texture":"#1"},"south":{"uv":[15.0,0.0,15.5,0.5],"texture":"#1"},"west":{"uv":[14.5,14.0,15.0,14.5],"texture":"#1"},"up":{"uv":[1.0,15.5,0.5,15.0],"texture":"#1","rotation":270},"down":{"uv":[15.5,0.5,15.0,1.0],"texture":"#1","rotation":90}}},{"from":[8.13861,7.3,5.83861],"to":[8.63861,8.0,6.48861],"rotation":{"origin":[8.38836,6.342,8.00025],"axis":"y","angle":0.0},"faces":{"north":{"uv":[13.0,14.5,13.5,15.0],"texture":"#1"},"east":{"uv":[14.5,13.0,15.0,13.5],"texture":"#1"},"south":{"uv":[13.5,14.5,14.0,15.0],"texture":"#1"},"west":{"uv":[14.5,12.5,15.0,13.0],"texture":"#1"},"up":{"uv":[15.0,14.0,14.5,13.5],"texture":"#1","rotation":270},"down":{"uv":[14.5,14.5,14.0,15.0],"texture":"#1","rotation":90}}},{"from":[8.13861,8.0,5.13861],"to":[8.63861,13.0,7.13861],"rotation":{"origin":[8.38836,6.342,8.00025],"axis":"y","angle":0.0},"faces":{"north":{"uv":[5.5,10.0,6.0,12.5],"texture":"#1"},"east":{"uv":[8.0,7.5,9.0,10.0],"texture":"#1"},"south":{"uv":[6.0,10.0,6.5,12.5],"texture":"#1"},"west":{"uv":[8.0,5.0,9.0,7.5],"texture":"#1"},"up":{"uv":[14.5,2.0,13.5,1.5],"texture":"#1","rotation":270},"down":{"uv":[14.5,2.0,13.5,2.5],"texture":"#1","rotation":90}}},{"from":[8.13861,16.0,6.13861],"to":[8.63861,27.0,9.13861],"rotation":{"origin":[8.38836,6.342,8.00025],"axis":"y","angle":0.0},"faces":{"north":{"uv":[7.0,3.0,7.5,8.5],"texture":"#1"},"east":{"uv":[5.5,0.0,7.0,5.5],"texture":"#1"},"south":{"uv":[7.5,3.0,8.0,8.5],"texture":"#1"},"west":{"uv":[4.0,0.0,5.5,5.5],"texture":"#1"},"up":{"uv":[13.0,11.5,11.5,11.0],"texture":"#1","rotation":270},"down":{"uv":[13.0,11.5,11.5,12.0],"texture":"#1","rotation":90}}},{"from":[7.88861,19.01432,-4.4764],"to":[8.88861,20.63932,-3.9764],"rotation":{"origin":[8.38836,6.342,8.00025],"axis":"x","angle":45.0},"faces":{"north":{"uv":[1.5,13.0,2.0,14.0],"texture":"#1"},"east":{"uv":[2.0,13.0,2.5,14.0],"texture":"#1"},"south":{"uv":[2.5,13.0,3.0,14.0],"texture":"#1"},"west":{"uv":[1.0,13.0,1.5,14.0],"texture":"#1"},"up":{"uv":[11.5,14.5,11.0,14.0],"texture":"#1","rotation":270},"down":{"uv":[14.5,11.0,14.0,11.5],"texture":"#1","rotation":90}}},{"from":[7.88861,23.5,8.13861],"to":[8.88861,24.125,8.63861],"rotation":{"origin":[8.38836,6.342,8.00025],"axis":"z","angle":0.0},"faces":{"north":{"uv":[14.0,9.5,14.5,10.0],"texture":"#1"},"east":{"uv":[10.0,14.0,10.5,14.5],"texture":"#1"},"south":{"uv":[14.0,10.0,14.5,10.5],"texture":"#1"},"west":{"uv":[9.5,14.0,10.0,14.5],"texture":"#1"},"up":{"uv":[11.0,14.5,10.5,14.0],"texture":"#1","rotation":270},"down":{"uv":[14.5,10.5,14.0,11.0],"texture":"#1","rotation":90}}},{"from":[7.88861,24.2955,9.14121],"to":[8.88861,24.9205,9.64121],"rotation":{"origin":[8.38836,6.342,8.00025],"axis":"z","angle":0.0},"faces":{"north":{"uv":[14.0,8.0,14.5,8.5],"texture":"#1"},"east":{"uv":[8.5,14.0,9.0,14.5],"texture":"#1"},"south":{"uv":[14.0,8.5,14.5,9.0],"texture":"#1"},"west":{"uv":[8.0,14.0,8.5,14.5],"texture":"#1"},"up":{"uv":[9.5,14.5,9.0,14.0],"texture":"#1","rotation":270},"down":{"uv":[14.5,9.0,14.0,9.5],"texture":"#1","rotation":90}}},{"from":[7.88861,18.57237,-4.03446],"to":[8.88861,20.19737,-3.53446],"rotation":{"origin":[8.38836,6.342,8.00025],"axis":"x","angle":45.0},"faces":{"north":{"uv":[0.0,13.0,0.5,14.0],"texture":"#1"},"east":{"uv":[13.0,0.0,13.5,1.0],"texture":"#1"},"south":{"uv":[0.5,13.0,1.0,14.0],"texture":"#1"},"west":{"uv":[12.5,12.0,13.0,13.0],"texture":"#1"},"up":{"uv":[8.0,14.5,7.5,14.0],"texture":"#1","rotation":270},"down":{"uv":[14.5,7.5,14.0,8.0],"texture":"#1","rotation":90}}},{"from":[7.88861,15.69822,5.52985],"to":[8.88861,16.82322,5.80485],"rotation":{"origin":[8.38836,6.342,8.00025],"axis":"z","angle":0.0},"faces":{"north":{"uv":[8.0,14.5,8.5,15.0],"texture":"#1"},"east":{"uv":[14.5,8.0,15.0,8.5],"texture":"#1"},"south":{"uv":[8.5,14.5,9.0,15.0],"texture":"#1"},"west":{"uv":[14.5,7.5,15.0,8.0],"texture":"#1"},"up":{"uv":[15.0,9.0,14.5,8.5],"texture":"#1","rotation":270},"down":{"uv":[9.5,14.5,9.0,15.0],"texture":"#1","rotation":90}}},{"from":[7.88861,21.5,8.13861],"to":[8.88861,22.125,8.63861],"rotation":{"origin":[8.38836,6.342,8.00025],"axis":"z","angle":0.0},"faces":{"north":{"uv":[14.0,6.0,14.5,6.5],"texture":"#1"},"east":{"uv":[6.5,14.0,7.0,14.5],"texture":"#1"},"south":{"uv":[14.0,6.5,14.5,7.0],"texture":"#1"},"west":{"uv":[6.0,14.0,6.5,14.5],"texture":"#1"},"up":{"uv":[7.5,14.5,7.0,14.0],"texture":"#1","rotation":270},"down":{"uv":[14.5,7.0,14.0,7.5],"texture":"#1","rotation":90}}},{"from":[7.88861,22.2955,9.14121],"to":[8.88861,22.9205,9.64121],"rotation":{"origin":[8.38836,6.342,8.00025],"axis":"z","angle":0.0},"faces":{"north":{"uv":[14.0,4.5,14.5,5.0],"texture":"#1"},"east":{"uv":[5.0,14.0,5.5,14.5],"texture":"#1"},"south":{"uv":[14.0,5.0,14.5,5.5],"texture":"#1"},"west":{"uv":[14.0,4.0,14.5,4.5],"texture":"#1"},"up":{"uv":[6.0,14.5,5.5,14.0],"texture":"#1","rotation":270},"down":{"uv":[14.5,5.5,14.0,6.0],"texture":"#1","rotation":90}}},{"from":[7.88861,17.6001,-3.06219],"to":[8.88861,19.2251,-2.56219],"rotation":{"origin":[8.38836,6.342,8.00025],"axis":"x","angle":45.0},"faces":{"north":{"uv":[6.0,12.5,6.5,13.5],"texture":"#1"},"east":{"uv":[12.5,6.0,13.0,7.0],"texture":"#1"},"south":{"uv":[12.5,7.0,13.0,8.0],"texture":"#1"},"west":{"uv":[5.5,12.5,6.0,13.5],"texture":"#1"},"up":{"uv":[14.5,4.0,14.0,3.5],"texture":"#1","rotation":270},"down":{"uv":[4.5,14.0,4.0,14.5],"texture":"#1","rotation":90}}},{"from":[7.88861,17.15816,-2.62024],"to":[8.88861,18.78316,-2.12024],"rotation":{"origin":[8.38836,6.342,8.00025],"axis":"x","angle":45.0},"faces":{"north":{"uv":[4.5,12.5,5.0,13.5],"texture":"#1"},"east":{"uv":[5.0,12.5,5.5,13.5],"texture":"#1"},"south":{"uv":[12.5,5.0,13.0,6.0],"texture":"#1"},"west":{"uv":[12.5,4.0,13.0,5.0],"texture":"#1"},"up":{"uv":[14.5,3.5,14.0,3.0],"texture":"#1","rotation":270},"down":{"uv":[4.0,14.0,3.5,14.5],"texture":"#1","rotation":90}}},{"from":[7.63861,16.0975,-1.55958],"to":[9.13861,17.7225,-1.05958],"rotation":{"origin":[8.38836,6.342,8.00025],"axis":"x","angle":45.0},"faces":{"north":{"uv":[8.0,10.0,9.0,11.0],"texture":"#1"},"east":{"uv":[11.5,12.0,12.0,13.0],"texture":"#1"},"south":{"uv":[10.0,8.0,11.0,9.0],"texture":"#1"},"west":{"uv":[11.0,12.0,11.5,13.0],"texture":"#1"},"up":{"uv":[12.5,13.0,12.0,12.0],"texture":"#1","rotation":270},"down":{"uv":[13.0,0.0,12.5,1.0],"texture":"#1","rotation":90}}},{"from":[7.63861,20.0,8.63861],"to":[9.13761,20.3,9.13861],"rotation":{"origin":[8.38836,6.342,8.00025],"axis":"y","angle":0.0},"faces":{"north":{"uv":[7.0,13.5,7.5,14.0],"texture":"#1"},"east":{"uv":[13.5,7.0,14.0,7.5],"texture":"#1"},"south":{"uv":[7.5,13.5,8.0,14.0],"texture":"#1"},"west":{"uv":[13.5,6.5,14.0,7.0],"texture":"#1"},"up":{"uv":[14.0,8.0,13.5,7.5],"texture":"#1","rotation":270},"down":{"uv":[14.0,8.0,13.5,8.5],"texture":"#1","rotation":90}}},{"from":[7.63861,20.0,9.13861],"to":[9.13761,20.8,9.63861],"rotation":{"origin":[8.38836,6.342,8.00025],"axis":"y","angle":0.0},"faces":{"north":{"uv":[5.5,13.5,6.0,14.0],"texture":"#1"},"east":{"uv":[13.5,5.5,14.0,6.0],"texture":"#1"},"south":{"uv":[6.0,13.5,6.5,14.0],"texture":"#1"},"west":{"uv":[5.0,13.5,5.5,14.0],"texture":"#1"},"up":{"uv":[14.0,6.5,13.5,6.0],"texture":"#1","rotation":270},"down":{"uv":[7.0,13.5,6.5,14.0],"texture":"#1","rotation":90}}},{"from":[7.88861,9.52226,10.68684],"to":[8.88761,14.02226,12.18684],"rotation":{"origin":[8.38836,6.342,8.00025],"axis":"x","angle":-45.0},"faces":{"north":{"uv":[4.5,10.0,5.0,12.5],"texture":"#1"},"east":{"uv":[8.0,2.5,9.0,5.0],"texture":"#1"},"south":{"uv":[5.0,10.0,5.5,12.5],"texture":"#1"},"west":{"uv":[8.0,0.0,9.0,2.5],"texture":"#1"},"up":{"uv":[13.5,3.5,12.5,3.0],"texture":"#1","rotation":270},"down":{"uv":[13.5,3.5,12.5,4.0],"texture":"#1","rotation":90}}},{"from":[7.88861,9.00651,0.34207],"to":[8.88761,14.50651,1.84207],"rotation":{"origin":[8.38836,6.342,8.00025],"axis":"x","angle":45.0},"faces":{"north":{"uv":[9.5,8.0,10.0,11.0],"texture":"#1"},"east":{"uv":[7.0,0.0,8.0,3.0],"texture":"#1"},"south":{"uv":[4.0,10.0,4.5,13.0],"texture":"#1"},"west":{"uv":[6.0,5.5,7.0,8.5],"texture":"#1"},"up":{"uv":[13.5,2.5,12.5,2.0],"texture":"#1","rotation":270},"down":{"uv":[13.5,2.5,12.5,3.0],"texture":"#1","rotation":90}}},{"from":[7.88861,11.80651,-0.80793],"to":[8.88761,12.00651,-0.55793],"rotation":{"origin":[8.38836,6.342,8.00025],"axis":"x","angle":45.0},"faces":{"north":{"uv":[11.0,14.5,11.5,15.0],"texture":"#1"},"east":{"uv":[14.5,11.0,15.0,11.5],"texture":"#1"},"south":{"uv":[11.5,14.5,12.0,15.0],"texture":"#1"},"west":{"uv":[14.5,10.5,15.0,11.0],"texture":"#1"},"up":{"uv":[15.0,12.0,14.5,11.5],"texture":"#1","rotation":270},"down":{"uv":[12.5,14.5,12.0,15.0],"texture":"#1","rotation":90}}},{"from":[7.88861,11.40651,-0.55793],"to":[8.88761,12.00651,-0.15793],"rotation":{"origin":[8.38836,6.342,8.00025],"axis":"x","angle":45.0},"faces":{"north":{"uv":[9.5,14.5,10.0,15.0],"texture":"#1"},"east":{"uv":[14.5,9.5,15.0,10.0],"texture":"#1"},"south":{"uv":[10.0,14.5,10.5,15.0],"texture":"#1"},"west":{"uv":[14.5,9.0,15.0,9.5],"texture":"#1"},"up":{"uv":[15.0,10.5,14.5,10.0],"texture":"#1","rotation":270},"down":{"uv":[11.0,14.5,10.5,15.0],"texture":"#1","rotation":90}}},{"from":[7.88861,12.00651,-1.15793],"to":[8.88761,16.00651,-0.15793],"rotation":{"origin":[8.38836,6.342,8.00025],"axis":"x","angle":45.0},"faces":{"north":{"uv":[7.0,11.5,7.5,13.5],"texture":"#1"},"east":{"uv":[7.5,11.5,8.0,13.5],"texture":"#1"},"south":{"uv":[11.5,8.0,12.0,10.0],"texture":"#1"},"west":{"uv":[10.5,11.0,11.0,13.0],"texture":"#1"},"up":{"uv":[15.0,7.5,14.5,7.0],"texture":"#1","rotation":270},"down":{"uv":[8.0,14.5,7.5,15.0],"texture":"#1","rotation":90}}},{"from":[7.63861,14.0,8.13861],"to":[9.13761,20.0,9.63861],"rotation":{"origin":[8.38836,6.342,8.00025],"axis":"y","angle":0.0},"faces":{"north":{"uv":[7.0,8.5,7.5,11.5],"texture":"#1"},"east":{"uv":[5.0,5.5,6.0,8.5],"texture":"#1"},"south":{"uv":[7.5,8.5,8.0,11.5],"texture":"#1"},"west":{"uv":[4.0,5.5,5.0,8.5],"texture":"#1"},"up":{"uv":[13.0,9.5,12.0,9.0],"texture":"#1","rotation":270},"down":{"uv":[13.0,9.5,12.0,10.0],"texture":"#1","rotation":90}}},{"from":[8.13811,-12.33107,16.46094],"to":[8.63811,-10.83107,17.46094],"rotation":{"origin":[8.38836,6.342,8.00025],"axis":"x","angle":22.5},"faces":{"north":{"uv":[13.0,9.0,13.5,10.0],"texture":"#1"},"east":{"uv":[9.5,13.0,10.0,14.0],"texture":"#1"},"south":{"uv":[10.0,13.0,10.5,14.0],"texture":"#1"},"west":{"uv":[8.5,13.0,9.0,14.0],"texture":"#1"},"up":{"uv":[15.0,3.5,14.5,3.0],"texture":"#1","rotation":270},"down":{"uv":[4.0,14.5,3.5,15.0],"texture":"#1","rotation":90}}},{"from":[7.88811,-8.97038,-5.24514],"to":[8.88811,-7.72038,-4.24514],"rotation":{"origin":[8.38836,6.342,8.00025],"axis":"x","angle":-45.0},"faces":{"north":{"uv":[4.0,14.5,4.5,15.0],"texture":"#1"},"east":{"uv":[14.5,4.0,15.0,4.5],"texture":"#1"},"south":{"uv":[4.5,14.5,5.0,15.0],"texture":"#1"},"west":{"uv":[14.5,3.5,15.0,4.0],"texture":"#1"},"up":{"uv":[15.0,5.0,14.5,4.5],"texture":"#1","rotation":270},"down":{"uv":[5.5,14.5,5.0,15.0],"texture":"#1","rotation":90}}},{"from":[7.38811,-7.95262,-5.74515],"to":[9.38811,-5.95262,-3.74515],"rotation":{"origin":[8.38836,6.342,8.00025],"axis":"x","angle":-45.0},"faces":{"north":{"uv":[11.5,1.0,12.5,2.0],"texture":"#1"},"east":{"uv":[11.5,3.0,12.5,4.0],"texture":"#1"},"south":{"uv":[11.5,4.0,12.5,5.0],"texture":"#1"},"west":{"uv":[11.5,0.0,12.5,1.0],"texture":"#1"},"up":{"uv":[12.5,6.0,11.5,5.0],"texture":"#1","rotation":270},"down":{"uv":[12.5,6.0,11.5,7.0],"texture":"#1","rotation":90}}},{"from":[7.13811,-7.45262,-5.24515],"to":[9.63811,-6.45262,-4.24515],"rotation":{"origin":[8.38836,6.342,8.00025],"axis":"x","angle":-45.0},"faces":{"north":{"uv":[12.0,8.0,13.5,8.5],"texture":"#1"},"east":{"uv":[5.5,14.5,6.0,15.0],"texture":"#1"},"south":{"uv":[12.0,8.5,13.5,9.0],"texture":"#1"},"west":{"uv":[14.5,5.0,15.0,5.5],"texture":"#1"},"up":{"uv":[7.0,13.5,6.5,12.0],"texture":"#1","rotation":270},"down":{"uv":[9.5,12.0,9.0,13.5],"texture":"#1","rotation":90}}},{"from":[7.88811,-13.04537,14.49127],"to":[8.88811,-11.04537,15.49127],"rotation":{"origin":[8.38836,6.342,8.00025],"axis":"x","angle":22.5},"faces":{"north":{"uv":[10.5,13.0,11.0,14.0],"texture":"#1"},"east":{"uv":[11.0,13.0,11.5,14.0],"texture":"#1"},"south":{"uv":[13.0,11.0,13.5,12.0],"texture":"#1"},"west":{"uv":[13.0,10.0,13.5,11.0],"texture":"#1"},"up":{"uv":[15.0,6.0,14.5,5.5],"texture":"#1","rotation":270},"down":{"uv":[6.5,14.5,6.0,15.0],"texture":"#1","rotation":90}}},{"from":[8.13811,-9.07415,-7.42734],"to":[8.63811,-7.07415,-6.42734],"rotation":{"origin":[8.38836,6.342,8.00025],"axis":"x","angle":-45.0},"faces":{"north":{"uv":[12.0,13.0,12.5,14.0],"texture":"#1"},"east":{"uv":[13.0,12.0,13.5,13.0],"texture":"#1"},"south":{"uv":[12.5,13.0,13.0,14.0],"texture":"#1"},"west":{"uv":[11.5,13.0,12.0,14.0],"texture":"#1"},"up":{"uv":[15.0,6.5,14.5,6.0],"texture":"#1","rotation":270},"down":{"uv":[7.0,14.5,6.5,15.0],"texture":"#1","rotation":90}}},{"from":[8.13811,-13.81074,16.33903],"to":[8.63811,-13.06074,18.08903],"rotation":{"origin":[8.38836,6.342,8.00025],"axis":"x","angle":22.5},"faces":{"north":{"uv":[14.5,6.5,15.0,7.0],"texture":"#1"},"east":{"uv":[13.5,0.0,14.5,0.5],"texture":"#1"},"south":{"uv":[7.0,14.5,7.5,15.0],"texture":"#1"},"west":{"uv":[13.0,13.0,14.0,13.5],"texture":"#1"},"up":{"uv":[14.5,1.0,13.5,0.5],"texture":"#1","rotation":270},"down":{"uv":[14.5,1.0,13.5,1.5],"texture":"#1","rotation":90}}}],"textures":{"1":"6f4a0be7-5349-484d-b176-888d2fc46976"},"gui_light":"front"}