{"display":{"fixed":{"rotation":[-90.0,0.0,0.0],"translation":[0.0,0.0,-16.0],"scale":[2.0,2.0,2.0]}},"elements":[{"from":[7.0,0.0,7.0],"to":[9.0,16.0,9.0],"faces":{"north":{"uv":[11.0,0.0,13.0,16.0],"texture":"#0"},"east":{"uv":[8.0,0.0,10.0,16.0],"texture":"#0"},"south":{"uv":[14.0,0.0,16.0,16.0],"texture":"#0"},"west":{"uv":[6.0,0.0,8.0,16.0],"texture":"#0"},"up":{"uv":[8.0,1.0,10.0,3.0],"texture":"#0"},"down":{"uv":[10.0,9.0,12.0,11.0],"texture":"#0"}}},{"from":[0.0,0.0,11.0],"to":[16.0,16.0,11.0],"faces":{"north":{"texture":"#1"},"east":{"uv":[0.0,0.0,0.0,16.0],"texture":"#1"},"south":{"texture":"#1"},"west":{"uv":[0.0,0.0,0.0,16.0],"texture":"#1"},"up":{"uv":[0.0,0.0,16.0,0.0],"texture":"#1"},"down":{"uv":[0.0,0.0,16.0,0.0],"texture":"#1"}}},{"from":[0.0,0.0,5.0],"to":[16.0,16.0,5.0],"faces":{"north":{"texture":"#1"},"east":{"uv":[0.0,0.0,0.0,16.0],"texture":"#1"},"south":{"texture":"#1"},"west":{"uv":[0.0,0.0,0.0,16.0],"texture":"#1"},"up":{"uv":[0.0,0.0,16.0,0.0],"texture":"#1"},"down":{"uv":[0.0,0.0,16.0,0.0],"texture":"#1"}}},{"from":[11.0,0.0,0.0],"to":[11.0,16.0,16.0],"faces":{"north":{"uv":[0.0,0.0,0.0,16.0],"texture":"#1"},"east":{"texture":"#1"},"south":{"uv":[0.0,0.0,0.0,16.0],"texture":"#1"},"west":{"texture":"#1"},"up":{"uv":[0.0,0.0,16.0,0.0],"texture":"#1","rotation":270},"down":{"uv":[0.0,0.0,16.0,0.0],"texture":"#1","rotation":90}}},{"from":[5.0,0.0,0.0],"to":[5.0,16.0,16.0],"faces":{"north":{"uv":[0.0,0.0,0.0,16.0],"texture":"#1"},"east":{"texture":"#1"},"south":{"uv":[0.0,0.0,0.0,16.0],"texture":"#1"},"west":{"texture":"#1"},"up":{"uv":[0.0,0.0,16.0,0.0],"texture":"#1","rotation":270},"down":{"uv":[0.0,0.0,16.0,0.0],"texture":"#1","rotation":90}}},{"from":[3.0,7.0,9.0],"to":[6.0,10.0,12.0],"faces":{"north":{"uv":[10.0,5.0,13.0,8.0],"texture":"#2"},"east":{"uv":[3.0,10.0,6.0,13.0],"texture":"#2"},"south":{"uv":[2.0,5.0,5.0,8.0],"texture":"#2"},"west":{"uv":[4.0,7.0,7.0,10.0],"texture":"#2"},"up":{"uv":[9.0,9.0,12.0,12.0],"texture":"#2"},"down":{"uv":[11.0,8.0,14.0,11.0],"texture":"#2"}}},{"from":[9.0,10.0,10.5],"to":[12.0,13.0,13.5],"faces":{"north":{"uv":[7.0,9.0,10.0,12.0],"texture":"#2"},"east":{"uv":[9.0,6.0,12.0,9.0],"texture":"#2"},"south":{"uv":[3.0,6.0,6.0,9.0],"texture":"#2"},"west":{"uv":[4.0,7.0,7.0,10.0],"texture":"#2"},"up":{"uv":[9.0,9.0,12.0,12.0],"texture":"#2"},"down":{"uv":[11.0,8.0,14.0,11.0],"texture":"#2"}}},{"from":[4.0,10.0,4.0],"to":[7.0,13.0,7.0],"faces":{"north":{"uv":[11.0,6.0,14.0,9.0],"texture":"#2"},"east":{"uv":[4.0,9.0,7.0,12.0],"texture":"#2"},"south":{"uv":[3.0,6.0,6.0,9.0],"texture":"#2"},"west":{"uv":[4.0,7.0,7.0,10.0],"texture":"#2"},"up":{"uv":[9.0,9.0,12.0,12.0],"texture":"#2"},"down":{"uv":[11.0,8.0,14.0,11.0],"texture":"#2"}}},{"from":[4.75,0.0,5.25],"to":[7.75,3.0,8.25],"faces":{"north":{"uv":[7.0,8.0,10.0,11.0],"texture":"#2"},"east":{"uv":[4.0,10.0,7.0,13.0],"texture":"#2"},"south":{"uv":[0.0,4.0,3.0,7.0],"texture":"#2"},"west":{"uv":[4.0,7.0,7.0,10.0],"texture":"#2"},"up":{"uv":[9.0,9.0,12.0,12.0],"texture":"#2"},"down":{"uv":[11.0,8.0,14.0,11.0],"texture":"#2"}}},{"from":[9.0,4.0,3.0],"to":[12.0,7.0,6.0],"faces":{"north":{"uv":[6.0,9.0,9.0,12.0],"texture":"#2"},"east":{"uv":[3.0,10.0,6.0,13.0],"texture":"#2"},"south":{"uv":[5.0,7.0,8.0,10.0],"texture":"#2"},"west":{"uv":[4.0,7.0,7.0,10.0],"texture":"#2"},"up":{"uv":[9.0,9.0,12.0,12.0],"texture":"#2"},"down":{"uv":[11.0,8.0,14.0,11.0],"texture":"#2"}}}],"textures":{"particle":"91a748a7-d2f0-4baa-a6d1-f380940a6de3","0":"91a748a7-d2f0-4baa-a6d1-f380940a6de3","1":"f2ec8ba0-82ca-4b2c-9b4c-83114c55c459","2":"9f512d9c-cf78-42b2-ab62-7143fef3d749"},"gui_light":"front"}