{"display":{"thirdperson_righthand":{"translation":[0.0,2.5,1.0]},"thirdperson_lefthand":{"translation":[0.0,2.5,1.0]},"firstperson_righthand":{"rotation":[-10.0,0.0,0.0],"translation":[0.0,2.75,0.0]},"firstperson_lefthand":{"rotation":[-10.0,0.0,0.0],"translation":[0.0,2.75,0.0]},"ground":{"rotation":[45.0,0.0,0.0],"translation":[0.0,5.5,0.0],"scale":[0.7,0.7,0.7]},"gui":{"rotation":[90.0,-45.0,90.0],"translation":[3.0,-3.0,0.0]},"head":{"rotation":[0.0,90.0,0.0]},"fixed":{"rotation":[0.0,-90.0,0.0],"translation":[0.0,-6.25,-1.25],"scale":[2.5,2.5,2.5]}},"elements":[{"from":[7.5,0.5,7.5],"to":[8.5,1.5,8.5],"rotation":{"origin":[6.5,-0.5,7.5],"axis":"y","angle":0.0},"faces":{"north":{"uv":[7.33333,1.33333,8.0,2.0],"texture":"#4"},"east":{"uv":[8.0,1.33333,8.66667,2.0],"texture":"#4"},"south":{"uv":[8.66667,2.0,9.33333,2.66667],"texture":"#4"},"west":{"uv":[8.66667,2.66667,9.33333,3.33333],"texture":"#4"},"up":{"uv":[9.33333,4.0,8.66667,3.33333],"texture":"#4"},"down":{"uv":[4.66667,8.66667,4.0,9.33333],"texture":"#4"}}},{"from":[7.5,1.75,7.5],"to":[8.5,4.25,8.5],"rotation":{"origin":[8.0,3.0,8.0],"axis":"y","angle":45.0},"faces":{"north":{"uv":[6.66667,7.33333,7.33333,9.0],"texture":"#4"},"east":{"uv":[7.33333,7.33333,8.0,9.0],"texture":"#4"},"south":{"uv":[8.0,7.33333,8.66667,9.0],"texture":"#4"},"west":{"uv":[8.66667,0.0,9.33333,1.66667],"texture":"#4"},"up":{"uv":[9.33333,4.66667,8.66667,4.0],"texture":"#4"},"down":{"uv":[5.33333,8.66667,4.66667,9.33333],"texture":"#4"}}},{"from":[7.4,0.0,7.4],"to":[8.6,0.5,8.6],"rotation":{"origin":[6.5,-0.5,7.5],"axis":"y","angle":0.0},"faces":{"north":{"uv":[8.66667,9.33333,9.33333,9.66667],"texture":"#4"},"east":{"uv":[9.33333,8.66667,10.0,9.0],"texture":"#4"},"south":{"uv":[9.33333,9.33333,10.0,9.66667],"texture":"#4"},"west":{"uv":[10.0,0.0,10.66667,0.33333],"texture":"#4"},"up":{"uv":[9.33333,5.33333,8.66667,4.66667],"texture":"#4"},"down":{"uv":[9.33333,5.33333,8.66667,6.0],"texture":"#4"}}},{"from":[7.4,1.5,7.4],"to":[8.6,2.0,8.6],"rotation":{"origin":[6.5,-0.5,7.5],"axis":"y","angle":0.0},"faces":{"north":{"uv":[10.0,0.66667,10.66667,1.0],"texture":"#4"},"east":{"uv":[10.0,1.33333,10.66667,1.66667],"texture":"#4"},"south":{"uv":[10.0,2.0,10.66667,2.33333],"texture":"#4"},"west":{"uv":[2.66667,10.0,3.33333,10.33333],"texture":"#4"},"up":{"uv":[9.33333,6.66667,8.66667,6.0],"texture":"#4"},"down":{"uv":[9.33333,6.66667,8.66667,7.33333],"texture":"#4"}}},{"from":[7.4,5.5,7.4],"to":[8.6,6.0,8.6],"rotation":{"origin":[6.5,-0.5,7.5],"axis":"y","angle":0.0},"faces":{"north":{"uv":[10.0,2.66667,10.66667,3.0],"texture":"#4"},"east":{"uv":[3.33333,10.0,4.0,10.33333],"texture":"#4"},"south":{"uv":[10.0,3.33333,10.66667,3.66667],"texture":"#4"},"west":{"uv":[4.0,10.0,4.66667,10.33333],"texture":"#4"},"up":{"uv":[9.33333,8.0,8.66667,7.33333],"texture":"#4"},"down":{"uv":[9.33333,8.0,8.66667,8.66667],"texture":"#4"}}},{"from":[7.5,4.5,7.5],"to":[8.5,5.5,8.5],"rotation":{"origin":[6.5,-0.5,7.5],"axis":"y","angle":0.0},"faces":{"north":{"uv":[8.66667,8.66667,9.33333,9.33333],"texture":"#4"},"east":{"uv":[9.33333,0.0,10.0,0.66667],"texture":"#4"},"south":{"uv":[9.33333,0.66667,10.0,1.33333],"texture":"#4"},"west":{"uv":[9.33333,1.33333,10.0,2.0],"texture":"#4"},"up":{"uv":[10.0,2.66667,9.33333,2.0],"texture":"#4"},"down":{"uv":[3.33333,9.33333,2.66667,10.0],"texture":"#4"}}},{"from":[7.4,4.0,7.4],"to":[8.6,4.5,8.6],"rotation":{"origin":[6.5,-0.5,7.5],"axis":"y","angle":0.0},"faces":{"north":{"uv":[10.0,4.0,10.66667,4.33333],"texture":"#4"},"east":{"uv":[4.66667,10.0,5.33333,10.33333],"texture":"#4"},"south":{"uv":[10.0,4.66667,10.66667,5.0],"texture":"#4"},"west":{"uv":[10.0,5.33333,10.66667,5.66667],"texture":"#4"},"up":{"uv":[10.0,3.33333,9.33333,2.66667],"texture":"#4"},"down":{"uv":[4.0,9.33333,3.33333,10.0],"texture":"#4"}}},{"from":[7.25,10.25,7.25],"to":[8.75,24.25,8.75],"rotation":{"origin":[8.0,17.25,8.0],"axis":"y","angle":45.0},"faces":{"north":{"uv":[0.0,0.0,1.5,14.0],"texture":"#3"},"east":{"uv":[0.0,0.0,1.5,14.0],"texture":"#3"},"south":{"uv":[0.0,0.0,1.5,14.0],"texture":"#3"},"west":{"uv":[0.0,0.0,1.5,14.0],"texture":"#3"}}},{"from":[7.25,10.25,5.75],"to":[8.75,24.25,7.25],"rotation":{"origin":[8.0,17.25,6.5],"axis":"y","angle":0.0},"faces":{"north":{"uv":[0.0,0.0,1.5,14.0],"texture":"#3"},"east":{"uv":[0.0,0.0,1.5,14.0],"texture":"#3"},"west":{"uv":[0.0,0.0,1.5,14.0],"texture":"#3"}}},{"from":[7.25,10.25,8.75],"to":[8.75,24.25,10.25],"rotation":{"origin":[8.0,17.25,9.5],"axis":"y","angle":0.0},"faces":{"east":{"uv":[1.5,0.0,0.0,14.0],"texture":"#3"},"south":{"uv":[1.5,0.0,0.0,14.0],"texture":"#3"},"west":{"uv":[1.5,0.0,0.0,14.0],"texture":"#3"}}},{"from":[7.5,8.0,7.5],"to":[8.5,24.0,8.5],"rotation":{"origin":[6.5,-3.0,9.5],"axis":"y","angle":0.0},"faces":{"north":{"uv":[0.0,0.0,0.66667,10.66667],"texture":"#4"},"east":{"uv":[0.66667,0.0,1.33333,10.66667],"texture":"#4"},"south":{"uv":[1.33333,0.0,2.0,10.66667],"texture":"#4"},"west":{"uv":[2.0,0.0,2.66667,10.66667],"texture":"#4"},"up":{"uv":[10.0,4.0,9.33333,3.33333],"texture":"#4"},"down":{"uv":[4.66667,9.33333,4.0,10.0],"texture":"#4"}}},{"from":[7.5,-1.0,8.0],"to":[8.5,0.0,9.0],"rotation":{"origin":[7.5,-1.0,8.0],"axis":"x","angle":-45.0},"faces":{"north":{"uv":[9.33333,4.0,10.0,4.66667],"texture":"#4"},"east":{"uv":[4.66667,9.33333,5.33333,10.0],"texture":"#4"},"south":{"uv":[9.33333,4.66667,10.0,5.33333],"texture":"#4"},"west":{"uv":[9.33333,5.33333,10.0,6.0],"texture":"#4"},"up":{"uv":[10.0,6.66667,9.33333,6.0],"texture":"#4"},"down":{"uv":[7.33333,9.33333,6.66667,10.0],"texture":"#4"}}},{"from":[7.0,6.0,7.0],"to":[9.0,6.5,9.0],"rotation":{"origin":[7.0,6.0,7.0],"axis":"y","angle":0.0},"faces":{"north":{"uv":[9.33333,6.66667,10.66667,7.0],"texture":"#4"},"east":{"uv":[7.33333,9.33333,8.66667,9.66667],"texture":"#4"},"south":{"uv":[9.33333,7.33333,10.66667,7.66667],"texture":"#4"},"west":{"uv":[9.33333,8.0,10.66667,8.33333],"texture":"#4"},"down":{"uv":[8.66667,0.0,7.33333,1.33333],"texture":"#4"}}},{"from":[6.0,6.5,6.0],"to":[10.0,8.0,10.0],"rotation":{"origin":[7.0,6.5,7.0],"axis":"y","angle":0.0},"faces":{"north":{"uv":[8.0,0.0,16.0,3.0],"texture":"#1"},"east":{"uv":[8.0,4.0,16.0,7.0],"texture":"#1"},"south":{"uv":[8.0,8.0,16.0,11.0],"texture":"#1"},"west":{"uv":[8.0,12.0,16.0,15.0],"texture":"#1"},"up":{"uv":[8.0,8.0,0.0,0.0],"texture":"#1"},"down":{"uv":[8.0,8.0,0.0,16.0],"texture":"#1"}}},{"from":[6.5,8.0,6.5],"to":[9.5,10.0,9.5],"rotation":{"origin":[7.0,8.0,7.0],"axis":"y","angle":0.0},"faces":{"north":{"uv":[6.66667,2.0,8.66667,3.33333],"texture":"#4"},"east":{"uv":[6.66667,3.33333,8.66667,4.66667],"texture":"#4"},"south":{"uv":[6.66667,4.66667,8.66667,6.0],"texture":"#4"},"west":{"uv":[6.66667,6.0,8.66667,7.33333],"texture":"#4"},"up":{"uv":[7.33333,2.0,5.33333,0.0],"texture":"#4"}}},{"from":[7.7,10.75,6.7],"to":[8.3,23.5,7.5],"rotation":{"origin":[7.25,10.5,7.5],"axis":"y","angle":0.0},"faces":{"east":{"uv":[4.0,0.0,4.66667,8.66667],"texture":"#4"},"west":{"uv":[4.66667,0.0,5.33333,8.66667],"texture":"#4"},"up":{"uv":[7.66667,10.66667,7.33333,10.0],"texture":"#4"},"down":{"uv":[8.33333,10.0,8.0,10.66667],"texture":"#4"}}},{"from":[7.5,10.25,6.15],"to":[8.5,24.0,6.7],"rotation":{"origin":[7.5,8.0,6.7],"axis":"y","angle":0.0},"faces":{"north":{"uv":[2.66667,0.0,3.33333,9.0],"texture":"#4"},"east":{"uv":[5.33333,2.0,5.66667,11.0],"texture":"#4"},"south":{"uv":[3.33333,0.0,4.0,9.0],"texture":"#4"},"west":{"uv":[6.0,2.0,6.33333,11.0],"texture":"#4"},"up":{"uv":[10.66667,6.33333,10.0,6.0],"texture":"#4"},"down":{"uv":[7.33333,10.0,6.66667,10.33333],"texture":"#4"}}},{"from":[7.7,10.75,8.5],"to":[8.3,23.5,9.3],"rotation":{"origin":[7.25,10.5,8.5],"axis":"y","angle":0.0},"faces":{"east":{"uv":[4.66667,0.0,4.0,8.66667],"texture":"#4"},"west":{"uv":[5.33333,0.0,4.66667,8.66667],"texture":"#4"},"up":{"uv":[7.66667,10.0,7.33333,10.66667],"texture":"#4"},"down":{"uv":[8.33333,10.66667,8.0,10.0],"texture":"#4"}}},{"from":[7.5,10.25,9.3],"to":[8.5,24.0,9.85],"rotation":{"origin":[7.5,8.0,9.3],"axis":"y","angle":0.0},"faces":{"north":{"uv":[4.0,0.0,3.33333,9.0],"texture":"#4"},"east":{"uv":[5.66667,2.0,5.33333,11.0],"texture":"#4"},"south":{"uv":[3.33333,0.0,2.66667,9.0],"texture":"#4"},"west":{"uv":[6.33333,2.0,6.0,11.0],"texture":"#4"},"up":{"uv":[10.66667,6.0,10.0,6.33333],"texture":"#4"},"down":{"uv":[7.33333,10.33333,6.66667,10.0],"texture":"#4"}}}],"textures":{"particle":"62b4f276-8b94-4fce-8fd1-9d3ff45e996b","1":"62b4f276-8b94-4fce-8fd1-9d3ff45e996b","3":"7ebaddb6-a349-41c3-8ba9-a3ee4a380479","4":"779d4919-28f7-4f1e-8262-117a8e600abc"},"gui_light":"front"}