{"display":{"thirdperson_righthand":{"rotation":[53.0,90.0,0.0],"translation":[0.0,3.25,-0.75],"scale":[0.7,0.7,0.7]},"thirdperson_lefthand":{"rotation":[53.0,90.0,0.0],"translation":[0.0,3.25,-0.75],"scale":[0.7,0.7,0.7]},"firstperson_righthand":{"rotation":[0.0,180.0,0.0],"translation":[0.0,4.0,0.0],"scale":[1.15625,1.15625,1.15625]},"firstperson_lefthand":{"rotation":[0.0,180.0,0.0],"translation":[0.0,4.0,0.0],"scale":[1.15625,1.15625,1.15625]},"ground":{"rotation":[40.0,0.0,0.0],"translation":[0.0,4.0,0.0],"scale":[1.36602,1.36602,1.36602]},"gui":{"rotation":[0.0,157.0,0.0],"translation":[0.0,-0.5,0.0],"scale":[1.31445,1.31445,1.31445]},"head":{"translation":[0.0,2.5,0.0],"scale":[2.18945,2.18945,2.18945]},"fixed":{"rotation":[9.75,0.0,0.0],"translation":[0.0,1.5,-5.25],"scale":[3.31055,3.31055,3.31055]}},"elements":[{"from":[11.5,4.75,6.5],"to":[12.0,7.75,9.5],"rotation":{"origin":[10.5,6.25,8.0],"axis":"x","angle":0.0},"faces":{"north":{"uv":[10.0,6.0,10.5,9.0],"texture":"#1"},"east":{"uv":[4.0,0.0,7.0,3.0],"texture":"#1"},"south":{"uv":[9.0,10.0,9.5,13.0],"texture":"#1"},"west":{"uv":[4.0,3.0,7.0,6.0],"texture":"#1"},"up":{"uv":[10.5,12.0,10.0,9.0],"texture":"#1"},"down":{"uv":[0.5,11.0,0.0,14.0],"texture":"#1"}}},{"from":[11.0,4.75,6.5],"to":[11.5,7.75,7.5],"rotation":{"origin":[9.5,6.25,8.0],"axis":"x","angle":0.0},"faces":{"north":{"uv":[1.0,11.0,1.5,14.0],"texture":"#1"},"south":{"uv":[2.0,11.0,2.5,14.0],"texture":"#1"},"west":{"uv":[8.0,8.0,9.0,11.0],"texture":"#1"},"up":{"uv":[4.5,13.0,4.0,12.0],"texture":"#1"},"down":{"uv":[5.5,12.0,5.0,13.0],"texture":"#1"}}},{"from":[11.0,6.75,7.5],"to":[11.5,7.75,8.5],"rotation":{"origin":[9.5,6.25,8.0],"axis":"x","angle":0.0},"faces":{"west":{"uv":[11.0,2.0,12.0,3.0],"texture":"#1"},"up":{"uv":[12.5,8.0,12.0,7.0],"texture":"#1"},"down":{"uv":[12.5,8.0,12.0,9.0],"texture":"#1"}}},{"from":[11.0,4.75,7.5],"to":[11.5,5.75,8.5],"rotation":{"origin":[9.5,6.25,8.0],"axis":"x","angle":0.0},"faces":{"west":{"uv":[11.0,3.0,12.0,4.0],"texture":"#1"},"up":{"uv":[12.5,10.0,12.0,9.0],"texture":"#1"},"down":{"uv":[10.5,12.0,10.0,13.0],"texture":"#1"}}},{"from":[11.0,4.75,8.5],"to":[11.5,7.75,9.5],"rotation":{"origin":[9.5,6.25,8.0],"axis":"x","angle":0.0},"faces":{"north":{"uv":[3.0,11.0,3.5,14.0],"texture":"#1"},"south":{"uv":[11.0,6.0,11.5,9.0],"texture":"#1"},"west":{"uv":[4.0,9.0,5.0,12.0],"texture":"#1"},"up":{"uv":[6.5,13.0,6.0,12.0],"texture":"#1"},"down":{"uv":[12.5,6.0,12.0,7.0],"texture":"#1"}}},{"from":[12.0,5.25,7.05],"to":[13.0,7.25,8.95],"rotation":{"origin":[8.0,6.25,8.0],"axis":"x","angle":-22.5},"faces":{"north":{"uv":[7.0,9.0,8.0,11.0],"texture":"#1"},"east":{"uv":[7.0,4.0,9.0,6.0],"texture":"#1"},"south":{"uv":[9.0,8.0,10.0,10.0],"texture":"#1"},"up":{"uv":[6.0,12.0,5.0,10.0],"texture":"#1"},"down":{"uv":[7.0,10.0,6.0,12.0],"texture":"#1"}}},{"from":[11.0,7.75,7.25],"to":[11.5,10.25,8.75],"rotation":{"origin":[8.0,10.625,8.25],"axis":"y","angle":0.0},"faces":{"north":{"uv":[7.0,11.0,7.5,13.5],"texture":"#1"},"east":{"uv":[0.0,8.0,1.5,10.5],"texture":"#1"},"south":{"uv":[8.0,11.0,8.5,13.5],"texture":"#1"},"west":{"uv":[2.0,8.0,3.5,10.5],"texture":"#1"},"up":{"uv":[11.5,10.5,11.0,9.0],"texture":"#1"},"down":{"uv":[11.5,11.0,11.0,12.5],"texture":"#1"}}},{"from":[4.0,4.75,6.5],"to":[4.5,7.75,9.5],"rotation":{"origin":[5.5,6.25,8.0],"axis":"x","angle":0.0},"faces":{"north":{"uv":[10.5,6.0,10.0,9.0],"texture":"#1"},"east":{"uv":[7.0,3.0,4.0,6.0],"texture":"#1"},"south":{"uv":[9.5,10.0,9.0,13.0],"texture":"#1"},"west":{"uv":[7.0,0.0,4.0,3.0],"texture":"#1"},"up":{"uv":[10.0,12.0,10.5,9.0],"texture":"#1"},"down":{"uv":[0.0,11.0,0.5,14.0],"texture":"#1"}}},{"from":[3.0,5.25,7.05],"to":[4.0,7.25,8.95],"rotation":{"origin":[8.0,6.25,8.0],"axis":"x","angle":-22.5},"faces":{"north":{"uv":[8.0,9.0,7.0,11.0],"texture":"#1"},"south":{"uv":[10.0,8.0,9.0,10.0],"texture":"#1"},"west":{"uv":[9.0,4.0,7.0,6.0],"texture":"#1"},"up":{"uv":[5.0,12.0,6.0,10.0],"texture":"#1"},"down":{"uv":[6.0,10.0,7.0,12.0],"texture":"#1"}}},{"from":[4.5,4.75,6.5],"to":[5.0,7.75,7.5],"rotation":{"origin":[6.5,6.25,8.0],"axis":"x","angle":0.0},"faces":{"north":{"uv":[1.5,11.0,1.0,14.0],"texture":"#1"},"east":{"uv":[9.0,8.0,8.0,11.0],"texture":"#1"},"south":{"uv":[2.5,11.0,2.0,14.0],"texture":"#1"},"up":{"uv":[4.0,13.0,4.5,12.0],"texture":"#1"},"down":{"uv":[5.0,12.0,5.5,13.0],"texture":"#1"}}},{"from":[4.5,4.75,8.5],"to":[5.0,7.75,9.5],"rotation":{"origin":[6.5,6.25,8.0],"axis":"x","angle":0.0},"faces":{"north":{"uv":[3.5,11.0,3.0,14.0],"texture":"#1"},"east":{"uv":[5.0,9.0,4.0,12.0],"texture":"#1"},"south":{"uv":[11.5,6.0,11.0,9.0],"texture":"#1"},"up":{"uv":[6.0,13.0,6.5,12.0],"texture":"#1"},"down":{"uv":[12.0,6.0,12.5,7.0],"texture":"#1"}}},{"from":[4.5,6.75,7.5],"to":[5.0,7.75,8.5],"rotation":{"origin":[6.5,6.25,8.0],"axis":"x","angle":0.0},"faces":{"east":{"uv":[12.0,2.0,11.0,3.0],"texture":"#1"},"up":{"uv":[12.0,8.0,12.5,7.0],"texture":"#1"},"down":{"uv":[12.0,8.0,12.5,9.0],"texture":"#1"}}},{"from":[4.5,4.75,7.5],"to":[5.0,5.75,8.5],"rotation":{"origin":[6.5,6.25,8.0],"axis":"x","angle":0.0},"faces":{"east":{"uv":[12.0,3.0,11.0,4.0],"texture":"#1"},"up":{"uv":[12.0,10.0,12.5,9.0],"texture":"#1"},"down":{"uv":[10.0,12.0,10.5,13.0],"texture":"#1"}}},{"from":[4.5,7.75,7.25],"to":[5.0,10.25,8.75],"rotation":{"origin":[8.0,10.625,8.25],"axis":"y","angle":0.0},"faces":{"north":{"uv":[7.5,11.0,7.0,13.5],"texture":"#1"},"east":{"uv":[3.5,8.0,2.0,10.5],"texture":"#1"},"south":{"uv":[8.5,11.0,8.0,13.5],"texture":"#1"},"west":{"uv":[1.5,8.0,0.0,10.5],"texture":"#1"},"up":{"uv":[11.0,10.5,11.5,9.0],"texture":"#1"},"down":{"uv":[11.0,11.0,11.5,12.5],"texture":"#1"}}},{"from":[5.0,9.75,7.25],"to":[11.0,10.25,8.75],"rotation":{"origin":[8.0,8.125,8.25],"axis":"z","angle":0.0},"faces":{"north":{"uv":[9.0,4.0,15.0,4.5],"texture":"#1"},"east":{"uv":[12.0,2.0,13.5,2.5],"texture":"#1"},"south":{"uv":[9.0,5.0,15.0,5.5],"texture":"#1"},"west":{"uv":[12.0,3.0,13.5,3.5],"texture":"#1"},"up":{"uv":[10.0,7.5,4.0,6.0],"texture":"#1"},"down":{"uv":[13.0,0.0,7.0,1.5],"texture":"#1"}}},{"from":[8.5,8.75,8.0],"to":[12.5,12.75,8.0],"rotation":{"origin":[0.0,4.75,8.0],"axis":"y","angle":0.0},"faces":{"north":{"uv":[0.0,0.0,4.0,4.0],"texture":"#1"},"east":{"uv":[0.0,0.0,0.0,4.0],"texture":"#1"},"south":{"uv":[0.0,4.0,4.0,8.0],"texture":"#1"},"west":{"uv":[0.0,0.0,0.0,4.0],"texture":"#1"},"up":{"uv":[4.0,0.0,0.0,0.0],"texture":"#1"},"down":{"uv":[4.0,0.0,0.0,0.0],"texture":"#1"}}},{"from":[3.5,8.75,8.0],"to":[7.5,12.75,8.0],"rotation":{"origin":[16.0,4.75,8.0],"axis":"y","angle":0.0},"faces":{"north":{"uv":[4.0,0.0,0.0,4.0],"texture":"#1"},"east":{"uv":[0.0,0.0,0.0,4.0],"texture":"#1"},"south":{"uv":[4.0,4.0,0.0,8.0],"texture":"#1"},"west":{"uv":[0.0,0.0,0.0,4.0],"texture":"#1"},"up":{"uv":[0.0,0.0,4.0,0.0],"texture":"#1"},"down":{"uv":[0.0,0.0,4.0,0.0],"texture":"#1"}}},{"from":[4.501,3.2678,4.20396],"to":[4.501,4.2678,7.50396],"rotation":{"origin":[3.001,3.7678,5.00396],"axis":"x","angle":-22.5},"faces":{"north":{"uv":[0.0,0.0,0.0,1.0],"texture":"#1"},"east":{"uv":[4.0,8.0,7.5,9.0],"texture":"#1"},"south":{"uv":[0.0,0.0,0.0,1.0],"texture":"#1"},"west":{"uv":[7.5,8.0,4.0,9.0],"texture":"#1"},"up":{"uv":[0.0,3.5,0.0,0.0],"texture":"#1"},"down":{"uv":[0.0,0.0,0.0,3.5],"texture":"#1"}}},{"from":[12.099,5.12046,9.77142],"to":[12.099,7.12046,13.07142],"rotation":{"origin":[12.799,3.62046,5.57142],"axis":"x","angle":-22.5},"faces":{"north":{"uv":[0.0,0.0,0.0,2.0],"texture":"#1"},"east":{"uv":[7.0,2.0,10.5,4.0],"texture":"#1"},"south":{"uv":[0.0,0.0,0.0,2.0],"texture":"#1"},"west":{"uv":[10.5,2.0,7.0,4.0],"texture":"#1"},"up":{"uv":[0.0,3.5,0.0,0.0],"texture":"#1"},"down":{"uv":[0.0,0.0,0.0,3.5],"texture":"#1"}}},{"from":[3.901,5.12046,9.77142],"to":[3.901,7.12046,13.07142],"rotation":{"origin":[3.201,3.62046,5.57142],"axis":"x","angle":-22.5},"faces":{"north":{"uv":[0.0,0.0,0.0,2.0],"texture":"#1"},"east":{"uv":[7.0,2.0,10.5,4.0],"texture":"#1"},"south":{"uv":[0.0,0.0,0.0,2.0],"texture":"#1"},"west":{"uv":[10.5,2.0,7.0,4.0],"texture":"#1"},"up":{"uv":[0.0,3.5,0.0,0.0],"texture":"#1"},"down":{"uv":[0.0,0.0,0.0,3.5],"texture":"#1"}}},{"from":[4.501,3.2678,4.20396],"to":[6.501,4.2678,4.20396],"rotation":{"origin":[3.001,3.7678,5.00396],"axis":"x","angle":-22.5},"faces":{"north":{"uv":[7.0,9.0,5.0,10.0],"texture":"#1"},"east":{"uv":[0.0,0.0,0.0,1.0],"texture":"#1"},"south":{"uv":[5.0,9.0,7.0,10.0],"texture":"#1"},"west":{"uv":[0.0,0.0,0.0,1.0],"texture":"#1"},"up":{"uv":[0.0,0.0,2.0,0.0],"texture":"#1"},"down":{"uv":[0.0,0.0,2.0,0.0],"texture":"#1"}}}],"textures":{"1":"94118381-0cd7-46bd-bb49-52dcc2089ebe"},"gui_light":"front"}