{"display":{"thirdperson_righthand":{"rotation":[-122.0,0.0,-180.0],"translation":[0.0,-0.75,-1.75]},"thirdperson_lefthand":{"rotation":[66.75,0.0,0.0],"translation":[-5.5,-5.75,12.5],"scale":[1.32422,1.32422,1.32422]},"firstperson_righthand":{"rotation":[-26.25,0.0,0.0],"translation":[-1.5,7.75,0.0]},"firstperson_lefthand":{"rotation":[-26.25,0.0,0.0],"translation":[-1.5,7.75,0.0],"scale":[0.0,0.0,0.0]},"ground":{"rotation":[-40.0,0.0,0.0],"translation":[0.0,7.5,-1.5]},"gui":{"rotation":[30.0,-45.0,0.0],"translation":[-1.25,21.5,0.0],"scale":[1.33984,1.33984,1.33984]},"head":{"translation":[0.0,-65.5,7.75],"scale":[2.25195,2.25195,2.25195]},"fixed":{"rotation":[-90.0,180.0,0.0],"translation":[0.0,0.0,-26.5],"scale":[3.31641,3.31641,3.31641]}},"elements":[{"from":[5.5,-7.03,3.03],"to":[6.5,-7.0,6.03],"rotation":{"origin":[6.0,8.97,5.03],"axis":"x","angle":0.0},"faces":{"up":{"uv":[4.0,12.66667,3.33333,10.66667],"texture":"#3"},"down":{"uv":[4.0,10.66667,3.33333,12.66667],"texture":"#3"}}},{"from":[5.5,-14.03,3.03],"to":[6.5,-14.0,6.03],"rotation":{"origin":[6.0,8.97,5.03],"axis":"x","angle":0.0},"faces":{"up":{"uv":[4.0,12.66667,3.33333,10.66667],"texture":"#3"},"down":{"uv":[4.0,10.66667,3.33333,12.66667],"texture":"#3"}}},{"from":[5.5,-8.0,6.0],"to":[6.5,-7.0,6.03],"rotation":{"origin":[6.5,8.0,6.0],"axis":"y","angle":0.0},"faces":{"north":{"uv":[3.33333,8.0,2.66667,8.66667],"texture":"#3"},"south":{"uv":[2.66667,8.0,3.33333,8.66667],"texture":"#3"}}},{"from":[5.5,-14.0,3.03],"to":[6.5,-7.0,3.06],"rotation":{"origin":[6.5,7.0,3.03],"axis":"y","angle":0.0},"faces":{"north":{"uv":[8.66667,9.33333,9.33333,14.0],"texture":"#3"},"south":{"uv":[9.33333,9.33333,8.66667,14.0],"texture":"#3"}}},{"from":[9.5,-8.0,6.0],"to":[10.5,-7.0,6.03],"rotation":{"origin":[9.5,8.0,6.0],"axis":"y","angle":0.0},"faces":{"north":{"uv":[2.66667,8.0,3.33333,8.66667],"texture":"#3"},"south":{"uv":[3.33333,8.0,2.66667,8.66667],"texture":"#3"}}},{"from":[9.5,-7.03,3.03],"to":[10.5,-7.0,6.03],"rotation":{"origin":[10.0,8.97,5.03],"axis":"x","angle":0.0},"faces":{"up":{"uv":[3.33333,12.66667,4.0,10.66667],"texture":"#3"},"down":{"uv":[3.33333,10.66667,4.0,12.66667],"texture":"#3"}}},{"from":[9.5,-14.0,3.03],"to":[10.5,-7.0,3.06],"rotation":{"origin":[9.5,7.0,3.03],"axis":"y","angle":0.0},"faces":{"north":{"uv":[9.33333,9.33333,8.66667,14.0],"texture":"#3"},"south":{"uv":[8.66667,9.33333,9.33333,14.0],"texture":"#3"}}},{"from":[9.5,-14.03,3.03],"to":[10.5,-14.0,6.03],"rotation":{"origin":[10.0,8.97,5.03],"axis":"x","angle":0.0},"faces":{"up":{"uv":[3.33333,12.66667,4.0,10.66667],"texture":"#3"},"down":{"uv":[3.33333,10.66667,4.0,12.66667],"texture":"#3"}}},{"from":[5.0,-11.0,6.0],"to":[11.0,-8.0,9.0],"rotation":{"origin":[5.0,0.0,0.0],"axis":"y","angle":0.0},"faces":{"north":{"uv":[6.66667,5.33333,10.66667,7.33333],"texture":"#3"},"east":{"uv":[2.66667,8.66667,4.66667,10.66667],"texture":"#3"},"south":{"uv":[6.66667,7.33333,10.66667,9.33333],"texture":"#3"},"west":{"uv":[4.66667,8.66667,6.66667,10.66667],"texture":"#3"},"up":{"uv":[12.0,2.0,8.0,0.0],"texture":"#3"}}},{"from":[5.0,-16.0,6.0],"to":[11.0,-11.0,10.0],"rotation":{"origin":[5.0,0.0,0.0],"axis":"y","angle":0.0},"faces":{"north":{"uv":[0.0,0.0,4.0,3.33333],"texture":"#3"},"east":{"uv":[4.0,5.33333,6.66667,8.66667],"texture":"#3"},"south":{"uv":[0.0,3.33333,4.0,6.66667],"texture":"#3"},"west":{"uv":[0.0,6.66667,2.66667,10.0],"texture":"#3"},"up":{"uv":[8.0,2.66667,4.0,0.0],"texture":"#3"},"down":{"uv":[8.0,2.66667,4.0,5.33333],"texture":"#3"}}},{"from":[4.0,-15.0,7.0],"to":[5.0,-13.0,9.0],"rotation":{"origin":[4.0,0.0,8.0],"axis":"y","angle":0.0},"faces":{"north":{"uv":[4.0,10.66667,4.66667,12.0],"texture":"#3"},"south":{"uv":[4.66667,10.66667,5.33333,12.0],"texture":"#3"},"west":{"uv":[2.66667,6.66667,4.0,8.0],"texture":"#3"},"up":{"uv":[6.0,12.0,5.33333,10.66667],"texture":"#3"},"down":{"uv":[6.66667,10.66667,6.0,12.0],"texture":"#3"}}},{"from":[11.0,-15.0,7.0],"to":[12.0,-13.0,9.0],"rotation":{"origin":[12.0,0.0,8.0],"axis":"y","angle":0.0},"faces":{"north":{"uv":[4.66667,10.66667,4.0,12.0],"texture":"#3"},"east":{"uv":[4.0,6.66667,2.66667,8.0],"texture":"#3"},"south":{"uv":[5.33333,10.66667,4.66667,12.0],"texture":"#3"},"up":{"uv":[5.33333,12.0,6.0,10.66667],"texture":"#3"},"down":{"uv":[6.0,10.66667,6.66667,12.0],"texture":"#3"}}},{"from":[5.0,-10.5,9.0],"to":[11.0,-8.0,9.5],"rotation":{"origin":[5.0,0.0,0.0],"axis":"y","angle":0.0},"faces":{"east":{"uv":[10.66667,6.66667,11.0,8.33333],"texture":"#3"},"south":{"uv":[8.0,2.0,12.0,3.66667],"texture":"#3"},"west":{"uv":[9.33333,10.66667,9.66667,12.33333],"texture":"#3"},"up":{"uv":[14.66667,5.66667,10.66667,5.33333],"texture":"#3"},"down":{"uv":[14.66667,6.0,10.66667,6.33333],"texture":"#3"}}},{"from":[7.5,-10.75,9.0],"to":[8.5,-9.75,9.75],"rotation":{"origin":[8.0,6.0,9.375],"axis":"z","angle":0.0},"faces":{"north":{"uv":[3.33333,8.0,4.0,8.66667],"texture":"#3"},"east":{"uv":[2.0,10.0,2.66667,10.66667],"texture":"#3"},"south":{"uv":[10.66667,8.66667,11.33333,9.33333],"texture":"#3"},"west":{"uv":[10.0,10.66667,10.66667,11.33333],"texture":"#3"},"up":{"uv":[11.33333,11.33333,10.66667,10.66667],"texture":"#3"},"down":{"uv":[0.66667,11.33333,0.0,12.0],"texture":"#3"}}},{"from":[6.5,-6.75,8.0],"to":[9.5,-4.75,11.0],"rotation":{"origin":[7.0,5.0,7.0],"axis":"y","angle":0.0},"faces":{"north":{"uv":[8.0,4.0,10.0,5.33333],"texture":"#3"},"east":{"uv":[9.33333,9.33333,11.33333,10.66667],"texture":"#3"},"south":{"uv":[0.0,10.0,2.0,11.33333],"texture":"#3"},"west":{"uv":[10.0,4.0,12.0,5.33333],"texture":"#3"},"up":{"uv":[8.66667,11.33333,6.66667,9.33333],"texture":"#3"}}},{"from":[6.0,-8.25,7.5],"to":[10.0,-6.75,11.5],"rotation":{"origin":[7.0,3.5,7.0],"axis":"y","angle":0.0},"faces":{"north":{"uv":[8.0,0.0,16.0,3.0],"texture":"#1"},"east":{"uv":[8.0,4.0,16.0,7.0],"texture":"#1"},"south":{"uv":[8.0,8.0,16.0,11.0],"texture":"#1"},"west":{"uv":[8.0,12.0,16.0,15.0],"texture":"#1"},"up":{"uv":[8.0,8.0,0.0,0.0],"texture":"#1"},"down":{"uv":[8.0,8.0,0.0,16.0],"texture":"#1"}}},{"from":[7.0,-8.75,8.5],"to":[9.0,-8.25,10.5],"rotation":{"origin":[7.0,3.0,7.0],"axis":"y","angle":0.0},"faces":{"north":{"uv":[0.66667,11.33333,2.0,11.66667],"texture":"#3"},"east":{"uv":[6.66667,11.33333,8.0,11.66667],"texture":"#3"},"south":{"uv":[11.33333,6.66667,12.66667,7.0],"texture":"#3"},"west":{"uv":[11.33333,7.33333,12.66667,7.66667],"texture":"#3"},"down":{"uv":[3.33333,10.66667,2.0,12.0],"texture":"#3"}}},{"from":[7.4,-9.25,8.9],"to":[8.6,-8.75,10.1],"rotation":{"origin":[6.5,-3.5,7.5],"axis":"y","angle":0.0},"faces":{"north":{"uv":[11.33333,8.66667,12.0,9.0],"texture":"#3"},"east":{"uv":[11.33333,9.33333,12.0,9.66667],"texture":"#3"},"south":{"uv":[10.0,11.33333,10.66667,11.66667],"texture":"#3"},"west":{"uv":[11.33333,10.0,12.0,10.33333],"texture":"#3"},"up":{"uv":[8.66667,12.0,8.0,11.33333],"texture":"#3"},"down":{"uv":[12.0,8.0,11.33333,8.66667],"texture":"#3"}}}],"textures":{"particle":"2a0f9ca7-8468-46fc-8aa8-b8602eb9d086","1":"2a0f9ca7-8468-46fc-8aa8-b8602eb9d086","3":"2514e2ed-d851-48a4-ba83-0771ddd8cf5a"},"gui_light":"front"}