{"display":{"thirdperson_righthand":{"rotation":[49.0,0.0,0.0],"translation":[0.0,0.0,-0.5],"scale":[0.5,0.5,0.5]},"thirdperson_lefthand":{"rotation":[76.0,0.0,0.0],"translation":[-6.0,-9.75,10.5]},"firstperson_righthand":{"translation":[3.75,-0.75,-9.25],"scale":[0.82695,0.82695,0.82695]},"firstperson_lefthand":{"rotation":[-15.0,0.0,0.0],"translation":[0.0,5.5,0.0],"scale":[0.0,0.0,0.0]},"ground":{"rotation":[-23.0,7.65,-6.75],"translation":[0.0,4.0,2.75],"scale":[0.63867,0.63867,0.63867]},"gui":{"rotation":[21.0,-30.0,0.0],"translation":[0.0,-3.25,0.0],"scale":[0.48242,0.48047,0.48242]},"head":{"rotation":[10.0,0.0,0.0],"translation":[0.0,-50.75,12.5],"scale":[1.6,1.6,1.6]},"fixed":{"rotation":[0.0,180.0,0.0],"translation":[0.0,-0.75,-11.25],"scale":[1.5,1.5,1.5]}},"elements":[{"from":[2.0,5.0,-1.0],"to":[14.0,17.0,3.0],"rotation":{"origin":[8.0,6.0,3.0],"axis":"x","angle":22.5},"faces":{"north":{"uv":[3.5625,9.125,5.5625,7.125],"texture":"#0","rotation":180},"east":{"uv":[5.5625,9.125,3.5625,9.875],"texture":"#0","rotation":90},"south":{"uv":[5.5625,9.125,7.5625,7.125],"texture":"#0"},"west":{"uv":[5.5625,9.125,3.5625,9.875],"texture":"#0","rotation":270},"up":{"uv":[5.5625,9.125,3.5625,9.875],"texture":"#0"},"down":{"uv":[5.5625,9.125,3.5625,9.875],"texture":"#0","rotation":180}}},{"from":[3.0,0.0,3.0],"to":[13.0,6.0,13.0],"rotation":{"origin":[0.0,0.0,16.0],"axis":"y","angle":0.0},"faces":{"north":{"uv":[8.0,6.125,6.25,7.125],"texture":"#0"},"east":{"uv":[8.0,6.125,6.25,7.125],"texture":"#0"},"south":{"uv":[8.0,6.125,6.25,7.125],"texture":"#0"},"west":{"uv":[8.0,6.125,6.25,7.125],"texture":"#0"},"up":{"uv":[8.0,6.125,9.75,4.375],"texture":"#0"},"down":{"uv":[6.25,6.125,8.0,4.375],"texture":"#0"}}},{"from":[5.5,25.0,9.5],"to":[10.5,32.0,9.5],"rotation":{"origin":[9.5,34.5,9.5],"axis":"z","angle":22.5},"faces":{"north":{"uv":[13.6875,0.0,13.0625,0.875],"texture":"#0"},"east":{"uv":[0.0,0.0,0.0,12.0],"texture":"#missing"},"south":{"uv":[13.0625,0.0,13.6875,0.875],"texture":"#0"},"west":{"uv":[0.0,0.0,0.0,12.0],"texture":"#missing"},"up":{"uv":[0.0,10.0,0.0,0.0],"texture":"#missing","rotation":90},"down":{"uv":[0.0,10.0,0.0,0.0],"texture":"#missing","rotation":270}}},{"from":[7.0,27.0,9.2],"to":[9.0,29.0,11.2],"rotation":{"origin":[5.0,10.0,14.2],"axis":"y","angle":0.0},"faces":{"north":{"uv":[3.0,1.5,3.25,1.75],"texture":"#0"},"east":{"uv":[3.0,1.5,3.25,1.75],"texture":"#0"},"south":{"uv":[3.0,1.5,3.25,1.75],"texture":"#0"},"west":{"uv":[3.0,1.5,3.25,1.75],"texture":"#0"},"up":{"uv":[3.0,1.5,3.25,1.75],"texture":"#0","rotation":90},"down":{"uv":[3.0,1.5,3.25,1.75],"texture":"#0","rotation":270}}},{"from":[5.5,25.0,9.5],"to":[10.5,32.0,9.5],"rotation":{"origin":[6.5,34.5,9.5],"axis":"z","angle":-22.5},"faces":{"north":{"uv":[13.0625,0.0,13.6875,0.875],"texture":"#0"},"east":{"uv":[0.0,0.0,0.0,12.0],"texture":"#missing"},"south":{"uv":[13.6875,0.0,13.0625,0.875],"texture":"#0"},"west":{"uv":[0.0,0.0,0.0,12.0],"texture":"#missing"},"up":{"uv":[0.0,0.0,0.0,10.0],"texture":"#missing","rotation":90},"down":{"uv":[0.0,0.0,0.0,10.0],"texture":"#missing","rotation":270}}},{"from":[6.0,20.0,7.0],"to":[10.0,28.0,11.0],"rotation":{"origin":[8.0,14.25,9.0],"axis":"y","angle":-45.0},"faces":{"north":{"uv":[3.0,2.9375,3.5,3.9375],"texture":"#0"},"east":{"uv":[2.8125,1.9375,3.3125,2.9375],"texture":"#0"},"south":{"uv":[3.0,2.9375,3.5,3.9375],"texture":"#0"},"west":{"uv":[2.8125,1.9375,3.3125,2.9375],"texture":"#0"},"up":{"uv":[3.3125,1.9375,3.8125,2.4375],"texture":"#0"},"down":{"uv":[3.3125,1.9375,3.8125,2.4375],"texture":"#0"}}},{"from":[5.0,13.0,6.0],"to":[11.0,20.0,12.0],"rotation":{"origin":[8.0,14.25,9.0],"axis":"y","angle":-45.0},"faces":{"north":{"uv":[2.25,5.0,3.0,5.875],"texture":"#0"},"east":{"uv":[2.25,4.125,3.0,5.0],"texture":"#0"},"south":{"uv":[2.25,5.0,3.0,5.875],"texture":"#0"},"west":{"uv":[2.25,4.125,3.0,5.0],"texture":"#0"},"up":{"uv":[2.25,3.375,3.0,4.125],"texture":"#0"},"down":{"uv":[2.25,3.375,3.0,4.125],"texture":"#0"}}},{"from":[3.0,8.0,4.0],"to":[13.0,13.0,14.0],"rotation":{"origin":[8.0,14.25,9.0],"axis":"y","angle":-45.0},"faces":{"north":{"uv":[0.0,5.25,1.25,5.875],"texture":"#0"},"east":{"uv":[0.0,4.625,1.25,5.25],"texture":"#0"},"south":{"uv":[0.0,5.25,1.25,5.875],"texture":"#0"},"west":{"uv":[0.0,4.625,1.25,5.25],"texture":"#0"},"up":{"uv":[0.0,3.375,1.25,4.625],"texture":"#0"},"down":{"uv":[0.0,3.375,1.25,4.625],"texture":"#0"}}},{"from":[7.0,0.0,8.0],"to":[9.0,9.0,10.0],"rotation":{"origin":[0.0,-2.0,18.0],"axis":"y","angle":0.0},"faces":{"north":{"uv":[2.5625,0.4375,2.8125,1.5625],"texture":"#0"},"east":{"uv":[2.5625,0.4375,2.8125,1.5625],"texture":"#0"},"south":{"uv":[2.5625,0.4375,2.8125,1.5625],"texture":"#0"},"west":{"uv":[2.5625,0.4375,2.8125,1.5625],"texture":"#0"},"up":{"uv":[2.5625,0.4375,2.8125,0.6875],"texture":"#0"},"down":{"uv":[2.5625,0.4375,2.8125,0.6875],"texture":"#0"}}},{"from":[4.0,9.0,16.2],"to":[12.0,17.0,16.2],"rotation":{"origin":[16.0,23.0,11.05],"axis":"y","angle":0.0},"faces":{"north":{"uv":[0.0,0.0,16.0,16.0],"texture":"#1"},"east":{"uv":[0.0,0.0,0.0,16.0],"texture":"#1"},"south":{"uv":[16.0,0.0,0.0,16.0],"texture":"#1"},"west":{"uv":[0.0,0.0,0.0,16.0],"texture":"#1"},"up":{"uv":[0.0,16.0,0.0,0.0],"texture":"#1","rotation":90},"down":{"uv":[0.0,0.0,0.0,16.0],"texture":"#1","rotation":270}}},{"from":[4.0,9.0,16.6],"to":[12.0,17.0,16.6],"rotation":{"origin":[16.0,23.0,11.05],"axis":"y","angle":0.0},"faces":{"north":{"uv":[0.0,0.0,16.0,16.0],"texture":"#1"},"east":{"uv":[0.0,0.0,0.0,16.0],"texture":"#1"},"south":{"uv":[16.0,0.0,0.0,16.0],"texture":"#1"},"west":{"uv":[0.0,0.0,0.0,16.0],"texture":"#1"},"up":{"uv":[0.0,16.0,0.0,0.0],"texture":"#1","rotation":90},"down":{"uv":[0.0,0.0,0.0,16.0],"texture":"#1","rotation":270}}},{"from":[5.5,22.0,5.15],"to":[10.5,29.0,5.15],"rotation":{"origin":[10.5,30.5,5.15],"axis":"z","angle":22.5},"faces":{"north":{"uv":[15.125,0.0,14.5,0.875],"texture":"#0"},"east":{"uv":[0.0,0.0,0.0,12.0],"texture":"#missing"},"south":{"uv":[14.5,0.0,15.125,0.875],"texture":"#0"},"west":{"uv":[0.0,0.0,0.0,12.0],"texture":"#missing"},"up":{"uv":[0.0,10.0,0.0,0.0],"texture":"#missing","rotation":90},"down":{"uv":[0.0,10.0,0.0,0.0],"texture":"#missing","rotation":270}}},{"from":[8.0,6.5,10.8],"to":[13.0,8.5,16.8],"rotation":{"origin":[10.0,10.375,4.8],"axis":"z","angle":45.0},"faces":{"north":{"uv":[1.0,1.625,1.625,1.875],"texture":"#0"},"east":{"uv":[1.75,1.875,1.0,2.125],"texture":"#0"},"south":{"uv":[1.625,1.625,1.0,1.875],"texture":"#0"},"west":{"uv":[1.75,1.875,1.0,2.125],"texture":"#0"},"up":{"uv":[1.75,0.875,1.0,1.5],"texture":"#0","rotation":90},"down":{"uv":[1.75,0.875,1.0,1.5],"texture":"#0","rotation":270}}},{"from":[9.0,8.5,11.8],"to":[12.0,11.5,15.8],"rotation":{"origin":[10.0,10.375,4.8],"axis":"z","angle":45.0},"faces":{"north":{"uv":[1.125,0.0,1.5,0.375],"texture":"#0"},"east":{"uv":[2.125,0.0,1.625,0.375],"texture":"#0"},"south":{"uv":[1.5,0.0,1.125,0.375],"texture":"#0"},"west":{"uv":[2.125,0.0,1.625,0.375],"texture":"#0"},"up":{"uv":[1.625,0.375,1.125,0.75],"texture":"#0","rotation":90},"down":{"uv":[1.625,0.375,1.125,0.75],"texture":"#0","rotation":270}}},{"from":[3.0,6.5,10.8],"to":[8.0,8.5,16.8],"rotation":{"origin":[6.0,10.375,4.8],"axis":"z","angle":-45.0},"faces":{"north":{"uv":[1.625,1.625,1.0,1.875],"texture":"#0"},"east":{"uv":[1.0,1.875,1.75,2.125],"texture":"#0"},"south":{"uv":[1.0,1.625,1.625,1.875],"texture":"#0"},"west":{"uv":[1.0,1.875,1.75,2.125],"texture":"#0"},"up":{"uv":[1.75,1.5,1.0,0.875],"texture":"#0","rotation":90},"down":{"uv":[1.75,1.5,1.0,0.875],"texture":"#0","rotation":270}}},{"from":[5.5,22.0,5.15],"to":[10.5,29.0,5.15],"rotation":{"origin":[5.5,30.5,5.15],"axis":"z","angle":-22.5},"faces":{"north":{"uv":[14.5,0.0,15.125,0.875],"texture":"#0"},"east":{"uv":[0.0,0.0,0.0,12.0],"texture":"#missing"},"south":{"uv":[15.125,0.0,14.5,0.875],"texture":"#0"},"west":{"uv":[0.0,0.0,0.0,12.0],"texture":"#missing"},"up":{"uv":[0.0,0.0,0.0,10.0],"texture":"#missing","rotation":90},"down":{"uv":[0.0,0.0,0.0,10.0],"texture":"#missing","rotation":270}}},{"from":[4.0,8.5,11.8],"to":[7.0,11.5,15.8],"rotation":{"origin":[6.0,10.375,4.8],"axis":"z","angle":-45.0},"faces":{"north":{"uv":[1.5,0.0,1.125,0.375],"texture":"#0"},"east":{"uv":[1.625,0.0,2.125,0.375],"texture":"#0"},"south":{"uv":[1.125,0.0,1.5,0.375],"texture":"#0"},"west":{"uv":[1.625,0.0,2.125,0.375],"texture":"#0"},"up":{"uv":[1.625,0.75,1.125,0.375],"texture":"#0","rotation":90},"down":{"uv":[1.625,0.75,1.125,0.375],"texture":"#0","rotation":270}}},{"from":[7.5,10.5,12.25],"to":[11.0,14.0,15.35],"rotation":{"origin":[7.9375,11.0,14.0375],"axis":"z","angle":45.0},"faces":{"north":{"uv":[2.25,0.4375,2.6875,0.0],"texture":"#0"},"east":{"uv":[3.075,0.4375,2.6875,0.0],"texture":"#0"},"south":{"uv":[2.6875,0.4375,2.25,0.0],"texture":"#0"},"west":{"uv":[3.075,0.4375,2.6875,0.0],"texture":"#0"},"up":{"uv":[3.125,0.3875,3.5625,0.0],"texture":"#0"},"down":{"uv":[3.125,0.3875,3.5625,0.0],"texture":"#0","rotation":180}}},{"from":[6.0,11.3,11.55],"to":[8.5,13.8,16.05],"rotation":{"origin":[8.0,11.8,14.8],"axis":"z","angle":-45.0},"faces":{"north":{"uv":[2.25,0.75,2.5625,0.4375],"texture":"#0","rotation":90},"east":{"uv":[2.1875,1.5625,2.5,1.0],"texture":"#0","rotation":90},"south":{"uv":[2.25,0.4375,2.5625,0.75],"texture":"#0","rotation":90},"west":{"uv":[1.875,1.5625,2.1875,1.0],"texture":"#0","rotation":90},"up":{"uv":[1.875,1.5625,2.1875,1.0],"texture":"#0","rotation":180},"down":{"uv":[2.1875,1.5625,2.5,1.0],"texture":"#0"}}},{"from":[2.5,24.0,19.8],"to":[6.5,28.0,19.8],"rotation":{"origin":[17.0,9.0,17.0],"axis":"y","angle":-45.0},"faces":{"north":{"uv":[14.1875,0.9375,13.6875,1.4375],"texture":"#0"},"east":{"uv":[0.0,0.0,0.0,14.0],"texture":"#missing"},"south":{"uv":[14.1875,0.9375,13.6875,1.4375],"texture":"#0"},"west":{"uv":[0.0,0.0,0.0,14.0],"texture":"#missing"},"up":{"uv":[0.0,0.0,0.0,16.0],"texture":"#missing","rotation":90},"down":{"uv":[0.0,0.0,0.0,16.0],"texture":"#missing","rotation":270}}},{"from":[2.5,13.6,9.0],"to":[4.5,15.6,11.0],"rotation":{"origin":[5.0,13.0,7.0],"axis":"z","angle":-22.5},"faces":{"north":{"uv":[3.0,1.5,3.25,1.75],"texture":"#0"},"east":{"uv":[3.0,1.5,3.25,1.75],"texture":"#0"},"south":{"uv":[3.0,1.5,3.25,1.75],"texture":"#0"},"west":{"uv":[3.0,1.5,3.25,1.75],"texture":"#0"},"up":{"uv":[3.0,1.5,3.25,1.75],"texture":"#0","rotation":90},"down":{"uv":[3.0,1.5,3.25,1.75],"texture":"#0","rotation":270}}},{"from":[4.5,21.4,8.5],"to":[6.5,23.4,10.5],"rotation":{"origin":[11.0,9.0,7.0],"axis":"z","angle":-22.5},"faces":{"north":{"uv":[3.25,1.75,3.0,1.5],"texture":"#0"},"east":{"uv":[3.25,1.75,3.0,1.5],"texture":"#0"},"south":{"uv":[3.25,1.75,3.0,1.5],"texture":"#0"},"west":{"uv":[3.25,1.75,3.0,1.5],"texture":"#0"},"up":{"uv":[3.0,1.5,3.25,1.75],"texture":"#0","rotation":90},"down":{"uv":[3.0,1.5,3.25,1.75],"texture":"#0","rotation":270}}},{"from":[13.5,7.6,5.0],"to":[15.5,9.6,7.0],"rotation":{"origin":[11.0,7.0,7.0],"axis":"z","angle":22.5},"faces":{"north":{"uv":[3.25,1.5,3.0,1.75],"texture":"#0"},"east":{"uv":[3.25,1.5,3.0,1.75],"texture":"#0"},"south":{"uv":[3.25,1.5,3.0,1.75],"texture":"#0"},"west":{"uv":[3.25,1.5,3.0,1.75],"texture":"#0"},"up":{"uv":[3.0,1.75,3.25,1.5],"texture":"#0","rotation":90},"down":{"uv":[3.0,1.75,3.25,1.5],"texture":"#0","rotation":270}}},{"from":[14.8,13.0,13.1],"to":[18.8,17.0,13.1],"rotation":{"origin":[10.8,18.0,19.1],"axis":"y","angle":45.0},"faces":{"north":{"uv":[14.1875,0.9375,13.6875,1.4375],"texture":"#0"},"east":{"uv":[0.0,0.0,0.0,14.0],"texture":"#missing"},"south":{"uv":[14.1875,0.9375,13.6875,1.4375],"texture":"#0"},"west":{"uv":[0.0,0.0,0.0,14.0],"texture":"#missing"},"up":{"uv":[0.0,0.0,0.0,16.0],"texture":"#missing","rotation":90},"down":{"uv":[0.0,0.0,0.0,16.0],"texture":"#missing","rotation":270}}},{"from":[-3.0,25.1,3.85],"to":[8.0,30.3,3.85],"rotation":{"origin":[8.0,15.7,4.85],"axis":"y","angle":0.0},"faces":{"north":{"uv":[12.9375,0.65,11.5625,0.0],"texture":"#0"},"east":{"uv":[2.325,2.9,1.9375,2.5],"texture":"#0"},"south":{"uv":[11.5625,0.65,12.9375,0.0],"texture":"#0"},"west":{"uv":[2.325,2.9,1.9375,2.5],"texture":"#0"},"up":{"uv":[2.75,2.5,2.375,2.8875],"texture":"#0"},"down":{"uv":[1.5,2.9375,1.125,3.325],"texture":"#0","rotation":180}}},{"from":[8.2,25.1,3.85],"to":[19.2,30.3,3.85],"rotation":{"origin":[23.2,15.7,4.85],"axis":"y","angle":0.0},"faces":{"north":{"uv":[11.5625,0.65,12.9375,0.0],"texture":"#0"},"east":{"uv":[1.9375,2.9,2.325,2.5],"texture":"#0"},"south":{"uv":[12.9375,0.65,11.5625,0.0],"texture":"#0"},"west":{"uv":[1.9375,2.9,2.325,2.5],"texture":"#0"},"up":{"uv":[2.375,2.5,2.75,2.8875],"texture":"#0"},"down":{"uv":[1.125,2.9375,1.5,3.325],"texture":"#0","rotation":180}}},{"from":[1.5,17.5,6.05],"to":[14.5,30.5,6.05],"rotation":{"origin":[16.0,7.0,4.75],"axis":"y","angle":0.0},"faces":{"north":{"uv":[12.875,0.9375,11.25,2.5625],"texture":"#0"},"east":{"uv":[0.0,0.0,0.0,1.5],"texture":"#missing"},"south":{"uv":[12.875,0.9375,11.25,2.5625],"texture":"#0"},"west":{"uv":[0.0,0.0,0.0,1.5],"texture":"#missing"},"up":{"uv":[0.0,0.0,0.0,1.5],"texture":"#missing","rotation":90},"down":{"uv":[0.0,0.0,0.0,1.5],"texture":"#missing","rotation":270}}},{"from":[1.5,17.5,5.45],"to":[14.5,30.5,5.45],"rotation":{"origin":[16.0,7.0,-11.25],"axis":"y","angle":0.0},"faces":{"north":{"uv":[11.25,0.9375,12.875,2.5625],"texture":"#0"},"east":{"uv":[0.0,0.0,0.0,1.5],"texture":"#missing"},"south":{"uv":[11.25,0.9375,12.875,2.5625],"texture":"#0"},"west":{"uv":[0.0,0.0,0.0,1.5],"texture":"#missing"},"up":{"uv":[0.0,0.0,0.0,1.5],"texture":"#missing","rotation":90},"down":{"uv":[0.0,0.0,0.0,1.5],"texture":"#missing","rotation":270}}},{"from":[3.5,5.5,8.9],"to":[17.5,14.5,8.9],"rotation":{"origin":[16.5,18.0,8.9],"axis":"z","angle":45.0},"faces":{"north":{"uv":[13.875,2.8125,15.0,4.5625],"texture":"#0","rotation":270},"east":{"uv":[0.0,0.0,0.0,1.125],"texture":"#missing","rotation":180},"south":{"uv":[15.0,2.8125,13.875,4.5625],"texture":"#0","rotation":90},"west":{"uv":[0.0,0.0,0.0,1.125],"texture":"#missing"},"up":{"uv":[0.0,0.0,0.0,1.875],"texture":"#missing","rotation":90},"down":{"uv":[0.0,0.0,0.0,1.875],"texture":"#missing","rotation":90}}},{"from":[-1.5,5.5,8.9],"to":[12.5,14.5,8.9],"rotation":{"origin":[-0.5,18.0,8.9],"axis":"z","angle":-45.0},"faces":{"north":{"uv":[13.875,4.5625,15.0,2.8125],"texture":"#0","rotation":270},"east":{"uv":[0.0,0.0,0.0,1.125],"texture":"#missing"},"south":{"uv":[15.0,4.5625,13.875,2.8125],"texture":"#0","rotation":90},"west":{"uv":[0.0,0.0,0.0,1.125],"texture":"#missing","rotation":180},"up":{"uv":[0.0,1.875,0.0,0.0],"texture":"#missing","rotation":90},"down":{"uv":[0.0,1.875,0.0,0.0],"texture":"#missing","rotation":90}}}],"textures":{"particle":"e6c2522b-23c1-4207-ae3e-2d6433fc1cbc","0":"e6c2522b-23c1-4207-ae3e-2d6433fc1cbc","1":"7ffc4847-e327-4ba4-92e3-9d5fa972265a"},"gui_light":"front"}