{"display":{"thirdperson_righthand":{"translation":[0.0,1.0,1.0]},"thirdperson_lefthand":{"translation":[0.0,1.0,1.0]},"firstperson_righthand":{"rotation":[-10.0,0.0,0.0],"translation":[1.25,1.75,-1.25]},"firstperson_lefthand":{"rotation":[-10.0,0.0,0.0],"translation":[1.25,1.75,-1.25]},"ground":{"rotation":[-45.0,0.0,0.0],"translation":[0.0,5.0,0.0],"scale":[0.7,0.7,0.7]},"gui":{"rotation":[-90.0,45.0,90.0],"translation":[2.0,-2.0,0.0],"scale":[0.8,0.8,0.8]},"head":{"rotation":[0.0,-90.0,0.0]},"fixed":{"rotation":[0.0,-90.0,0.0],"translation":[0.0,0.0,-2.0],"scale":[2.0,2.0,2.0]}},"elements":[{"from":[7.4,1.4,7.4],"to":[8.6,3.65,8.6],"rotation":{"origin":[8.0,4.4,8.0],"axis":"y","angle":45.0},"faces":{"north":{"uv":[1.33333,8.0,2.0,9.66667],"texture":"#3"},"east":{"uv":[2.0,8.0,2.66667,9.66667],"texture":"#3"},"south":{"uv":[8.0,6.66667,8.66667,8.33333],"texture":"#3"},"west":{"uv":[2.66667,8.66667,3.33333,10.33333],"texture":"#3"},"up":{"uv":[3.33333,5.33333,2.66667,4.66667],"texture":"#3"}}},{"from":[7.4,5.15,7.4],"to":[8.6,7.9,8.6],"rotation":{"origin":[8.0,4.4,8.0],"axis":"y","angle":45.0},"faces":{"north":{"uv":[6.66667,7.33333,7.33333,9.33333],"texture":"#3"},"east":{"uv":[7.33333,6.66667,8.0,8.66667],"texture":"#3"},"south":{"uv":[0.0,8.0,0.66667,10.0],"texture":"#3"},"west":{"uv":[0.66667,8.0,1.33333,10.0],"texture":"#3"},"down":{"uv":[4.66667,5.33333,4.0,6.0],"texture":"#3"}}},{"from":[7.4,12.9,7.4],"to":[8.6,13.9,8.6],"rotation":{"origin":[8.0,11.4,8.0],"axis":"y","angle":45.0},"faces":{"north":{"uv":[6.0,8.66667,6.66667,9.33333],"texture":"#3"},"east":{"uv":[10.66667,1.33333,11.33333,2.0],"texture":"#3"},"south":{"uv":[10.66667,2.0,11.33333,2.66667],"texture":"#3"},"west":{"uv":[2.66667,10.66667,3.33333,11.33333],"texture":"#3"}}},{"from":[7.5,3.65,7.5],"to":[8.5,5.15,8.5],"rotation":{"origin":[8.0,4.4,8.0],"axis":"y","angle":45.0},"faces":{"north":{"uv":[8.0,10.0,8.66667,11.0],"texture":"#3"},"east":{"uv":[10.0,8.0,10.66667,9.0],"texture":"#3"},"south":{"uv":[10.0,9.33333,10.66667,10.33333],"texture":"#3"},"west":{"uv":[10.66667,0.0,11.33333,1.0],"texture":"#3"}}},{"from":[7.25,2.7,7.25],"to":[8.75,3.2,8.75],"rotation":{"origin":[8.0,3.95,8.0],"axis":"y","angle":45.0},"faces":{"north":{"uv":[10.66667,3.33333,11.66667,3.66667],"texture":"#3"},"east":{"uv":[10.66667,4.0,11.66667,4.33333],"texture":"#3"},"south":{"uv":[10.66667,4.66667,11.66667,5.0],"texture":"#3"},"west":{"uv":[10.66667,5.33333,11.66667,5.66667],"texture":"#3"},"up":{"uv":[4.33333,9.66667,3.33333,8.66667],"texture":"#3"},"down":{"uv":[5.66667,8.66667,4.66667,9.66667],"texture":"#3"}}},{"from":[7.25,5.6,7.25],"to":[8.75,6.1,8.75],"rotation":{"origin":[8.0,6.85,8.0],"axis":"y","angle":45.0},"faces":{"north":{"uv":[6.0,10.66667,7.0,11.0],"texture":"#3"},"east":{"uv":[10.66667,6.0,11.66667,6.33333],"texture":"#3"},"south":{"uv":[10.66667,6.66667,11.66667,7.0],"texture":"#3"},"west":{"uv":[10.66667,7.33333,11.66667,7.66667],"texture":"#3"},"up":{"uv":[9.66667,7.66667,8.66667,6.66667],"texture":"#3"},"down":{"uv":[8.33333,8.66667,7.33333,9.66667],"texture":"#3"}}},{"from":[7.25,6.5,7.25],"to":[8.75,7.0,8.75],"rotation":{"origin":[8.0,7.75,8.0],"axis":"y","angle":45.0},"faces":{"north":{"uv":[10.66667,8.0,11.66667,8.33333],"texture":"#3"},"east":{"uv":[8.66667,10.66667,9.66667,11.0],"texture":"#3"},"south":{"uv":[10.66667,8.66667,11.66667,9.0],"texture":"#3"},"west":{"uv":[10.66667,9.33333,11.66667,9.66667],"texture":"#3"},"up":{"uv":[9.66667,9.0,8.66667,8.0],"texture":"#3"},"down":{"uv":[10.33333,0.0,9.33333,1.0],"texture":"#3"}}},{"from":[6.85,14.25,7.08579],"to":[9.15,15.75,8.58579],"rotation":{"origin":[7.5,14.25,6.58579],"axis":"x","angle":45.0},"faces":{"east":{"uv":[9.33333,1.33333,10.33333,2.33333],"texture":"#3"},"south":{"uv":[5.33333,6.0,7.0,7.0],"texture":"#3"},"west":{"uv":[9.33333,2.66667,10.33333,3.66667],"texture":"#3"},"down":{"uv":[9.0,0.0,7.33333,1.0],"texture":"#3"}}},{"from":[6.85,15.89645,6.73223],"to":[9.15,17.39645,8.23223],"rotation":{"origin":[7.5,13.89645,6.23223],"axis":"x","angle":45.0},"faces":{"north":{"uv":[7.33333,1.33333,9.0,2.33333],"texture":"#3"},"east":{"uv":[9.33333,4.0,10.33333,5.0],"texture":"#3"},"south":{"uv":[2.66667,7.33333,4.33333,8.33333],"texture":"#3"},"west":{"uv":[9.33333,5.33333,10.33333,6.33333],"texture":"#3"},"up":{"uv":[9.0,3.66667,7.33333,2.66667],"texture":"#3"}}},{"from":[6.85,13.89645,5.43934],"to":[9.15,15.39645,6.93934],"rotation":{"origin":[7.5,13.89645,6.93934],"axis":"x","angle":45.0},"faces":{"north":{"uv":[7.33333,4.0,9.0,5.0],"texture":"#3"},"east":{"uv":[6.0,9.33333,7.0,10.33333],"texture":"#3"},"west":{"uv":[8.66667,9.33333,9.66667,10.33333],"texture":"#3"},"up":{"uv":[6.33333,8.33333,4.66667,7.33333],"texture":"#3"},"down":{"uv":[9.0,5.33333,7.33333,6.33333],"texture":"#3"}}},{"from":[7.085,0.335,7.085],"to":[8.915,2.165,8.915],"rotation":{"origin":[8.0,1.25,8.0],"axis":"x","angle":-45.0},"faces":{"north":{"uv":[4.66667,3.33333,6.0,4.66667],"texture":"#3"},"east":{"uv":[4.66667,4.66667,6.0,6.0],"texture":"#3"},"south":{"uv":[2.66667,5.33333,4.0,6.66667],"texture":"#3"},"west":{"uv":[6.0,0.0,7.33333,1.33333],"texture":"#3"},"up":{"uv":[7.33333,2.66667,6.0,1.33333],"texture":"#3"},"down":{"uv":[7.33333,2.66667,6.0,4.0],"texture":"#3"}}},{"from":[6.5,10.25,4.25],"to":[6.5,18.25,12.25],"rotation":{"origin":[6.5,10.25,4.25],"axis":"y","angle":0.0},"faces":{"west":{"uv":[0.0,0.0,16.0,16.0],"texture":"#1"}}},{"from":[9.5,10.25,4.25],"to":[9.5,18.25,12.25],"rotation":{"origin":[9.5,10.25,4.25],"axis":"y","angle":0.0},"faces":{"east":{"uv":[16.0,0.0,0.0,16.0],"texture":"#1"}}},{"from":[6.83579,7.9,8.25],"to":[8.33579,12.9,9.75],"rotation":{"origin":[6.58579,7.9,8.0],"axis":"y","angle":45.0},"faces":{"north":{"uv":[3.33333,2.0,4.33333,5.33333],"texture":"#3"},"east":{"uv":[0.0,4.66667,1.0,8.0],"texture":"#3"},"south":{"uv":[4.66667,0.0,5.66667,3.33333],"texture":"#3"},"west":{"uv":[1.33333,4.66667,2.33333,8.0],"texture":"#3"},"up":{"uv":[1.0,11.0,0.0,10.0],"texture":"#3"},"down":{"uv":[2.33333,10.0,1.33333,11.0],"texture":"#3"}}},{"from":[7.5,13.60356,4.96447],"to":[8.5,15.60356,6.96447],"rotation":{"origin":[8.0,14.85356,4.71447],"axis":"x","angle":-22.5},"faces":{"north":{"uv":[3.33333,10.0,4.0,11.33333],"texture":"#3"},"east":{"uv":[4.0,6.0,5.33333,7.33333],"texture":"#3"},"south":{"uv":[4.0,10.0,4.66667,11.33333],"texture":"#3"},"west":{"uv":[6.0,4.0,7.33333,5.33333],"texture":"#3"},"up":{"uv":[5.33333,11.33333,4.66667,10.0],"texture":"#3"},"down":{"uv":[6.0,10.0,5.33333,11.33333],"texture":"#3"}}},{"from":[7.5,14.60356,2.96447],"to":[8.5,15.60356,4.96447],"rotation":{"origin":[8.0,14.85356,4.71447],"axis":"x","angle":-22.5},"faces":{"north":{"uv":[10.66667,2.66667,11.33333,3.33333],"texture":"#3"},"east":{"uv":[6.0,5.33333,7.33333,6.0],"texture":"#3"},"west":{"uv":[2.66667,6.66667,4.0,7.33333],"texture":"#3"},"up":{"uv":[10.66667,8.0,10.0,6.66667],"texture":"#3"},"down":{"uv":[8.0,10.0,7.33333,11.33333],"texture":"#3"}}},{"from":[7.985,12.60356,-0.03553],"to":[8.015,15.60356,6.96447],"rotation":{"origin":[7.485,14.85356,4.71447],"axis":"x","angle":-22.5},"faces":{"east":{"uv":[4.66667,0.0,0.0,2.0],"texture":"#3"},"west":{"uv":[0.0,0.0,4.66667,2.0],"texture":"#3"}}},{"from":[7.995,15.23833,1.14201],"to":[8.005,19.23833,6.14201],"rotation":{"origin":[8.0,16.98833,4.64201],"axis":"x","angle":-22.5},"faces":{"east":{"uv":[15.33333,0.0,12.0,2.66667],"texture":"#3"},"west":{"uv":[12.0,0.0,15.33333,2.66667],"texture":"#3"}}},{"from":[7.5,13.60356,9.03553],"to":[8.5,15.60356,11.03553],"rotation":{"origin":[8.0,14.85356,11.28553],"axis":"x","angle":22.5},"faces":{"north":{"uv":[4.66667,10.0,4.0,11.33333],"texture":"#3"},"east":{"uv":[5.33333,6.0,4.0,7.33333],"texture":"#3"},"south":{"uv":[4.0,10.0,3.33333,11.33333],"texture":"#3"},"west":{"uv":[7.33333,4.0,6.0,5.33333],"texture":"#3"},"up":{"uv":[5.33333,10.0,4.66667,11.33333],"texture":"#3"},"down":{"uv":[6.0,11.33333,5.33333,10.0],"texture":"#3"}}},{"from":[7.5,14.60356,11.03553],"to":[8.5,15.60356,13.03553],"rotation":{"origin":[8.0,14.85356,11.28553],"axis":"x","angle":22.5},"faces":{"east":{"uv":[7.33333,5.33333,6.0,6.0],"texture":"#3"},"south":{"uv":[11.33333,2.66667,10.66667,3.33333],"texture":"#3"},"west":{"uv":[4.0,6.66667,2.66667,7.33333],"texture":"#3"},"up":{"uv":[10.66667,6.66667,10.0,8.0],"texture":"#3"},"down":{"uv":[8.0,11.33333,7.33333,10.0],"texture":"#3"}}},{"from":[7.985,12.60356,9.03553],"to":[8.015,15.60356,16.03553],"rotation":{"origin":[7.485,14.85356,11.28553],"axis":"x","angle":22.5},"faces":{"east":{"uv":[0.0,0.0,4.66667,2.0],"texture":"#3"},"west":{"uv":[4.66667,0.0,0.0,2.0],"texture":"#3"}}},{"from":[7.995,15.23833,10.35799],"to":[8.005,19.23833,15.35799],"rotation":{"origin":[8.0,16.98833,11.35799],"axis":"x","angle":22.5},"faces":{"east":{"uv":[12.0,0.0,15.33333,2.66667],"texture":"#3"},"west":{"uv":[15.33333,0.0,12.0,2.66667],"texture":"#3"}}}],"textures":{"1":"8e9e84fa-6dee-47ea-8930-9971a14de910","3":"0f03089d-9cf0-4c68-88ee-e04d7f9aaaf9"},"gui_light":"front"}