{"display":{"thirdperson_righthand":{"translation":[0.0,-1.25,1.0]},"thirdperson_lefthand":{"translation":[0.0,-1.25,1.0]},"firstperson_righthand":{"rotation":[-10.0,0.0,0.0],"translation":[1.25,-3.5,-0.5]},"firstperson_lefthand":{"rotation":[-10.0,0.0,0.0],"translation":[1.25,-3.5,-0.5]},"ground":{"rotation":[-45.0,0.0,0.0],"translation":[0.0,5.0,0.0],"scale":[0.7,0.7,0.7]},"gui":{"rotation":[-90.0,45.0,90.0],"translation":[2.5,-2.5,0.0],"scale":[0.7,0.7,0.7]},"head":{"rotation":[0.0,-90.0,0.0]},"fixed":{"rotation":[0.0,-90.0,0.0],"translation":[0.0,-4.0,-2.0],"scale":[2.0,2.0,2.0]}},"elements":[{"from":[7.4,-3.6,7.4],"to":[8.6,-1.35,8.6],"rotation":{"origin":[8.0,-0.6,8.0],"axis":"y","angle":45.0},"faces":{"north":{"uv":[10.66667,10.66667,11.33333,12.33333],"texture":"#3"},"east":{"uv":[0.0,11.33333,0.66667,13.0],"texture":"#3"},"south":{"uv":[11.33333,0.0,12.0,1.66667],"texture":"#3"},"west":{"uv":[0.66667,11.33333,1.33333,13.0],"texture":"#3"},"up":{"uv":[3.33333,6.66667,2.66667,6.0],"texture":"#3"}}},{"from":[7.4,0.15,7.4],"to":[8.6,2.9,8.6],"rotation":{"origin":[8.0,-0.6,8.0],"axis":"y","angle":45.0},"faces":{"north":{"uv":[2.0,10.0,2.66667,12.0],"texture":"#3"},"east":{"uv":[8.66667,10.0,9.33333,12.0],"texture":"#3"},"south":{"uv":[2.66667,10.66667,3.33333,12.66667],"texture":"#3"},"west":{"uv":[3.33333,10.66667,4.0,12.66667],"texture":"#3"},"down":{"uv":[8.66667,5.33333,8.0,6.0],"texture":"#3"}}},{"from":[7.5,-1.35,7.5],"to":[8.5,0.15,8.5],"rotation":{"origin":[8.0,-0.6,8.0],"axis":"y","angle":45.0},"faces":{"north":{"uv":[2.0,14.0,2.66667,15.0],"texture":"#3"},"east":{"uv":[2.66667,14.0,3.33333,15.0],"texture":"#3"},"south":{"uv":[3.33333,14.0,4.0,15.0],"texture":"#3"},"west":{"uv":[4.0,14.0,4.66667,15.0],"texture":"#3"}}},{"from":[7.5,6.4,7.5],"to":[8.5,7.9,8.5],"rotation":{"origin":[8.0,7.15,8.0],"axis":"y","angle":45.0},"faces":{"north":{"uv":[9.33333,14.0,10.0,15.0],"texture":"#3"},"east":{"uv":[14.0,9.33333,14.66667,10.33333],"texture":"#3"},"south":{"uv":[10.0,14.0,10.66667,15.0],"texture":"#3"},"west":{"uv":[10.66667,14.0,11.33333,15.0],"texture":"#3"}}},{"from":[7.25,-2.3,7.25],"to":[8.75,-1.8,8.75],"rotation":{"origin":[8.0,-1.05,8.0],"axis":"y","angle":45.0},"faces":{"north":{"uv":[0.0,14.66667,1.0,15.0],"texture":"#3"},"east":{"uv":[14.66667,0.0,15.66667,0.33333],"texture":"#3"},"south":{"uv":[14.66667,0.66667,15.66667,1.0],"texture":"#3"},"west":{"uv":[14.66667,1.33333,15.66667,1.66667],"texture":"#3"},"up":{"uv":[12.33333,7.0,11.33333,6.0],"texture":"#3"},"down":{"uv":[12.33333,7.33333,11.33333,8.33333],"texture":"#3"}}},{"from":[7.25,0.6,7.25],"to":[8.75,1.1,8.75],"rotation":{"origin":[8.0,1.85,8.0],"axis":"y","angle":45.0},"faces":{"north":{"uv":[14.66667,2.0,15.66667,2.33333],"texture":"#3"},"east":{"uv":[14.66667,2.66667,15.66667,3.0],"texture":"#3"},"south":{"uv":[14.66667,3.33333,15.66667,3.66667],"texture":"#3"},"west":{"uv":[14.66667,4.0,15.66667,4.33333],"texture":"#3"},"up":{"uv":[12.33333,9.66667,11.33333,8.66667],"texture":"#3"},"down":{"uv":[12.33333,10.0,11.33333,11.0],"texture":"#3"}}},{"from":[7.25,1.5,7.25],"to":[8.75,2.0,8.75],"rotation":{"origin":[8.0,2.75,8.0],"axis":"y","angle":45.0},"faces":{"north":{"uv":[4.66667,14.66667,5.66667,15.0],"texture":"#3"},"east":{"uv":[14.66667,4.66667,15.66667,5.0],"texture":"#3"},"south":{"uv":[14.66667,5.33333,15.66667,5.66667],"texture":"#3"},"west":{"uv":[6.0,14.66667,7.0,15.0],"texture":"#3"},"up":{"uv":[12.33333,12.33333,11.33333,11.33333],"texture":"#3"},"down":{"uv":[13.0,0.0,12.0,1.0],"texture":"#3"}}},{"from":[7.4,11.4,7.4],"to":[8.6,13.65,8.6],"rotation":{"origin":[8.0,14.4,8.0],"axis":"y","angle":45.0},"faces":{"north":{"uv":[1.33333,11.33333,2.0,13.0],"texture":"#3"},"east":{"uv":[11.33333,2.0,12.0,3.66667],"texture":"#3"},"south":{"uv":[11.33333,4.0,12.0,5.66667],"texture":"#3"},"west":{"uv":[6.0,11.33333,6.66667,13.0],"texture":"#3"},"up":{"uv":[10.66667,2.66667,10.0,2.0],"texture":"#3"}}},{"from":[7.4,15.15,7.4],"to":[8.6,17.9,8.6],"rotation":{"origin":[8.0,14.4,8.0],"axis":"y","angle":45.0},"faces":{"north":{"uv":[4.0,10.66667,4.66667,12.66667],"texture":"#3"},"east":{"uv":[10.66667,5.33333,11.33333,7.33333],"texture":"#3"},"south":{"uv":[9.33333,10.66667,10.0,12.66667],"texture":"#3"},"west":{"uv":[10.0,10.66667,10.66667,12.66667],"texture":"#3"},"down":{"uv":[5.33333,9.33333,4.66667,10.0],"texture":"#3"}}},{"from":[7.5,13.65,7.5],"to":[8.5,15.15,8.5],"rotation":{"origin":[8.0,14.4,8.0],"axis":"y","angle":45.0},"faces":{"north":{"uv":[14.0,4.0,14.66667,5.0],"texture":"#3"},"east":{"uv":[14.0,5.33333,14.66667,6.33333],"texture":"#3"},"south":{"uv":[14.0,6.66667,14.66667,7.66667],"texture":"#3"},"west":{"uv":[14.0,8.0,14.66667,9.0],"texture":"#3"}}},{"from":[7.25,12.7,7.25],"to":[8.75,13.2,8.75],"rotation":{"origin":[8.0,13.95,8.0],"axis":"y","angle":45.0},"faces":{"north":{"uv":[14.66667,10.66667,15.66667,11.0],"texture":"#3"},"east":{"uv":[14.66667,11.33333,15.66667,11.66667],"texture":"#3"},"south":{"uv":[14.66667,12.0,15.66667,12.33333],"texture":"#3"},"west":{"uv":[14.66667,12.66667,15.66667,13.0],"texture":"#3"},"up":{"uv":[13.66667,10.33333,12.66667,9.33333],"texture":"#3"},"down":{"uv":[11.66667,12.66667,10.66667,13.66667],"texture":"#3"}}},{"from":[7.25,15.6,7.25],"to":[8.75,16.1,8.75],"rotation":{"origin":[8.0,16.85,8.0],"axis":"y","angle":45.0},"faces":{"north":{"uv":[14.66667,8.0,15.66667,8.33333],"texture":"#3"},"east":{"uv":[14.66667,8.66667,15.66667,9.0],"texture":"#3"},"south":{"uv":[14.66667,9.33333,15.66667,9.66667],"texture":"#3"},"west":{"uv":[14.66667,10.0,15.66667,10.33333],"texture":"#3"},"up":{"uv":[13.66667,9.0,12.66667,8.0],"texture":"#3"},"down":{"uv":[10.33333,12.66667,9.33333,13.66667],"texture":"#3"}}},{"from":[7.25,16.5,7.25],"to":[8.75,17.0,8.75],"rotation":{"origin":[8.0,17.75,8.0],"axis":"y","angle":45.0},"faces":{"north":{"uv":[14.66667,6.0,15.66667,6.33333],"texture":"#3"},"east":{"uv":[14.66667,6.66667,15.66667,7.0],"texture":"#3"},"south":{"uv":[7.33333,14.66667,8.33333,15.0],"texture":"#3"},"west":{"uv":[14.66667,7.33333,15.66667,7.66667],"texture":"#3"},"up":{"uv":[13.66667,6.33333,12.66667,5.33333],"texture":"#3"},"down":{"uv":[13.66667,6.66667,12.66667,7.66667],"texture":"#3"}}},{"from":[6.85,20.75,7.08579],"to":[9.15,22.25,8.58579],"rotation":{"origin":[7.5,20.75,6.58579],"axis":"x","angle":45.0},"faces":{"east":{"uv":[12.0,1.33333,13.0,2.33333],"texture":"#3"},"south":{"uv":[8.66667,6.66667,10.33333,7.66667],"texture":"#3"},"west":{"uv":[12.0,2.66667,13.0,3.66667],"texture":"#3"},"down":{"uv":[9.0,8.66667,7.33333,9.66667],"texture":"#3"}}},{"from":[6.85,22.39645,6.73223],"to":[9.15,23.89645,8.23223],"rotation":{"origin":[7.5,20.39645,6.23223],"axis":"x","angle":45.0},"faces":{"north":{"uv":[2.66667,9.33333,4.33333,10.33333],"texture":"#3"},"east":{"uv":[12.0,4.0,13.0,5.0],"texture":"#3"},"south":{"uv":[9.33333,2.66667,11.0,3.66667],"texture":"#3"},"west":{"uv":[4.66667,12.0,5.66667,13.0],"texture":"#3"},"up":{"uv":[11.0,5.0,9.33333,4.0],"texture":"#3"}}},{"from":[6.85,20.39645,5.43934],"to":[9.15,21.89645,6.93934],"rotation":{"origin":[7.5,20.39645,6.93934],"axis":"x","angle":45.0},"faces":{"north":{"uv":[9.33333,8.0,11.0,9.0],"texture":"#3"},"east":{"uv":[6.66667,12.0,7.66667,13.0],"texture":"#3"},"west":{"uv":[8.0,12.0,9.0,13.0],"texture":"#3"},"up":{"uv":[11.0,10.33333,9.33333,9.33333],"texture":"#3"},"down":{"uv":[1.66667,10.0,0.0,11.0],"texture":"#3"}}},{"from":[7.085,-4.665,7.085],"to":[8.915,-2.835,8.915],"rotation":{"origin":[8.0,-3.75,8.0],"axis":"x","angle":-45.0},"faces":{"north":{"uv":[7.33333,6.0,8.66667,7.33333],"texture":"#3"},"east":{"uv":[7.33333,7.33333,8.66667,8.66667],"texture":"#3"},"south":{"uv":[8.0,2.66667,9.33333,4.0],"texture":"#3"},"west":{"uv":[8.0,4.0,9.33333,5.33333],"texture":"#3"},"up":{"uv":[7.33333,9.33333,6.0,8.0],"texture":"#3"},"down":{"uv":[1.33333,8.66667,0.0,10.0],"texture":"#3"}}},{"from":[6.5,17.0,4.25],"to":[6.5,25.0,12.25],"rotation":{"origin":[6.5,17.0,4.25],"axis":"y","angle":0.0},"faces":{"west":{"uv":[0.0,0.0,16.0,16.0],"texture":"#1"}}},{"from":[9.5,17.0,4.25],"to":[9.5,25.0,12.25],"rotation":{"origin":[9.5,17.0,4.25],"axis":"y","angle":0.0},"faces":{"east":{"uv":[16.0,0.0,0.0,16.0],"texture":"#1"}}},{"from":[6.83579,2.9,8.25],"to":[8.33579,6.4,9.75],"rotation":{"origin":[6.58579,2.9,8.0],"axis":"y","angle":45.0},"faces":{"north":{"uv":[0.0,6.0,1.0,8.33333],"texture":"#3"},"east":{"uv":[6.0,0.0,7.0,2.33333],"texture":"#3"},"south":{"uv":[1.33333,6.0,2.33333,8.33333],"texture":"#3"},"west":{"uv":[6.0,2.66667,7.0,5.0],"texture":"#3"},"up":{"uv":[3.0,13.66667,2.0,12.66667],"texture":"#3"},"down":{"uv":[4.33333,12.66667,3.33333,13.66667],"texture":"#3"}}},{"from":[6.83579,7.9,8.25],"to":[8.33579,11.4,9.75],"rotation":{"origin":[6.58579,7.9,8.0],"axis":"y","angle":45.0},"faces":{"north":{"uv":[6.0,5.33333,7.0,7.66667],"texture":"#3"},"east":{"uv":[2.66667,6.66667,3.66667,9.0],"texture":"#3"},"south":{"uv":[4.0,6.66667,5.0,9.0],"texture":"#3"},"west":{"uv":[7.33333,0.0,8.33333,2.33333],"texture":"#3"},"up":{"uv":[1.0,14.33333,0.0,13.33333],"texture":"#3"},"down":{"uv":[14.33333,0.0,13.33333,1.0],"texture":"#3"}}},{"from":[6.83579,17.9,8.25],"to":[8.33579,20.4,9.75],"rotation":{"origin":[6.58579,17.9,8.0],"axis":"y","angle":45.0},"faces":{"north":{"uv":[6.0,9.33333,7.0,11.0],"texture":"#3"},"east":{"uv":[10.0,0.0,11.0,1.66667],"texture":"#3"},"south":{"uv":[4.66667,10.0,5.66667,11.66667],"texture":"#3"},"west":{"uv":[7.33333,10.0,8.33333,11.66667],"texture":"#3"},"up":{"uv":[13.66667,11.66667,12.66667,10.66667],"texture":"#3"},"down":{"uv":[13.0,12.66667,12.0,13.66667],"texture":"#3"}}},{"from":[7.6,23.37956,5.28234],"to":[8.4,25.37956,6.28234],"rotation":{"origin":[8.0,23.18762,5.17251],"axis":"x","angle":-22.5},"faces":{"north":{"uv":[10.0,5.33333,10.66667,6.66667],"texture":"#3"},"east":{"uv":[1.33333,13.33333,2.0,14.66667],"texture":"#3"},"south":{"uv":[13.33333,4.0,14.0,5.33333],"texture":"#3"},"west":{"uv":[4.66667,13.33333,5.33333,14.66667],"texture":"#3"},"up":{"uv":[9.33333,8.66667,8.66667,8.0],"texture":"#3"}}},{"from":[7.6,21.37956,5.28234],"to":[8.4,23.37956,7.28234],"rotation":{"origin":[8.0,23.18762,5.17251],"axis":"x","angle":-22.5},"faces":{"north":{"uv":[5.33333,13.33333,6.0,14.66667],"texture":"#3"},"east":{"uv":[8.66667,0.0,10.0,1.33333],"texture":"#3"},"south":{"uv":[6.0,13.33333,6.66667,14.66667],"texture":"#3"},"west":{"uv":[1.33333,8.66667,2.66667,10.0],"texture":"#3"},"up":{"uv":[7.33333,14.66667,6.66667,13.33333],"texture":"#3"},"down":{"uv":[8.0,13.33333,7.33333,14.66667],"texture":"#3"}}},{"from":[7.995,21.37956,1.78235],"to":[8.005,26.37956,5.78235],"rotation":{"origin":[8.0,23.18762,5.17251],"axis":"x","angle":-22.5},"faces":{"east":{"uv":[6.0,0.0,3.33333,3.33333],"texture":"#3"},"west":{"uv":[3.33333,0.0,6.0,3.33333],"texture":"#3"}}},{"from":[7.6,23.37956,9.71766],"to":[8.4,25.37956,10.71766],"rotation":{"origin":[8.0,23.18762,10.82749],"axis":"x","angle":22.5},"faces":{"north":{"uv":[14.0,4.0,13.33333,5.33333],"texture":"#3"},"east":{"uv":[2.0,13.33333,1.33333,14.66667],"texture":"#3"},"south":{"uv":[10.66667,5.33333,10.0,6.66667],"texture":"#3"},"west":{"uv":[5.33333,13.33333,4.66667,14.66667],"texture":"#3"},"up":{"uv":[9.33333,8.0,8.66667,8.66667],"texture":"#3"}}},{"from":[7.6,21.37956,8.71766],"to":[8.4,23.37956,10.71766],"rotation":{"origin":[8.0,23.18762,10.82749],"axis":"x","angle":22.5},"faces":{"north":{"uv":[6.66667,13.33333,6.0,14.66667],"texture":"#3"},"east":{"uv":[10.0,0.0,8.66667,1.33333],"texture":"#3"},"south":{"uv":[6.0,13.33333,5.33333,14.66667],"texture":"#3"},"west":{"uv":[2.66667,8.66667,1.33333,10.0],"texture":"#3"},"up":{"uv":[7.33333,13.33333,6.66667,14.66667],"texture":"#3"},"down":{"uv":[8.0,14.66667,7.33333,13.33333],"texture":"#3"}}},{"from":[7.995,21.37956,10.21765],"to":[8.005,26.37956,14.21765],"rotation":{"origin":[8.0,23.18762,10.82749],"axis":"x","angle":22.5},"faces":{"east":{"uv":[3.33333,0.0,6.0,3.33333],"texture":"#3"},"west":{"uv":[6.0,0.0,3.33333,3.33333],"texture":"#3"}}},{"from":[7.5,21.45711,8.0],"to":[8.5,23.45711,10.0],"rotation":{"origin":[7.5,21.45711,8.0],"axis":"x","angle":-45.0},"faces":{"north":{"uv":[8.0,13.33333,8.66667,14.66667],"texture":"#3"},"east":{"uv":[8.66667,1.33333,10.0,2.66667],"texture":"#3"},"south":{"uv":[8.66667,13.33333,9.33333,14.66667],"texture":"#3"},"west":{"uv":[8.66667,5.33333,10.0,6.66667],"texture":"#3"},"up":{"uv":[14.0,13.33333,13.33333,12.0],"texture":"#3"},"down":{"uv":[14.0,13.33333,13.33333,14.66667],"texture":"#3"}}},{"from":[7.625,23.25,7.25],"to":[8.375,28.25,8.75],"rotation":{"origin":[7.625,23.25,7.25],"axis":"y","angle":0.0},"faces":{"north":{"uv":[5.33333,6.66667,6.0,10.0],"texture":"#3"},"east":{"uv":[3.33333,3.33333,4.33333,6.66667],"texture":"#3"},"south":{"uv":[7.33333,2.66667,8.0,6.0],"texture":"#3"},"west":{"uv":[4.66667,3.33333,5.66667,6.66667],"texture":"#3"},"up":{"uv":[14.66667,11.66667,14.0,10.66667],"texture":"#3"},"down":{"uv":[12.0,14.0,11.33333,15.0],"texture":"#3"}}},{"from":[7.615,27.25,8.0],"to":[8.385,28.75,9.5],"rotation":{"origin":[7.615,27.25,8.0],"axis":"x","angle":-45.0},"faces":{"north":{"uv":[12.0,14.0,12.66667,15.0],"texture":"#3"},"east":{"uv":[13.33333,1.33333,14.33333,2.33333],"texture":"#3"},"south":{"uv":[14.0,12.0,14.66667,13.0],"texture":"#3"},"west":{"uv":[13.33333,2.66667,14.33333,3.66667],"texture":"#3"},"up":{"uv":[13.33333,15.0,12.66667,14.0],"texture":"#3"},"down":{"uv":[14.66667,13.33333,14.0,14.33333],"texture":"#3"}}},{"from":[7.985,23.0,5.75],"to":[8.015,32.0,10.25],"rotation":{"origin":[7.985,25.0,5.75],"axis":"y","angle":0.0},"faces":{"east":{"uv":[3.0,0.0,0.0,6.0],"texture":"#3"},"west":{"uv":[0.0,0.0,3.0,6.0],"texture":"#3"}}}],"textures":{"1":"4927f22e-96f6-4ebf-b5cc-cbc06158d1f7","3":"eb656793-2d3f-49c8-9ca5-1aaf8c07e1a9"},"gui_light":"front"}