{"display":{"fixed":{"rotation":[-90.0,0.0,0.0],"translation":[0.0,0.0,-16.0],"scale":[2.0,2.0,2.0]}},"elements":[{"from":[6.2,0.0,5.9],"to":[9.8,1.65,9.65],"rotation":{"origin":[-4.0,0.0,-4.0],"axis":"y","angle":0.0},"faces":{"north":{"uv":[2.75,0.0,4.5,1.0],"texture":"#0"},"east":{"uv":[2.75,1.25,4.5,2.0],"texture":"#0"},"south":{"uv":[2.75,0.0,4.5,1.0],"texture":"#0"},"west":{"uv":[2.75,0.0,4.5,1.0],"texture":"#0"},"up":{"uv":[2.75,0.0,4.5,2.0],"texture":"#0"},"down":{"uv":[2.75,0.0,4.5,2.0],"texture":"#0"}}},{"from":[12.89962,-0.22051,3.5],"to":[12.89962,8.77949,12.5],"rotation":{"origin":[12.89962,4.27949,8.0],"axis":"z","angle":-22.5},"faces":{"north":{"uv":[3.75,12.75,0.25,16.0],"texture":"#0"},"east":{"uv":[3.75,12.75,0.25,16.0],"texture":"#0"},"south":{"uv":[3.75,12.75,0.25,16.0],"texture":"#0"},"west":{"uv":[3.75,12.75,0.25,16.0],"texture":"#0"},"up":{"uv":[3.75,12.75,0.25,16.0],"texture":"#0"},"down":{"uv":[3.75,12.75,0.25,16.0],"texture":"#0"}}},{"from":[3.10039,-0.08362,3.23489],"to":[12.10039,8.91638,3.23489],"rotation":{"origin":[7.60039,4.41637,3.23489],"axis":"x","angle":-22.5},"faces":{"north":{"uv":[0.25,12.75,3.75,16.0],"texture":"#0"},"east":{"uv":[0.25,12.75,3.75,16.0],"texture":"#0"},"south":{"uv":[0.25,12.75,3.75,16.0],"texture":"#0"},"west":{"uv":[0.25,12.75,3.75,16.0],"texture":"#0"},"up":{"uv":[0.25,12.75,3.75,16.0],"texture":"#0","rotation":270},"down":{"uv":[0.25,12.75,3.75,16.0],"texture":"#0","rotation":90}}},{"from":[3.10039,1.72949,12.65],"to":[12.10039,10.72949,12.65],"rotation":{"origin":[3.10039,4.27949,8.0],"axis":"x","angle":22.5},"faces":{"north":{"uv":[0.25,12.75,3.75,16.0],"texture":"#0"},"east":{"uv":[0.25,12.75,3.75,16.0],"texture":"#0"},"south":{"uv":[0.25,12.75,3.75,16.0],"texture":"#0"},"west":{"uv":[0.25,12.75,3.75,16.0],"texture":"#0"},"up":{"uv":[0.25,12.75,3.75,16.0],"texture":"#0","rotation":270},"down":{"uv":[0.25,12.75,3.75,16.0],"texture":"#0","rotation":90}}},{"from":[3.10039,1.72949,12.65],"to":[12.10039,10.72949,12.65],"rotation":{"origin":[3.10039,4.27949,8.0],"axis":"x","angle":22.5},"faces":{"north":{"uv":[0.25,12.75,3.75,16.0],"texture":"#0"},"east":{"uv":[0.25,12.75,3.75,16.0],"texture":"#0"},"south":{"uv":[0.25,12.75,3.75,16.0],"texture":"#0"},"west":{"uv":[0.25,12.75,3.75,16.0],"texture":"#0"},"up":{"uv":[0.25,12.75,3.75,16.0],"texture":"#0","rotation":270},"down":{"uv":[0.25,12.75,3.75,16.0],"texture":"#0","rotation":90}}},{"from":[3.10039,-0.22051,3.5],"to":[3.10039,8.77949,12.5],"rotation":{"origin":[3.10039,4.27949,8.0],"axis":"z","angle":22.5},"faces":{"north":{"uv":[0.25,12.75,3.75,16.0],"texture":"#0"},"east":{"uv":[0.25,12.75,3.75,16.0],"texture":"#0"},"south":{"uv":[0.25,12.75,3.75,16.0],"texture":"#0"},"west":{"uv":[0.25,12.75,3.75,16.0],"texture":"#0"},"up":{"uv":[0.25,12.75,3.75,16.0],"texture":"#0"},"down":{"uv":[0.25,12.75,3.75,16.0],"texture":"#0"}}},{"from":[-2.35,2.73198,3.21066],"to":[4.85,2.73198,12.21066],"rotation":{"origin":[1.25,0.18198,7.71066],"axis":"z","angle":-45.0},"faces":{"north":{"uv":[9.0,6.25,12.0,9.25],"texture":"#0","rotation":270},"east":{"uv":[9.0,6.25,12.0,9.25],"texture":"#0","rotation":270},"south":{"uv":[9.0,6.25,12.0,9.25],"texture":"#0","rotation":270},"west":{"uv":[9.0,6.25,12.0,9.25],"texture":"#0","rotation":270},"up":{"uv":[9.0,6.25,12.0,9.25],"texture":"#0","rotation":270},"down":{"uv":[9.0,6.25,12.0,9.25],"texture":"#0","rotation":270}}},{"from":[9.85772,2.74592,3.81067],"to":[17.05772,2.74592,12.81067],"rotation":{"origin":[13.60772,1.69591,8.91067],"axis":"z","angle":45.0},"faces":{"north":{"uv":[9.0,6.25,12.0,9.25],"texture":"#0","rotation":90},"east":{"uv":[9.0,6.25,12.0,9.25],"texture":"#0","rotation":90},"south":{"uv":[9.0,6.25,12.0,9.25],"texture":"#0","rotation":90},"west":{"uv":[9.0,6.25,12.0,9.25],"texture":"#0","rotation":90},"up":{"uv":[9.0,6.25,12.0,9.25],"texture":"#0","rotation":90},"down":{"uv":[9.0,6.25,12.0,9.25],"texture":"#0","rotation":90}}},{"from":[3.65,3.33198,8.58933],"to":[12.35,3.33198,16.08933],"rotation":{"origin":[8.75,3.18198,13.68934],"axis":"x","angle":-45.0},"faces":{"north":{"uv":[9.0,9.25,12.0,6.25],"texture":"#0"},"east":{"uv":[9.0,9.25,12.0,6.25],"texture":"#0"},"south":{"uv":[9.0,9.25,12.0,6.25],"texture":"#0"},"west":{"uv":[9.0,9.25,12.0,6.25],"texture":"#0"},"up":{"uv":[9.0,9.25,12.0,6.25],"texture":"#0"},"down":{"uv":[12.0,6.25,9.0,9.25],"texture":"#0"}}},{"from":[3.65,3.03198,-0.23934],"to":[12.35,3.03198,7.26067],"rotation":{"origin":[8.75,3.18198,2.31067],"axis":"x","angle":45.0},"faces":{"north":{"uv":[9.0,6.25,12.0,9.25],"texture":"#0"},"east":{"uv":[9.0,6.25,12.0,9.25],"texture":"#0"},"south":{"uv":[9.0,6.25,12.0,9.25],"texture":"#0"},"west":{"uv":[9.0,6.25,12.0,9.25],"texture":"#0"},"up":{"uv":[9.0,6.25,12.0,9.25],"texture":"#0"},"down":{"uv":[12.0,9.25,9.0,6.25],"texture":"#0"}}},{"from":[10.25,0.0,5.0],"to":[10.25,6.0,11.0],"rotation":{"origin":[8.0,2.25,8.75],"axis":"y","angle":0.0},"faces":{"north":{"uv":[1.0,6.0,3.0,8.0],"texture":"#0"},"east":{"uv":[1.0,6.0,3.0,8.0],"texture":"#0"},"south":{"uv":[1.0,6.0,3.0,8.0],"texture":"#0"},"west":{"uv":[1.0,6.0,3.0,8.0],"texture":"#0"},"up":{"uv":[1.0,6.0,3.0,8.0],"texture":"#0","rotation":270},"down":{"uv":[1.0,6.0,3.0,8.0],"texture":"#0","rotation":90}}},{"from":[5.0,0.0,5.75],"to":[11.0,6.0,5.75],"rotation":{"origin":[8.0,2.25,8.75],"axis":"y","angle":0.0},"faces":{"north":{"uv":[1.0,6.0,3.0,8.0],"texture":"#0"},"east":{"uv":[1.0,6.0,3.0,8.0],"texture":"#0"},"south":{"uv":[1.0,6.0,3.0,8.0],"texture":"#0"},"west":{"uv":[1.0,6.0,3.0,8.0],"texture":"#0"},"up":{"uv":[1.0,6.0,3.0,8.0],"texture":"#0","rotation":180},"down":{"uv":[1.0,6.0,3.0,8.0],"texture":"#0","rotation":180}}},{"from":[5.0,0.0,10.25],"to":[11.0,6.0,10.25],"rotation":{"origin":[8.0,2.25,8.75],"axis":"y","angle":0.0},"faces":{"north":{"uv":[1.0,6.0,3.0,8.0],"texture":"#0"},"east":{"uv":[1.0,6.0,3.0,8.0],"texture":"#0"},"south":{"uv":[1.0,6.0,3.0,8.0],"texture":"#0"},"west":{"uv":[1.0,6.0,3.0,8.0],"texture":"#0"},"up":{"uv":[1.0,6.0,3.0,8.0],"texture":"#0","rotation":180},"down":{"uv":[1.0,6.0,3.0,8.0],"texture":"#0","rotation":180}}},{"from":[5.75,0.0,5.0],"to":[5.75,6.0,11.0],"rotation":{"origin":[8.0,2.25,8.75],"axis":"y","angle":0.0},"faces":{"north":{"uv":[1.0,6.0,3.0,8.0],"texture":"#0"},"east":{"uv":[1.0,6.0,3.0,8.0],"texture":"#0"},"south":{"uv":[1.0,6.0,3.0,8.0],"texture":"#0"},"west":{"uv":[1.0,6.0,3.0,8.0],"texture":"#0"},"up":{"uv":[1.0,6.0,3.0,8.0],"texture":"#0","rotation":270},"down":{"uv":[1.0,6.0,3.0,8.0],"texture":"#0","rotation":90}}}],"textures":{"particle":"74138dcb-0f54-4e81-be16-cb9bcc060330","0":"74138dcb-0f54-4e81-be16-cb9bcc060330"},"gui_light":"front"}