{"display":{"fixed":{"rotation":[-90.0,0.0,0.0],"translation":[0.0,0.0,-16.0],"scale":[2.0,2.0,2.0]}},"elements":[{"from":[5.18023,4.0,10.26963],"to":[10.18023,10.0,10.26963],"rotation":{"origin":[7.68023,13.0,9.26963],"axis":"y","angle":-45.0},"faces":{"north":{"uv":[0.0,9.0,1.25,10.5],"texture":"#0"},"east":{"uv":[1.25,9.0,0.0,10.5],"texture":"#0"},"south":{"uv":[1.25,9.0,0.0,10.5],"texture":"#0"},"west":{"uv":[1.25,9.0,0.0,10.5],"texture":"#0"},"up":{"uv":[1.25,9.0,0.0,10.5],"texture":"#0","rotation":90},"down":{"uv":[1.25,9.0,0.0,10.5],"texture":"#0","rotation":270}}},{"from":[2.0136,4.0,9.0136],"to":[7.0136,10.0,9.0136],"rotation":{"origin":[5.5,8.49999,9.0136],"axis":"y","angle":22.5},"faces":{"north":{"uv":[1.25,7.5,0.0,9.0],"texture":"#0"},"east":{"uv":[1.25,7.5,0.0,9.0],"texture":"#0"},"south":{"uv":[0.0,7.5,1.25,9.0],"texture":"#0"},"west":{"uv":[1.25,7.5,0.0,9.0],"texture":"#0"},"up":{"uv":[0.0,9.0,1.25,7.5],"texture":"#0","rotation":90},"down":{"uv":[0.0,9.0,1.25,7.5],"texture":"#0","rotation":270}}},{"from":[3.18023,12.0,8.26963],"to":[8.18023,18.0,8.26963],"rotation":{"origin":[7.68023,13.0,9.26963],"axis":"y","angle":-22.5},"faces":{"north":{"uv":[0.0,9.0,1.25,10.5],"texture":"#0"},"east":{"uv":[1.25,9.0,0.0,10.5],"texture":"#0"},"south":{"uv":[1.25,9.0,0.0,10.5],"texture":"#0"},"west":{"uv":[1.25,9.0,0.0,10.5],"texture":"#0"},"up":{"uv":[1.25,9.0,0.0,10.5],"texture":"#0","rotation":90},"down":{"uv":[1.25,9.0,0.0,10.5],"texture":"#0","rotation":270}}},{"from":[6.42287,-1.0,10.56963],"to":[11.42287,5.0,10.56963],"rotation":{"origin":[13.92287,2.0,7.26963],"axis":"y","angle":-22.5},"faces":{"north":{"uv":[0.0,9.0,1.25,10.5],"texture":"#0"},"east":{"uv":[1.25,9.0,0.0,10.5],"texture":"#0"},"south":{"uv":[1.25,9.0,0.0,10.5],"texture":"#0"},"west":{"uv":[1.25,9.0,0.0,10.5],"texture":"#0"},"up":{"uv":[1.25,9.0,0.0,10.5],"texture":"#0","rotation":90},"down":{"uv":[1.25,9.0,0.0,10.5],"texture":"#0","rotation":270}}},{"from":[3.18023,-1.0,5.26963],"to":[8.18023,5.0,5.26963],"rotation":{"origin":[9.68023,2.0,7.26963],"axis":"y","angle":45.0},"faces":{"north":{"uv":[1.25,9.0,0.0,10.5],"texture":"#0"},"east":{"uv":[1.25,9.0,0.0,10.5],"texture":"#0"},"south":{"uv":[0.0,9.0,1.25,10.5],"texture":"#0"},"west":{"uv":[1.25,9.0,0.0,10.5],"texture":"#0"},"up":{"uv":[1.25,9.0,0.0,10.5],"texture":"#0","rotation":270},"down":{"uv":[1.25,9.0,0.0,10.5],"texture":"#0","rotation":90}}},{"from":[6.18023,16.0,9.26963],"to":[11.18023,22.0,9.26963],"rotation":{"origin":[10.68023,13.0,12.26963],"axis":"y","angle":-22.5},"faces":{"north":{"uv":[0.0,9.0,1.25,10.5],"texture":"#0"},"east":{"uv":[1.25,9.0,0.0,10.5],"texture":"#0"},"south":{"uv":[1.25,9.0,0.0,10.5],"texture":"#0"},"west":{"uv":[1.25,9.0,0.0,10.5],"texture":"#0"},"up":{"uv":[1.25,9.0,0.0,10.5],"texture":"#0","rotation":90},"down":{"uv":[1.25,9.0,0.0,10.5],"texture":"#0","rotation":270}}},{"from":[6.18023,12.0,11.26963],"to":[11.18023,18.0,11.26963],"rotation":{"origin":[10.68023,13.0,12.26963],"axis":"y","angle":-22.5},"faces":{"north":{"uv":[0.0,9.0,1.25,10.5],"texture":"#0"},"east":{"uv":[1.25,9.0,0.0,10.5],"texture":"#0"},"south":{"uv":[1.25,9.0,0.0,10.5],"texture":"#0"},"west":{"uv":[1.25,9.0,0.0,10.5],"texture":"#0"},"up":{"uv":[1.25,9.0,0.0,10.5],"texture":"#0","rotation":90},"down":{"uv":[1.25,9.0,0.0,10.5],"texture":"#0","rotation":270}}},{"from":[5.18023,13.0,10.26963],"to":[10.18023,19.0,10.26963],"rotation":{"origin":[10.68023,13.0,12.26963],"axis":"y","angle":-45.0},"faces":{"north":{"uv":[0.0,9.0,1.25,10.5],"texture":"#0"},"east":{"uv":[1.25,9.0,0.0,10.5],"texture":"#0"},"south":{"uv":[1.25,9.0,0.0,10.5],"texture":"#0"},"west":{"uv":[1.25,9.0,0.0,10.5],"texture":"#0"},"up":{"uv":[1.25,9.0,0.0,10.5],"texture":"#0","rotation":90},"down":{"uv":[1.25,9.0,0.0,10.5],"texture":"#0","rotation":270}}},{"from":[11.37947,7.0,6.322],"to":[11.37947,13.0,11.322],"rotation":{"origin":[12.37947,10.0,8.822],"axis":"y","angle":22.5},"faces":{"north":{"uv":[1.25,9.0,0.0,10.5],"texture":"#0"},"east":{"uv":[0.0,9.0,1.25,10.5],"texture":"#0"},"south":{"uv":[1.25,9.0,0.0,10.5],"texture":"#0"},"west":{"uv":[1.25,9.0,0.0,10.5],"texture":"#0"},"up":{"uv":[1.25,9.0,0.0,10.5],"texture":"#0","rotation":180},"down":{"uv":[1.25,9.0,0.0,10.5],"texture":"#0","rotation":180}}},{"from":[4.4864,4.0,8.0136],"to":[9.4864,10.0,8.0136],"rotation":{"origin":[8.5,8.49999,12.0136],"axis":"y","angle":-45.0},"faces":{"north":{"uv":[0.0,9.0,1.25,10.5],"texture":"#0"},"east":{"uv":[1.25,9.0,0.0,10.5],"texture":"#0"},"south":{"uv":[1.25,9.0,0.0,10.5],"texture":"#0"},"west":{"uv":[1.25,9.0,0.0,10.5],"texture":"#0"},"up":{"uv":[1.25,9.0,0.0,10.5],"texture":"#0","rotation":90},"down":{"uv":[1.25,9.0,0.0,10.5],"texture":"#0","rotation":270}}},{"from":[4.18119,16.0,8.17556],"to":[9.18119,22.0,8.17556],"rotation":{"origin":[5.68119,19.0,9.17556],"axis":"y","angle":0.0},"faces":{"north":{"uv":[1.25,7.5,0.0,9.0],"texture":"#0"},"east":{"uv":[1.25,7.5,0.0,9.0],"texture":"#0"},"south":{"uv":[0.0,7.5,1.25,9.0],"texture":"#0"},"west":{"uv":[1.25,7.5,0.0,9.0],"texture":"#0"},"up":{"uv":[0.0,9.0,1.25,7.5],"texture":"#0","rotation":90},"down":{"uv":[0.0,9.0,1.25,7.5],"texture":"#0","rotation":270}}},{"from":[4.5,7.0,1.0],"to":[4.5,13.0,6.0],"rotation":{"origin":[8.5,8.49999,3.9864],"axis":"y","angle":45.0},"faces":{"north":{"uv":[0.0,7.5,1.25,9.0],"texture":"#0"},"east":{"uv":[1.25,7.5,0.0,9.0],"texture":"#0"},"south":{"uv":[0.0,7.5,1.25,9.0],"texture":"#0"},"west":{"uv":[0.0,7.5,1.25,9.0],"texture":"#0"},"up":{"uv":[0.0,7.5,1.25,9.0],"texture":"#0"},"down":{"uv":[0.0,7.5,1.25,9.0],"texture":"#0"}}},{"from":[6.4864,7.0,7.9864],"to":[11.4864,13.0,7.9864],"rotation":{"origin":[8.5,8.49999,3.9864],"axis":"y","angle":45.0},"faces":{"north":{"uv":[0.0,7.5,1.25,9.0],"texture":"#0"},"east":{"uv":[0.0,7.5,1.25,9.0],"texture":"#0"},"south":{"uv":[1.25,7.5,0.0,9.0],"texture":"#0"},"west":{"uv":[0.0,7.5,1.25,9.0],"texture":"#0"},"up":{"uv":[0.0,7.5,1.25,9.0],"texture":"#0","rotation":90},"down":{"uv":[0.0,7.5,1.25,9.0],"texture":"#0","rotation":270}}},{"from":[6.46526,16.0,6.76378],"to":[11.46526,22.0,6.76378],"rotation":{"origin":[10.96526,14.0,5.76378],"axis":"y","angle":45.0},"faces":{"north":{"uv":[0.0,7.5,1.25,9.0],"texture":"#0"},"east":{"uv":[0.0,7.5,1.25,9.0],"texture":"#0"},"south":{"uv":[1.25,7.5,0.0,9.0],"texture":"#0"},"west":{"uv":[0.0,7.5,1.25,9.0],"texture":"#0"},"up":{"uv":[0.0,7.5,1.25,9.0],"texture":"#0","rotation":90},"down":{"uv":[0.0,7.5,1.25,9.0],"texture":"#0","rotation":270}}},{"from":[6.46526,8.0,4.76378],"to":[11.46526,14.0,4.76378],"rotation":{"origin":[10.96526,14.0,5.76378],"axis":"y","angle":45.0},"faces":{"north":{"uv":[0.0,9.0,1.25,10.5],"texture":"#0"},"east":{"uv":[0.0,9.0,1.25,10.5],"texture":"#0"},"south":{"uv":[1.25,9.0,0.0,10.5],"texture":"#0"},"west":{"uv":[0.0,9.0,1.25,10.5],"texture":"#0"},"up":{"uv":[0.0,9.0,1.25,10.5],"texture":"#0","rotation":90},"down":{"uv":[0.0,9.0,1.25,10.5],"texture":"#0","rotation":270}}},{"from":[8.5,11.0,-3.0],"to":[8.5,17.0,2.0],"rotation":{"origin":[8.5,2.0,4.5],"axis":"x","angle":22.5},"faces":{"north":{"uv":[0.0,7.5,1.25,9.0],"texture":"#0"},"east":{"uv":[1.25,7.5,0.0,9.0],"texture":"#0"},"south":{"uv":[0.0,7.5,1.25,9.0],"texture":"#0"},"west":{"uv":[0.0,7.5,1.25,9.0],"texture":"#0"},"up":{"uv":[0.0,7.5,1.25,9.0],"texture":"#0"},"down":{"uv":[0.0,7.5,1.25,9.0],"texture":"#0"}}},{"from":[8.5,0.0,2.0],"to":[8.5,23.0,14.0],"rotation":{"origin":[8.5,11.5,8.0],"axis":"y","angle":0.0},"faces":{"north":{"uv":[0.0,0.0,3.0,5.75],"texture":"#0"},"east":{"uv":[13.0,5.75,10.0,11.5],"texture":"#0"},"south":{"uv":[0.0,0.0,3.0,5.75],"texture":"#0"},"west":{"uv":[0.0,0.0,3.0,5.75],"texture":"#0"},"up":{"uv":[0.0,0.0,3.0,5.75],"texture":"#0","rotation":270},"down":{"uv":[0.0,0.0,3.0,5.75],"texture":"#0","rotation":90}}},{"from":[2.5,0.0,8.0],"to":[14.5,23.0,8.0],"faces":{"north":{"uv":[0.0,0.0,3.0,5.75],"texture":"#0"},"east":{"uv":[0.0,0.0,3.0,5.75],"texture":"#0"},"south":{"uv":[0.0,0.0,3.0,5.75],"texture":"#0"},"west":{"uv":[0.0,0.0,3.0,5.75],"texture":"#0"},"up":{"uv":[0.0,0.0,3.0,5.75],"texture":"#0"},"down":{"uv":[0.0,0.0,3.0,5.75],"texture":"#0"}}},{"from":[2.0,23.0,7.5],"to":[14.0,24.0,8.5],"faces":{"north":{"uv":[6.5,0.25,9.5,0.5],"texture":"#0"},"east":{"uv":[6.25,0.25,6.5,0.5],"texture":"#0"},"south":{"uv":[9.75,0.25,12.75,0.5],"texture":"#0"},"west":{"uv":[9.5,0.25,9.75,0.5],"texture":"#0"},"up":{"uv":[9.5,0.25,6.5,0.0],"texture":"#0"},"down":{"uv":[12.5,0.0,9.5,0.25],"texture":"#0"}}},{"from":[13.9,0.0,7.0],"to":[15.9,25.0,9.0],"shade":false,"faces":{"north":{"uv":[6.75,6.25,6.25,12.5],"texture":"#0"},"east":{"uv":[7.25,6.25,6.75,12.5],"texture":"#0"},"south":{"uv":[7.75,6.25,7.25,12.5],"texture":"#0"},"west":{"uv":[6.25,6.25,5.75,12.5],"texture":"#0"},"up":{"uv":[6.25,6.25,6.75,5.75],"texture":"#0"},"down":{"uv":[6.75,5.75,7.25,6.25],"texture":"#0"}}},{"from":[0.1,0.0,7.0],"to":[2.1,25.0,9.0],"faces":{"north":{"uv":[6.25,6.25,6.75,12.5],"texture":"#0"},"east":{"uv":[5.75,6.25,6.25,12.5],"texture":"#0"},"south":{"uv":[7.25,6.25,7.75,12.5],"texture":"#0"},"west":{"uv":[6.75,6.25,7.25,12.5],"texture":"#0"},"up":{"uv":[6.75,6.25,6.25,5.75],"texture":"#0"},"down":{"uv":[7.25,5.75,6.75,6.25],"texture":"#0"}}}],"textures":{"particle":"e37ca8ca-ebf6-4e52-a15c-256a2cef7e7e","0":"e37ca8ca-ebf6-4e52-a15c-256a2cef7e7e"},"gui_light":"front"}