{"display":{"thirdperson_righthand":{"rotation":[75.0,45.0,0.0],"translation":[0.0,2.5,0.0],"scale":[0.375,0.375,0.375]},"thirdperson_lefthand":{"rotation":[75.0,45.0,0.0],"translation":[0.0,2.5,0.0],"scale":[0.375,0.375,0.375]},"firstperson_righthand":{"rotation":[0.0,45.0,0.0],"scale":[0.4,0.4,0.4]},"firstperson_lefthand":{"rotation":[0.0,225.0,0.0],"scale":[0.4,0.4,0.4]},"ground":{"translation":[0.0,3.0,0.0],"scale":[0.25,0.25,0.25]},"gui":{"rotation":[30.0,225.0,0.0],"scale":[0.625,0.625,0.625]},"fixed":{"translation":[0.0,0.0,-0.25],"scale":[0.5,0.5,0.5]}},"elements":[{"from":[0.0,0.0,0.0],"to":[16.0,16.0,16.0],"faces":{"north":{"uv":[0.0,8.0,8.0,16.0],"texture":"#0"},"east":{"uv":[0.0,8.0,8.0,16.0],"texture":"#0"},"south":{"uv":[0.0,8.0,8.0,16.0],"texture":"#0"},"west":{"uv":[0.0,8.0,8.0,16.0],"texture":"#0"},"up":{"uv":[0.0,8.0,8.0,16.0],"texture":"#0"},"down":{"uv":[0.0,8.0,8.0,16.0],"texture":"#0"}}},{"from":[-0.75,-0.75,-0.75],"to":[16.75,16.75,16.75],"faces":{"north":{"uv":[0.0,0.0,8.0,8.0],"texture":"#0"},"east":{"uv":[0.0,0.0,8.0,8.0],"texture":"#0"},"south":{"uv":[0.0,0.0,8.0,8.0],"texture":"#0"},"west":{"uv":[0.0,0.0,8.0,8.0],"texture":"#0"},"up":{"uv":[0.0,0.0,8.0,8.0],"texture":"#0"},"down":{"uv":[0.0,0.0,8.0,8.0],"texture":"#0"}}},{"from":[8.0,17.0,4.0],"to":[8.0,25.0,13.0],"faces":{"north":{"uv":[9.0,8.0,9.0,14.0],"texture":"#1"},"east":{"uv":[9.0,8.0,15.0,14.0],"texture":"#1"},"south":{"uv":[9.0,8.0,9.0,14.0],"texture":"#1"},"west":{"uv":[9.0,8.0,15.0,14.0],"texture":"#1"},"up":{"uv":[9.0,8.0,9.0,15.0],"texture":"#1"},"down":{"uv":[9.0,8.0,9.0,15.0],"texture":"#1"}}},{"from":[3.5,17.0,8.5],"to":[12.5,25.0,8.5],"faces":{"north":{"uv":[9.0,8.0,15.0,14.0],"texture":"#1"},"east":{"uv":[9.0,8.0,9.0,14.0],"texture":"#1"},"south":{"uv":[9.0,8.0,15.0,14.0],"texture":"#1"},"west":{"uv":[9.0,8.0,9.0,14.0],"texture":"#1"},"up":{"uv":[9.0,8.0,9.0,15.0],"texture":"#1","rotation":270},"down":{"uv":[9.0,8.0,9.0,15.0],"texture":"#1","rotation":90}}}],"textures":{"particle":"ff69d6f9-b681-40df-ab44-bc0e169f1fd4","0":"ff69d6f9-b681-40df-ab44-bc0e169f1fd4","1":"554f7df7-de61-443a-a01e-9bdbc3268a27"}}