{"display":{"thirdperson_righthand":{"rotation":[-122.0,0.0,-180.0],"translation":[0.0,-0.75,-1.75]},"thirdperson_lefthand":{"rotation":[66.75,0.0,0.0],"translation":[-5.5,-5.75,12.5],"scale":[1.32422,1.32422,1.32422]},"firstperson_righthand":{"rotation":[-26.25,0.0,0.0],"translation":[-1.5,7.75,0.0]},"firstperson_lefthand":{"rotation":[-26.25,0.0,0.0],"translation":[-1.5,7.75,0.0]},"ground":{"rotation":[-40.0,0.0,0.0],"translation":[0.0,7.5,-1.5]},"gui":{"rotation":[30.0,-45.0,0.0],"translation":[-1.25,21.25,0.0],"scale":[1.33984,1.33984,1.33984]},"head":{"translation":[0.0,-66.0,7.5],"scale":[2.17773,2.17773,2.17773]},"fixed":{"rotation":[-90.0,180.0,0.0],"translation":[0.0,0.0,-26.5],"scale":[3.31641,3.31641,3.31641]}},"elements":[{"from":[5.0,-16.0,6.0],"to":[11.0,-11.0,10.0],"rotation":{"origin":[5.0,-16.0,0.0],"axis":"y","angle":0.0},"faces":{"north":{"uv":[0.0,0.0,4.0,3.33333],"texture":"#0"},"east":{"uv":[4.0,5.33333,6.66667,8.66667],"texture":"#0"},"south":{"uv":[0.0,3.33333,4.0,6.66667],"texture":"#0"},"west":{"uv":[0.0,6.66667,2.66667,10.0],"texture":"#0"},"up":{"uv":[8.0,2.66667,4.0,0.0],"texture":"#0"},"down":{"uv":[8.0,2.66667,4.0,5.33333],"texture":"#0"}}},{"from":[5.0,-11.0,6.0],"to":[11.0,-8.0,9.0],"rotation":{"origin":[5.0,-16.0,0.0],"axis":"y","angle":0.0},"faces":{"north":{"uv":[6.66667,5.33333,10.66667,7.33333],"texture":"#0"},"east":{"uv":[2.66667,8.66667,4.66667,10.66667],"texture":"#0"},"south":{"uv":[6.66667,7.33333,10.66667,9.33333],"texture":"#0"},"west":{"uv":[4.66667,8.66667,6.66667,10.66667],"texture":"#0"},"up":{"uv":[12.0,2.0,8.0,0.0],"texture":"#0"}}},{"from":[5.0,-10.5,9.0],"to":[11.0,-8.0,9.5],"rotation":{"origin":[5.0,-16.0,0.0],"axis":"y","angle":0.0},"faces":{"east":{"uv":[8.0,10.0,8.33333,11.66667],"texture":"#0"},"south":{"uv":[8.0,2.0,12.0,3.66667],"texture":"#0"},"west":{"uv":[8.66667,10.0,9.0,11.66667],"texture":"#0"},"up":{"uv":[11.33333,9.66667,7.33333,9.33333],"texture":"#0"},"down":{"uv":[14.0,4.0,10.0,4.33333],"texture":"#0"}}},{"from":[4.0,-15.0,7.0],"to":[5.0,-13.0,9.0],"rotation":{"origin":[4.0,-16.0,8.0],"axis":"y","angle":0.0},"faces":{"north":{"uv":[0.66667,10.0,1.33333,11.33333],"texture":"#0"},"south":{"uv":[1.33333,10.0,2.0,11.33333],"texture":"#0"},"west":{"uv":[2.66667,6.66667,4.0,8.0],"texture":"#0"},"up":{"uv":[2.66667,11.33333,2.0,10.0],"texture":"#0"},"down":{"uv":[8.0,10.0,7.33333,11.33333],"texture":"#0"}}},{"from":[11.0,-15.0,7.0],"to":[12.0,-13.0,9.0],"rotation":{"origin":[12.0,-16.0,8.0],"axis":"y","angle":0.0},"faces":{"north":{"uv":[1.33333,10.0,0.66667,11.33333],"texture":"#0"},"east":{"uv":[4.0,6.66667,2.66667,8.0],"texture":"#0"},"south":{"uv":[2.0,10.0,1.33333,11.33333],"texture":"#0"},"up":{"uv":[2.0,11.33333,2.66667,10.0],"texture":"#0"},"down":{"uv":[7.33333,10.0,8.0,11.33333],"texture":"#0"}}},{"from":[6.5,-8.0,7.949],"to":[9.5,-6.5,7.999],"rotation":{"origin":[6.5,-8.0,7.949],"axis":"y","angle":0.0},"faces":{"north":{"uv":[10.0,4.0,8.0,5.0],"texture":"#0"},"south":{"uv":[8.0,4.0,10.0,5.0],"texture":"#0"}}},{"from":[5.5,-7.001,3.0],"to":[6.5,-7.001,6.0],"rotation":{"origin":[6.0,-7.001,5.0],"axis":"x","angle":0.0},"faces":{"up":{"uv":[0.66667,12.0,0.0,10.0],"texture":"#0"},"down":{"uv":[0.66667,10.0,0.0,12.0],"texture":"#0"}}},{"from":[5.5,-14.001,3.0],"to":[6.5,-14.001,6.0],"rotation":{"origin":[6.0,-14.001,5.0],"axis":"x","angle":0.0},"faces":{"up":{"uv":[0.66667,12.0,0.0,10.0],"texture":"#0"},"down":{"uv":[0.66667,10.0,0.0,12.0],"texture":"#0"}}},{"from":[5.5,-14.0,3.0],"to":[6.5,-7.0,3.0],"rotation":{"origin":[6.5,-9.0,3.0],"axis":"y","angle":0.0},"faces":{"north":{"uv":[6.66667,9.33333,7.33333,14.0],"texture":"#0"},"south":{"uv":[7.33333,9.33333,6.66667,14.0],"texture":"#0"}}},{"from":[5.5,-8.0,6.0],"to":[6.5,-7.0,6.0],"rotation":{"origin":[6.5,-8.0,6.0],"axis":"y","angle":0.0},"faces":{"north":{"uv":[3.33333,8.0,2.66667,8.66667],"texture":"#0"},"south":{"uv":[2.66667,8.0,3.33333,8.66667],"texture":"#0"}}},{"from":[9.5,-14.001,3.0],"to":[10.5,-14.001,6.0],"rotation":{"origin":[10.0,-14.001,5.0],"axis":"x","angle":0.0},"faces":{"up":{"uv":[0.0,12.0,0.66667,10.0],"texture":"#0"},"down":{"uv":[0.0,10.0,0.66667,12.0],"texture":"#0"}}},{"from":[9.5,-14.0,3.0],"to":[10.5,-7.0,3.0],"rotation":{"origin":[9.5,-9.0,3.0],"axis":"y","angle":0.0},"faces":{"north":{"uv":[7.33333,9.33333,6.66667,14.0],"texture":"#0"},"south":{"uv":[6.66667,9.33333,7.33333,14.0],"texture":"#0"}}},{"from":[9.5,-7.001,3.0],"to":[10.5,-7.001,6.0],"rotation":{"origin":[10.0,-7.001,5.0],"axis":"x","angle":0.0},"faces":{"up":{"uv":[0.0,12.0,0.66667,10.0],"texture":"#0"},"down":{"uv":[0.0,10.0,0.66667,12.0],"texture":"#0"}}},{"from":[9.5,-8.0,6.0],"to":[10.5,-7.0,6.0],"rotation":{"origin":[9.5,-8.0,6.0],"axis":"y","angle":0.0},"faces":{"north":{"uv":[2.66667,8.0,3.33333,8.66667],"texture":"#0"},"south":{"uv":[3.33333,8.0,2.66667,8.66667],"texture":"#0"}}},{"from":[7.5,-10.5,9.0],"to":[8.5,-9.5,9.75],"rotation":{"origin":[8.0,-10.0,9.5],"axis":"z","angle":45.0},"faces":{"north":{"uv":[3.33333,8.0,4.0,8.66667],"texture":"#0"},"east":{"uv":[10.0,4.66667,10.66667,5.33333],"texture":"#0"},"south":{"uv":[9.33333,10.0,10.0,10.66667],"texture":"#0"},"west":{"uv":[10.0,10.0,10.66667,10.66667],"texture":"#0"},"up":{"uv":[3.33333,11.33333,2.66667,10.66667],"texture":"#0"},"down":{"uv":[4.0,10.66667,3.33333,11.33333],"texture":"#0"}}},{"from":[6.25,-11.25,10.27064],"to":[9.75,-7.75,10.30064],"rotation":{"origin":[8.0,-9.5,10.27064],"axis":"z","angle":45.0},"faces":{"north":{"uv":[7.0,0.0,0.0,7.0],"texture":"#1","rotation":270},"south":{"uv":[7.0,7.0,0.0,0.0],"texture":"#1","rotation":270}}},{"from":[3.75,-16.0,10.5],"to":[5.6,-14.5,10.5],"rotation":{"origin":[3.75,-16.0,10.5],"axis":"y","angle":0.0},"faces":{"south":{"uv":[10.0,11.99167,15.00833,16.0],"texture":"#2"}}},{"from":[10.75,-15.5,10.5],"to":[12.6,-14.0,10.5],"rotation":{"origin":[10.75,-15.5,10.5],"axis":"y","angle":0.0},"faces":{"south":{"uv":[10.0,11.99167,15.00833,16.0],"texture":"#2"}}},{"from":[10.25,-12.0,10.5],"to":[12.1,-10.5,10.5],"rotation":{"origin":[10.25,-12.0,10.5],"axis":"y","angle":0.0},"faces":{"south":{"uv":[1.0,5.99167,6.00833,10.0],"texture":"#2"}}},{"from":[4.25,-9.75,10.5],"to":[6.1,-8.25,10.5],"rotation":{"origin":[4.25,-9.75,10.5],"axis":"y","angle":0.0},"faces":{"south":{"uv":[1.0,5.99167,6.00833,10.0],"texture":"#2"}}}],"textures":{"particle":"5bb6f45d-ebc0-4dc0-a06e-b1492d8bfd5c","0":"5bb6f45d-ebc0-4dc0-a06e-b1492d8bfd5c","1":"bc477bd4-1c29-4a71-bcf2-5e74c813f463","2":"366f20e5-6d4f-4844-ae50-33fa9afde47c"},"gui_light":"front"}