{"display":{"fixed":{"rotation":[-90.0,0.0,0.0],"translation":[0.0,0.0,-16.0],"scale":[2.0,2.0,2.0]}},"elements":[{"from":[8.0,0.0,-3.0],"to":[8.0,30.0,19.0],"rotation":{"origin":[8.0,0.0,8.0],"axis":"y","angle":45.0},"faces":{"north":{"uv":[0.0,0.0,0.0,16.0],"texture":"#missing"},"east":{"uv":[0.0,0.0,8.0,16.0],"texture":"#0"},"south":{"uv":[0.0,0.0,0.0,16.0],"texture":"#missing"},"west":{"uv":[8.0,0.0,0.0,16.0],"texture":"#0"},"up":{"uv":[0.0,0.0,8.0,0.0],"texture":"#missing","rotation":270},"down":{"uv":[0.0,0.0,8.0,0.0],"texture":"#missing","rotation":90}}},{"from":[-3.0,0.0,8.0],"to":[19.0,32.0,8.0],"rotation":{"origin":[8.0,0.0,8.0],"axis":"y","angle":45.0},"faces":{"north":{"uv":[0.0,0.0,8.0,16.0],"texture":"#0"},"east":{"uv":[0.0,0.0,0.0,16.0],"texture":"#missing"},"south":{"uv":[8.0,0.0,0.0,16.0],"texture":"#0"},"west":{"uv":[0.0,0.0,0.0,16.0],"texture":"#missing"},"up":{"uv":[0.0,0.0,8.0,0.0],"texture":"#missing","rotation":180},"down":{"uv":[0.0,0.0,8.0,0.0],"texture":"#missing","rotation":180}}},{"from":[5.0,10.0,6.0],"to":[7.0,16.0,6.0],"rotation":{"origin":[7.0,11.5,6.0],"axis":"y","angle":-22.5},"faces":{"north":{"uv":[9.0,9.5,10.0,12.5],"texture":"#0"},"east":{"uv":[0.0,0.0,0.0,2.5],"texture":"#missing"},"south":{"uv":[9.0,9.5,10.0,12.5],"texture":"#0"},"west":{"uv":[0.0,0.0,0.0,2.5],"texture":"#missing"},"up":{"uv":[0.0,0.0,0.0,1.0],"texture":"#missing","rotation":270},"down":{"uv":[0.0,0.0,0.0,1.0],"texture":"#missing","rotation":90}}},{"from":[3.0,12.0,2.0],"to":[3.0,18.0,4.0],"rotation":{"origin":[7.0,11.5,6.0],"axis":"y","angle":0.0},"faces":{"north":{"uv":[0.0,0.0,0.0,2.5],"texture":"#missing"},"east":{"uv":[9.0,9.5,10.0,12.5],"texture":"#0"},"south":{"uv":[0.0,0.0,0.0,2.5],"texture":"#missing"},"west":{"uv":[9.0,9.5,10.0,12.5],"texture":"#0"},"up":{"uv":[0.0,0.0,0.0,1.0],"texture":"#missing","rotation":180},"down":{"uv":[0.0,0.0,0.0,1.0],"texture":"#missing","rotation":180}}},{"from":[14.0,7.0,9.0],"to":[14.0,13.0,11.0],"rotation":{"origin":[7.0,11.5,6.0],"axis":"y","angle":-22.5},"faces":{"north":{"uv":[0.0,0.0,0.0,2.5],"texture":"#missing"},"east":{"uv":[9.0,9.5,10.0,12.5],"texture":"#0"},"south":{"uv":[0.0,0.0,0.0,2.5],"texture":"#missing"},"west":{"uv":[9.0,9.5,10.0,12.5],"texture":"#0"},"up":{"uv":[0.0,0.0,0.0,1.0],"texture":"#missing"},"down":{"uv":[0.0,0.0,0.0,1.0],"texture":"#missing"}}},{"from":[5.0,4.0,14.0],"to":[7.0,10.0,14.0],"rotation":{"origin":[7.0,11.5,6.0],"axis":"y","angle":-22.5},"faces":{"north":{"uv":[9.0,9.5,10.0,12.5],"texture":"#0"},"east":{"uv":[0.0,0.0,0.0,2.5],"texture":"#missing"},"south":{"uv":[9.0,9.5,10.0,12.5],"texture":"#0"},"west":{"uv":[0.0,0.0,0.0,2.5],"texture":"#missing"},"up":{"uv":[0.0,0.0,0.0,1.0],"texture":"#missing","rotation":90},"down":{"uv":[0.0,0.0,0.0,1.0],"texture":"#missing","rotation":270}}},{"from":[13.0,3.0,4.0],"to":[15.0,9.0,4.0],"rotation":{"origin":[10.0,8.0,5.0],"axis":"y","angle":22.5},"faces":{"north":{"uv":[9.0,9.5,10.0,12.5],"texture":"#0"},"east":{"uv":[0.0,0.0,0.0,2.5],"texture":"#missing"},"south":{"uv":[9.0,9.5,10.0,12.5],"texture":"#0"},"west":{"uv":[0.0,0.0,0.0,2.5],"texture":"#missing"},"up":{"uv":[0.0,0.0,0.0,1.0],"texture":"#missing","rotation":270},"down":{"uv":[0.0,0.0,0.0,1.0],"texture":"#missing","rotation":90}}},{"from":[7.0,2.0,6.0],"to":[9.0,8.0,6.0],"rotation":{"origin":[10.0,8.0,5.0],"axis":"y","angle":22.5},"faces":{"north":{"uv":[9.0,9.5,10.0,12.5],"texture":"#0"},"east":{"uv":[0.0,0.0,0.0,2.5],"texture":"#missing"},"south":{"uv":[9.0,9.5,10.0,12.5],"texture":"#0"},"west":{"uv":[0.0,0.0,0.0,2.5],"texture":"#missing"},"up":{"uv":[0.0,0.0,0.0,1.0],"texture":"#missing","rotation":270},"down":{"uv":[0.0,0.0,0.0,1.0],"texture":"#missing","rotation":90}}}],"textures":{"particle":"24021dcd-4869-4441-8989-f695c0bc9b3e","0":"#pepper"},"gui_light":"front"}