{"display":{"thirdperson_righthand":{"rotation":[0.0,94.0,0.0],"translation":[0.0,-0.5,1.5],"scale":[0.6,0.9,0.8]},"thirdperson_lefthand":{"rotation":[-110.0,0.0,143.0],"translation":[-8.0,-7.0,8.75],"scale":[0.6,0.9,0.8]},"firstperson_righthand":{"rotation":[0.0,101.5,0.0],"translation":[1.75,0.0,0.25],"scale":[0.61328,0.75,0.59961]},"firstperson_lefthand":{"rotation":[0.0,101.5,0.0],"translation":[0.0,19.25,0.0],"scale":[0.0,0.0,0.0]},"ground":{"rotation":[0.0,0.0,31.75],"translation":[0.0,10.5,0.0],"scale":[0.5,0.67188,0.4668]},"gui":{"rotation":[0.0,0.0,48.0],"scale":[0.33906,0.49141,0.35859]},"head":{"rotation":[0.0,0.0,-131.75],"translation":[-16.25,15.0,0.0],"scale":[1.0,1.26758,0.72852]},"fixed":{"rotation":[0.0,0.0,-44.5],"translation":[0.0,0.0,-0.5],"scale":[0.3918,0.5832,0.35859]}},"elements":[{"from":[4.0,15.5,7.47],"to":[12.0,16.5,8.53],"rotation":{"origin":[2.5,1.5,7.47],"axis":"y","angle":0.0},"faces":{"north":{"uv":[1.25,3.25,3.25,3.5],"texture":"#0"},"east":{"uv":[1.0,3.25,1.25,3.5],"texture":"#0"},"south":{"uv":[3.5,3.25,5.5,3.5],"texture":"#0"},"west":{"uv":[3.25,3.25,3.5,3.5],"texture":"#0"},"up":{"uv":[3.25,3.25,1.25,3.0],"texture":"#0"},"down":{"uv":[5.25,3.0,3.25,3.25],"texture":"#0"}}},{"from":[7.76315,11.79049,7.499],"to":[10.26315,13.79049,8.501],"rotation":{"origin":[6.26315,13.79049,7.499],"axis":"z","angle":45.0},"faces":{"north":{"uv":[5.75,4.0,6.25,4.5],"texture":"#0"},"east":{"uv":[5.5,4.0,5.75,4.5],"texture":"#0"},"south":{"uv":[6.5,4.0,7.0,4.5],"texture":"#0"},"west":{"uv":[6.25,4.0,6.5,4.5],"texture":"#0"},"up":{"uv":[6.25,4.0,5.75,3.75],"texture":"#0"},"down":{"uv":[6.75,3.75,6.25,4.0],"texture":"#0"}}},{"from":[11.02513,13.43934,7.46],"to":[13.02513,14.43934,8.54],"rotation":{"origin":[9.52513,14.43934,7.46],"axis":"z","angle":45.0},"faces":{"north":{"uv":[6.25,1.25,6.75,1.5],"texture":"#0"},"east":{"uv":[6.0,1.25,6.25,1.5],"texture":"#0"},"south":{"uv":[7.0,1.25,7.5,1.5],"texture":"#0"},"west":{"uv":[6.75,1.25,7.0,1.5],"texture":"#0"},"up":{"uv":[6.75,1.25,6.25,1.0],"texture":"#0"},"down":{"uv":[7.25,1.0,6.75,1.25],"texture":"#0"}}},{"from":[3.85355,15.56066,7.46],"to":[5.85355,16.56066,8.54],"rotation":{"origin":[4.35355,16.56066,7.46],"axis":"z","angle":-45.0},"faces":{"north":{"uv":[6.25,0.75,6.75,1.0],"texture":"#0"},"east":{"uv":[6.0,0.75,6.25,1.0],"texture":"#0"},"south":{"uv":[7.0,0.75,7.5,1.0],"texture":"#0"},"west":{"uv":[6.75,0.75,7.0,1.0],"texture":"#0"},"up":{"uv":[6.75,0.75,6.25,0.5],"texture":"#0"},"down":{"uv":[7.25,0.5,6.75,0.75],"texture":"#0"}}},{"from":[6.61553,13.91181,7.4995],"to":[9.11553,15.91181,8.5005],"rotation":{"origin":[7.61553,15.91181,7.4995],"axis":"z","angle":-45.0},"faces":{"north":{"uv":[5.75,3.25,6.25,3.75],"texture":"#0"},"east":{"uv":[5.5,3.25,5.75,3.75],"texture":"#0"},"south":{"uv":[6.5,3.25,7.0,3.75],"texture":"#0"},"west":{"uv":[6.25,3.25,6.5,3.75],"texture":"#0"},"up":{"uv":[6.25,3.25,5.75,3.0],"texture":"#0"},"down":{"uv":[6.75,3.0,6.25,3.25],"texture":"#0"}}},{"from":[4.28636,14.90811,7.5],"to":[6.28636,15.90811,8.5],"rotation":{"origin":[4.78636,15.90811,7.5],"axis":"z","angle":22.5},"faces":{"north":{"uv":[6.25,0.25,6.75,0.5],"texture":"#0"},"east":{"uv":[6.0,0.25,6.25,0.5],"texture":"#0"},"south":{"uv":[7.0,0.25,7.5,0.5],"texture":"#0"},"west":{"uv":[6.75,0.25,7.0,0.5],"texture":"#0"},"up":{"uv":[6.75,0.25,6.25,0.0],"texture":"#0"},"down":{"uv":[7.25,0.0,6.75,0.25],"texture":"#0"}}},{"from":[9.78976,15.2908,7.5],"to":[11.78976,16.2908,8.5],"rotation":{"origin":[10.28976,16.2908,7.5],"axis":"z","angle":-22.5},"faces":{"north":{"uv":[5.75,4.75,6.25,5.0],"texture":"#0"},"east":{"uv":[5.5,4.75,5.75,5.0],"texture":"#0"},"south":{"uv":[6.5,4.75,7.0,5.0],"texture":"#0"},"west":{"uv":[6.25,4.75,6.5,5.0],"texture":"#0"},"up":{"uv":[6.25,4.75,5.75,4.5],"texture":"#0"},"down":{"uv":[6.75,4.5,6.25,4.75],"texture":"#0"}}},{"from":[7.49,-13.25,7.49],"to":[8.51,15.75,8.51],"rotation":{"origin":[2.49,1.5,7.49],"axis":"y","angle":0.0},"faces":{"north":{"uv":[0.25,3.25,0.5,10.5],"texture":"#0"},"east":{"uv":[0.0,3.25,0.25,10.5],"texture":"#0"},"south":{"uv":[0.75,3.25,1.0,10.5],"texture":"#0"},"west":{"uv":[0.5,3.25,0.75,10.5],"texture":"#0"},"up":{"uv":[0.5,3.25,0.25,3.0],"texture":"#0"},"down":{"uv":[0.75,3.0,0.5,3.25],"texture":"#0"}}},{"from":[7.25,-14.85,7.998],"to":[11.25,-10.85,8.002],"rotation":{"origin":[8.25,-11.5,7.498],"axis":"z","angle":-45.0},"faces":{"north":{"uv":[14.0,7.25,15.0,8.25],"texture":"#0"},"east":{"uv":[14.0,7.25,14.0,8.25],"texture":"#0"},"south":{"uv":[15.0,7.25,16.0,8.25],"texture":"#0"},"west":{"uv":[15.0,7.25,15.0,8.25],"texture":"#0"},"up":{"uv":[15.0,7.25,14.0,7.25],"texture":"#0"},"down":{"uv":[16.0,7.25,15.0,7.25],"texture":"#0"}}},{"from":[7.75,15.25,7.375],"to":[10.75,18.25,8.625],"rotation":{"origin":[8.0,15.5,7.875],"axis":"z","angle":45.0},"faces":{"north":{"uv":[2.75,5.5,3.5,6.25],"texture":"#0"},"east":{"uv":[2.5,5.5,2.75,6.25],"texture":"#0"},"south":{"uv":[3.75,5.5,4.5,6.25],"texture":"#0"},"west":{"uv":[3.5,5.5,3.75,6.25],"texture":"#0"},"up":{"uv":[3.5,5.5,2.75,5.25],"texture":"#0"},"down":{"uv":[4.25,5.25,3.5,5.5],"texture":"#0"}}},{"from":[4.75,12.25,8.0],"to":[10.75,18.25,8.0],"rotation":{"origin":[8.0,15.5,7.25],"axis":"z","angle":45.0},"faces":{"north":{"uv":[13.0,8.75,14.5,10.25],"texture":"#0"},"east":{"uv":[13.0,8.75,13.0,10.25],"texture":"#0"},"south":{"uv":[14.5,8.75,16.0,10.25],"texture":"#0"},"west":{"uv":[14.5,8.75,14.5,10.25],"texture":"#0"},"up":{"uv":[14.5,8.75,13.0,8.75],"texture":"#0"},"down":{"uv":[16.0,8.75,14.5,8.75],"texture":"#0"}}},{"from":[-0.75,15.25,7.999],"to":[11.25,27.25,8.001],"rotation":{"origin":[8.0,18.5,6.999],"axis":"z","angle":-45.0},"faces":{"north":{"uv":[10.0,13.0,13.0,16.0],"texture":"#0"},"east":{"uv":[10.0,13.0,10.0,16.0],"texture":"#0"},"south":{"uv":[13.0,13.0,16.0,16.0],"texture":"#0"},"west":{"uv":[13.0,13.0,13.0,16.0],"texture":"#0"},"up":{"uv":[13.0,13.0,10.0,13.0],"texture":"#0"},"down":{"uv":[16.0,13.0,13.0,13.0],"texture":"#0"}}},{"from":[4.42388,15.63268,7.997],"to":[7.42388,23.13268,8.003],"rotation":{"origin":[4.42388,15.88268,7.487],"axis":"z","angle":22.5},"faces":{"north":{"uv":[12.5,10.75,13.25,12.5],"texture":"#0"},"east":{"uv":[12.5,10.75,12.5,12.5],"texture":"#0"},"south":{"uv":[13.25,10.75,14.0,12.5],"texture":"#0"},"west":{"uv":[13.25,10.75,13.25,12.5],"texture":"#0"},"up":{"uv":[13.25,10.75,12.5,10.75],"texture":"#0"},"down":{"uv":[14.0,10.75,13.25,10.75],"texture":"#0"}}},{"from":[9.60065,18.21367,7.997],"to":[12.60065,25.71367,8.003],"rotation":{"origin":[5.60065,19.7485,7.487],"axis":"z","angle":-22.5},"faces":{"north":{"uv":[14.5,10.75,15.25,12.5],"texture":"#0"},"east":{"uv":[14.5,10.75,14.5,12.5],"texture":"#0"},"south":{"uv":[15.25,10.75,16.0,12.5],"texture":"#0"},"west":{"uv":[15.25,10.75,15.25,12.5],"texture":"#0"},"up":{"uv":[15.25,10.75,14.5,10.75],"texture":"#0"},"down":{"uv":[16.0,10.75,15.25,10.75],"texture":"#0"}}},{"from":[7.5,8.23579,8.29289],"to":[8.5,9.23579,9.29289],"rotation":{"origin":[7.0,8.73579,7.79289],"axis":"x","angle":-45.0},"faces":{"north":{"uv":[2.75,6.5,3.0,6.75],"texture":"#0"},"east":{"uv":[2.5,6.5,2.75,6.75],"texture":"#0"},"south":{"uv":[3.25,6.5,3.5,6.75],"texture":"#0"},"west":{"uv":[3.0,6.5,3.25,6.75],"texture":"#0"},"up":{"uv":[3.0,6.5,2.75,6.25],"texture":"#0"},"down":{"uv":[3.25,6.25,3.0,6.5],"texture":"#0"}}},{"from":[6.79289,9.44289,7.5],"to":[7.79289,10.44289,8.5],"rotation":{"origin":[6.79289,9.44289,7.5],"axis":"z","angle":-45.0},"faces":{"north":{"uv":[6.25,2.75,6.5,3.0],"texture":"#0"},"east":{"uv":[6.0,2.75,6.25,3.0],"texture":"#0"},"south":{"uv":[6.75,2.75,7.0,3.0],"texture":"#0"},"west":{"uv":[6.5,2.75,6.75,3.0],"texture":"#0"},"up":{"uv":[6.5,2.75,6.25,2.5],"texture":"#0"},"down":{"uv":[6.75,2.5,6.5,2.75],"texture":"#0"}}},{"from":[7.79289,9.44289,7.5],"to":[8.79289,10.44289,8.5],"rotation":{"origin":[7.79289,9.44289,7.5],"axis":"z","angle":-45.0},"faces":{"north":{"uv":[6.25,2.25,6.5,2.5],"texture":"#0"},"east":{"uv":[6.0,2.25,6.25,2.5],"texture":"#0"},"south":{"uv":[6.75,2.25,7.0,2.5],"texture":"#0"},"west":{"uv":[6.5,2.25,6.75,2.5],"texture":"#0"},"up":{"uv":[6.5,2.25,6.25,2.0],"texture":"#0"},"down":{"uv":[6.75,2.0,6.5,2.25],"texture":"#0"}}},{"from":[7.5,8.73579,7.5],"to":[8.5,9.73579,8.5],"rotation":{"origin":[7.0,8.73579,7.5],"axis":"x","angle":-45.0},"faces":{"north":{"uv":[6.25,1.75,6.5,2.0],"texture":"#0"},"east":{"uv":[6.0,1.75,6.25,2.0],"texture":"#0"},"south":{"uv":[6.75,1.75,7.0,2.0],"texture":"#0"},"west":{"uv":[6.5,1.75,6.75,2.0],"texture":"#0"},"up":{"uv":[6.5,1.75,6.25,1.5],"texture":"#0"},"down":{"uv":[6.75,1.5,6.5,1.75],"texture":"#0"}}}],"textures":{"particle":"cec57cf3-fefb-4658-8645-dea0f052f3ce","0":"cec57cf3-fefb-4658-8645-dea0f052f3ce"},"gui_light":"front"}