{"display":{"gui":{"translation":[0.0,16.0,0.0]},"fixed":{"rotation":[-90.0,0.0,0.0],"translation":[0.0,0.0,-16.0],"scale":[2.0,2.0,2.0]}},"elements":[{"from":[-4.0,0.0,8.0],"to":[20.0,16.0,8.0],"rotation":{"origin":[8.0,-6.0,8.0],"axis":"y","angle":45.0},"faces":{"north":{"uv":[6.33333,7.5,15.33333,16.0],"texture":"#0"},"east":{"uv":[0.0,0.0,0.0,6.0],"texture":"#missing"},"south":{"uv":[12.33333,0.0,5.66666,6.0],"texture":"#0"},"west":{"uv":[0.0,0.0,0.0,6.0],"texture":"#missing"},"up":{"uv":[0.0,0.0,6.0,0.0],"texture":"#missing"},"down":{"uv":[0.0,0.0,6.0,0.0],"texture":"#missing"}}},{"from":[-5.0,0.0,8.0],"to":[19.0,16.0,8.0],"rotation":{"origin":[8.0,-6.0,8.0],"axis":"y","angle":-45.0},"faces":{"north":{"uv":[5.66666,0.0,12.33333,6.0],"texture":"#0"},"east":{"uv":[0.0,0.0,0.0,6.0],"texture":"#missing"},"south":{"uv":[15.33333,7.5,6.33333,16.0],"texture":"#0"},"west":{"uv":[0.0,0.0,0.0,6.0],"texture":"#missing"},"up":{"uv":[0.0,0.0,6.0,0.0],"texture":"#missing"},"down":{"uv":[0.0,0.0,6.0,0.0],"texture":"#missing"}}},{"from":[6.0,1.0,9.0],"to":[6.0,6.0,12.0],"faces":{"north":{"uv":[0.0,0.0,0.0,2.0],"texture":"#0"},"east":{"uv":[0.0,1.5,1.0,4.0],"texture":"#0"},"south":{"uv":[0.0,0.0,0.0,2.0],"texture":"#0"},"west":{"uv":[0.0,1.5,1.0,4.0],"texture":"#0"},"up":{"uv":[0.0,0.0,0.0,1.0],"texture":"#0"},"down":{"uv":[0.0,0.0,0.0,1.0],"texture":"#0"}}},{"from":[12.25,3.0,-3.0],"to":[15.25,8.0,-3.0],"rotation":{"origin":[0.0,0.0,0.0],"axis":"y","angle":-22.5},"faces":{"north":{"uv":[0.0,1.5,1.0,4.0],"texture":"#0"},"east":{"uv":[0.0,0.0,0.0,2.0],"texture":"#0"},"south":{"uv":[0.0,1.5,1.0,4.0],"texture":"#0"},"west":{"uv":[0.0,0.0,0.0,2.0],"texture":"#0"},"up":{"uv":[0.0,0.0,0.0,1.0],"texture":"#0","rotation":270},"down":{"uv":[0.0,0.0,0.0,1.0],"texture":"#0","rotation":90}}},{"from":[5.25,-2.25,2.5],"to":[8.25,-2.25,7.5],"rotation":{"origin":[0.0,0.0,0.0],"axis":"x","angle":-45.0},"faces":{"north":{"uv":[0.0,0.0,0.0,1.0],"texture":"#0","rotation":270},"east":{"uv":[0.0,0.0,0.0,2.0],"texture":"#0","rotation":270},"south":{"uv":[0.0,0.0,0.0,1.0],"texture":"#0","rotation":270},"west":{"uv":[0.0,0.0,0.0,2.0],"texture":"#0","rotation":90},"up":{"uv":[0.0,1.5,1.0,4.0],"texture":"#0","rotation":180},"down":{"uv":[0.0,1.5,1.0,4.0],"texture":"#0"}}},{"from":[6.0,-11.0,-0.5],"to":[17.0,0.0,0.0],"rotation":{"origin":[12.5,-10.5,-0.5],"axis":"z","angle":45.0},"faces":{"north":{"uv":[0.0,0.0,5.5,5.5],"texture":"#1"},"east":{"uv":[6.0,0.0,6.5,5.5],"texture":"#1"},"south":{"uv":[0.0,0.0,5.5,5.5],"texture":"#1"},"west":{"uv":[6.0,6.0,6.5,11.5],"texture":"#1"},"up":{"uv":[12.5,0.5,7.0,0.0],"texture":"#1"},"down":{"uv":[12.5,1.0,7.0,1.5],"texture":"#1"}}},{"from":[3.3,-12.25,16.55],"to":[12.0,-3.85,16.55],"rotation":{"origin":[10.5,-12.0,16.5],"axis":"y","angle":0.0},"faces":{"north":{"uv":[0.5,0.5,11.0,13.0],"texture":"#0"},"east":{"uv":[12.5,15.0,16.0,16.0],"texture":"#0"},"south":{"uv":[0.0,4.5,5.83333,16.0],"texture":"#0"},"west":{"uv":[0.5,0.5,0.5,5.5],"texture":"#0"},"up":{"uv":[5.5,0.5,0.5,0.5],"texture":"#0","rotation":180},"down":{"uv":[10.5,0.5,5.5,0.5],"texture":"#0","rotation":180}}},{"from":[6.0,-12.5,16.0],"to":[17.0,-1.5,16.5],"rotation":{"origin":[10.5,-12.0,16.5],"axis":"z","angle":45.0},"faces":{"north":{"uv":[0.0,0.0,5.5,5.5],"texture":"#1"},"east":{"uv":[6.0,6.0,6.5,11.5],"texture":"#1"},"south":{"uv":[0.0,0.0,5.5,5.5],"texture":"#1"},"west":{"uv":[6.0,0.0,6.5,5.5],"texture":"#1"},"up":{"uv":[12.5,0.5,7.0,0.0],"texture":"#1","rotation":180},"down":{"uv":[12.5,1.0,7.0,1.5],"texture":"#1","rotation":180}}},{"from":[16.55,-11.75,3.75],"to":[16.55,-3.35,12.45],"rotation":{"origin":[16.5,1.0,13.5],"axis":"y","angle":0.0},"faces":{"north":{"uv":[12.5,15.0,16.0,16.0],"texture":"#0"},"east":{"uv":[0.0,4.5,5.83333,16.0],"texture":"#0"},"south":{"uv":[0.5,0.5,0.5,5.5],"texture":"#0"},"west":{"uv":[0.5,0.5,11.0,13.0],"texture":"#0"},"up":{"uv":[5.5,0.5,0.5,0.5],"texture":"#0","rotation":90},"down":{"uv":[10.5,0.5,5.5,0.5],"texture":"#0","rotation":270}}},{"from":[-0.5,-14.75,10.25],"to":[0.0,-3.75,21.25],"rotation":{"origin":[-0.5,1.0,13.5],"axis":"x","angle":45.0},"faces":{"north":{"uv":[6.5,6.0,6.0,11.5],"texture":"#1"},"east":{"uv":[5.5,0.0,0.0,5.5],"texture":"#1"},"south":{"uv":[6.5,0.0,6.0,5.5],"texture":"#1"},"west":{"uv":[5.5,0.0,0.0,5.5],"texture":"#1"},"up":{"uv":[12.5,0.0,7.0,0.5],"texture":"#1","rotation":90},"down":{"uv":[12.5,1.5,7.0,1.0],"texture":"#1","rotation":270}}},{"from":[-0.55,-11.75,3.75],"to":[-0.55,-3.35,12.45],"rotation":{"origin":[-0.5,1.0,13.5],"axis":"y","angle":0.0},"faces":{"north":{"uv":[16.0,15.0,12.5,16.0],"texture":"#0"},"east":{"uv":[11.0,0.5,0.5,13.0],"texture":"#0"},"south":{"uv":[0.5,0.5,0.5,5.5],"texture":"#0"},"west":{"uv":[0.0,4.5,5.83333,16.0],"texture":"#0"},"up":{"uv":[5.5,0.5,0.5,0.5],"texture":"#0","rotation":90},"down":{"uv":[10.5,0.5,5.5,0.5],"texture":"#0","rotation":270}}},{"from":[16.0,-14.75,10.25],"to":[16.5,-3.75,21.25],"rotation":{"origin":[16.5,1.0,13.5],"axis":"x","angle":45.0},"faces":{"north":{"uv":[6.0,6.0,6.5,11.5],"texture":"#1"},"east":{"uv":[0.0,0.0,5.5,5.5],"texture":"#1"},"south":{"uv":[6.0,0.0,6.5,5.5],"texture":"#1"},"west":{"uv":[0.0,0.0,5.5,5.5],"texture":"#1"},"up":{"uv":[12.5,0.5,7.0,0.0],"texture":"#1","rotation":90},"down":{"uv":[12.5,1.0,7.0,1.5],"texture":"#1","rotation":270}}},{"from":[4.0,-11.75,-0.55],"to":[12.7,-3.35,-0.55],"rotation":{"origin":[12.5,-10.5,-0.5],"axis":"y","angle":0.0},"faces":{"north":{"uv":[0.0,4.5,5.83333,16.0],"texture":"#0"},"east":{"uv":[0.5,0.5,0.5,5.5],"texture":"#0"},"south":{"uv":[0.5,0.5,11.0,13.0],"texture":"#0"},"west":{"uv":[12.5,15.0,16.0,16.0],"texture":"#0"},"up":{"uv":[5.5,0.5,0.5,0.5],"texture":"#0"},"down":{"uv":[10.5,0.5,5.5,0.5],"texture":"#0"}}}],"textures":{"particle":"ec38af9a-f316-4e9c-94ea-27da90a03e23","0":"ec38af9a-f316-4e9c-94ea-27da90a03e23","1":"54663ff9-8f10-4723-a0cc-b421527fc73b"},"gui_light":"front"}