{"display":{"thirdperson_righthand":{"translation":[0.0,0.0,2.0],"scale":[1.5,1.5,1.5]},"thirdperson_lefthand":{"translation":[0.0,0.0,2.0],"scale":[1.5,1.5,1.5]},"firstperson_righthand":{"rotation":[-5.65,13.42,4.35],"translation":[-1.75,3.75,3.5],"scale":[0.96289,0.96289,0.96289]},"firstperson_lefthand":{"rotation":[-5.65,13.42,4.35],"translation":[-1.75,3.75,3.5],"scale":[0.96289,0.96289,0.96289]},"ground":{"rotation":[-26.5,-25.3,55.42],"translation":[0.0,1.75,0.0],"scale":[1.24844,1.24844,1.24844]},"gui":{"rotation":[90.0,-135.0,90.0],"translation":[-1.25,-1.75,0.0],"scale":[1.23438,1.23438,1.23438]},"head":{"scale":[0.0,0.0,0.0]},"fixed":{"rotation":[90.0,-90.0,90.0],"translation":[0.0,-0.5,-2.25],"scale":[3.0,3.0,3.0]}},"elements":[{"from":[7.5,2.00329,7.5],"to":[8.5,3.00329,8.5],"rotation":{"origin":[8.0,2.50329,8.0],"axis":"x","angle":-45.0},"faces":{"north":{"uv":[6.0,10.0,7.0,11.0],"texture":"#3"},"east":{"uv":[7.0,10.0,8.0,11.0],"texture":"#3"},"south":{"uv":[8.0,10.0,9.0,11.0],"texture":"#3"},"west":{"uv":[10.0,8.0,11.0,9.0],"texture":"#3"},"up":{"uv":[10.0,11.0,9.0,10.0],"texture":"#3"},"down":{"uv":[11.0,10.0,10.0,11.0],"texture":"#3"}}},{"from":[7.5,11.20329,7.5],"to":[8.5,12.20329,8.5],"rotation":{"origin":[8.0,11.70329,8.0],"axis":"x","angle":-45.0},"faces":{"north":{"uv":[11.0,7.0,12.0,8.0],"texture":"#3"},"east":{"uv":[8.0,11.0,9.0,12.0],"texture":"#3"},"south":{"uv":[11.0,8.0,12.0,9.0],"texture":"#3"},"west":{"uv":[9.0,11.0,10.0,12.0],"texture":"#3"},"up":{"uv":[12.0,10.0,11.0,9.0],"texture":"#3"},"down":{"uv":[11.0,11.0,10.0,12.0],"texture":"#3"}}},{"from":[7.6,11.30329,7.5],"to":[8.4,13.30329,9.5],"rotation":{"origin":[8.0,11.80329,8.0],"axis":"x","angle":-45.0},"faces":{"north":{"uv":[2.0,8.0,3.0,10.0],"texture":"#3"},"east":{"uv":[6.0,2.0,8.0,4.0],"texture":"#3"},"south":{"uv":[8.0,2.0,9.0,4.0],"texture":"#3"},"west":{"uv":[3.0,6.0,5.0,8.0],"texture":"#3"},"up":{"uv":[4.0,10.0,3.0,8.0],"texture":"#3"},"down":{"uv":[5.0,8.0,4.0,10.0],"texture":"#3"}}},{"from":[7.6,2.80329,7.6],"to":[8.4,3.80329,8.4],"rotation":{"origin":[8.0,3.30329,8.0],"axis":"x","angle":0.0},"faces":{"north":{"uv":[0.0,11.0,1.0,12.0],"texture":"#3"},"east":{"uv":[11.0,0.0,12.0,1.0],"texture":"#3"},"south":{"uv":[1.0,11.0,2.0,12.0],"texture":"#3"},"west":{"uv":[11.0,1.0,12.0,2.0],"texture":"#3"},"up":{"uv":[12.0,3.0,11.0,2.0],"texture":"#3"},"down":{"uv":[12.0,3.0,11.0,4.0],"texture":"#3"}}},{"from":[7.6,4.80329,7.6],"to":[8.4,5.60329,8.4],"rotation":{"origin":[8.0,5.30329,8.0],"axis":"x","angle":0.0},"faces":{"north":{"uv":[11.0,4.0,12.0,5.0],"texture":"#3"},"east":{"uv":[5.0,11.0,6.0,12.0],"texture":"#3"},"south":{"uv":[11.0,5.0,12.0,6.0],"texture":"#3"},"west":{"uv":[6.0,11.0,7.0,12.0],"texture":"#3"},"up":{"uv":[12.0,7.0,11.0,6.0],"texture":"#3"},"down":{"uv":[8.0,11.0,7.0,12.0],"texture":"#3"}}},{"from":[7.6,8.60329,7.6],"to":[8.4,11.40329,8.4],"rotation":{"origin":[8.0,9.10329,8.0],"axis":"x","angle":0.0},"faces":{"north":{"uv":[6.0,4.0,7.0,7.0],"texture":"#3"},"east":{"uv":[5.0,6.0,6.0,9.0],"texture":"#3"},"south":{"uv":[7.0,4.0,8.0,7.0],"texture":"#3"},"west":{"uv":[6.0,7.0,7.0,10.0],"texture":"#3"},"up":{"uv":[1.0,13.0,0.0,12.0],"texture":"#3"},"down":{"uv":[13.0,0.0,12.0,1.0],"texture":"#3"}}},{"from":[7.7,3.80329,7.7],"to":[8.3,4.80329,8.3],"rotation":{"origin":[8.0,4.30329,8.0],"axis":"x","angle":0.0},"faces":{"north":{"uv":[12.0,9.0,12.5,10.0],"texture":"#3"},"east":{"uv":[10.0,12.0,10.5,13.0],"texture":"#3"},"south":{"uv":[12.0,10.0,12.5,11.0],"texture":"#3"},"west":{"uv":[11.0,12.0,11.5,13.0],"texture":"#3"},"up":{"uv":[3.5,13.5,3.0,13.0],"texture":"#3"},"down":{"uv":[13.5,3.0,13.0,3.5],"texture":"#3"}}},{"from":[7.7,5.60329,7.7],"to":[8.3,8.60329,8.3],"rotation":{"origin":[8.0,6.10329,8.0],"axis":"x","angle":0.0},"faces":{"north":{"uv":[10.0,2.0,10.5,5.0],"texture":"#3"},"east":{"uv":[3.0,10.0,3.5,13.0],"texture":"#3"},"south":{"uv":[4.0,10.0,4.5,13.0],"texture":"#3"},"west":{"uv":[10.0,5.0,10.5,8.0],"texture":"#3"},"up":{"uv":[5.5,13.5,5.0,13.0],"texture":"#3"},"down":{"uv":[13.5,5.0,13.0,5.5],"texture":"#3"}}},{"from":[7.7,11.9718,6.04713],"to":[8.3,12.5718,7.04713],"rotation":{"origin":[8.0,12.4718,6.34713],"axis":"x","angle":-22.5},"faces":{"north":{"uv":[4.0,13.0,4.5,13.5],"texture":"#3"},"east":{"uv":[12.0,11.0,13.0,11.5],"texture":"#3"},"south":{"uv":[13.0,4.0,13.5,4.5],"texture":"#3"},"west":{"uv":[12.0,12.0,13.0,12.5],"texture":"#3"},"up":{"uv":[0.5,14.0,0.0,13.0],"texture":"#3"},"down":{"uv":[13.5,0.0,13.0,1.0],"texture":"#3"}}},{"from":[7.5,11.68088,4.48457],"to":[8.5,12.68088,6.48457],"rotation":{"origin":[8.0,11.98088,5.68457],"axis":"x","angle":22.5},"faces":{"north":{"uv":[11.0,10.0,12.0,11.0],"texture":"#3"},"east":{"uv":[8.0,4.0,10.0,5.0],"texture":"#3"},"south":{"uv":[11.0,11.0,12.0,12.0],"texture":"#3"},"west":{"uv":[8.0,5.0,10.0,6.0],"texture":"#3"},"up":{"uv":[10.0,2.0,9.0,0.0],"texture":"#3"},"down":{"uv":[10.0,2.0,9.0,4.0],"texture":"#3"}}},{"from":[7.7375,12.90329,7.575],"to":[8.2625,14.32829,9.0],"rotation":{"origin":[7.9875,13.90329,8.0],"axis":"x","angle":45.0},"faces":{"north":{"uv":[7.0,12.0,7.5,13.5],"texture":"#3"},"east":{"uv":[7.0,7.0,8.5,8.5],"texture":"#3"},"south":{"uv":[12.0,7.0,12.5,8.5],"texture":"#3"},"west":{"uv":[0.0,8.0,1.5,9.5],"texture":"#3"},"up":{"uv":[8.5,13.5,8.0,12.0],"texture":"#3"},"down":{"uv":[9.5,12.0,9.0,13.5],"texture":"#3"}}},{"from":[7.55,11.7,3.1],"to":[8.45,12.6,5.1],"rotation":{"origin":[8.0,12.35,4.1],"axis":"x","angle":-22.5},"faces":{"north":{"uv":[1.0,12.0,2.0,13.0],"texture":"#3"},"east":{"uv":[8.0,6.0,10.0,7.0],"texture":"#3"},"south":{"uv":[12.0,1.0,13.0,2.0],"texture":"#3"},"west":{"uv":[7.0,9.0,9.0,10.0],"texture":"#3"},"up":{"uv":[6.0,11.0,5.0,9.0],"texture":"#3"},"down":{"uv":[10.0,7.0,9.0,9.0],"texture":"#3"}}},{"from":[7.6,11.1412,2.49072],"to":[8.4,11.9412,3.49072],"rotation":{"origin":[7.95,11.5912,2.99072],"axis":"x","angle":-45.0},"faces":{"north":{"uv":[2.0,12.0,3.0,13.0],"texture":"#3"},"east":{"uv":[12.0,2.0,13.0,3.0],"texture":"#3"},"south":{"uv":[12.0,3.0,13.0,4.0],"texture":"#3"},"west":{"uv":[12.0,4.0,13.0,5.0],"texture":"#3"},"up":{"uv":[6.0,13.0,5.0,12.0],"texture":"#3"},"down":{"uv":[13.0,5.0,12.0,6.0],"texture":"#3"}}},{"from":[8.0,10.2,1.2],"to":[8.0,13.2,7.2],"rotation":{"origin":[8.0,11.7,4.2],"axis":"x","angle":-22.5},"faces":{"north":{"uv":[0.0,0.0,0.0,3.0],"texture":"#3"},"east":{"uv":[0.0,0.0,6.0,3.0],"texture":"#3"},"south":{"uv":[0.0,0.0,0.0,3.0],"texture":"#3"},"west":{"uv":[0.0,3.0,6.0,6.0],"texture":"#3"},"up":{"uv":[0.0,6.0,0.0,0.0],"texture":"#3"},"down":{"uv":[0.0,0.0,0.0,6.0],"texture":"#3"}}},{"from":[7.7,11.9718,8.95287],"to":[8.3,12.5718,9.95287],"rotation":{"origin":[8.0,12.4718,9.65287],"axis":"x","angle":22.5},"faces":{"north":{"uv":[6.0,13.0,6.5,13.5],"texture":"#3"},"east":{"uv":[1.0,13.0,2.0,13.5],"texture":"#3"},"south":{"uv":[13.0,6.0,13.5,6.5],"texture":"#3"},"west":{"uv":[13.0,1.0,14.0,1.5],"texture":"#3"},"up":{"uv":[2.5,14.0,2.0,13.0],"texture":"#3"},"down":{"uv":[13.5,2.0,13.0,3.0],"texture":"#3"}}},{"from":[7.5,11.68088,9.51543],"to":[8.5,12.68088,11.51543],"rotation":{"origin":[8.0,11.98088,10.31543],"axis":"x","angle":-22.5},"faces":{"north":{"uv":[6.0,12.0,7.0,13.0],"texture":"#3"},"east":{"uv":[9.0,9.0,11.0,10.0],"texture":"#3"},"south":{"uv":[12.0,6.0,13.0,7.0],"texture":"#3"},"west":{"uv":[0.0,10.0,2.0,11.0],"texture":"#3"},"up":{"uv":[11.0,2.0,10.0,0.0],"texture":"#3"},"down":{"uv":[3.0,10.0,2.0,12.0],"texture":"#3"}}},{"from":[8.0,11.1,10.3],"to":[8.0,13.1,13.3],"rotation":{"origin":[8.0,12.1,11.8],"axis":"x","angle":-22.5},"faces":{"north":{"uv":[0.0,0.0,0.0,2.0],"texture":"#3"},"east":{"uv":[0.0,6.0,3.0,8.0],"texture":"#3"},"south":{"uv":[0.0,0.0,0.0,2.0],"texture":"#3"},"west":{"uv":[6.0,0.0,9.0,2.0],"texture":"#3"},"up":{"uv":[0.0,3.0,0.0,0.0],"texture":"#3"},"down":{"uv":[0.0,0.0,0.0,3.0],"texture":"#3"}}}],"textures":{"3":"39cf4c40-893b-4de3-aa54-145b32b71f67"},"gui_light":"front"}