{"display":{"gui":{"translation":[0.0,-1.0,0.0]},"fixed":{"rotation":[-90.0,0.0,0.0],"translation":[0.0,0.0,-16.0],"scale":[2.0,2.0,2.0]}},"elements":[{"from":[7.625,2.25,5.5625],"to":[7.625,6.75,10.0625],"rotation":{"origin":[2.0,0.0,2.0],"axis":"z","angle":-22.5},"faces":{"north":{"uv":[0.0,0.0,0.0,3.0],"texture":"#2"},"east":{"uv":[0.0,11.0,3.0,14.0],"texture":"#2"},"south":{"uv":[0.0,0.0,0.0,3.0],"texture":"#2"},"west":{"uv":[0.0,11.0,3.0,14.0],"texture":"#2"},"up":{"uv":[0.0,0.0,0.0,3.0],"texture":"#2"},"down":{"uv":[0.0,0.0,0.0,3.0],"texture":"#2"}}},{"from":[5.5625,2.25,7.625],"to":[10.0625,6.75,7.625],"rotation":{"origin":[2.0,0.0,2.0],"axis":"x","angle":22.5},"faces":{"north":{"uv":[0.0,11.0,3.0,14.0],"texture":"#2"},"east":{"uv":[0.0,0.0,0.0,3.0],"texture":"#2"},"south":{"uv":[0.0,11.0,3.0,14.0],"texture":"#2"},"west":{"uv":[0.0,0.0,0.0,3.0],"texture":"#2"},"up":{"uv":[0.0,0.0,0.0,3.0],"texture":"#2","rotation":90},"down":{"uv":[0.0,0.0,0.0,3.0],"texture":"#2","rotation":270}}},{"from":[5.5625,-2.0625,7.0625],"to":[10.0625,2.4375,7.0625],"rotation":{"origin":[2.0,0.0,2.0],"axis":"x","angle":-22.5},"faces":{"north":{"uv":[0.0,11.0,3.0,14.0],"texture":"#2"},"east":{"uv":[0.0,0.0,0.0,3.0],"texture":"#2"},"south":{"uv":[0.0,11.0,3.0,14.0],"texture":"#2"},"west":{"uv":[0.0,0.0,0.0,3.0],"texture":"#2"},"up":{"uv":[0.0,0.0,0.0,3.0],"texture":"#2","rotation":90},"down":{"uv":[0.0,0.0,0.0,3.0],"texture":"#2","rotation":270}}},{"from":[7.0625,-2.25,5.5625],"to":[7.0625,2.25,10.0625],"rotation":{"origin":[2.0,0.0,2.0],"axis":"z","angle":22.5},"faces":{"north":{"uv":[0.0,0.0,0.0,3.0],"texture":"#2"},"east":{"uv":[0.0,11.0,3.0,14.0],"texture":"#2"},"south":{"uv":[0.0,0.0,0.0,3.0],"texture":"#2"},"west":{"uv":[0.0,11.0,3.0,14.0],"texture":"#2"},"up":{"uv":[0.0,0.0,0.0,3.0],"texture":"#2"},"down":{"uv":[0.0,0.0,0.0,3.0],"texture":"#2"}}}],"textures":{"particle":"554f7df7-de61-443a-a01e-9bdbc3268a27","2":"554f7df7-de61-443a-a01e-9bdbc3268a27"},"gui_light":"front"}