{"display":{"fixed":{"rotation":[-90.0,0.0,0.0],"translation":[0.0,0.0,-16.0],"scale":[2.0,2.0,2.0]}},"elements":[{"from":[7.0,0.0,7.0],"to":[9.0,6.0,9.0],"rotation":{"origin":[0.0,-18.0,0.0],"axis":"y","angle":0.0},"faces":{"north":{"uv":[8.0,0.66667,10.0,6.66667],"texture":"#1"},"east":{"uv":[8.0,0.66667,10.0,6.66667],"texture":"#1"},"south":{"uv":[8.0,0.66667,10.0,6.66667],"texture":"#1"},"west":{"uv":[8.0,0.66667,10.0,6.66667],"texture":"#1"},"up":{"uv":[8.0,0.66667,10.0,2.66667],"texture":"#1"},"down":{"uv":[8.0,0.66667,10.0,2.66667],"texture":"#1"}}},{"from":[6.0,1.0,17.0],"to":[10.0,1.0,19.0],"rotation":{"origin":[0.0,-18.0,0.0],"axis":"x","angle":-22.5},"faces":{"north":{"uv":[0.0,0.0,2.0,0.0],"texture":"#0"},"east":{"uv":[0.0,0.0,1.0,0.0],"texture":"#0"},"south":{"uv":[0.0,0.0,2.0,0.0],"texture":"#0"},"west":{"uv":[0.0,0.0,1.0,0.0],"texture":"#0"},"up":{"uv":[0.0,8.0,2.0,9.0],"texture":"#0"},"down":{"uv":[0.0,0.0,2.0,1.0],"texture":"#0"}}},{"from":[7.0,4.4,4.4],"to":[8.0,5.4,4.4],"rotation":{"origin":[0.0,-18.0,16.0],"axis":"y","angle":0.0},"faces":{"north":{"uv":[1.0,12.5,0.5,13.0],"texture":"#0"},"east":{"uv":[0.0,0.0,4.0,0.0],"texture":"#0","rotation":270},"south":{"uv":[1.0,14.0,0.5,13.5],"texture":"#0","rotation":180},"west":{"uv":[0.0,0.0,4.0,0.0],"texture":"#0","rotation":90},"up":{"uv":[0.0,0.0,2.0,0.0],"texture":"#0","rotation":180},"down":{"uv":[0.0,0.0,2.0,0.0],"texture":"#0"}}},{"from":[6.0,6.85,24.25],"to":[10.0,6.85,26.25],"rotation":{"origin":[0.0,-18.0,16.0],"axis":"x","angle":-45.0},"faces":{"north":{"uv":[2.0,0.0,0.0,0.0],"texture":"#0"},"east":{"uv":[1.0,0.0,0.0,0.0],"texture":"#0"},"south":{"uv":[2.0,0.0,0.0,0.0],"texture":"#0"},"west":{"uv":[1.0,0.0,0.0,0.0],"texture":"#0"},"up":{"uv":[0.0,1.5,2.0,0.5],"texture":"#0"},"down":{"uv":[0.0,1.0,2.0,0.0],"texture":"#0"}}},{"from":[6.0,1.0,-3.0],"to":[10.0,1.0,-1.0],"rotation":{"origin":[0.0,-18.0,16.0],"axis":"x","angle":22.5},"faces":{"north":{"uv":[2.0,0.0,0.0,0.0],"texture":"#0"},"east":{"uv":[1.0,0.0,0.0,0.0],"texture":"#0"},"south":{"uv":[2.0,0.0,0.0,0.0],"texture":"#0"},"west":{"uv":[1.0,0.0,0.0,0.0],"texture":"#0"},"up":{"uv":[0.0,1.5,2.0,0.5],"texture":"#0"},"down":{"uv":[0.0,1.0,2.0,0.0],"texture":"#0"}}},{"from":[6.0,6.85,-10.25],"to":[10.0,6.85,-8.25],"rotation":{"origin":[0.0,-18.0,0.0],"axis":"x","angle":45.0},"faces":{"north":{"uv":[0.0,0.0,2.0,0.0],"texture":"#0"},"east":{"uv":[0.0,0.0,1.0,0.0],"texture":"#0"},"south":{"uv":[0.0,0.0,2.0,0.0],"texture":"#0"},"west":{"uv":[0.0,0.0,1.0,0.0],"texture":"#0"},"up":{"uv":[0.0,0.5,2.0,1.5],"texture":"#0"},"down":{"uv":[0.0,0.0,2.0,1.0],"texture":"#0"}}},{"from":[19.75,-4.5,6.0],"to":[21.75,-4.5,10.0],"rotation":{"origin":[0.0,-18.0,0.0],"axis":"z","angle":45.0},"faces":{"north":{"uv":[0.0,0.0,1.0,0.0],"texture":"#0"},"east":{"uv":[0.0,0.0,2.0,0.0],"texture":"#0"},"south":{"uv":[0.0,0.0,1.0,0.0],"texture":"#0"},"west":{"uv":[0.0,0.0,2.0,0.0],"texture":"#0"},"up":{"uv":[0.0,0.5,2.0,1.5],"texture":"#0","rotation":90},"down":{"uv":[0.0,0.0,2.0,1.0],"texture":"#0","rotation":270}}},{"from":[18.1,7.2,6.0],"to":[20.1,7.2,10.0],"rotation":{"origin":[16.0,-18.0,0.0],"axis":"z","angle":22.5},"faces":{"north":{"uv":[1.0,0.0,0.0,0.0],"texture":"#0"},"east":{"uv":[2.0,0.0,0.0,0.0],"texture":"#0"},"south":{"uv":[1.0,0.0,0.0,0.0],"texture":"#0"},"west":{"uv":[2.0,0.0,0.0,0.0],"texture":"#0"},"up":{"uv":[0.0,12.0,2.0,11.0],"texture":"#0","rotation":90},"down":{"uv":[1.0,0.0,0.0,2.0],"texture":"#0"}}},{"from":[-5.75,-4.6,6.0],"to":[-3.75,-4.6,10.0],"rotation":{"origin":[16.0,-18.0,0.0],"axis":"z","angle":-45.0},"faces":{"north":{"uv":[1.0,0.0,0.0,0.0],"texture":"#0"},"east":{"uv":[2.0,0.0,0.0,0.0],"texture":"#0"},"south":{"uv":[1.0,0.0,0.0,0.0],"texture":"#0"},"west":{"uv":[2.0,0.0,0.0,0.0],"texture":"#0"},"up":{"uv":[0.0,1.5,2.0,0.5],"texture":"#0","rotation":90},"down":{"uv":[0.0,1.0,2.0,0.0],"texture":"#0","rotation":270}}},{"from":[11.5,4.45,7.0],"to":[11.5,5.45,8.0],"rotation":{"origin":[16.0,-18.0,0.0],"axis":"y","angle":0.0},"faces":{"north":{"uv":[0.0,0.0,4.0,0.0],"texture":"#0","rotation":270},"east":{"uv":[1.5,11.0,2.0,10.5],"texture":"#0","rotation":180},"south":{"uv":[0.0,0.0,4.0,0.0],"texture":"#0","rotation":90},"west":{"uv":[1.0,9.5,1.5,10.0],"texture":"#0"},"up":{"uv":[0.0,0.0,2.0,0.0],"texture":"#0","rotation":90},"down":{"uv":[0.0,0.0,2.0,0.0],"texture":"#0","rotation":90}}},{"from":[7.0,4.45,11.75],"to":[8.0,5.45,11.75],"rotation":{"origin":[0.0,-18.0,0.0],"axis":"y","angle":0.0},"faces":{"north":{"uv":[0.5,12.5,0.0,12.0],"texture":"#0","rotation":180},"east":{"uv":[0.0,0.0,4.0,0.0],"texture":"#0","rotation":270},"south":{"uv":[1.5,10.0,1.0,10.5],"texture":"#0"},"west":{"uv":[0.0,0.0,4.0,0.0],"texture":"#0","rotation":90},"up":{"uv":[0.0,0.0,2.0,0.0],"texture":"#0","rotation":180},"down":{"uv":[0.0,0.0,2.0,0.0],"texture":"#0"}}},{"from":[4.55,4.55,7.0],"to":[4.55,5.55,8.0],"rotation":{"origin":[0.0,-18.0,0.0],"axis":"y","angle":0.0},"faces":{"north":{"uv":[0.0,0.0,4.0,0.0],"texture":"#0","rotation":270},"east":{"uv":[1.5,14.5,1.0,15.0],"texture":"#0"},"south":{"uv":[0.0,0.0,4.0,0.0],"texture":"#0","rotation":90},"west":{"uv":[4.0,2.5,3.5,2.0],"texture":"#0","rotation":180},"up":{"uv":[0.0,0.0,2.0,0.0],"texture":"#0","rotation":90},"down":{"uv":[0.0,0.0,2.0,0.0],"texture":"#0","rotation":90}}},{"from":[-4.1,7.2,6.0],"to":[-2.1,7.2,10.0],"rotation":{"origin":[0.0,-18.0,0.0],"axis":"z","angle":-22.5},"faces":{"north":{"uv":[0.0,0.0,1.0,0.0],"texture":"#0"},"east":{"uv":[0.0,0.0,2.0,0.0],"texture":"#0"},"south":{"uv":[0.0,0.0,1.0,0.0],"texture":"#0"},"west":{"uv":[0.0,0.0,2.0,0.0],"texture":"#0"},"up":{"uv":[0.0,11.0,2.0,12.0],"texture":"#0","rotation":90},"down":{"uv":[0.0,0.0,1.0,2.0],"texture":"#0"}}}],"textures":{"particle":"0c7f7c95-66fc-4755-aa5f-eff214dd10ab","0":"0c7f7c95-66fc-4755-aa5f-eff214dd10ab","1":"block/spruce_log"},"gui_light":"front"}