{"display":{"thirdperson_righthand":{"rotation":[48.61,39.75,0.89],"translation":[0.25,2.75,1.5],"scale":[0.35453,0.35453,0.35453]},"thirdperson_lefthand":{"rotation":[48.61,39.75,0.89],"translation":[0.25,2.75,1.5],"scale":[0.35453,0.35453,0.35453]},"firstperson_righthand":{"rotation":[-166.0,71.0,168.78],"translation":[17.5,-5.5,-20.25],"scale":[1.10938,1.10938,1.10938]},"firstperson_lefthand":{"rotation":[-166.0,71.0,168.78],"translation":[17.5,-5.5,-20.25],"scale":[1.10938,1.10938,1.10938]},"ground":{"translation":[0.5,1.75,0.0],"scale":[0.61719,0.61719,0.61719]},"gui":{"rotation":[13.2,165.0,1.2],"translation":[0.0,-3.0,0.0],"scale":[0.49609,0.49609,0.49609]},"head":{"translation":[0.0,-30.4,0.0],"scale":[1.6,1.6,1.6]},"fixed":{"rotation":[-90.0,0.0,0.0],"translation":[0.0,0.0,-14.0],"scale":[2.0,2.0,2.0]}},"elements":[{"from":[0.0,8.0,0.0],"to":[16.0,14.0,16.0],"faces":{"north":{"uv":[3.5625,9.125,5.5625,9.875],"texture":"#0"},"east":{"uv":[3.5625,9.125,5.5625,9.875],"texture":"#0"},"south":{"uv":[3.5625,9.125,5.5625,9.875],"texture":"#0"},"west":{"uv":[3.5625,9.125,5.5625,9.875],"texture":"#0"},"up":{"uv":[3.5625,7.125,5.5625,9.125],"texture":"#0"},"down":{"uv":[3.5625,7.125,5.5625,9.125],"texture":"#0"}}},{"from":[1.0,0.0,1.0],"to":[15.0,8.0,15.0],"faces":{"north":{"uv":[6.25,6.125,8.0,7.125],"texture":"#0"},"east":{"uv":[6.25,6.125,8.0,7.125],"texture":"#0"},"south":{"uv":[6.25,6.125,8.0,7.125],"texture":"#0"},"west":{"uv":[6.25,6.125,8.0,7.125],"texture":"#0"},"up":{"uv":[6.25,4.375,8.0,6.125],"texture":"#0"},"down":{"uv":[6.25,4.375,8.0,6.125],"texture":"#0"}}},{"from":[11.2,12.5,2.6],"to":[22.2,17.7,2.6],"rotation":{"origin":[15.7,15.1,2.6],"axis":"y","angle":-22.5},"faces":{"north":{"uv":[11.5625,0.65,12.9375,0.0],"texture":"#0"},"east":{"uv":[1.9375,2.9,2.325,2.5],"texture":"#0"},"south":{"uv":[12.9375,0.65,11.5625,0.0],"texture":"#0"},"west":{"uv":[1.9375,2.9,2.325,2.5],"texture":"#0"},"up":{"uv":[2.375,2.5,2.75,2.8875],"texture":"#0"},"down":{"uv":[1.125,2.9375,1.5,3.325],"texture":"#0","rotation":180}}},{"from":[-6.0,12.5,2.6],"to":[5.0,17.7,2.6],"rotation":{"origin":[0.5,15.1,2.6],"axis":"y","angle":22.5},"faces":{"north":{"uv":[12.9375,0.65,11.5625,0.0],"texture":"#0"},"east":{"uv":[2.325,2.9,1.9375,2.5],"texture":"#0"},"south":{"uv":[11.5625,0.65,12.9375,0.0],"texture":"#0"},"west":{"uv":[2.325,2.9,1.9375,2.5],"texture":"#0"},"up":{"uv":[2.75,2.5,2.375,2.8875],"texture":"#0"},"down":{"uv":[1.5,2.9375,1.125,3.325],"texture":"#0","rotation":180}}},{"from":[5.5,9.7,-1.5],"to":[10.5,14.7,-1.5],"rotation":{"origin":[16.0,-17.3,-7.3],"axis":"y","angle":0.0},"faces":{"north":{"uv":[15.0,0.9375,16.0,1.9375],"texture":"#0"},"east":{"uv":[0.0,0.0,0.0,14.0],"texture":"#missing"},"south":{"uv":[16.0,0.9375,15.0,1.9375],"texture":"#0"},"west":{"uv":[0.0,0.0,0.0,14.0],"texture":"#missing"},"up":{"uv":[0.0,16.0,0.0,0.0],"texture":"#missing","rotation":270},"down":{"uv":[0.0,16.0,0.0,0.0],"texture":"#missing","rotation":90}}},{"from":[11.5,24.0,6.3],"to":[15.5,28.0,6.3],"rotation":{"origin":[11.5,25.0,6.3],"axis":"z","angle":-22.5},"faces":{"north":{"uv":[14.1875,0.9375,13.6875,1.4375],"texture":"#0"},"east":{"uv":[0.0,0.0,0.0,14.0],"texture":"#missing"},"south":{"uv":[13.6875,0.9375,14.1875,1.4375],"texture":"#0"},"west":{"uv":[0.0,0.0,0.0,14.0],"texture":"#missing"},"up":{"uv":[0.0,16.0,0.0,0.0],"texture":"#missing","rotation":90},"down":{"uv":[0.0,16.0,0.0,0.0],"texture":"#missing","rotation":270}}},{"from":[0.5,24.0,6.3],"to":[4.5,28.0,6.3],"rotation":{"origin":[4.5,25.0,6.3],"axis":"z","angle":22.5},"faces":{"north":{"uv":[13.6875,0.9375,14.1875,1.4375],"texture":"#0"},"east":{"uv":[0.0,0.0,0.0,14.0],"texture":"#missing"},"south":{"uv":[14.1875,0.9375,13.6875,1.4375],"texture":"#0"},"west":{"uv":[0.0,0.0,0.0,14.0],"texture":"#missing"},"up":{"uv":[0.0,0.0,0.0,16.0],"texture":"#missing","rotation":90},"down":{"uv":[0.0,0.0,0.0,16.0],"texture":"#missing","rotation":270}}},{"from":[-4.0,25.0,6.3],"to":[0.0,29.0,6.3],"rotation":{"origin":[4.5,25.0,6.3],"axis":"z","angle":45.0},"faces":{"north":{"uv":[13.6875,0.9375,14.1875,1.4375],"texture":"#0"},"east":{"uv":[0.0,0.0,0.0,14.0],"texture":"#missing"},"south":{"uv":[14.1875,0.9375,13.6875,1.4375],"texture":"#0"},"west":{"uv":[0.0,0.0,0.0,14.0],"texture":"#missing"},"up":{"uv":[0.0,0.0,0.0,16.0],"texture":"#missing","rotation":90},"down":{"uv":[0.0,0.0,0.0,16.0],"texture":"#missing","rotation":270}}},{"from":[16.0,25.0,6.3],"to":[20.0,29.0,6.3],"rotation":{"origin":[11.5,25.0,6.3],"axis":"z","angle":-45.0},"faces":{"north":{"uv":[14.1875,0.9375,13.6875,1.4375],"texture":"#0"},"east":{"uv":[0.0,0.0,0.0,14.0],"texture":"#missing"},"south":{"uv":[13.6875,0.9375,14.1875,1.4375],"texture":"#0"},"west":{"uv":[0.0,0.0,0.0,14.0],"texture":"#missing"},"up":{"uv":[0.0,16.0,0.0,0.0],"texture":"#missing","rotation":90},"down":{"uv":[0.0,16.0,0.0,0.0],"texture":"#missing","rotation":270}}},{"from":[4.0,23.5,6.3],"to":[12.0,31.5,6.3],"rotation":{"origin":[16.0,0.0,13.8],"axis":"y","angle":0.0},"faces":{"north":{"uv":[15.0,0.9375,16.0,1.9375],"texture":"#0"},"east":{"uv":[0.0,0.0,0.0,14.0],"texture":"#missing"},"south":{"uv":[16.0,0.9375,15.0,1.9375],"texture":"#0"},"west":{"uv":[0.0,0.0,0.0,14.0],"texture":"#missing"},"up":{"uv":[0.0,0.0,0.0,16.0],"texture":"#missing","rotation":90},"down":{"uv":[0.0,0.0,0.0,16.0],"texture":"#missing","rotation":270}}},{"from":[6.75,9.7,-0.55],"to":[9.25,12.2,1.95],"rotation":{"origin":[-9.0,-16.8,-0.3],"axis":"y","angle":0.0},"faces":{"north":{"uv":[2.1875,2.125,2.5,2.4375],"texture":"#0"},"east":{"uv":[2.1875,2.125,2.5,2.4375],"texture":"#0"},"south":{"uv":[2.1875,2.125,2.5,2.4375],"texture":"#0"},"west":{"uv":[2.1875,2.125,2.5,2.4375],"texture":"#0"},"up":{"uv":[2.8125,2.4375,2.5,2.125],"texture":"#0","rotation":270},"down":{"uv":[2.8125,2.4375,2.5,2.125],"texture":"#0","rotation":90}}},{"from":[5.5,9.7,-1.4],"to":[10.5,16.7,-1.4],"rotation":{"origin":[10.5,18.2,-1.4],"axis":"z","angle":22.5},"faces":{"north":{"uv":[15.125,0.0,14.5,0.875],"texture":"#0"},"east":{"uv":[0.0,0.0,0.0,12.0],"texture":"#missing"},"south":{"uv":[14.5,0.0,15.125,0.875],"texture":"#0"},"west":{"uv":[0.0,0.0,0.0,12.0],"texture":"#missing"},"up":{"uv":[0.0,10.0,0.0,0.0],"texture":"#missing","rotation":90},"down":{"uv":[0.0,10.0,0.0,0.0],"texture":"#missing","rotation":270}}},{"from":[8.0,6.2,-2.3],"to":[13.0,8.2,3.7],"rotation":{"origin":[10.0,10.075,9.7],"axis":"z","angle":22.5},"faces":{"north":{"uv":[1.0,1.625,1.625,1.875],"texture":"#0"},"east":{"uv":[1.0,1.875,1.75,2.125],"texture":"#0"},"south":{"uv":[1.625,1.625,1.0,1.875],"texture":"#0"},"west":{"uv":[1.0,1.875,1.75,2.125],"texture":"#0"},"up":{"uv":[1.0,0.875,1.75,1.5],"texture":"#0","rotation":90},"down":{"uv":[1.0,0.875,1.75,1.5],"texture":"#0","rotation":270}}},{"from":[9.0,8.2,-1.3],"to":[12.0,11.2,2.7],"rotation":{"origin":[10.0,10.075,9.7],"axis":"z","angle":22.5},"faces":{"north":{"uv":[1.125,0.0,1.5,0.375],"texture":"#0"},"east":{"uv":[1.625,0.0,2.125,0.375],"texture":"#0"},"south":{"uv":[1.5,0.0,1.125,0.375],"texture":"#0"},"west":{"uv":[1.625,0.0,2.125,0.375],"texture":"#0"},"up":{"uv":[1.125,0.375,1.625,0.75],"texture":"#0","rotation":90},"down":{"uv":[1.125,0.375,1.625,0.75],"texture":"#0","rotation":270}}},{"from":[5.5,9.7,-1.4],"to":[10.5,16.7,-1.4],"rotation":{"origin":[5.5,18.2,-1.4],"axis":"z","angle":-22.5},"faces":{"north":{"uv":[14.5,0.0,15.125,0.875],"texture":"#0"},"east":{"uv":[0.0,0.0,0.0,12.0],"texture":"#missing"},"south":{"uv":[15.125,0.0,14.5,0.875],"texture":"#0"},"west":{"uv":[0.0,0.0,0.0,12.0],"texture":"#missing"},"up":{"uv":[0.0,0.0,0.0,10.0],"texture":"#missing","rotation":90},"down":{"uv":[0.0,0.0,0.0,10.0],"texture":"#missing","rotation":270}}},{"from":[3.0,6.2,-2.3],"to":[8.0,8.2,3.7],"rotation":{"origin":[6.0,10.075,9.7],"axis":"z","angle":-22.5},"faces":{"north":{"uv":[1.625,1.625,1.0,1.875],"texture":"#0"},"east":{"uv":[1.75,1.875,1.0,2.125],"texture":"#0"},"south":{"uv":[1.0,1.625,1.625,1.875],"texture":"#0"},"west":{"uv":[1.75,1.875,1.0,2.125],"texture":"#0"},"up":{"uv":[1.0,1.5,1.75,0.875],"texture":"#0","rotation":90},"down":{"uv":[1.0,1.5,1.75,0.875],"texture":"#0","rotation":270}}},{"from":[4.0,8.2,-1.3],"to":[7.0,11.2,2.7],"rotation":{"origin":[6.0,10.075,9.7],"axis":"z","angle":-22.5},"faces":{"north":{"uv":[1.5,0.0,1.125,0.375],"texture":"#0"},"east":{"uv":[2.125,0.0,1.625,0.375],"texture":"#0"},"south":{"uv":[1.125,0.0,1.5,0.375],"texture":"#0"},"west":{"uv":[2.125,0.0,1.625,0.375],"texture":"#0"},"up":{"uv":[1.125,0.75,1.625,0.375],"texture":"#0","rotation":90},"down":{"uv":[1.125,0.75,1.625,0.375],"texture":"#0","rotation":270}}},{"from":[13.0,4.2,-0.3],"to":[15.0,5.7,1.7],"rotation":{"origin":[-6.0,-1.925,8.7],"axis":"z","angle":22.5},"faces":{"north":{"uv":[1.875,0.8125,2.125,1.0],"texture":"#0"},"east":{"uv":[1.75,0.625,2.0,0.8125],"texture":"#0"},"south":{"uv":[2.125,0.8125,1.875,1.0],"texture":"#0"},"west":{"uv":[1.75,0.625,2.0,0.8125],"texture":"#0"},"up":{"uv":[1.75,0.375,2.0,0.625],"texture":"#0","rotation":90},"down":{"uv":[1.75,0.375,2.0,0.625],"texture":"#0","rotation":270}}},{"from":[1.0,4.2,-0.3],"to":[3.0,5.7,1.7],"rotation":{"origin":[22.0,-1.925,8.7],"axis":"z","angle":-22.5},"faces":{"north":{"uv":[2.125,0.8125,1.875,1.0],"texture":"#0"},"east":{"uv":[2.0,0.625,1.75,0.8125],"texture":"#0"},"south":{"uv":[1.875,0.8125,2.125,1.0],"texture":"#0"},"west":{"uv":[2.0,0.625,1.75,0.8125],"texture":"#0"},"up":{"uv":[1.75,0.625,2.0,0.375],"texture":"#0","rotation":90},"down":{"uv":[1.75,0.625,2.0,0.375],"texture":"#0","rotation":270}}},{"from":[7.5,10.7,-0.8],"to":[10.5,13.7,2.2],"rotation":{"origin":[7.9375,13.2,0.4625],"axis":"z","angle":-45.0},"faces":{"north":{"uv":[1.875,1.5625,2.25,1.9375],"texture":"#0"},"east":{"uv":[2.625,1.5625,2.25,1.9375],"texture":"#0","rotation":270},"south":{"uv":[2.25,1.5625,1.875,1.9375],"texture":"#0"},"west":{"uv":[2.625,1.9375,3.0,1.5625],"texture":"#0"},"up":{"uv":[3.0,1.9375,2.625,1.5625],"texture":"#0","rotation":270},"down":{"uv":[2.25,1.9375,2.625,1.5625],"texture":"#0"}}},{"from":[7.0,22.8,6.5],"to":[9.0,24.8,8.5],"rotation":{"origin":[5.0,6.0,7.5],"axis":"y","angle":0.0},"faces":{"north":{"uv":[3.25,1.5,3.0,1.75],"texture":"#0"},"east":{"uv":[3.25,1.5,3.0,1.75],"texture":"#0"},"south":{"uv":[3.25,1.5,3.0,1.75],"texture":"#0"},"west":{"uv":[3.25,1.5,3.0,1.75],"texture":"#0"},"up":{"uv":[3.25,1.5,3.0,1.75],"texture":"#0","rotation":90},"down":{"uv":[3.25,1.5,3.0,1.75],"texture":"#0","rotation":270}}},{"from":[5.5,21.0,7.0],"to":[10.5,28.0,7.0],"rotation":{"origin":[5.5,29.5,7.0],"axis":"z","angle":-22.5},"faces":{"north":{"uv":[14.5,0.0,15.125,0.875],"texture":"#0"},"east":{"uv":[0.0,0.0,0.0,12.0],"texture":"#missing"},"south":{"uv":[15.125,0.0,14.5,0.875],"texture":"#0"},"west":{"uv":[0.0,0.0,0.0,12.0],"texture":"#missing"},"up":{"uv":[0.0,0.0,0.0,10.0],"texture":"#missing","rotation":90},"down":{"uv":[0.0,0.0,0.0,10.0],"texture":"#missing","rotation":270}}},{"from":[5.5,21.0,7.0],"to":[10.5,28.0,7.0],"rotation":{"origin":[10.5,29.5,7.0],"axis":"z","angle":22.5},"faces":{"north":{"uv":[15.125,0.0,14.5,0.875],"texture":"#0"},"east":{"uv":[0.0,0.0,0.0,12.0],"texture":"#missing"},"south":{"uv":[14.5,0.0,15.125,0.875],"texture":"#0"},"west":{"uv":[0.0,0.0,0.0,12.0],"texture":"#missing"},"up":{"uv":[0.0,10.0,0.0,0.0],"texture":"#missing","rotation":90},"down":{"uv":[0.0,10.0,0.0,0.0],"texture":"#missing","rotation":270}}},{"from":[1.5,11.5,7.2],"to":[14.5,24.5,7.2],"rotation":{"origin":[16.0,-5.0,-0.5],"axis":"y","angle":0.0},"faces":{"north":{"uv":[11.25,0.9375,12.875,2.5625],"texture":"#0"},"east":{"uv":[0.0,0.0,0.0,1.5],"texture":"#missing"},"south":{"uv":[11.25,0.9375,12.875,2.5625],"texture":"#0"},"west":{"uv":[0.0,0.0,0.0,1.5],"texture":"#missing"},"up":{"uv":[0.0,0.0,0.0,1.5],"texture":"#missing","rotation":90},"down":{"uv":[0.0,0.0,0.0,1.5],"texture":"#missing","rotation":270}}},{"from":[1.5,11.5,7.8],"to":[14.5,24.5,7.8],"rotation":{"origin":[16.0,-5.0,15.5],"axis":"y","angle":0.0},"faces":{"north":{"uv":[12.875,0.9375,11.25,2.5625],"texture":"#0"},"east":{"uv":[0.0,0.0,0.0,1.5],"texture":"#missing"},"south":{"uv":[12.875,0.9375,11.25,2.5625],"texture":"#0"},"west":{"uv":[0.0,0.0,0.0,1.5],"texture":"#missing"},"up":{"uv":[0.0,0.0,0.0,1.5],"texture":"#missing","rotation":90},"down":{"uv":[0.0,0.0,0.0,1.5],"texture":"#missing","rotation":270}}},{"from":[4.0,14.2,7.5],"to":[12.0,22.2,7.5],"rotation":{"origin":[16.0,7.0,15.5],"axis":"y","angle":0.0},"faces":{"north":{"uv":[0.0,0.0,16.0,16.0],"texture":"#1"},"east":{"uv":[0.0,0.0,0.0,16.0],"texture":"#1"},"south":{"uv":[16.0,0.0,0.0,16.0],"texture":"#1"},"west":{"uv":[0.0,0.0,0.0,16.0],"texture":"#1"},"up":{"uv":[0.0,16.0,0.0,0.0],"texture":"#1","rotation":90},"down":{"uv":[0.0,0.0,0.0,16.0],"texture":"#1","rotation":270}}},{"from":[-5.0,13.2,7.5],"to":[1.0,19.2,7.5],"rotation":{"origin":[-2.0,18.2,7.5],"axis":"z","angle":22.5},"faces":{"north":{"uv":[0.0,0.0,16.0,16.0],"texture":"#1"},"east":{"uv":[0.0,0.0,0.0,16.0],"texture":"#1"},"south":{"uv":[16.0,0.0,0.0,16.0],"texture":"#1"},"west":{"uv":[0.0,0.0,0.0,16.0],"texture":"#1"},"up":{"uv":[0.0,16.0,0.0,0.0],"texture":"#1","rotation":90},"down":{"uv":[0.0,0.0,0.0,16.0],"texture":"#1","rotation":270}}},{"from":[15.0,14.2,7.5],"to":[21.0,20.2,7.5],"rotation":{"origin":[18.0,18.2,7.5],"axis":"z","angle":-22.5},"faces":{"north":{"uv":[16.0,0.0,0.0,16.0],"texture":"#1"},"east":{"uv":[0.0,0.0,0.0,16.0],"texture":"#1"},"south":{"uv":[0.0,0.0,16.0,16.0],"texture":"#1"},"west":{"uv":[0.0,0.0,0.0,16.0],"texture":"#1"},"up":{"uv":[0.0,0.0,0.0,16.0],"texture":"#1","rotation":90},"down":{"uv":[0.0,16.0,0.0,0.0],"texture":"#1","rotation":270}}}],"textures":{"particle":"e6c2522b-23c1-4207-ae3e-2d6433fc1cbc","0":"e6c2522b-23c1-4207-ae3e-2d6433fc1cbc","1":"7ffc4847-e327-4ba4-92e3-9d5fa972265a"},"gui_light":"front"}