{"display":{"thirdperson_righthand":{"translation":[-1.25,1.5,-0.5]},"thirdperson_lefthand":{"translation":[-1.25,1.5,-0.5]},"firstperson_righthand":{"rotation":[0.0,-9.5,0.0],"translation":[1.23,2.25,0.25]},"firstperson_lefthand":{"rotation":[0.0,-9.6,0.0],"translation":[1.2,2.25,0.25]},"ground":{"rotation":[15.0,0.0,0.0],"translation":[0.0,10.0,3.5]},"gui":{"rotation":[90.0,45.0,0.0],"translation":[2.0,-2.25,0.0],"scale":[0.79883,0.79883,0.79883]},"head":{"rotation":[-45.0,180.0,0.0]},"fixed":{"rotation":[-90.0,0.0,0.0],"translation":[-0.25,3.0,-7.5],"scale":[2.5,2.5,2.5]}},"elements":[{"from":[7.65099,7.26664,0.65099],"to":[9.40099,8.46664,2.40099],"rotation":{"origin":[8.0,7.36664,1.0],"axis":"y","angle":-45.0},"faces":{"north":{"uv":[4.66667,12.0,5.33333,13.33333],"texture":"#3","rotation":270},"east":{"uv":[6.0,13.33333,5.33333,12.0],"texture":"#3","rotation":90},"south":{"uv":[12.0,4.66667,12.66667,6.0],"texture":"#3","rotation":90},"west":{"uv":[12.66667,6.66667,12.0,8.0],"texture":"#3","rotation":90},"up":{"uv":[8.0,7.33333,9.33333,8.66667],"texture":"#3","rotation":90},"down":{"uv":[8.0,6.0,9.33333,7.33333],"texture":"#3","rotation":90}}},{"from":[7.90099,7.01664,0.90099],"to":[9.15099,8.71664,2.15099],"rotation":{"origin":[8.0,7.36664,1.0],"axis":"y","angle":-45.0},"faces":{"north":{"uv":[7.33333,11.33333,8.33333,12.33333],"texture":"#3","rotation":270},"east":{"uv":[12.33333,11.0,11.33333,10.0],"texture":"#3","rotation":90},"south":{"uv":[11.33333,8.66667,12.33333,9.66667],"texture":"#3","rotation":90},"west":{"uv":[12.33333,11.33333,11.33333,12.33333],"texture":"#3","rotation":90},"up":{"uv":[10.0,11.33333,11.0,12.33333],"texture":"#3","rotation":90},"down":{"uv":[8.66667,11.33333,9.66667,12.33333],"texture":"#3","rotation":90}}},{"from":[8.52039,7.66664,2.58824],"to":[10.52039,8.36664,3.83824],"rotation":{"origin":[12.45172,8.06164,1.63519],"axis":"y","angle":-22.5},"faces":{"north":{"uv":[13.33333,8.66667,13.66667,10.0],"texture":"#3","rotation":270},"east":{"uv":[7.0,15.0,6.66667,14.0],"texture":"#3","rotation":90},"south":{"uv":[13.33333,10.0,13.66667,11.33333],"texture":"#3","rotation":90},"up":{"uv":[10.0,2.0,11.0,3.33333],"texture":"#3","rotation":90},"down":{"uv":[1.33333,10.0,2.33333,11.33333],"texture":"#3","rotation":90}}},{"from":[9.56309,7.66864,0.11993],"to":[12.56309,8.36464,1.11993],"rotation":{"origin":[12.45172,8.06164,1.63519],"axis":"y","angle":45.0},"faces":{"north":{"uv":[10.66667,12.66667,11.0,14.66667],"texture":"#3","rotation":270},"east":{"uv":[11.66667,14.66667,11.33333,14.0],"texture":"#3","rotation":90},"south":{"uv":[12.66667,10.66667,13.0,12.66667],"texture":"#3","rotation":90},"west":{"uv":[14.33333,11.33333,14.0,12.0],"texture":"#3","rotation":90},"up":{"uv":[0.66667,10.0,1.33333,12.0],"texture":"#3","rotation":90},"down":{"uv":[10.0,0.0,10.66667,2.0],"texture":"#3","rotation":90}}},{"from":[11.56309,7.66864,-0.88007],"to":[12.56309,8.36464,0.11993],"rotation":{"origin":[12.45172,8.06164,1.63519],"axis":"y","angle":45.0},"faces":{"east":{"uv":[14.33333,10.66667,14.0,10.0],"texture":"#3","rotation":90},"west":{"uv":[14.33333,10.66667,14.0,11.33333],"texture":"#3","rotation":90},"up":{"uv":[13.33333,8.0,14.0,8.66667],"texture":"#3","rotation":90},"down":{"uv":[13.33333,7.33333,14.0,8.0],"texture":"#3","rotation":90}}},{"from":[9.64304,7.64136,0.26473],"to":[10.19804,8.39192,1.62473],"rotation":{"origin":[12.45172,8.06164,1.63519],"axis":"y","angle":-22.5},"faces":{"north":{"uv":[2.0,15.66667,2.66667,16.0],"texture":"#3","rotation":270},"east":{"uv":[13.33333,10.33333,12.66667,9.33333],"texture":"#3","rotation":90},"south":{"uv":[10.0,14.0,10.66667,14.33333],"texture":"#3","rotation":90},"west":{"uv":[10.66667,12.66667,10.0,13.66667],"texture":"#3","rotation":90},"up":{"uv":[0.66667,15.66667,1.66667,16.0],"texture":"#3","rotation":90},"down":{"uv":[0.66667,15.0,1.66667,15.33333],"texture":"#3","rotation":90}}},{"from":[15.19762,7.69164,1.51616],"to":[16.69762,8.34164,2.01616],"rotation":{"origin":[12.45172,8.06164,1.63519],"axis":"y","angle":-45.0},"faces":{"north":{"uv":[4.66667,14.0,5.0,15.0],"texture":"#3","rotation":270},"south":{"uv":[5.33333,14.0,5.66667,15.0],"texture":"#3","rotation":90},"up":{"uv":[6.0,14.0,6.33333,15.0],"texture":"#3","rotation":90},"down":{"uv":[14.0,4.66667,14.33333,5.66667],"texture":"#3","rotation":90}}},{"from":[11.03416,7.69164,2.57603],"to":[15.03416,8.34164,3.07603],"rotation":{"origin":[12.45172,8.06164,1.63519],"axis":"y","angle":-22.5},"faces":{"north":{"uv":[12.66667,1.33333,13.0,4.0],"texture":"#3","rotation":270},"south":{"uv":[12.66667,6.66667,13.0,9.33333],"texture":"#3","rotation":90},"up":{"uv":[7.33333,12.66667,7.66667,15.33333],"texture":"#3","rotation":90},"down":{"uv":[3.33333,12.66667,3.66667,15.33333],"texture":"#3","rotation":90}}},{"from":[16.12647,7.52164,2.67924],"to":[17.29647,8.69164,3.84924],"rotation":{"origin":[12.45172,8.06164,1.63519],"axis":"y","angle":-22.5},"faces":{"north":{"uv":[4.66667,13.33333,5.33333,14.0],"texture":"#3","rotation":270},"east":{"uv":[7.33333,14.0,6.66667,13.33333],"texture":"#3","rotation":90},"south":{"uv":[13.33333,5.33333,14.0,6.0],"texture":"#3","rotation":90},"west":{"uv":[14.0,6.66667,13.33333,7.33333],"texture":"#3","rotation":90},"up":{"uv":[6.0,13.33333,6.66667,14.0],"texture":"#3","rotation":90},"down":{"uv":[5.33333,13.33333,6.0,14.0],"texture":"#3","rotation":90}}},{"from":[9.97336,8.00164,-5.0],"to":[13.47336,8.03164,2.0],"rotation":{"origin":[12.45172,8.06164,1.63519],"axis":"y","angle":0.0},"faces":{"up":{"uv":[0.0,3.33333,4.66667,5.66667],"texture":"#3","rotation":90},"down":{"uv":[4.66667,3.33333,0.0,5.66667],"texture":"#3","rotation":90}}},{"from":[11.03416,7.84164,2.07603],"to":[15.03416,8.19164,2.57603],"rotation":{"origin":[12.45172,8.06164,1.63519],"axis":"y","angle":-22.5},"faces":{"north":{"uv":[8.0,12.66667,8.33333,15.33333],"texture":"#3","rotation":270},"up":{"uv":[9.33333,12.66667,9.66667,15.33333],"texture":"#3","rotation":90},"down":{"uv":[8.66667,12.66667,9.0,15.33333],"texture":"#3","rotation":90}}},{"from":[15.00629,7.84164,1.05422],"to":[16.75629,8.19164,1.55422],"rotation":{"origin":[12.45172,8.06164,1.63519],"axis":"y","angle":-45.0},"faces":{"north":{"uv":[14.0,2.0,14.33333,3.0],"texture":"#3","rotation":270},"up":{"uv":[14.0,3.33333,14.33333,4.33333],"texture":"#3","rotation":90},"down":{"uv":[2.66667,14.0,3.0,15.0],"texture":"#3","rotation":90}}},{"from":[12.20468,7.89164,2.73352],"to":[15.20468,8.14164,3.73352],"rotation":{"origin":[12.45172,8.06164,1.63519],"axis":"y","angle":-22.5},"faces":{"south":{"uv":[12.66667,4.0,13.0,6.0],"texture":"#3","rotation":90},"up":{"uv":[0.0,10.0,0.66667,12.0],"texture":"#3","rotation":90},"down":{"uv":[9.33333,6.66667,10.0,8.66667],"texture":"#3","rotation":90}}},{"from":[13.63757,7.89164,3.96066],"to":[14.63757,8.14164,4.96066],"rotation":{"origin":[13.07691,8.01664,3.4],"axis":"y","angle":22.5},"faces":{"south":{"uv":[14.0,8.66667,14.33333,9.33333],"texture":"#3","rotation":90},"up":{"uv":[12.0,8.0,12.66667,8.66667],"texture":"#3","rotation":90},"down":{"uv":[11.33333,5.33333,12.0,6.0],"texture":"#3","rotation":90}}},{"from":[10.79329,7.89164,1.94425],"to":[11.79329,8.14164,2.94425],"rotation":{"origin":[12.45172,8.06164,1.63519],"axis":"y","angle":22.5},"faces":{"west":{"uv":[14.33333,8.0,14.0,8.66667],"texture":"#3","rotation":90},"up":{"uv":[10.66667,4.66667,11.33333,5.33333],"texture":"#3","rotation":90},"down":{"uv":[10.66667,1.33333,11.33333,2.0],"texture":"#3","rotation":90}}},{"from":[4.20671,7.89164,1.94425],"to":[5.20671,8.14164,2.94425],"rotation":{"origin":[3.54828,8.06164,1.63519],"axis":"y","angle":-22.5},"faces":{"east":{"uv":[14.33333,8.66667,14.0,8.0],"texture":"#3","rotation":90},"up":{"uv":[10.66667,5.33333,11.33333,4.66667],"texture":"#3","rotation":90},"down":{"uv":[10.66667,2.0,11.33333,1.33333],"texture":"#3","rotation":90}}},{"from":[1.36243,7.89164,3.96066],"to":[2.36243,8.14164,4.96066],"rotation":{"origin":[2.92309,8.01664,3.4],"axis":"y","angle":-22.5},"faces":{"south":{"uv":[14.0,9.33333,14.33333,8.66667],"texture":"#3","rotation":90},"up":{"uv":[12.0,8.66667,12.66667,8.0],"texture":"#3","rotation":90},"down":{"uv":[11.33333,6.0,12.0,5.33333],"texture":"#3","rotation":90}}},{"from":[0.79532,7.89164,2.73352],"to":[3.79532,8.14164,3.73352],"rotation":{"origin":[3.54828,8.06164,1.63519],"axis":"y","angle":22.5},"faces":{"south":{"uv":[12.66667,6.0,13.0,4.0],"texture":"#3","rotation":90},"up":{"uv":[0.0,12.0,0.66667,10.0],"texture":"#3","rotation":90},"down":{"uv":[9.33333,8.66667,10.0,6.66667],"texture":"#3","rotation":90}}},{"from":[-0.75629,7.84164,1.05422],"to":[0.99371,8.19164,1.55422],"rotation":{"origin":[3.54828,8.06164,1.63519],"axis":"y","angle":45.0},"faces":{"north":{"uv":[14.0,3.0,14.33333,2.0],"texture":"#3","rotation":270},"up":{"uv":[14.0,4.33333,14.33333,3.33333],"texture":"#3","rotation":90},"down":{"uv":[2.66667,15.0,3.0,14.0],"texture":"#3","rotation":90}}},{"from":[2.52664,8.00164,-5.0],"to":[6.02664,8.03164,2.0],"rotation":{"origin":[3.54828,8.06164,1.63519],"axis":"y","angle":0.0},"faces":{"up":{"uv":[0.0,5.66667,4.66667,3.33333],"texture":"#3","rotation":90},"down":{"uv":[4.66667,5.66667,0.0,3.33333],"texture":"#3","rotation":90}}},{"from":[-1.29647,7.52164,2.67924],"to":[-0.12647,8.69164,3.84924],"rotation":{"origin":[3.54828,8.06164,1.63519],"axis":"y","angle":22.5},"faces":{"north":{"uv":[4.66667,14.0,5.33333,13.33333],"texture":"#3","rotation":270},"east":{"uv":[14.0,7.33333,13.33333,6.66667],"texture":"#3","rotation":90},"south":{"uv":[13.33333,6.0,14.0,5.33333],"texture":"#3","rotation":90},"west":{"uv":[7.33333,13.33333,6.66667,14.0],"texture":"#3","rotation":90},"up":{"uv":[6.0,14.0,6.66667,13.33333],"texture":"#3","rotation":90},"down":{"uv":[5.33333,14.0,6.0,13.33333],"texture":"#3","rotation":90}}},{"from":[0.96584,7.69164,2.57603],"to":[4.96584,8.34164,3.07603],"rotation":{"origin":[3.54828,8.06164,1.63519],"axis":"y","angle":22.5},"faces":{"north":{"uv":[12.66667,4.0,13.0,1.33333],"texture":"#3","rotation":270},"south":{"uv":[12.66667,9.33333,13.0,6.66667],"texture":"#3","rotation":90},"up":{"uv":[7.33333,15.33333,7.66667,12.66667],"texture":"#3","rotation":90},"down":{"uv":[3.33333,15.33333,3.66667,12.66667],"texture":"#3","rotation":90}}},{"from":[-0.69762,7.69164,1.51616],"to":[0.80238,8.34164,2.01616],"rotation":{"origin":[3.54828,8.06164,1.63519],"axis":"y","angle":45.0},"faces":{"north":{"uv":[4.66667,15.0,5.0,14.0],"texture":"#3","rotation":270},"south":{"uv":[5.33333,15.0,5.66667,14.0],"texture":"#3","rotation":90},"up":{"uv":[6.0,15.0,6.33333,14.0],"texture":"#3","rotation":90},"down":{"uv":[14.0,5.66667,14.33333,4.66667],"texture":"#3","rotation":90}}},{"from":[5.80196,7.64136,0.26473],"to":[6.35696,8.39192,1.62473],"rotation":{"origin":[3.54828,8.06164,1.63519],"axis":"y","angle":22.5},"faces":{"north":{"uv":[2.0,16.0,2.66667,15.66667],"texture":"#3","rotation":270},"east":{"uv":[10.66667,13.66667,10.0,12.66667],"texture":"#3","rotation":90},"south":{"uv":[10.0,14.33333,10.66667,14.0],"texture":"#3","rotation":90},"west":{"uv":[13.33333,9.33333,12.66667,10.33333],"texture":"#3","rotation":90},"up":{"uv":[0.66667,16.0,1.66667,15.66667],"texture":"#3","rotation":90},"down":{"uv":[0.66667,15.33333,1.66667,15.0],"texture":"#3","rotation":90}}},{"from":[3.43691,7.66864,-0.88007],"to":[4.43691,8.36464,0.11993],"rotation":{"origin":[3.54828,8.06164,1.63519],"axis":"y","angle":-45.0},"faces":{"east":{"uv":[14.33333,11.33333,14.0,10.66667],"texture":"#3","rotation":90},"west":{"uv":[14.33333,10.0,14.0,10.66667],"texture":"#3","rotation":90},"up":{"uv":[13.33333,8.66667,14.0,8.0],"texture":"#3","rotation":90},"down":{"uv":[13.33333,8.0,14.0,7.33333],"texture":"#3","rotation":90}}},{"from":[3.43691,7.66864,0.11993],"to":[6.43691,8.36464,1.11993],"rotation":{"origin":[3.54828,8.06164,1.63519],"axis":"y","angle":-45.0},"faces":{"north":{"uv":[10.66667,14.66667,11.0,12.66667],"texture":"#3","rotation":270},"east":{"uv":[14.33333,12.0,14.0,11.33333],"texture":"#3","rotation":90},"south":{"uv":[12.66667,12.66667,13.0,10.66667],"texture":"#3","rotation":90},"west":{"uv":[11.66667,14.0,11.33333,14.66667],"texture":"#3","rotation":90},"up":{"uv":[0.66667,12.0,1.33333,10.0],"texture":"#3","rotation":90},"down":{"uv":[10.0,2.0,10.66667,0.0],"texture":"#3","rotation":90}}},{"from":[5.47961,7.66664,2.58824],"to":[7.47961,8.36664,3.83824],"rotation":{"origin":[3.54828,8.06164,1.63519],"axis":"y","angle":22.5},"faces":{"north":{"uv":[13.33333,10.0,13.66667,8.66667],"texture":"#3","rotation":270},"south":{"uv":[13.33333,11.33333,13.66667,10.0],"texture":"#3","rotation":90},"west":{"uv":[7.0,14.0,6.66667,15.0],"texture":"#3","rotation":90},"up":{"uv":[10.0,3.33333,11.0,2.0],"texture":"#3","rotation":90},"down":{"uv":[1.33333,11.33333,2.33333,10.0],"texture":"#3","rotation":90}}},{"from":[0.96584,7.84164,2.07603],"to":[4.96584,8.19164,2.57603],"rotation":{"origin":[3.54828,8.06164,1.63519],"axis":"y","angle":22.5},"faces":{"north":{"uv":[8.0,15.33333,8.33333,12.66667],"texture":"#3","rotation":270},"up":{"uv":[9.33333,15.33333,9.66667,12.66667],"texture":"#3","rotation":90},"down":{"uv":[8.66667,15.33333,9.0,12.66667],"texture":"#3","rotation":90}}},{"from":[6.25,6.75,-6.22936],"to":[9.75,10.25,-6.19936],"rotation":{"origin":[8.0,8.5,-6.22936],"axis":"z","angle":45.0},"faces":{"north":{"uv":[7.0,0.0,0.0,7.0],"texture":"#1","rotation":270},"south":{"uv":[7.0,7.0,0.0,0.0],"texture":"#1","rotation":270}}},{"from":[9.75,8.95,-1.0],"to":[17.75,8.95,7.0],"rotation":{"origin":[13.75,8.95,3.0],"axis":"y","angle":-22.5},"faces":{"up":{"uv":[16.0,16.0,0.0,0.0],"texture":"#2","rotation":180}}},{"from":[-1.75,8.95,-1.0],"to":[6.25,8.95,7.0],"rotation":{"origin":[2.25,8.95,3.0],"axis":"y","angle":22.5},"faces":{"up":{"uv":[0.0,16.0,16.0,0.0],"texture":"#2","rotation":180}}},{"from":[7.25,6.5,2.0],"to":[8.75,8.0,4.0],"rotation":{"origin":[7.25,0.0,0.0],"axis":"y","angle":0.0},"faces":{"north":{"uv":[0.0,12.0,1.0,13.0],"texture":"#3"},"east":{"uv":[10.0,3.33333,11.33333,4.33333],"texture":"#3"},"south":{"uv":[12.0,0.0,13.0,1.0],"texture":"#3"},"west":{"uv":[6.0,10.0,7.33333,11.0],"texture":"#3"},"up":{"uv":[11.0,8.0,10.0,6.66667],"texture":"#3"},"down":{"uv":[8.33333,10.0,7.33333,11.33333],"texture":"#3"}}},{"from":[7.25,6.0,8.75],"to":[8.75,8.0,10.75],"rotation":{"origin":[8.0,7.0,9.75],"axis":"x","angle":-45.0},"faces":{"north":{"uv":[8.66667,10.0,9.66667,11.33333],"texture":"#3"},"east":{"uv":[0.0,8.66667,1.33333,10.0],"texture":"#3"},"south":{"uv":[10.0,10.0,11.0,11.33333],"texture":"#3"},"west":{"uv":[1.33333,8.66667,2.66667,10.0],"texture":"#3"},"up":{"uv":[11.66667,1.33333,10.66667,0.0],"texture":"#3"},"down":{"uv":[5.66667,10.66667,4.66667,12.0],"texture":"#3"}}},{"from":[7.5,6.5,4.0],"to":[8.5,8.0,9.5],"rotation":{"origin":[7.25,0.0,0.0],"axis":"y","angle":0.0},"faces":{"east":{"uv":[0.0,6.0,3.66667,7.0],"texture":"#3"},"west":{"uv":[6.0,3.33333,9.66667,4.33333],"texture":"#3"},"up":{"uv":[6.66667,8.33333,6.0,4.66667],"texture":"#3"},"down":{"uv":[7.33333,4.66667,6.66667,8.33333],"texture":"#3"}}},{"from":[7.6,8.0,2.25],"to":[8.4,8.25,9.5],"rotation":{"origin":[7.25,0.0,0.0],"axis":"y","angle":0.0},"faces":{"east":{"uv":[6.0,9.33333,11.0,9.66667],"texture":"#3"},"west":{"uv":[9.33333,6.0,14.33333,6.33333],"texture":"#3"},"up":{"uv":[4.66667,11.0,4.0,6.0],"texture":"#3"}}},{"from":[7.5,7.25,10.0],"to":[8.5,8.0,14.5],"rotation":{"origin":[7.25,0.0,0.0],"axis":"y","angle":0.0},"faces":{"east":{"uv":[0.0,7.33333,3.0,8.0],"texture":"#3"},"west":{"uv":[7.33333,4.66667,10.33333,5.33333],"texture":"#3"},"up":{"uv":[4.0,10.33333,3.33333,7.33333],"texture":"#3"},"down":{"uv":[8.0,5.33333,7.33333,8.33333],"texture":"#3"}}},{"from":[7.4,5.25,14.5],"to":[8.6,8.1,15.0],"rotation":{"origin":[7.25,0.0,0.0],"axis":"y","angle":0.0},"faces":{"north":{"uv":[6.0,11.33333,6.66667,13.33333],"texture":"#3"},"east":{"uv":[0.0,13.33333,0.33333,15.33333],"texture":"#3"},"south":{"uv":[6.66667,11.33333,7.33333,13.33333],"texture":"#3"},"west":{"uv":[13.33333,0.0,13.66667,2.0],"texture":"#3"},"up":{"uv":[12.66667,14.33333,12.0,14.0],"texture":"#3"},"down":{"uv":[14.66667,12.0,14.0,12.33333],"texture":"#3"}}},{"from":[7.5,5.35,15.0],"to":[8.5,8.0,15.2],"rotation":{"origin":[7.25,0.0,0.0],"axis":"y","angle":0.0},"faces":{"east":{"uv":[13.33333,3.33333,13.66667,5.0],"texture":"#3"},"south":{"uv":[11.33333,6.66667,12.0,8.33333],"texture":"#3"},"west":{"uv":[4.0,13.33333,4.33333,15.0],"texture":"#3"},"up":{"uv":[13.33333,14.33333,12.66667,14.0],"texture":"#3"},"down":{"uv":[14.66667,12.66667,14.0,13.0],"texture":"#3"}}},{"from":[7.7,6.5,10.0],"to":[8.3,7.25,14.5],"rotation":{"origin":[7.25,0.0,0.0],"axis":"y","angle":0.0},"faces":{"east":{"uv":[0.0,8.0,3.0,8.66667],"texture":"#3"},"west":{"uv":[8.0,5.33333,11.0,6.0],"texture":"#3"},"down":{"uv":[12.33333,1.33333,12.0,4.33333],"texture":"#3"}}},{"from":[7.525,5.49944,3.00056],"to":[8.475,6.49944,7.00056],"rotation":{"origin":[7.25,-5.6E-4,5.6E-4],"axis":"y","angle":0.0},"faces":{"east":{"uv":[6.0,8.66667,8.66667,9.33333],"texture":"#3"},"west":{"uv":[8.66667,8.66667,11.33333,9.33333],"texture":"#3"},"down":{"uv":[3.33333,8.66667,2.66667,11.33333],"texture":"#3"}}},{"from":[7.525,7.8208,2.96131],"to":[8.475,8.8208,4.37631],"rotation":{"origin":[8.0,8.3208,0.88631],"axis":"x","angle":45.0},"faces":{"east":{"uv":[10.0,8.0,11.0,8.66667],"texture":"#3"},"west":{"uv":[11.33333,12.66667,12.33333,13.33333],"texture":"#3"},"down":{"uv":[13.33333,12.66667,12.66667,13.66667],"texture":"#3"}}},{"from":[7.525,7.8208,5.62481],"to":[8.475,8.8208,7.03981],"rotation":{"origin":[8.0,8.3208,9.11481],"axis":"x","angle":-45.0},"faces":{"east":{"uv":[0.66667,13.33333,1.66667,14.0],"texture":"#3"},"west":{"uv":[2.0,13.33333,3.0,14.0],"texture":"#3"},"down":{"uv":[14.0,2.0,13.33333,3.0],"texture":"#3"}}},{"from":[7.5,3.94696,9.30936],"to":[8.5,6.71196,10.30936],"rotation":{"origin":[8.0,5.65446,9.80936],"axis":"x","angle":-22.5},"faces":{"north":{"uv":[3.33333,10.66667,4.0,12.66667],"texture":"#3"},"east":{"uv":[1.33333,11.33333,2.0,13.33333],"texture":"#3"},"west":{"uv":[11.33333,1.33333,12.0,3.33333],"texture":"#3"}}},{"from":[7.4,3.19696,10.30936],"to":[8.6,6.36196,11.05936],"rotation":{"origin":[8.0,5.65446,9.80936],"axis":"x","angle":-22.5},"faces":{"north":{"uv":[2.0,11.33333,2.66667,13.33333],"texture":"#3"},"east":{"uv":[2.66667,11.33333,3.33333,13.33333],"texture":"#3"},"south":{"uv":[11.33333,3.33333,12.0,5.33333],"texture":"#3"},"west":{"uv":[4.0,11.33333,4.66667,13.33333],"texture":"#3"},"down":{"uv":[12.0,13.33333,11.33333,14.0],"texture":"#3"}}},{"from":[7.4,2.53977,9.75546],"to":[8.6,3.28977,10.92046],"rotation":{"origin":[8.0,3.78977,8.46296],"axis":"x","angle":-22.5},"faces":{"north":{"uv":[13.33333,11.33333,14.0,12.0],"texture":"#3"},"east":{"uv":[12.0,13.33333,12.66667,14.0],"texture":"#3"},"west":{"uv":[13.33333,12.0,14.0,12.66667],"texture":"#3"},"up":{"uv":[14.0,13.33333,13.33333,12.66667],"texture":"#3"},"down":{"uv":[14.0,13.33333,13.33333,14.0],"texture":"#3"}}},{"from":[7.75,5.76925,9.53892],"to":[8.25,6.76925,10.03892],"rotation":{"origin":[7.75,3.69425,9.53892],"axis":"x","angle":-22.5},"faces":{"north":{"uv":[13.33333,14.0,13.66667,14.66667],"texture":"#3"},"east":{"uv":[14.0,13.33333,14.33333,14.0],"texture":"#3"},"west":{"uv":[14.0,14.0,14.33333,14.66667],"texture":"#3"},"down":{"uv":[15.0,0.0,14.66667,0.33333],"texture":"#3"}}},{"from":[7.525,7.65,9.75],"to":[8.475,8.65,10.75],"rotation":{"origin":[7.625,7.65,9.75],"axis":"x","angle":-45.0},"faces":{"north":{"uv":[14.0,0.0,14.66667,0.66667],"texture":"#3"},"east":{"uv":[0.66667,14.0,1.33333,14.66667],"texture":"#3"},"south":{"uv":[14.0,0.66667,14.66667,1.33333],"texture":"#3"},"west":{"uv":[1.33333,14.0,2.0,14.66667],"texture":"#3"},"up":{"uv":[14.66667,2.0,14.0,1.33333],"texture":"#3"},"down":{"uv":[2.66667,14.0,2.0,14.66667],"texture":"#3"}}},{"from":[0.5,8.45,5.0],"to":[15.5,8.48,9.5],"rotation":{"origin":[4.0,8.45,5.0],"axis":"y","angle":0.0},"faces":{"up":{"uv":[10.0,3.0,0.0,0.0],"texture":"#3"},"down":{"uv":[10.0,0.0,0.0,3.0],"texture":"#3"}}},{"from":[6.75,8.4,-1.25],"to":[9.25,8.43,9.5],"rotation":{"origin":[8.0,8.415,4.125],"axis":"z","angle":-45.0},"faces":{"up":{"uv":[16.0,2.33333,14.33333,9.66667],"texture":"#3","rotation":180},"down":{"uv":[16.0,9.66667,14.33333,2.33333],"texture":"#3","rotation":180}}},{"from":[6.75,8.4,-1.25],"to":[9.25,8.43,9.5],"rotation":{"origin":[8.0,8.415,4.125],"axis":"z","angle":45.0},"faces":{"up":{"uv":[16.0,2.33333,14.33333,9.66667],"texture":"#3","rotation":180},"down":{"uv":[16.0,9.66667,14.33333,2.33333],"texture":"#3","rotation":180}}}],"textures":{"particle":"7b2875ea-ba1e-4ed3-b42a-62917f0a9a12","1":"7b2875ea-ba1e-4ed3-b42a-62917f0a9a12","2":"08e163fe-7346-4949-9051-d0c9719806e1","3":"87435a74-ac9f-4b92-a8a0-cb408b916934"},"gui_light":"front"}