{"display":{"thirdperson_righthand":{"translation":[0.0,-2.0,1.25]},"thirdperson_lefthand":{"translation":[0.0,-2.0,1.25]},"firstperson_righthand":{"rotation":[20.58,15.01,-0.04],"translation":[2.25,3.0,-0.25]},"firstperson_lefthand":{"rotation":[22.39,-23.01,0.94],"translation":[1.0,2.5,2.0]},"ground":{"rotation":[45.0,0.0,0.0],"translation":[0.0,10.0,0.0]},"gui":{"rotation":[-90.0,135.0,90.0],"translation":[-0.75,0.75,0.0],"scale":[0.79883,0.79883,0.79883]},"head":{"rotation":[90.0,-44.0,90.0]},"fixed":{"rotation":[0.0,-90.0,0.0],"translation":[-1.5,0.0,-1.5],"scale":[2.5,2.5,2.5]}},"elements":[{"from":[7.5,9.5,7.0],"to":[8.5,10.5,8.0],"rotation":{"origin":[7.5,8.5,7.0],"axis":"y","angle":0.0},"faces":{"north":{"uv":[11.33333,6.0,12.0,6.66667],"texture":"#5"},"east":{"uv":[11.33333,6.66667,12.0,7.33333],"texture":"#5"},"south":{"uv":[11.33333,7.33333,12.0,8.0],"texture":"#5"},"west":{"uv":[11.33333,8.0,12.0,8.66667],"texture":"#5"},"down":{"uv":[12.0,8.66667,11.33333,9.33333],"texture":"#5"}}},{"from":[7.5,8.5,7.0],"to":[8.5,9.0,8.0],"rotation":{"origin":[7.5,5.0,7.0],"axis":"y","angle":0.0},"faces":{"north":{"uv":[12.0,12.66667,12.66667,13.0],"texture":"#5"},"east":{"uv":[12.66667,12.0,13.33333,12.33333],"texture":"#5"},"south":{"uv":[12.66667,12.66667,13.33333,13.0],"texture":"#5"},"west":{"uv":[0.0,13.33333,0.66667,13.66667],"texture":"#5"},"up":{"uv":[12.0,10.0,11.33333,9.33333],"texture":"#5"},"down":{"uv":[10.66667,11.33333,10.0,12.0],"texture":"#5"}}},{"from":[7.4,7.4,6.9],"to":[8.6,8.6,8.1],"rotation":{"origin":[8.0,8.0,7.5],"axis":"x","angle":45.0},"faces":{"north":{"uv":[10.66667,11.33333,11.33333,12.0],"texture":"#5"},"east":{"uv":[11.33333,11.33333,12.0,12.0],"texture":"#5"},"south":{"uv":[0.0,12.0,0.66667,12.66667],"texture":"#5"},"west":{"uv":[0.66667,12.0,1.33333,12.66667],"texture":"#5"},"up":{"uv":[2.0,12.66667,1.33333,12.0],"texture":"#5"},"down":{"uv":[12.66667,2.66667,12.0,3.33333],"texture":"#5"}}},{"from":[7.6,9.0,7.1],"to":[8.4,9.5,7.9],"rotation":{"origin":[7.5,8.0,7.0],"axis":"y","angle":0.0},"faces":{"north":{"uv":[13.33333,0.0,14.0,0.33333],"texture":"#5"},"east":{"uv":[0.66667,13.33333,1.33333,13.66667],"texture":"#5"},"south":{"uv":[13.33333,0.66667,14.0,1.0],"texture":"#5"},"west":{"uv":[1.33333,13.33333,2.0,13.66667],"texture":"#5"}}},{"from":[7.75,10.25,6.25],"to":[8.25,11.25,7.25],"rotation":{"origin":[8.0,10.75,6.75],"axis":"x","angle":-22.5},"faces":{"north":{"uv":[8.0,13.33333,8.33333,14.0],"texture":"#5"},"east":{"uv":[12.0,11.33333,12.66667,12.0],"texture":"#5"},"south":{"uv":[13.33333,8.0,13.66667,8.66667],"texture":"#5"},"west":{"uv":[12.0,12.0,12.66667,12.66667],"texture":"#5"},"up":{"uv":[9.0,14.0,8.66667,13.33333],"texture":"#5"},"down":{"uv":[13.66667,8.66667,13.33333,9.33333],"texture":"#5"}}},{"from":[7.752,10.00866,5.90538],"to":[8.248,11.05866,6.63038],"rotation":{"origin":[8.002,10.55866,5.90538],"axis":"x","angle":22.5},"faces":{"north":{"uv":[13.33333,6.0,13.66667,6.66667],"texture":"#5"},"east":{"uv":[6.66667,13.33333,7.0,14.0],"texture":"#5"},"south":{"uv":[13.33333,6.66667,13.66667,7.33333],"texture":"#5"},"west":{"uv":[7.33333,13.33333,7.66667,14.0],"texture":"#5"},"down":{"uv":[13.66667,11.33333,13.33333,11.66667],"texture":"#5"}}},{"from":[7.75,10.25,7.75],"to":[8.25,11.25,8.75],"rotation":{"origin":[8.0,10.75,8.25],"axis":"x","angle":22.5},"faces":{"north":{"uv":[13.33333,4.66667,13.66667,5.33333],"texture":"#5"},"east":{"uv":[12.0,10.66667,12.66667,11.33333],"texture":"#5"},"south":{"uv":[5.33333,13.33333,5.66667,14.0],"texture":"#5"},"west":{"uv":[11.33333,12.0,12.0,12.66667],"texture":"#5"},"up":{"uv":[13.66667,6.0,13.33333,5.33333],"texture":"#5"},"down":{"uv":[6.33333,13.33333,6.0,14.0],"texture":"#5"}}},{"from":[7.752,10.00866,8.36962],"to":[8.248,11.05866,9.09462],"rotation":{"origin":[8.002,10.55866,9.09462],"axis":"x","angle":-22.5},"faces":{"north":{"uv":[13.33333,3.33333,13.66667,4.0],"texture":"#5"},"east":{"uv":[4.0,13.33333,4.33333,14.0],"texture":"#5"},"south":{"uv":[13.33333,4.0,13.66667,4.66667],"texture":"#5"},"west":{"uv":[4.66667,13.33333,5.0,14.0],"texture":"#5"},"down":{"uv":[13.66667,10.66667,13.33333,11.0],"texture":"#5"}}},{"from":[7.405,10.155,6.905],"to":[8.595,11.345,8.095],"rotation":{"origin":[8.0,10.75,7.5],"axis":"x","angle":45.0},"faces":{"north":{"uv":[8.66667,12.0,9.33333,12.66667],"texture":"#5"},"east":{"uv":[12.0,8.66667,12.66667,9.33333],"texture":"#5"},"south":{"uv":[9.33333,12.0,10.0,12.66667],"texture":"#5"},"west":{"uv":[12.0,9.33333,12.66667,10.0],"texture":"#5"},"up":{"uv":[10.66667,12.66667,10.0,12.0],"texture":"#5"},"down":{"uv":[11.33333,12.0,10.66667,12.66667],"texture":"#5"}}},{"from":[7.4,6.59901,3.65099],"to":[8.6,8.34901,5.40099],"rotation":{"origin":[7.5,8.0,4.0],"axis":"x","angle":-45.0},"faces":{"north":{"uv":[6.0,10.0,6.66667,11.33333],"texture":"#5"},"east":{"uv":[6.66667,5.33333,8.0,6.66667],"texture":"#5"},"south":{"uv":[0.0,10.66667,0.66667,12.0],"texture":"#5"},"west":{"uv":[6.66667,6.66667,8.0,8.0],"texture":"#5"},"up":{"uv":[1.33333,12.0,0.66667,10.66667],"texture":"#5"},"down":{"uv":[2.0,10.66667,1.33333,12.0],"texture":"#5"}}},{"from":[7.15,6.84901,3.90099],"to":[8.85,8.09901,5.15099],"rotation":{"origin":[7.5,8.0,4.0],"axis":"x","angle":-45.0},"faces":{"north":{"uv":[9.33333,5.33333,10.33333,6.33333],"texture":"#5"},"east":{"uv":[6.66667,9.33333,7.66667,10.33333],"texture":"#5"},"south":{"uv":[9.33333,6.66667,10.33333,7.66667],"texture":"#5"},"west":{"uv":[9.33333,8.0,10.33333,9.0],"texture":"#5"},"up":{"uv":[10.33333,10.33333,9.33333,9.33333],"texture":"#5"},"down":{"uv":[5.66667,10.0,4.66667,11.0],"texture":"#5"}}},{"from":[7.65,8.44921,3.8261],"to":[8.35,10.44921,5.0761],"rotation":{"origin":[7.5,8.0,4.0],"axis":"x","angle":22.5},"faces":{"north":{"uv":[12.0,3.33333,12.33333,4.66667],"texture":"#5"},"east":{"uv":[8.0,5.33333,9.0,6.66667],"texture":"#5"},"south":{"uv":[12.0,6.0,12.33333,7.33333],"texture":"#5"},"west":{"uv":[6.66667,8.0,7.66667,9.33333],"texture":"#5"},"up":{"uv":[13.0,7.0,12.66667,6.0],"texture":"#5"}}},{"from":[7.652,7.82891,6.10056],"to":[8.348,10.82891,7.10056],"rotation":{"origin":[7.5,8.0,4.0],"axis":"x","angle":-45.0},"faces":{"north":{"uv":[8.0,10.66667,8.33333,12.66667],"texture":"#5"},"east":{"uv":[8.0,6.66667,8.66667,8.66667],"texture":"#5"},"south":{"uv":[10.66667,8.0,11.0,10.0],"texture":"#5"},"west":{"uv":[8.66667,6.66667,9.33333,8.66667],"texture":"#5"},"up":{"uv":[13.66667,2.0,13.33333,1.33333],"texture":"#5"},"down":{"uv":[2.33333,13.33333,2.0,14.0],"texture":"#5"}}},{"from":[7.652,9.82891,5.10056],"to":[8.348,10.82891,6.10056],"rotation":{"origin":[7.5,8.0,4.0],"axis":"x","angle":-45.0},"faces":{"east":{"uv":[12.0,7.33333,12.66667,8.0],"texture":"#5"},"west":{"uv":[12.0,8.0,12.66667,8.66667],"texture":"#5"},"up":{"uv":[13.66667,2.66667,13.33333,2.0],"texture":"#5"},"down":{"uv":[3.0,13.33333,2.66667,14.0],"texture":"#5"}}},{"from":[7.62472,9.57186,1.50259],"to":[8.37528,10.12686,2.86259],"rotation":{"origin":[7.5,8.0,4.0],"axis":"x","angle":22.5},"faces":{"north":{"uv":[13.33333,2.66667,14.0,3.0],"texture":"#5"},"east":{"uv":[12.66667,7.33333,13.66667,7.66667],"texture":"#5"},"south":{"uv":[3.33333,13.33333,4.0,13.66667],"texture":"#5"},"west":{"uv":[8.0,12.66667,9.0,13.0],"texture":"#5"},"up":{"uv":[9.33333,11.66667,8.66667,10.66667],"texture":"#5"},"down":{"uv":[10.0,10.66667,9.33333,11.66667],"texture":"#5"}}},{"from":[7.0,6.5,3.02064],"to":[7.0,10.0,6.52064],"rotation":{"origin":[7.0,8.25,4.77064],"axis":"x","angle":45.0},"faces":{"west":{"uv":[0.0,0.0,7.0,7.0],"texture":"#1"}}},{"from":[9.0,6.5,3.02064],"to":[9.0,10.0,6.52064],"rotation":{"origin":[9.0,8.25,4.77064],"axis":"x","angle":45.0},"faces":{"east":{"uv":[7.0,0.0,0.0,7.0],"texture":"#1"}}},{"from":[7.675,13.9676,6.71616],"to":[8.325,15.4676,7.21616],"rotation":{"origin":[8.0,14.50566,7.25212],"axis":"x","angle":45.0},"faces":{"north":{"uv":[12.66667,8.0,13.0,9.0],"texture":"#5"},"east":{"uv":[9.33333,12.66667,9.66667,13.66667],"texture":"#5"},"south":{"uv":[12.66667,9.33333,13.0,10.33333],"texture":"#5"},"west":{"uv":[10.0,12.66667,10.33333,13.66667],"texture":"#5"}}},{"from":[7.675,14.77706,8.01499],"to":[8.325,15.27706,10.51499],"rotation":{"origin":[8.0,14.26049,7.06078],"axis":"x","angle":-22.5},"faces":{"east":{"uv":[11.33333,4.66667,13.0,5.0],"texture":"#5"},"west":{"uv":[11.33333,5.33333,13.0,5.66667],"texture":"#5"},"up":{"uv":[5.66667,13.0,5.33333,11.33333],"texture":"#5"},"down":{"uv":[6.33333,11.33333,6.0,13.0],"texture":"#5"}}},{"from":[7.675,10.24279,6.48072],"to":[8.325,14.24279,6.98072],"rotation":{"origin":[8.0,14.34345,7.14374],"axis":"x","angle":22.5},"faces":{"north":{"uv":[2.0,10.66667,2.33333,13.33333],"texture":"#5"},"east":{"uv":[2.66667,10.66667,3.0,13.33333],"texture":"#5"},"south":{"uv":[3.33333,10.66667,3.66667,13.33333],"texture":"#5"},"west":{"uv":[4.0,10.66667,4.33333,13.33333],"texture":"#5"}}},{"from":[7.825,10.24279,5.98072],"to":[8.175,14.24279,6.48072],"rotation":{"origin":[8.0,14.34345,7.14374],"axis":"x","angle":22.5},"faces":{"north":{"uv":[10.66667,5.33333,11.0,8.0],"texture":"#5"},"east":{"uv":[6.66667,10.66667,7.0,13.33333],"texture":"#5"},"west":{"uv":[7.33333,10.66667,7.66667,13.33333],"texture":"#5"}}},{"from":[7.825,14.22585,6.66462],"to":[8.175,15.97585,7.16462],"rotation":{"origin":[8.0,15.22585,6.91462],"axis":"x","angle":45.0},"faces":{"north":{"uv":[10.66667,12.66667,11.0,13.66667],"texture":"#5"},"east":{"uv":[12.66667,10.66667,13.0,11.66667],"texture":"#5"},"west":{"uv":[11.33333,12.66667,11.66667,13.66667],"texture":"#5"}}},{"from":[7.825,15.78683,7.29724],"to":[8.175,16.28683,10.04724],"rotation":{"origin":[8.0,16.03683,8.17224],"axis":"x","angle":-22.5},"faces":{"east":{"uv":[10.0,10.66667,12.0,11.0],"texture":"#5"},"west":{"uv":[10.66667,10.0,12.66667,10.33333],"texture":"#5"},"up":{"uv":[11.66667,4.66667,11.33333,2.66667],"texture":"#5"}}},{"from":[7.415,16.125,8.92979],"to":[8.585,17.295,10.09979],"rotation":{"origin":[7.415,16.125,9.42979],"axis":"x","angle":45.0},"faces":{"north":{"uv":[0.0,12.66667,0.66667,13.33333],"texture":"#5"},"east":{"uv":[12.66667,0.0,13.33333,0.66667],"texture":"#5"},"south":{"uv":[0.66667,12.66667,1.33333,13.33333],"texture":"#5"},"west":{"uv":[12.66667,0.66667,13.33333,1.33333],"texture":"#5"},"up":{"uv":[2.0,13.33333,1.33333,12.66667],"texture":"#5"},"down":{"uv":[13.33333,1.33333,12.66667,2.0],"texture":"#5"}}},{"from":[7.985,10.0,-2.0],"to":[8.015,13.5,5.0],"rotation":{"origin":[7.985,10.0,-1.0],"axis":"y","angle":0.0},"faces":{"east":{"uv":[11.33333,2.66667,6.66667,5.0],"texture":"#5"},"west":{"uv":[6.66667,2.66667,11.33333,5.0],"texture":"#5"}}},{"from":[7.985,14.75,5.25],"to":[8.015,18.25,13.75],"rotation":{"origin":[7.985,15.0,7.25],"axis":"x","angle":-22.5},"faces":{"east":{"uv":[12.33333,0.0,6.66667,2.33333],"texture":"#5"},"west":{"uv":[6.66667,0.0,12.33333,2.33333],"texture":"#5"}}},{"from":[7.985,0.0,9.75],"to":[8.015,16.0,16.25],"rotation":{"origin":[7.985,0.0,4.0],"axis":"y","angle":0.0},"faces":{"east":{"uv":[4.33333,0.0,0.0,10.66667],"texture":"#5"},"west":{"uv":[0.0,0.0,4.33333,10.66667],"texture":"#5"}}},{"from":[7.875,11.60355,6.10711],"to":[8.125,14.60355,7.10711],"rotation":{"origin":[8.0,13.10355,6.4],"axis":"x","angle":22.5},"faces":{"east":{"uv":[8.0,8.66667,8.66667,10.66667],"texture":"#5"},"south":{"uv":[4.66667,11.33333,5.0,13.33333],"texture":"#5"},"west":{"uv":[8.66667,8.66667,9.33333,10.66667],"texture":"#5"}}},{"from":[7.875,13.66421,6.96066],"to":[8.125,14.66421,7.96066],"rotation":{"origin":[8.0,13.10355,6.4],"axis":"x","angle":-22.5},"faces":{"east":{"uv":[12.66667,2.0,13.33333,2.66667],"texture":"#5"},"south":{"uv":[13.33333,9.33333,13.66667,10.0],"texture":"#5"},"west":{"uv":[12.66667,2.66667,13.33333,3.33333],"texture":"#5"}}},{"from":[7.875,11.54289,4.83934],"to":[8.125,12.54289,5.83934],"rotation":{"origin":[8.0,13.10355,6.4],"axis":"x","angle":-22.5},"faces":{"east":{"uv":[12.66667,3.33333,13.33333,4.0],"texture":"#5"},"west":{"uv":[12.66667,4.0,13.33333,4.66667],"texture":"#5"},"down":{"uv":[13.66667,10.0,13.33333,10.66667],"texture":"#5"}}},{"from":[7.5,5.5,7.0],"to":[8.5,6.5,8.0],"rotation":{"origin":[7.5,7.5,7.0],"axis":"y","angle":0.0},"faces":{"north":{"uv":[11.33333,6.66667,12.0,6.0],"texture":"#5"},"east":{"uv":[11.33333,7.33333,12.0,6.66667],"texture":"#5"},"south":{"uv":[11.33333,8.0,12.0,7.33333],"texture":"#5"},"west":{"uv":[11.33333,8.66667,12.0,8.0],"texture":"#5"},"up":{"uv":[12.0,9.33333,11.33333,8.66667],"texture":"#5"}}},{"from":[7.6,6.5,7.1],"to":[8.4,7.0,7.9],"rotation":{"origin":[7.5,8.0,7.0],"axis":"y","angle":0.0},"faces":{"north":{"uv":[13.33333,0.33333,14.0,0.0],"texture":"#5"},"east":{"uv":[0.66667,13.66667,1.33333,13.33333],"texture":"#5"},"south":{"uv":[13.33333,1.0,14.0,0.66667],"texture":"#5"},"west":{"uv":[1.33333,13.66667,2.0,13.33333],"texture":"#5"}}},{"from":[7.65,5.55079,3.8261],"to":[8.35,7.55079,5.0761],"rotation":{"origin":[7.5,8.0,4.0],"axis":"x","angle":-22.5},"faces":{"north":{"uv":[12.0,4.66667,12.33333,3.33333],"texture":"#5"},"east":{"uv":[8.0,6.66667,9.0,5.33333],"texture":"#5"},"south":{"uv":[12.0,7.33333,12.33333,6.0],"texture":"#5"},"west":{"uv":[6.66667,9.33333,7.66667,8.0],"texture":"#5"},"down":{"uv":[13.0,6.0,12.66667,7.0],"texture":"#5"}}},{"from":[7.652,5.17109,6.10056],"to":[8.348,8.17109,7.10056],"rotation":{"origin":[7.5,8.0,4.0],"axis":"x","angle":45.0},"faces":{"north":{"uv":[8.0,12.66667,8.33333,10.66667],"texture":"#5"},"east":{"uv":[8.0,8.66667,8.66667,6.66667],"texture":"#5"},"south":{"uv":[10.66667,10.0,11.0,8.0],"texture":"#5"},"west":{"uv":[8.66667,8.66667,9.33333,6.66667],"texture":"#5"},"up":{"uv":[2.33333,14.0,2.0,13.33333],"texture":"#5"},"down":{"uv":[13.66667,1.33333,13.33333,2.0],"texture":"#5"}}},{"from":[7.652,5.17109,5.10056],"to":[8.348,6.17109,6.10056],"rotation":{"origin":[7.5,8.0,4.0],"axis":"x","angle":45.0},"faces":{"east":{"uv":[12.0,8.0,12.66667,7.33333],"texture":"#5"},"west":{"uv":[12.0,8.66667,12.66667,8.0],"texture":"#5"},"up":{"uv":[3.0,14.0,2.66667,13.33333],"texture":"#5"},"down":{"uv":[13.66667,2.0,13.33333,2.66667],"texture":"#5"}}},{"from":[7.62472,5.87314,1.50259],"to":[8.37528,6.42814,2.86259],"rotation":{"origin":[7.5,8.0,4.0],"axis":"x","angle":-22.5},"faces":{"north":{"uv":[13.33333,3.0,14.0,2.66667],"texture":"#5"},"east":{"uv":[12.66667,7.66667,13.66667,7.33333],"texture":"#5"},"south":{"uv":[3.33333,13.66667,4.0,13.33333],"texture":"#5"},"west":{"uv":[8.0,13.0,9.0,12.66667],"texture":"#5"},"up":{"uv":[10.0,11.66667,9.33333,10.66667],"texture":"#5"},"down":{"uv":[9.33333,10.66667,8.66667,11.66667],"texture":"#5"}}},{"from":[7.405,4.655,6.905],"to":[8.595,5.845,8.095],"rotation":{"origin":[8.0,5.25,7.5],"axis":"x","angle":-45.0},"faces":{"north":{"uv":[8.66667,12.66667,9.33333,12.0],"texture":"#5"},"east":{"uv":[12.0,9.33333,12.66667,8.66667],"texture":"#5"},"south":{"uv":[9.33333,12.66667,10.0,12.0],"texture":"#5"},"west":{"uv":[12.0,10.0,12.66667,9.33333],"texture":"#5"},"up":{"uv":[11.33333,12.66667,10.66667,12.0],"texture":"#5"},"down":{"uv":[10.66667,12.0,10.0,12.66667],"texture":"#5"}}},{"from":[7.752,4.94134,8.36962],"to":[8.248,5.99134,9.09462],"rotation":{"origin":[8.002,5.44134,9.09462],"axis":"x","angle":22.5},"faces":{"north":{"uv":[13.33333,4.0,13.66667,3.33333],"texture":"#5"},"east":{"uv":[4.0,14.0,4.33333,13.33333],"texture":"#5"},"south":{"uv":[13.33333,4.66667,13.66667,4.0],"texture":"#5"},"west":{"uv":[4.66667,14.0,5.0,13.33333],"texture":"#5"},"up":{"uv":[13.66667,11.0,13.33333,10.66667],"texture":"#5"}}},{"from":[7.75,4.75,7.75],"to":[8.25,5.75,8.75],"rotation":{"origin":[8.0,5.25,8.25],"axis":"x","angle":-22.5},"faces":{"north":{"uv":[13.33333,5.33333,13.66667,4.66667],"texture":"#5"},"east":{"uv":[12.0,11.33333,12.66667,10.66667],"texture":"#5"},"south":{"uv":[5.33333,14.0,5.66667,13.33333],"texture":"#5"},"west":{"uv":[11.33333,12.66667,12.0,12.0],"texture":"#5"},"up":{"uv":[6.33333,14.0,6.0,13.33333],"texture":"#5"},"down":{"uv":[13.66667,5.33333,13.33333,6.0],"texture":"#5"}}},{"from":[7.752,4.94134,5.90538],"to":[8.248,5.99134,6.63038],"rotation":{"origin":[8.002,5.44134,5.90538],"axis":"x","angle":-22.5},"faces":{"north":{"uv":[13.33333,6.66667,13.66667,6.0],"texture":"#5"},"east":{"uv":[6.66667,14.0,7.0,13.33333],"texture":"#5"},"south":{"uv":[13.33333,7.33333,13.66667,6.66667],"texture":"#5"},"west":{"uv":[7.33333,14.0,7.66667,13.33333],"texture":"#5"},"up":{"uv":[13.66667,11.66667,13.33333,11.33333],"texture":"#5"}}},{"from":[7.75,4.75,6.25],"to":[8.25,5.75,7.25],"rotation":{"origin":[8.0,5.25,6.75],"axis":"x","angle":22.5},"faces":{"north":{"uv":[8.0,14.0,8.33333,13.33333],"texture":"#5"},"east":{"uv":[12.0,12.0,12.66667,11.33333],"texture":"#5"},"south":{"uv":[13.33333,8.66667,13.66667,8.0],"texture":"#5"},"west":{"uv":[12.0,12.66667,12.66667,12.0],"texture":"#5"},"up":{"uv":[13.66667,9.33333,13.33333,8.66667],"texture":"#5"},"down":{"uv":[9.0,13.33333,8.66667,14.0],"texture":"#5"}}},{"from":[7.675,0.5324,6.71616],"to":[8.325,2.0324,7.21616],"rotation":{"origin":[8.0,1.49434,7.25212],"axis":"x","angle":-45.0},"faces":{"north":{"uv":[12.66667,9.0,13.0,8.0],"texture":"#5"},"east":{"uv":[9.33333,13.66667,9.66667,12.66667],"texture":"#5"},"south":{"uv":[12.66667,10.33333,13.0,9.33333],"texture":"#5"},"west":{"uv":[10.0,13.66667,10.33333,12.66667],"texture":"#5"}}},{"from":[7.675,1.75721,6.48072],"to":[8.325,5.75721,6.98072],"rotation":{"origin":[8.0,1.65655,7.14374],"axis":"x","angle":-22.5},"faces":{"north":{"uv":[2.0,13.33333,2.33333,10.66667],"texture":"#5"},"east":{"uv":[2.66667,13.33333,3.0,10.66667],"texture":"#5"},"south":{"uv":[3.33333,13.33333,3.66667,10.66667],"texture":"#5"},"west":{"uv":[4.0,13.33333,4.33333,10.66667],"texture":"#5"}}},{"from":[7.675,0.72294,8.01499],"to":[8.325,1.22294,10.51499],"rotation":{"origin":[8.0,1.73951,7.06078],"axis":"x","angle":22.5},"faces":{"east":{"uv":[11.33333,5.0,13.0,4.66667],"texture":"#5"},"west":{"uv":[11.33333,5.66667,13.0,5.33333],"texture":"#5"},"up":{"uv":[6.33333,13.0,6.0,11.33333],"texture":"#5"},"down":{"uv":[5.66667,11.33333,5.33333,13.0],"texture":"#5"}}},{"from":[7.415,-1.295,8.92979],"to":[8.585,-0.125,10.09979],"rotation":{"origin":[7.415,-0.125,9.42979],"axis":"x","angle":-45.0},"faces":{"north":{"uv":[0.0,13.33333,0.66667,12.66667],"texture":"#5"},"east":{"uv":[12.66667,0.66667,13.33333,0.0],"texture":"#5"},"south":{"uv":[0.66667,13.33333,1.33333,12.66667],"texture":"#5"},"west":{"uv":[12.66667,1.33333,13.33333,0.66667],"texture":"#5"},"up":{"uv":[13.33333,2.0,12.66667,1.33333],"texture":"#5"},"down":{"uv":[2.0,12.66667,1.33333,13.33333],"texture":"#5"}}},{"from":[7.985,2.5,-2.0],"to":[8.015,6.0,5.0],"rotation":{"origin":[7.985,6.0,-1.0],"axis":"y","angle":0.0},"faces":{"east":{"uv":[11.33333,5.0,6.66667,2.66667],"texture":"#5"},"west":{"uv":[6.66667,5.0,11.33333,2.66667],"texture":"#5"}}},{"from":[7.985,-2.25,5.25],"to":[8.015,1.25,13.75],"rotation":{"origin":[7.985,1.0,7.25],"axis":"x","angle":22.5},"faces":{"east":{"uv":[12.33333,2.33333,6.66667,0.0],"texture":"#5"},"west":{"uv":[6.66667,2.33333,12.33333,0.0],"texture":"#5"}}},{"from":[7.825,1.75721,5.98072],"to":[8.175,5.75721,6.48072],"rotation":{"origin":[8.0,1.65655,7.14374],"axis":"x","angle":-22.5},"faces":{"north":{"uv":[10.66667,8.0,11.0,5.33333],"texture":"#5"},"east":{"uv":[6.66667,13.33333,7.0,10.66667],"texture":"#5"},"west":{"uv":[7.33333,13.33333,7.66667,10.66667],"texture":"#5"}}},{"from":[7.825,0.02415,6.66462],"to":[8.175,1.77415,7.16462],"rotation":{"origin":[8.0,0.77415,6.91462],"axis":"x","angle":-45.0},"faces":{"north":{"uv":[10.66667,13.66667,11.0,12.66667],"texture":"#5"},"east":{"uv":[12.66667,11.66667,13.0,10.66667],"texture":"#5"},"west":{"uv":[11.33333,13.66667,11.66667,12.66667],"texture":"#5"}}},{"from":[7.825,-0.28683,7.29724],"to":[8.175,0.21317,10.04724],"rotation":{"origin":[8.0,-0.03683,8.17224],"axis":"x","angle":22.5},"faces":{"east":{"uv":[10.0,11.0,12.0,10.66667],"texture":"#5"},"west":{"uv":[10.66667,10.33333,12.66667,10.0],"texture":"#5"},"down":{"uv":[11.66667,2.66667,11.33333,4.66667],"texture":"#5"}}},{"from":[7.875,1.39645,6.10711],"to":[8.125,4.39645,7.10711],"rotation":{"origin":[8.0,2.89645,6.4],"axis":"x","angle":-22.5},"faces":{"east":{"uv":[8.0,10.66667,8.66667,8.66667],"texture":"#5"},"south":{"uv":[4.66667,13.33333,5.0,11.33333],"texture":"#5"},"west":{"uv":[8.66667,10.66667,9.33333,8.66667],"texture":"#5"}}},{"from":[7.875,1.33579,6.96066],"to":[8.125,2.33579,7.96066],"rotation":{"origin":[8.0,2.89645,6.4],"axis":"x","angle":22.5},"faces":{"east":{"uv":[12.66667,2.66667,13.33333,2.0],"texture":"#5"},"south":{"uv":[13.33333,10.0,13.66667,9.33333],"texture":"#5"},"west":{"uv":[12.66667,3.33333,13.33333,2.66667],"texture":"#5"}}},{"from":[7.875,3.45711,4.83934],"to":[8.125,4.45711,5.83934],"rotation":{"origin":[8.0,2.89645,6.4],"axis":"x","angle":22.5},"faces":{"east":{"uv":[12.66667,4.0,13.33333,3.33333],"texture":"#5"},"west":{"uv":[12.66667,4.66667,13.33333,4.0],"texture":"#5"},"up":{"uv":[13.66667,10.66667,13.33333,10.0],"texture":"#5"}}},{"from":[7.5,7.0,7.0],"to":[8.5,7.5,8.0],"rotation":{"origin":[7.5,11.0,7.0],"axis":"y","angle":0.0},"faces":{"north":{"uv":[12.0,13.0,12.66667,12.66667],"texture":"#5"},"east":{"uv":[12.66667,12.33333,13.33333,12.0],"texture":"#5"},"south":{"uv":[12.66667,13.0,13.33333,12.66667],"texture":"#5"},"west":{"uv":[0.0,13.66667,0.66667,13.33333],"texture":"#5"},"up":{"uv":[10.66667,12.0,10.0,11.33333],"texture":"#5"},"down":{"uv":[12.0,9.33333,11.33333,10.0],"texture":"#5"}}},{"from":[6.75,7.985,-1.0],"to":[9.25,8.015,13.5],"rotation":{"origin":[8.0,8.0,6.25],"axis":"z","angle":45.0},"faces":{"up":{"uv":[6.33333,9.66667,4.66667,0.0],"texture":"#5"},"down":{"uv":[6.33333,0.0,4.66667,9.66667],"texture":"#5"}}},{"from":[6.75,7.985,-1.0],"to":[9.25,8.015,13.5],"rotation":{"origin":[8.0,8.0,6.25],"axis":"z","angle":-45.0},"faces":{"up":{"uv":[6.33333,9.66667,4.66667,0.0],"texture":"#5"},"down":{"uv":[6.33333,0.0,4.66667,9.66667],"texture":"#5"}}},{"from":[7.3,10.0,2.0],"to":[7.3,18.0,10.0],"rotation":{"origin":[7.3,14.0,6.0],"axis":"x","angle":22.5},"faces":{"west":{"uv":[0.0,0.0,16.0,16.0],"texture":"#2"}}},{"from":[8.7,10.0,2.0],"to":[8.7,18.0,10.0],"rotation":{"origin":[8.7,14.0,6.0],"axis":"x","angle":22.5},"faces":{"east":{"uv":[16.0,0.0,0.0,16.0],"texture":"#2"}}},{"from":[8.7,-2.0,2.0],"to":[8.7,6.0,10.0],"rotation":{"origin":[8.0,2.0,6.0],"axis":"x","angle":-22.5},"faces":{"east":{"uv":[16.0,16.0,0.0,0.0],"texture":"#2","rotation":180}}},{"from":[7.3,-2.0,2.0],"to":[7.3,6.0,10.0],"rotation":{"origin":[8.0,2.0,6.0],"axis":"x","angle":-22.5},"faces":{"west":{"uv":[0.0,16.0,16.0,0.0],"texture":"#2","rotation":180}}}],"textures":{"particle":"bc477bd4-1c29-4a71-bcf2-5e74c813f463","1":"bc477bd4-1c29-4a71-bcf2-5e74c813f463","2":"366f20e5-6d4f-4844-ae50-33fa9afde47c","5":"aa906980-0c16-46d1-a2be-5ce73bdc2059"},"gui_light":"front"}