{"display":{"thirdperson_righthand":{"translation":[0.0,1.75,-1.25]},"thirdperson_lefthand":{"translation":[0.0,1.75,-1.25]},"firstperson_righthand":{"translation":[-1.5,5.0,0.0]},"firstperson_lefthand":{"translation":[-1.5,5.0,0.0]},"ground":{"rotation":[25.0,0.0,0.0],"translation":[0.0,8.0,0.0],"scale":[0.7,0.7,0.7]},"gui":{"rotation":[90.0,45.0,0.0]},"head":{"rotation":[-35.0,180.0,0.0]},"fixed":{"rotation":[-90.0,0.0,0.0],"translation":[0.0,0.0,-6.75],"scale":[2.5,2.5,2.5]}},"elements":[{"from":[8.5,7.0,3.5],"to":[9.0,9.0,5.0],"rotation":{"origin":[8.0,8.0,4.25],"axis":"z","angle":-45.0},"faces":{"north":{"uv":[12.0,5.33333,12.33333,6.66667],"texture":"#2"},"east":{"uv":[6.66667,4.66667,7.66667,6.0],"texture":"#2"},"south":{"uv":[6.0,12.0,6.33333,13.33333],"texture":"#2"},"west":{"uv":[6.66667,6.0,7.66667,7.33333],"texture":"#2"},"up":{"uv":[13.0,5.66667,12.66667,4.66667],"texture":"#2"},"down":{"uv":[5.66667,12.66667,5.33333,13.66667],"texture":"#2"}}},{"from":[7.5,8.5,3.5],"to":[8.5,9.0,5.0],"rotation":{"origin":[8.0,8.0,4.25],"axis":"z","angle":-45.0},"faces":{"north":{"uv":[12.66667,8.66667,13.33333,9.0],"texture":"#2"},"south":{"uv":[12.66667,9.33333,13.33333,9.66667],"texture":"#2"},"up":{"uv":[4.0,12.33333,3.33333,11.33333],"texture":"#2"},"down":{"uv":[12.0,3.33333,11.33333,4.33333],"texture":"#2"}}},{"from":[7.5,7.0,3.5],"to":[8.5,7.5,5.0],"rotation":{"origin":[8.0,8.0,4.25],"axis":"z","angle":-45.0},"faces":{"north":{"uv":[10.0,12.66667,10.66667,13.0],"texture":"#2"},"south":{"uv":[12.66667,10.0,13.33333,10.33333],"texture":"#2"},"up":{"uv":[4.66667,12.33333,4.0,11.33333],"texture":"#2"},"down":{"uv":[5.33333,11.33333,4.66667,12.33333],"texture":"#2"}}},{"from":[7.0,7.0,3.5],"to":[7.5,9.0,5.0],"rotation":{"origin":[8.0,8.0,4.25],"axis":"z","angle":-45.0},"faces":{"north":{"uv":[7.33333,12.0,7.66667,13.33333],"texture":"#2"},"east":{"uv":[7.33333,0.0,8.33333,1.33333],"texture":"#2"},"south":{"uv":[8.0,12.0,8.33333,13.33333],"texture":"#2"},"west":{"uv":[7.33333,3.33333,8.33333,4.66667],"texture":"#2"},"up":{"uv":[13.0,7.0,12.66667,6.0],"texture":"#2"},"down":{"uv":[7.0,12.66667,6.66667,13.66667],"texture":"#2"}}},{"from":[9.0,7.4,3.25],"to":[11.0,8.6,5.25],"rotation":{"origin":[10.0,7.5,4.25],"axis":"y","angle":-22.5},"faces":{"north":{"uv":[10.66667,10.0,11.33333,11.33333],"texture":"#2","rotation":270},"east":{"uv":[1.33333,12.66667,0.66667,11.33333],"texture":"#2","rotation":90},"south":{"uv":[0.0,11.33333,0.66667,12.66667],"texture":"#2","rotation":90},"west":{"uv":[2.0,11.33333,1.33333,12.66667],"texture":"#2","rotation":90},"up":{"uv":[5.33333,6.0,6.66667,7.33333],"texture":"#2","rotation":90},"down":{"uv":[5.33333,4.66667,6.66667,6.0],"texture":"#2","rotation":90}}},{"from":[9.25,7.15,3.5],"to":[10.75,8.85,5.0],"rotation":{"origin":[10.0,7.5,4.25],"axis":"y","angle":-22.5},"faces":{"north":{"uv":[9.33333,7.33333,10.33333,8.33333],"texture":"#2","rotation":270},"east":{"uv":[10.33333,11.0,9.33333,10.0],"texture":"#2","rotation":90},"south":{"uv":[10.0,3.33333,11.0,4.33333],"texture":"#2","rotation":90},"west":{"uv":[11.66667,0.0,10.66667,1.0],"texture":"#2","rotation":90},"up":{"uv":[10.0,6.0,11.0,7.0],"texture":"#2","rotation":90},"down":{"uv":[9.33333,8.66667,10.33333,9.66667],"texture":"#2","rotation":90}}},{"from":[8.55,7.25,3.75],"to":[9.3,8.75,5.25],"rotation":{"origin":[3.55,7.5,4.0],"axis":"y","angle":0.0},"faces":{"north":{"uv":[8.66667,11.33333,9.66667,12.0],"texture":"#2","rotation":270},"east":{"uv":[5.66667,10.33333,4.66667,9.33333],"texture":"#2","rotation":90},"south":{"uv":[11.33333,9.33333,12.33333,10.0],"texture":"#2","rotation":90},"west":{"uv":[8.33333,9.33333,7.33333,10.33333],"texture":"#2","rotation":90},"up":{"uv":[10.0,11.33333,11.0,12.0],"texture":"#2","rotation":90},"down":{"uv":[11.33333,8.66667,12.33333,9.33333],"texture":"#2","rotation":90}}},{"from":[10.8195,7.5,5.01342],"to":[12.8195,8.5,6.01342],"rotation":{"origin":[13.08556,8.0,5.33541],"axis":"y","angle":-22.5},"faces":{"north":{"uv":[7.33333,10.66667,8.0,12.0],"texture":"#2","rotation":270},"south":{"uv":[8.0,10.66667,8.66667,12.0],"texture":"#2","rotation":90},"up":{"uv":[10.66667,8.66667,11.33333,10.0],"texture":"#2","rotation":90},"down":{"uv":[10.66667,7.33333,11.33333,8.66667],"texture":"#2","rotation":90}}},{"from":[12.78203,7.5,5.3174],"to":[13.78203,8.5,7.3174],"rotation":{"origin":[14.13203,8.0,6.1174],"axis":"y","angle":22.5},"faces":{"east":{"uv":[0.66667,11.33333,0.0,10.0],"texture":"#2","rotation":90},"south":{"uv":[12.0,6.66667,12.66667,7.33333],"texture":"#2","rotation":90},"west":{"uv":[7.33333,10.0,6.66667,11.33333],"texture":"#2","rotation":90},"up":{"uv":[4.66667,10.66667,6.0,11.33333],"texture":"#2","rotation":90},"down":{"uv":[3.33333,10.66667,4.66667,11.33333],"texture":"#2","rotation":90}}},{"from":[11.92258,7.25,4.82832],"to":[13.42258,8.75,5.82832],"rotation":{"origin":[13.08556,8.0,5.33541],"axis":"y","angle":45.0},"faces":{"north":{"uv":[8.66667,3.33333,9.66667,4.33333],"texture":"#2","rotation":270},"east":{"uv":[12.33333,8.0,11.33333,7.33333],"texture":"#2","rotation":90},"south":{"uv":[3.33333,9.33333,4.33333,10.33333],"texture":"#2","rotation":90},"west":{"uv":[12.33333,8.0,11.33333,8.66667],"texture":"#2","rotation":90},"up":{"uv":[11.33333,6.0,12.0,7.0],"texture":"#2","rotation":90},"down":{"uv":[5.33333,11.33333,6.0,12.33333],"texture":"#2","rotation":90}}},{"from":[13.55,7.75,6.5],"to":[14.55,8.25,8.5],"rotation":{"origin":[13.55,7.75,6.5],"axis":"y","angle":-22.5},"faces":{"north":{"uv":[10.66667,12.66667,11.0,13.33333],"texture":"#2","rotation":270},"east":{"uv":[9.0,13.33333,8.66667,12.0],"texture":"#2","rotation":90},"south":{"uv":[12.66667,10.66667,13.0,11.33333],"texture":"#2","rotation":90},"west":{"uv":[9.66667,12.0,9.33333,13.33333],"texture":"#2","rotation":90},"up":{"uv":[10.66667,1.33333,12.0,2.0],"texture":"#2","rotation":90},"down":{"uv":[9.33333,1.33333,10.66667,2.0],"texture":"#2","rotation":90}}},{"from":[1.45,7.75,6.5],"to":[2.45,8.25,8.5],"rotation":{"origin":[2.45,7.75,6.5],"axis":"y","angle":22.5},"faces":{"north":{"uv":[10.66667,13.33333,11.0,12.66667],"texture":"#2","rotation":270},"east":{"uv":[9.66667,13.33333,9.33333,12.0],"texture":"#2","rotation":90},"south":{"uv":[12.66667,11.33333,13.0,10.66667],"texture":"#2","rotation":90},"west":{"uv":[9.0,12.0,8.66667,13.33333],"texture":"#2","rotation":90},"up":{"uv":[10.66667,2.0,12.0,1.33333],"texture":"#2","rotation":90},"down":{"uv":[9.33333,2.0,10.66667,1.33333],"texture":"#2","rotation":90}}},{"from":[2.57742,7.25,4.82832],"to":[4.07742,8.75,5.82832],"rotation":{"origin":[2.91444,8.0,5.33541],"axis":"y","angle":-45.0},"faces":{"north":{"uv":[8.66667,4.33333,9.66667,3.33333],"texture":"#2","rotation":270},"east":{"uv":[12.33333,8.66667,11.33333,8.0],"texture":"#2","rotation":90},"south":{"uv":[3.33333,10.33333,4.33333,9.33333],"texture":"#2","rotation":90},"west":{"uv":[12.33333,7.33333,11.33333,8.0],"texture":"#2","rotation":90},"up":{"uv":[11.33333,7.0,12.0,6.0],"texture":"#2","rotation":90},"down":{"uv":[5.33333,12.33333,6.0,11.33333],"texture":"#2","rotation":90}}},{"from":[2.21797,7.5,5.3174],"to":[3.21797,8.5,7.3174],"rotation":{"origin":[1.86797,8.0,6.1174],"axis":"y","angle":-22.5},"faces":{"east":{"uv":[7.33333,11.33333,6.66667,10.0],"texture":"#2","rotation":90},"south":{"uv":[12.0,7.33333,12.66667,6.66667],"texture":"#2","rotation":90},"west":{"uv":[0.66667,10.0,0.0,11.33333],"texture":"#2","rotation":90},"up":{"uv":[4.66667,11.33333,6.0,10.66667],"texture":"#2","rotation":90},"down":{"uv":[3.33333,11.33333,4.66667,10.66667],"texture":"#2","rotation":90}}},{"from":[3.1805,7.5,5.01342],"to":[5.1805,8.5,6.01342],"rotation":{"origin":[2.91444,8.0,5.33541],"axis":"y","angle":22.5},"faces":{"north":{"uv":[7.33333,12.0,8.0,10.66667],"texture":"#2","rotation":270},"south":{"uv":[8.0,12.0,8.66667,10.66667],"texture":"#2","rotation":90},"up":{"uv":[10.66667,10.0,11.33333,8.66667],"texture":"#2","rotation":90},"down":{"uv":[10.66667,8.66667,11.33333,7.33333],"texture":"#2","rotation":90}}},{"from":[6.7,7.25,3.75],"to":[7.45,8.75,5.25],"rotation":{"origin":[12.45,7.5,4.0],"axis":"y","angle":0.0},"faces":{"north":{"uv":[8.66667,12.0,9.66667,11.33333],"texture":"#2","rotation":270},"east":{"uv":[8.33333,10.33333,7.33333,9.33333],"texture":"#2","rotation":90},"south":{"uv":[11.33333,10.0,12.33333,9.33333],"texture":"#2","rotation":90},"west":{"uv":[5.66667,9.33333,4.66667,10.33333],"texture":"#2","rotation":90},"up":{"uv":[10.0,12.0,11.0,11.33333],"texture":"#2","rotation":90},"down":{"uv":[11.33333,9.33333,12.33333,8.66667],"texture":"#2","rotation":90}}},{"from":[5.25,7.15,3.5],"to":[6.75,8.85,5.0],"rotation":{"origin":[6.0,7.5,4.25],"axis":"y","angle":22.5},"faces":{"north":{"uv":[9.33333,8.33333,10.33333,7.33333],"texture":"#2","rotation":270},"east":{"uv":[11.66667,1.0,10.66667,0.0],"texture":"#2","rotation":90},"south":{"uv":[10.0,4.33333,11.0,3.33333],"texture":"#2","rotation":90},"west":{"uv":[10.33333,10.0,9.33333,11.0],"texture":"#2","rotation":90},"up":{"uv":[10.0,7.0,11.0,6.0],"texture":"#2","rotation":90},"down":{"uv":[9.33333,9.66667,10.33333,8.66667],"texture":"#2","rotation":90}}},{"from":[5.0,7.4,3.25],"to":[7.0,8.6,5.25],"rotation":{"origin":[6.0,7.5,4.25],"axis":"y","angle":22.5},"faces":{"north":{"uv":[10.66667,11.33333,11.33333,10.0],"texture":"#2","rotation":270},"east":{"uv":[2.0,12.66667,1.33333,11.33333],"texture":"#2","rotation":90},"south":{"uv":[0.0,12.66667,0.66667,11.33333],"texture":"#2","rotation":90},"west":{"uv":[1.33333,11.33333,0.66667,12.66667],"texture":"#2","rotation":90},"up":{"uv":[5.33333,7.33333,6.66667,6.0],"texture":"#2","rotation":90},"down":{"uv":[5.33333,6.0,6.66667,4.66667],"texture":"#2","rotation":90}}},{"from":[7.275,7.275,-0.42429],"to":[8.725,8.725,3.57571],"rotation":{"origin":[8.0,8.0,0.82571],"axis":"z","angle":45.0},"faces":{"east":{"uv":[0.0,0.0,3.0,8.0],"texture":"#1","rotation":90},"west":{"uv":[0.0,0.0,3.0,8.0],"texture":"#1","rotation":270},"up":{"uv":[0.0,0.0,3.0,8.0],"texture":"#1"},"down":{"uv":[0.0,0.0,3.0,8.0],"texture":"#1","rotation":180}}},{"from":[7.25,6.5,4.0],"to":[8.75,7.5,11.0],"rotation":{"origin":[7.25,0.0,0.0],"axis":"y","angle":0.0},"faces":{"north":{"uv":[11.33333,10.0,12.33333,10.66667],"texture":"#2"},"east":{"uv":[4.0,2.0,8.66667,2.66667],"texture":"#2"},"south":{"uv":[11.33333,10.66667,12.33333,11.33333],"texture":"#2"},"west":{"uv":[4.0,2.66667,8.66667,3.33333],"texture":"#2"},"up":{"uv":[2.33333,6.66667,1.33333,2.0],"texture":"#2"},"down":{"uv":[3.66667,2.0,2.66667,6.66667],"texture":"#2"}}},{"from":[7.65,6.25,4.1],"to":[8.35,6.5,10.15],"rotation":{"origin":[7.25,0.0,0.0],"axis":"y","angle":0.0},"faces":{"north":{"uv":[13.33333,2.66667,13.66667,3.0],"texture":"#2"},"east":{"uv":[8.0,4.66667,12.0,5.0],"texture":"#2"},"south":{"uv":[13.33333,3.33333,13.66667,3.66667],"texture":"#2"},"west":{"uv":[8.0,5.33333,12.0,5.66667],"texture":"#2"},"down":{"uv":[6.33333,8.0,6.0,12.0],"texture":"#2"}}},{"from":[7.65,7.5,5.35],"to":[8.35,7.75,10.65],"rotation":{"origin":[7.25,16.0,0.0],"axis":"y","angle":0.0},"faces":{"north":{"uv":[4.66667,13.33333,5.0,13.66667],"texture":"#2"},"east":{"uv":[8.66667,2.0,12.33333,2.33333],"texture":"#2"},"south":{"uv":[13.33333,4.66667,13.66667,5.0],"texture":"#2"},"west":{"uv":[8.66667,2.66667,12.33333,3.0],"texture":"#2"},"up":{"uv":[9.0,11.0,8.66667,7.33333],"texture":"#2"}}},{"from":[7.5,5.25,4.0],"to":[8.5,6.25,7.0],"rotation":{"origin":[7.5,0.0,7.0],"axis":"y","angle":0.0},"faces":{"north":{"uv":[10.0,12.0,10.66667,12.66667],"texture":"#2"},"east":{"uv":[7.33333,1.33333,9.33333,2.0],"texture":"#2"},"south":{"uv":[10.66667,12.0,11.33333,12.66667],"texture":"#2"},"west":{"uv":[5.33333,7.33333,7.33333,8.0],"texture":"#2"},"up":{"uv":[8.0,9.33333,7.33333,7.33333],"texture":"#2"},"down":{"uv":[0.66667,8.0,0.0,10.0],"texture":"#2"}}},{"from":[7.75,5.0,4.25],"to":[8.25,6.0,7.25],"rotation":{"origin":[7.5,0.0,7.0],"axis":"y","angle":0.0},"faces":{"north":{"uv":[13.33333,0.66667,13.66667,1.33333],"texture":"#2"},"east":{"uv":[8.66667,0.0,10.66667,0.66667],"texture":"#2"},"south":{"uv":[1.33333,13.33333,1.66667,14.0],"texture":"#2"},"west":{"uv":[8.66667,0.66667,10.66667,1.33333],"texture":"#2"},"up":{"uv":[12.33333,2.0,12.0,0.0],"texture":"#2"},"down":{"uv":[12.33333,3.33333,12.0,5.33333],"texture":"#2"}}},{"from":[7.15,6.15224,10.23463],"to":[8.85,7.90224,11.98463],"rotation":{"origin":[7.5,5.90224,10.23463],"axis":"x","angle":22.5},"faces":{"north":{"uv":[0.66667,8.0,1.66667,9.33333],"texture":"#2"},"east":{"uv":[1.33333,6.66667,2.66667,8.0],"texture":"#2"},"south":{"uv":[2.0,8.0,3.0,9.33333],"texture":"#2"},"west":{"uv":[2.66667,6.66667,4.0,8.0],"texture":"#2"},"up":{"uv":[4.33333,9.33333,3.33333,8.0],"texture":"#2"},"down":{"uv":[5.66667,8.0,4.66667,9.33333],"texture":"#2"}}},{"from":[7.5,4.25,10.75],"to":[8.5,6.75,11.75],"rotation":{"origin":[7.5,4.75,10.75],"axis":"x","angle":-22.5},"faces":{"north":{"uv":[0.66667,9.33333,1.33333,11.0],"texture":"#2"},"east":{"uv":[1.33333,9.33333,2.0,11.0],"texture":"#2"},"south":{"uv":[2.0,9.33333,2.66667,11.0],"texture":"#2"},"west":{"uv":[2.66667,9.33333,3.33333,11.0],"texture":"#2"},"up":{"uv":[12.66667,12.0,12.0,11.33333],"texture":"#2"},"down":{"uv":[12.66667,12.0,12.0,12.66667],"texture":"#2"}}},{"from":[7.4,3.65433,10.26903],"to":[8.6,4.15433,11.86903],"rotation":{"origin":[7.5,4.65433,10.51903],"axis":"x","angle":-22.5},"faces":{"north":{"uv":[11.33333,12.66667,12.0,13.0],"texture":"#2"},"east":{"uv":[12.66667,7.33333,13.66667,7.66667],"texture":"#2"},"south":{"uv":[12.66667,11.33333,13.33333,11.66667],"texture":"#2"},"west":{"uv":[12.66667,8.0,13.66667,8.33333],"texture":"#2"},"up":{"uv":[7.33333,12.33333,6.66667,11.33333],"texture":"#2"},"down":{"uv":[12.0,11.33333,11.33333,12.33333],"texture":"#2"}}},{"from":[7.75,5.33254,9.90538],"to":[8.25,6.33254,10.40538],"rotation":{"origin":[7.75,5.48254,9.90538],"axis":"x","angle":-22.5},"faces":{"north":{"uv":[12.0,12.66667,12.33333,13.33333],"texture":"#2"},"east":{"uv":[12.66667,12.0,13.0,12.66667],"texture":"#2"},"south":{"uv":[12.66667,12.66667,13.0,13.33333],"texture":"#2"},"west":{"uv":[0.0,13.33333,0.33333,14.0],"texture":"#2"},"up":{"uv":[4.33333,13.66667,4.0,13.33333],"texture":"#2"},"down":{"uv":[13.66667,4.0,13.33333,4.33333],"texture":"#2"}}},{"from":[7.5,6.46351,11.44709],"to":[8.5,7.46351,15.94709],"rotation":{"origin":[7.5,6.21351,11.94709],"axis":"y","angle":0.0},"faces":{"north":{"uv":[0.0,12.66667,0.66667,13.33333],"texture":"#2"},"east":{"uv":[4.0,3.33333,7.0,4.0],"texture":"#2"},"south":{"uv":[12.66667,0.0,13.33333,0.66667],"texture":"#2"},"west":{"uv":[4.0,4.0,7.0,4.66667],"texture":"#2"},"up":{"uv":[4.66667,7.66667,4.0,4.66667],"texture":"#2"},"down":{"uv":[5.33333,4.66667,4.66667,7.66667],"texture":"#2"}}},{"from":[7.5,5.46351,14.94709],"to":[8.5,6.46351,15.94709],"rotation":{"origin":[7.5,6.21351,11.94709],"axis":"y","angle":0.0},"faces":{"north":{"uv":[0.66667,12.66667,1.33333,13.33333],"texture":"#2"},"east":{"uv":[12.66667,0.66667,13.33333,1.33333],"texture":"#2"},"south":{"uv":[1.33333,12.66667,2.0,13.33333],"texture":"#2"},"west":{"uv":[12.66667,1.33333,13.33333,2.0],"texture":"#2"},"up":{"uv":[2.66667,13.33333,2.0,12.66667],"texture":"#2"},"down":{"uv":[13.33333,2.0,12.66667,2.66667],"texture":"#2"}}},{"from":[7.4,5.36351,15.94709],"to":[8.6,7.56351,16.44709],"rotation":{"origin":[7.5,6.21351,11.94709],"axis":"y","angle":0.0},"faces":{"north":{"uv":[2.0,11.33333,2.66667,12.66667],"texture":"#2"},"east":{"uv":[3.33333,12.66667,3.66667,14.0],"texture":"#2"},"south":{"uv":[2.66667,11.33333,3.33333,12.66667],"texture":"#2"},"west":{"uv":[12.66667,3.33333,13.0,4.66667],"texture":"#2"},"up":{"uv":[14.0,0.33333,13.33333,0.0],"texture":"#2"},"down":{"uv":[1.33333,13.33333,0.66667,13.66667],"texture":"#2"}}},{"from":[7.5035,5.6168,12.5515],"to":[8.4965,6.5418,15.1765],"rotation":{"origin":[8.0035,6.1168,14.6765],"axis":"x","angle":22.5},"faces":{"north":{"uv":[2.66667,12.66667,3.33333,13.33333],"texture":"#2"},"east":{"uv":[8.0,6.0,10.0,6.66667],"texture":"#2"},"south":{"uv":[12.66667,2.66667,13.33333,3.33333],"texture":"#2"},"west":{"uv":[8.0,6.66667,10.0,7.33333],"texture":"#2"},"up":{"uv":[7.33333,10.0,6.66667,8.0],"texture":"#2"},"down":{"uv":[8.66667,7.33333,8.0,9.33333],"texture":"#2"}}},{"from":[7.75,7.5,10.25],"to":[8.25,8.5,11.25],"rotation":{"origin":[7.75,7.5,10.0],"axis":"y","angle":0.0},"faces":{"north":{"uv":[13.33333,1.33333,13.66667,2.0],"texture":"#2"},"east":{"uv":[4.0,12.66667,4.66667,13.33333],"texture":"#2"},"south":{"uv":[2.0,13.33333,2.33333,14.0],"texture":"#2"},"west":{"uv":[4.66667,12.66667,5.33333,13.33333],"texture":"#2"},"up":{"uv":[13.66667,2.66667,13.33333,2.0],"texture":"#2"},"down":{"uv":[3.0,13.33333,2.66667,14.0],"texture":"#2"}}},{"from":[2.75,8.0,8.0],"to":[13.25,8.03,11.0],"rotation":{"origin":[7.25,0.0,0.0],"axis":"y","angle":0.0},"faces":{"up":{"uv":[7.0,2.0,0.0,0.0],"texture":"#2"},"down":{"uv":[7.0,0.0,0.0,2.0],"texture":"#2"}}}],"textures":{"1":"32f928a8-2683-4aa2-a6f8-7c49b7590928","2":"ba6641c5-6070-4268-bf24-0222e90cc1fd"},"gui_light":"front"}