{"display":{"thirdperson_righthand":{"translation":[0.0,-2.0,1.0]},"thirdperson_lefthand":{"translation":[0.0,-2.0,1.0]},"firstperson_righthand":{"translation":[1.25,2.75,-1.25]},"firstperson_lefthand":{"translation":[1.25,2.75,-1.25]},"ground":{"rotation":[45.0,0.0,0.0],"translation":[0.0,5.0,0.0],"scale":[0.7,0.7,0.7]},"gui":{"rotation":[90.0,45.0,90.0],"translation":[-0.75,0.75,0.0],"scale":[0.8,0.8,0.8]},"head":{"rotation":[90.0,-45.0,90.0]},"fixed":{"rotation":[0.0,-90.0,0.0],"translation":[0.0,0.0,-2.0],"scale":[2.0,2.0,2.0]}},"elements":[{"from":[7.4,4.7625,7.4],"to":[8.6,7.0125,8.6],"rotation":{"origin":[8.0,7.7625,8.0],"axis":"y","angle":45.0},"faces":{"north":{"uv":[10.0,12.0,10.66667,13.66667],"texture":"#3"},"east":{"uv":[10.66667,12.0,11.33333,13.66667],"texture":"#3"},"south":{"uv":[12.0,10.66667,12.66667,12.33333],"texture":"#3"},"west":{"uv":[11.33333,12.0,12.0,13.66667],"texture":"#3"},"up":{"uv":[6.66667,10.66667,6.0,10.0],"texture":"#3"}}},{"from":[7.4,8.5125,7.4],"to":[8.6,11.2625,8.6],"rotation":{"origin":[8.0,7.7625,8.0],"axis":"y","angle":45.0},"faces":{"north":{"uv":[12.0,6.66667,12.66667,8.66667],"texture":"#3"},"east":{"uv":[8.66667,12.0,9.33333,14.0],"texture":"#3"},"south":{"uv":[12.0,8.66667,12.66667,10.66667],"texture":"#3"},"west":{"uv":[9.33333,12.0,10.0,14.0],"texture":"#3"},"down":{"uv":[5.33333,11.33333,4.66667,12.0],"texture":"#3"}}},{"from":[7.5,7.0125,7.5],"to":[8.5,8.5125,8.5],"rotation":{"origin":[8.0,7.7625,8.0],"axis":"y","angle":45.0},"faces":{"north":{"uv":[14.0,2.66667,14.66667,3.66667],"texture":"#3"},"east":{"uv":[14.0,4.0,14.66667,5.0],"texture":"#3"},"south":{"uv":[14.0,5.33333,14.66667,6.33333],"texture":"#3"},"west":{"uv":[14.0,6.66667,14.66667,7.66667],"texture":"#3"}}},{"from":[7.25,6.0625,7.25],"to":[8.75,6.5625,8.75],"rotation":{"origin":[8.0,7.3125,8.0],"axis":"y","angle":45.0},"faces":{"north":{"uv":[14.0,8.0,15.0,8.33333],"texture":"#3"},"east":{"uv":[8.66667,14.0,9.66667,14.33333],"texture":"#3"},"south":{"uv":[14.0,8.66667,15.0,9.0],"texture":"#3"},"west":{"uv":[14.0,9.33333,15.0,9.66667],"texture":"#3"},"up":{"uv":[13.66667,7.66667,12.66667,6.66667],"texture":"#3"},"down":{"uv":[13.66667,8.0,12.66667,9.0],"texture":"#3"}}},{"from":[7.25,8.9625,7.25],"to":[8.75,9.4625,8.75],"rotation":{"origin":[8.0,10.2125,8.0],"axis":"y","angle":45.0},"faces":{"north":{"uv":[10.0,14.0,11.0,14.33333],"texture":"#3"},"east":{"uv":[14.0,10.0,15.0,10.33333],"texture":"#3"},"south":{"uv":[14.0,10.66667,15.0,11.0],"texture":"#3"},"west":{"uv":[11.33333,14.0,12.33333,14.33333],"texture":"#3"},"up":{"uv":[13.66667,10.33333,12.66667,9.33333],"texture":"#3"},"down":{"uv":[13.66667,10.66667,12.66667,11.66667],"texture":"#3"}}},{"from":[7.25,9.8625,7.25],"to":[8.75,10.3625,8.75],"rotation":{"origin":[8.0,11.1125,8.0],"axis":"y","angle":45.0},"faces":{"north":{"uv":[14.0,11.33333,15.0,11.66667],"texture":"#3"},"east":{"uv":[0.0,14.66667,1.0,15.0],"texture":"#3"},"south":{"uv":[14.66667,0.0,15.66667,0.33333],"texture":"#3"},"west":{"uv":[14.66667,0.66667,15.66667,1.0],"texture":"#3"},"up":{"uv":[13.0,13.66667,12.0,12.66667],"texture":"#3"},"down":{"uv":[14.33333,0.0,13.33333,1.0],"texture":"#3"}}},{"from":[6.85,13.0,7.08579],"to":[9.15,14.5,8.58579],"rotation":{"origin":[7.5,13.0,6.58579],"axis":"x","angle":45.0},"faces":{"east":{"uv":[13.33333,1.33333,14.33333,2.33333],"texture":"#3"},"south":{"uv":[10.0,10.66667,11.66667,11.66667],"texture":"#3"},"west":{"uv":[4.66667,13.33333,5.66667,14.33333],"texture":"#3"},"down":{"uv":[13.0,0.0,11.33333,1.0],"texture":"#3"}}},{"from":[6.85,14.64645,6.73223],"to":[9.15,16.14645,8.23223],"rotation":{"origin":[7.5,12.64645,6.23223],"axis":"x","angle":45.0},"faces":{"north":{"uv":[11.33333,1.33333,13.0,2.33333],"texture":"#3"},"east":{"uv":[6.0,13.33333,7.0,14.33333],"texture":"#3"},"south":{"uv":[12.0,2.66667,13.66667,3.66667],"texture":"#3"},"west":{"uv":[7.33333,13.33333,8.33333,14.33333],"texture":"#3"},"up":{"uv":[13.66667,5.0,12.0,4.0],"texture":"#3"}}},{"from":[6.85,12.64645,5.43934],"to":[9.15,14.14645,6.93934],"rotation":{"origin":[7.5,12.64645,6.93934],"axis":"x","angle":45.0},"faces":{"north":{"uv":[4.66667,12.0,6.33333,13.0],"texture":"#3"},"east":{"uv":[13.33333,12.0,14.33333,13.0],"texture":"#3"},"west":{"uv":[13.33333,13.33333,14.33333,14.33333],"texture":"#3"},"up":{"uv":[13.66667,6.33333,12.0,5.33333],"texture":"#3"},"down":{"uv":[8.33333,12.0,6.66667,13.0],"texture":"#3"}}},{"from":[7.085,10.585,7.085],"to":[8.915,12.415,8.915],"rotation":{"origin":[8.0,11.5,8.0],"axis":"x","angle":45.0},"faces":{"north":{"uv":[9.33333,2.66667,10.66667,4.0],"texture":"#3"},"east":{"uv":[9.33333,4.0,10.66667,5.33333],"texture":"#3"},"south":{"uv":[9.33333,5.33333,10.66667,6.66667],"texture":"#3"},"west":{"uv":[9.33333,6.66667,10.66667,8.0],"texture":"#3"},"up":{"uv":[10.66667,9.33333,9.33333,8.0],"texture":"#3"},"down":{"uv":[10.66667,9.33333,9.33333,10.66667],"texture":"#3"}}},{"from":[7.085,15.94017,7.58288],"to":[8.915,17.77017,9.41288],"rotation":{"origin":[8.0,18.35517,8.74788],"axis":"x","angle":-22.5},"faces":{"north":{"uv":[10.0,0.0,11.33333,1.33333],"texture":"#3"},"east":{"uv":[10.0,1.33333,11.33333,2.66667],"texture":"#3"},"south":{"uv":[4.66667,10.0,6.0,11.33333],"texture":"#3"},"west":{"uv":[10.66667,2.66667,12.0,4.0],"texture":"#3"},"up":{"uv":[12.0,5.33333,10.66667,4.0],"texture":"#3"},"down":{"uv":[12.0,5.33333,10.66667,6.66667],"texture":"#3"}}},{"from":[7.995,12.5,1.0],"to":[8.005,16.5,6.0],"rotation":{"origin":[8.0,13.75,3.5],"axis":"x","angle":0.0},"faces":{"east":{"uv":[10.0,0.0,6.66667,2.66667],"texture":"#3"},"west":{"uv":[6.66667,0.0,10.0,2.66667],"texture":"#3"}}},{"from":[6.5,9.25,4.0],"to":[6.5,17.25,12.0],"rotation":{"origin":[8.0,13.25,8.0],"axis":"x","angle":22.5},"faces":{"west":{"uv":[0.0,0.0,16.0,16.0],"texture":"#1"}}},{"from":[9.5,9.25,4.0],"to":[9.5,17.25,12.0],"rotation":{"origin":[8.0,13.25,8.0],"axis":"x","angle":22.5},"faces":{"east":{"uv":[16.0,0.0,0.0,16.0],"texture":"#1"}}},{"from":[9.5,-1.25,3.75],"to":[9.5,6.75,11.75],"rotation":{"origin":[9.5,2.75,7.75],"axis":"x","angle":-22.5},"faces":{"east":{"uv":[16.0,16.0,0.0,0.0],"texture":"#1","rotation":180}}},{"from":[6.5,-1.25,3.75],"to":[6.5,6.75,11.75],"rotation":{"origin":[6.5,2.75,7.75],"axis":"x","angle":-22.5},"faces":{"west":{"uv":[0.0,16.0,16.0,0.0],"texture":"#1","rotation":180}}},{"from":[7.25,14.0,7.0],"to":[8.75,17.0,8.5],"rotation":{"origin":[7.25,14.0,7.0],"axis":"x","angle":22.5},"faces":{"north":{"uv":[6.66667,2.66667,7.66667,4.66667],"texture":"#3"},"east":{"uv":[6.66667,4.66667,7.66667,6.66667],"texture":"#3"},"south":{"uv":[6.66667,6.66667,7.66667,8.66667],"texture":"#3"},"west":{"uv":[8.0,2.66667,9.0,4.66667],"texture":"#3"}}},{"from":[7.25,17.39527,7.47088],"to":[8.75,20.39527,8.97088],"rotation":{"origin":[7.25,16.39104,8.06147],"axis":"x","angle":45.0},"faces":{"north":{"uv":[8.0,4.66667,9.0,6.66667],"texture":"#3"},"east":{"uv":[8.0,6.66667,9.0,8.66667],"texture":"#3"},"south":{"uv":[6.66667,8.66667,7.66667,10.66667],"texture":"#3"},"west":{"uv":[8.0,8.66667,9.0,10.66667],"texture":"#3"}}},{"from":[7.0,18.02039,10.25561],"to":[9.0,20.02039,12.25561],"rotation":{"origin":[7.5,20.17039,11.00561],"axis":"x","angle":-22.5},"faces":{"north":{"uv":[6.0,10.66667,7.33333,12.0],"texture":"#3"},"east":{"uv":[10.66667,6.66667,12.0,8.0],"texture":"#3"},"south":{"uv":[7.33333,10.66667,8.66667,12.0],"texture":"#3"},"west":{"uv":[10.66667,8.0,12.0,9.33333],"texture":"#3"},"up":{"uv":[10.0,12.0,8.66667,10.66667],"texture":"#3"},"down":{"uv":[12.0,9.33333,10.66667,10.66667],"texture":"#3"}}},{"from":[6.85,1.5,7.08579],"to":[9.15,3.0,8.58579],"rotation":{"origin":[7.5,3.0,6.58579],"axis":"x","angle":-45.0},"faces":{"east":{"uv":[13.33333,2.33333,14.33333,1.33333],"texture":"#3"},"south":{"uv":[10.0,11.66667,11.66667,10.66667],"texture":"#3"},"west":{"uv":[4.66667,14.33333,5.66667,13.33333],"texture":"#3"},"up":{"uv":[13.0,1.0,11.33333,0.0],"texture":"#3"}}},{"from":[6.85,-0.14645,6.73223],"to":[9.15,1.35355,8.23223],"rotation":{"origin":[7.5,3.35355,6.23223],"axis":"x","angle":-45.0},"faces":{"north":{"uv":[11.33333,2.33333,13.0,1.33333],"texture":"#3"},"east":{"uv":[6.0,14.33333,7.0,13.33333],"texture":"#3"},"south":{"uv":[12.0,3.66667,13.66667,2.66667],"texture":"#3"},"west":{"uv":[7.33333,14.33333,8.33333,13.33333],"texture":"#3"},"down":{"uv":[13.66667,4.0,12.0,5.0],"texture":"#3"}}},{"from":[6.85,1.85355,5.43934],"to":[9.15,3.35355,6.93934],"rotation":{"origin":[7.5,3.35355,6.93934],"axis":"x","angle":-45.0},"faces":{"north":{"uv":[4.66667,13.0,6.33333,12.0],"texture":"#3"},"east":{"uv":[13.33333,13.0,14.33333,12.0],"texture":"#3"},"west":{"uv":[13.33333,14.33333,14.33333,13.33333],"texture":"#3"},"up":{"uv":[8.33333,13.0,6.66667,12.0],"texture":"#3"},"down":{"uv":[13.66667,5.33333,12.0,6.33333],"texture":"#3"}}},{"from":[7.995,-0.5,1.0],"to":[8.005,3.5,6.0],"rotation":{"origin":[8.0,2.25,3.5],"axis":"x","angle":0.0},"faces":{"east":{"uv":[10.0,2.66667,6.66667,0.0],"texture":"#3"},"west":{"uv":[6.66667,2.66667,10.0,0.0],"texture":"#3"}}},{"from":[7.25,-1.0,7.0],"to":[8.75,2.0,8.5],"rotation":{"origin":[7.25,2.0,7.0],"axis":"x","angle":-22.5},"faces":{"north":{"uv":[6.66667,4.66667,7.66667,2.66667],"texture":"#3"},"east":{"uv":[6.66667,6.66667,7.66667,4.66667],"texture":"#3"},"south":{"uv":[6.66667,8.66667,7.66667,6.66667],"texture":"#3"},"west":{"uv":[8.0,4.66667,9.0,2.66667],"texture":"#3"}}},{"from":[7.085,-1.77017,7.58288],"to":[8.915,0.05983,9.41288],"rotation":{"origin":[8.0,-2.35517,8.74788],"axis":"x","angle":22.5},"faces":{"north":{"uv":[10.0,1.33333,11.33333,0.0],"texture":"#3"},"east":{"uv":[10.0,2.66667,11.33333,1.33333],"texture":"#3"},"south":{"uv":[4.66667,11.33333,6.0,10.0],"texture":"#3"},"west":{"uv":[10.66667,4.0,12.0,2.66667],"texture":"#3"},"up":{"uv":[12.0,6.66667,10.66667,5.33333],"texture":"#3"},"down":{"uv":[12.0,4.0,10.66667,5.33333],"texture":"#3"}}},{"from":[7.25,-4.39527,7.47088],"to":[8.75,-1.39527,8.97088],"rotation":{"origin":[7.25,-0.39104,8.06147],"axis":"x","angle":-45.0},"faces":{"north":{"uv":[8.0,6.66667,9.0,4.66667],"texture":"#3"},"east":{"uv":[8.0,8.66667,9.0,6.66667],"texture":"#3"},"south":{"uv":[6.66667,10.66667,7.66667,8.66667],"texture":"#3"},"west":{"uv":[8.0,10.66667,9.0,8.66667],"texture":"#3"}}},{"from":[7.0,-4.02039,10.25561],"to":[9.0,-2.02039,12.25561],"rotation":{"origin":[7.5,-4.17039,11.00561],"axis":"x","angle":22.5},"faces":{"north":{"uv":[6.0,12.0,7.33333,10.66667],"texture":"#3"},"east":{"uv":[10.66667,8.0,12.0,6.66667],"texture":"#3"},"south":{"uv":[7.33333,12.0,8.66667,10.66667],"texture":"#3"},"west":{"uv":[10.66667,9.33333,12.0,8.0],"texture":"#3"},"up":{"uv":[12.0,10.66667,10.66667,9.33333],"texture":"#3"},"down":{"uv":[10.0,10.66667,8.66667,12.0],"texture":"#3"}}},{"from":[7.085,3.585,7.085],"to":[8.915,5.415,8.915],"rotation":{"origin":[8.0,4.5,8.0],"axis":"x","angle":-45.0},"faces":{"north":{"uv":[9.33333,4.0,10.66667,2.66667],"texture":"#3"},"east":{"uv":[9.33333,5.33333,10.66667,4.0],"texture":"#3"},"south":{"uv":[9.33333,6.66667,10.66667,5.33333],"texture":"#3"},"west":{"uv":[9.33333,8.0,10.66667,6.66667],"texture":"#3"},"up":{"uv":[10.66667,10.66667,9.33333,9.33333],"texture":"#3"},"down":{"uv":[10.66667,8.0,9.33333,9.33333],"texture":"#3"}}},{"from":[7.985,-2.60296,11.63547],"to":[8.015,18.64704,18.63547],"rotation":{"origin":[7.985,6.89704,11.13547],"axis":"y","angle":0.0},"faces":{"east":{"uv":[4.66667,0.0,0.0,14.33333],"texture":"#3"},"west":{"uv":[0.0,0.0,4.66667,14.33333],"texture":"#3"}}}],"textures":{"1":"8e9e84fa-6dee-47ea-8930-9971a14de910","3":"de63de1b-b33e-482d-af7f-6dfd8e74d4dc"},"gui_light":"front"}