{"display":{"thirdperson_righthand":{"rotation":[0.0,94.0,0.0],"translation":[0.0,-0.5,1.5],"scale":[0.6,0.9,0.8]},"thirdperson_lefthand":{"rotation":[-110.0,0.0,143.0],"translation":[-8.0,-5.75,9.5],"scale":[-0.6,0.9,0.8]},"firstperson_righthand":{"rotation":[0.0,101.5,0.0],"translation":[2.5,0.0,0.0],"scale":[0.41328,0.75,0.59961]},"firstperson_lefthand":{"rotation":[0.0,-90.0,0.0],"translation":[0.0,19.75,0.0],"scale":[0.0,0.0,0.0]},"ground":{"rotation":[0.0,0.0,31.75],"translation":[0.0,10.5,0.0],"scale":[0.5,0.67188,0.4668]},"gui":{"rotation":[0.0,0.0,48.0],"scale":[0.33906,0.49141,0.35859]},"head":{"rotation":[0.0,0.0,-131.75],"translation":[-16.25,15.0,0.0],"scale":[1.0,1.26758,0.72852]},"fixed":{"rotation":[0.0,0.0,-44.5],"translation":[0.0,0.0,-0.5],"scale":[0.3918,0.5832,0.35859]}},"elements":[{"from":[11.25,17.5,7.39999],"to":[14.25,20.5,8.59999],"rotation":{"origin":[8.0,23.75,7.49999],"axis":"z","angle":-45.0},"faces":{"north":{"uv":[3.75,5.75,4.5,6.5],"texture":"#0"},"east":{"uv":[3.5,5.75,3.75,6.5],"texture":"#0"},"south":{"uv":[4.75,5.75,5.5,6.5],"texture":"#0"},"west":{"uv":[4.5,5.75,4.75,6.5],"texture":"#0"},"up":{"uv":[4.5,5.75,3.75,5.5],"texture":"#0"},"down":{"uv":[5.25,5.5,4.5,5.75],"texture":"#0"}}},{"from":[7.5,-12.0,7.49999],"to":[8.5,15.75,8.49999],"rotation":{"origin":[2.5,3.5,7.49999],"axis":"y","angle":0.0},"faces":{"north":{"uv":[0.25,3.5,0.5,10.25],"texture":"#0"},"east":{"uv":[0.0,3.5,0.25,10.25],"texture":"#0"},"south":{"uv":[0.75,3.5,1.0,10.25],"texture":"#0"},"west":{"uv":[0.5,3.5,0.75,10.25],"texture":"#0"},"up":{"uv":[0.5,3.5,0.25,3.25],"texture":"#0"},"down":{"uv":[0.75,3.25,0.5,3.5],"texture":"#0"}}},{"from":[8.57157,15.73223,7.59999],"to":[10.57157,18.73223,8.39999],"rotation":{"origin":[4.47157,3.48223,7.49999],"axis":"y","angle":0.0},"faces":{"north":{"uv":[8.0,4.75,8.5,5.5],"texture":"#0"},"east":{"uv":[7.9375,4.75,8.0,5.5],"texture":"#0"},"south":{"uv":[8.5,4.75,9.0,5.5],"texture":"#0"},"west":{"uv":[8.5,4.75,8.5625,5.5],"texture":"#0"},"up":{"uv":[8.5,4.75,8.0,4.6875],"texture":"#0"},"down":{"uv":[9.0,4.75,8.5,4.6875],"texture":"#0"}}},{"from":[8.27556,13.51048,7.69999],"to":[9.77556,16.31048,8.29999],"rotation":{"origin":[9.47556,15.06048,7.69999],"axis":"z","angle":-45.0},"faces":{"north":{"uv":[8.5,5.75,8.75,6.25],"texture":"#0"},"east":{"uv":[8.4375,5.75,8.5,6.25],"texture":"#0"},"south":{"uv":[8.75,5.75,9.0,6.25],"texture":"#0"},"west":{"uv":[8.75,5.75,8.8125,6.25],"texture":"#0"},"up":{"uv":[8.75,5.75,8.5,5.6875],"texture":"#0"},"down":{"uv":[9.0,5.75,8.75,5.6875],"texture":"#0"}}},{"from":[7.4,11.75,7.995],"to":[11.4,20.75,8.005],"rotation":{"origin":[5.6,3.5,7.495],"axis":"y","angle":0.0},"faces":{"north":{"uv":[3.9375,0.25,4.9375,2.5],"texture":"#0"},"east":{"uv":[9.5,0.0,9.5,0.0],"texture":"#0"},"south":{"uv":[5.0,0.25,6.0,2.5],"texture":"#0"},"west":{"uv":[10.5,0.0,10.5,0.0],"texture":"#0"},"up":{"uv":[10.5,0.0,9.5,0.0],"texture":"#0"},"down":{"uv":[11.5,0.0,10.5,0.0],"texture":"#0"}}},{"from":[9.02678,-10.53388,7.44999],"to":[10.02678,-8.53388,8.54999],"rotation":{"origin":[8.67678,-10.88388,7.99999],"axis":"z","angle":45.0},"faces":{"north":{"uv":[6.25,4.25,6.5,4.75],"texture":"#0"},"east":{"uv":[6.0,4.25,6.25,4.75],"texture":"#0"},"south":{"uv":[6.75,4.25,7.0,4.75],"texture":"#0"},"west":{"uv":[6.5,4.25,6.75,4.75],"texture":"#0"},"up":{"uv":[6.5,4.25,6.25,4.0],"texture":"#0"},"down":{"uv":[6.75,4.0,6.5,4.25],"texture":"#0"}}},{"from":[3.1,-14.3,7.99],"to":[8.1,-9.3,8.01],"rotation":{"origin":[8.25,-9.5,7.49],"axis":"z","angle":45.0},"faces":{"north":{"uv":[0.0,0.0,1.25,1.25],"texture":"#0"},"east":{"uv":[13.5,0.0,13.5,1.25],"texture":"#0"},"south":{"uv":[1.25,0.0,2.5,1.25],"texture":"#0"},"west":{"uv":[14.75,0.0,14.75,1.25],"texture":"#0"},"up":{"uv":[14.75,0.0,13.5,0.0],"texture":"#0"},"down":{"uv":[16.0,0.0,14.75,0.0],"texture":"#0"}}},{"from":[7.0,-12.6,7.39999],"to":[9.0,-10.6,8.59999],"rotation":{"origin":[8.25,-11.5,7.49999],"axis":"z","angle":-45.0},"faces":{"north":{"uv":[6.25,3.5,6.75,4.0],"texture":"#0"},"east":{"uv":[6.0,3.5,6.25,4.0],"texture":"#0"},"south":{"uv":[7.0,3.5,7.5,4.0],"texture":"#0"},"west":{"uv":[6.75,3.5,7.0,4.0],"texture":"#0"},"up":{"uv":[6.75,3.5,6.25,3.25],"texture":"#0"},"down":{"uv":[7.25,3.25,6.75,3.5],"texture":"#0"}}},{"from":[-1.75,12.25,7.99],"to":[16.25,30.25,8.01],"rotation":{"origin":[8.0,20.5,6.99],"axis":"z","angle":-45.0},"faces":{"north":{"uv":[7.0,11.5,11.5,16.0],"texture":"#0"},"east":{"uv":[13.75,0.0,13.75,0.0],"texture":"#0"},"south":{"uv":[11.5,11.5,16.0,16.0],"texture":"#0"},"west":{"uv":[16.0,0.0,16.0,0.0],"texture":"#0"},"up":{"uv":[16.0,0.0,11.5,0.0],"texture":"#0"},"down":{"uv":[16.0,0.0,11.5,0.0],"texture":"#0"}}},{"from":[6.5,17.0,7.49999],"to":[11.5,22.0,8.49999],"rotation":{"origin":[8.0,20.5,6.99999],"axis":"z","angle":-45.0},"faces":{"north":{"uv":[1.25,3.5,2.5,4.75],"texture":"#0"},"east":{"uv":[1.0,3.5,1.25,4.75],"texture":"#0"},"south":{"uv":[2.75,3.5,4.0,4.75],"texture":"#0"},"west":{"uv":[2.5,3.5,2.75,4.75],"texture":"#0"},"up":{"uv":[2.5,3.5,1.25,3.25],"texture":"#0"},"down":{"uv":[3.75,3.25,2.5,3.5],"texture":"#0"}}},{"from":[6.25,21.89645,7.49999],"to":[8.25,23.89645,8.49999],"rotation":{"origin":[8.0,20.14645,6.99999],"axis":"z","angle":-45.0},"faces":{"north":{"uv":[1.25,6.25,1.75,6.75],"texture":"#0"},"east":{"uv":[1.0,6.25,1.25,6.75],"texture":"#0"},"south":{"uv":[2.0,6.25,2.5,6.75],"texture":"#0"},"west":{"uv":[1.75,6.25,2.0,6.75],"texture":"#0"},"up":{"uv":[1.75,6.25,1.25,6.0],"texture":"#0"},"down":{"uv":[2.25,6.0,1.75,6.25],"texture":"#0"}}},{"from":[10.09433,20.78454,7.6],"to":[11.09433,26.78454,8.4],"rotation":{"origin":[6.34433,21.03454,6.95],"axis":"z","angle":22.5},"faces":{"north":{"uv":[3.25,8.25,3.5,9.75],"texture":"#0"},"east":{"uv":[3.1875,8.25,3.25,9.75],"texture":"#0"},"south":{"uv":[3.5,8.25,3.75,9.75],"texture":"#0"},"west":{"uv":[3.6875,8.25,3.75,9.75],"texture":"#0"},"up":{"uv":[3.5,8.25,3.25,8.25],"texture":"#0"},"down":{"uv":[3.75,8.25,3.5,8.25],"texture":"#0"}}},{"from":[7.8399,27.15666,7.595],"to":[8.5899,27.90666,8.405],"rotation":{"origin":[7.34443,27.59114,6.995],"axis":"z","angle":45.0},"faces":{"north":{"uv":[5.5,6.5,5.75,6.75],"texture":"#0"},"east":{"uv":[5.25,6.5,5.5,6.75],"texture":"#0"},"south":{"uv":[6.0,6.5,6.25,6.75],"texture":"#0"},"west":{"uv":[5.75,6.5,6.0,6.75],"texture":"#0"},"up":{"uv":[5.75,6.5,5.5,6.25],"texture":"#0"},"down":{"uv":[6.0,6.25,5.75,6.5],"texture":"#0"}}},{"from":[4.25,19.89645,7.49999],"to":[6.25,21.89645,8.49999],"rotation":{"origin":[8.0,20.14645,6.99999],"axis":"z","angle":-45.0},"faces":{"north":{"uv":[5.75,5.75,6.25,6.25],"texture":"#0"},"east":{"uv":[5.5,5.75,5.75,6.25],"texture":"#0"},"south":{"uv":[6.5,5.75,7.0,6.25],"texture":"#0"},"west":{"uv":[6.25,5.75,6.5,6.25],"texture":"#0"},"up":{"uv":[6.25,5.75,5.75,5.5],"texture":"#0"},"down":{"uv":[6.75,5.5,6.25,5.75],"texture":"#0"}}},{"from":[4.90567,20.78454,7.599],"to":[5.90567,26.78454,8.401],"rotation":{"origin":[9.65567,21.03454,6.9482],"axis":"z","angle":-22.5},"faces":{"north":{"uv":[2.5,8.25,2.75,9.75],"texture":"#0"},"east":{"uv":[2.4375,8.25,2.5,9.75],"texture":"#0"},"south":{"uv":[2.75,8.25,3.0,9.75],"texture":"#0"},"west":{"uv":[2.75,8.25,2.8125,9.75],"texture":"#0"},"up":{"uv":[2.75,8.25,2.5,8.25],"texture":"#0"},"down":{"uv":[3.0,8.25,2.75,8.25],"texture":"#0"}}}],"textures":{"particle":"a27c01ba-5ae8-40bc-baa1-1d7ade0a3df6","0":"a27c01ba-5ae8-40bc-baa1-1d7ade0a3df6"},"gui_light":"front"}