{"display":{"thirdperson_righthand":{"rotation":[0.0,180.0,0.0],"translation":[0.0,-6.5,4.25]},"thirdperson_lefthand":{"rotation":[0.0,180.0,0.0],"translation":[0.0,-6.5,4.25]},"firstperson_righthand":{"rotation":[-150.0,-22.0,-175.0],"translation":[0.75,-2.5,-2.5],"scale":[0.89,0.89,0.89]},"firstperson_lefthand":{"rotation":[-150.0,-22.0,-175.0],"translation":[0.75,-2.5,-2.5],"scale":[0.89,0.89,0.89]},"gui":{"rotation":[-128.0,-36.0,-118.0],"translation":[-2.75,-1.75,0.0],"scale":[0.63,0.63,0.63]},"fixed":{"rotation":[0.0,90.0,0.0],"translation":[0.0,-4.25,-1.25]}},"elements":[{"from":[7.18688,23.6192,2.99544],"to":[8.81312,25.78752,5.16376],"rotation":{"origin":[8.0,28.49792,6.79],"axis":"x","angle":-45.0},"faces":{"north":{"uv":[8.0,0.0,8.75,1.0],"texture":"#0"},"east":{"uv":[7.0,5.0,8.0,6.0],"texture":"#0"},"south":{"uv":[8.0,1.0,8.75,2.0],"texture":"#0"},"west":{"uv":[6.0,7.0,7.0,8.0],"texture":"#0"},"up":{"uv":[8.75,3.0,8.0,2.0],"texture":"#0"},"down":{"uv":[8.75,3.0,8.0,4.0],"texture":"#0"}}},{"from":[7.45792,9.91733,10.43527],"to":[8.54208,15.41056,11.74014],"rotation":{"origin":[8.0,12.62773,11.00639],"axis":"y","angle":0.0},"faces":{"north":{"uv":[5.0,6.0,5.5,8.75],"texture":"#0"},"east":{"uv":[3.0,6.0,3.75,8.75],"texture":"#0"},"south":{"uv":[5.5,6.0,6.0,8.75],"texture":"#0"},"west":{"uv":[4.0,6.0,4.75,8.75],"texture":"#0"}}},{"from":[8.0,20.5467,9.47452],"to":[8.0,26.42542,15.35324],"rotation":{"origin":[8.0,19.08792,6.427],"axis":"x","angle":-45.0},"faces":{"east":{"uv":[4.0,0.0,7.0,3.0],"texture":"#0"},"west":{"uv":[4.0,3.0,7.0,6.0],"texture":"#0"}}},{"from":[7.40371,23.8612,1.20658],"to":[8.59629,25.08282,2.99544],"rotation":{"origin":[8.0,28.49792,6.79],"axis":"x","angle":-45.0},"faces":{"north":{"uv":[7.5,8.5,8.0,9.0],"texture":"#0"},"east":{"uv":[7.0,8.0,8.0,8.5],"texture":"#0"},"west":{"uv":[8.0,7.0,9.0,7.5],"texture":"#0"},"up":{"uv":[8.5,8.5,8.0,7.5],"texture":"#0"},"down":{"uv":[7.5,8.5,7.0,9.5],"texture":"#0"}}},{"from":[7.45792,15.63549,8.54777],"to":[8.54208,24.30877,9.63193],"rotation":{"origin":[8.0,21.05629,9.08985],"axis":"x","angle":-22.5},"faces":{"north":{"uv":[1.0,6.0,1.5,10.25],"texture":"#0"},"east":{"uv":[1.5,6.0,2.0,10.25],"texture":"#0"},"south":{"uv":[2.0,6.0,2.5,10.25],"texture":"#0"},"west":{"uv":[2.5,6.0,3.0,10.25],"texture":"#0"}}},{"from":[7.99129,3.54897,5.84348],"to":[7.99129,22.27784,6.3391],"rotation":{"origin":[8.0,4.44341,5.12329],"axis":"y","angle":0.0},"faces":{"east":{"uv":[0.0,6.0,0.25,15.25],"texture":"#0"},"west":{"uv":[0.5,6.0,0.75,15.25],"texture":"#0"}}},{"from":[7.11813,12.35168,-4.3181],"to":[8.87263,14.10618,-2.5636],"rotation":{"origin":[8.0,-3.08792,6.79],"axis":"x","angle":45.0},"faces":{"north":{"uv":[6.0,6.0,7.0,7.0],"texture":"#0"},"east":{"uv":[7.0,0.0,8.0,1.0],"texture":"#0"},"south":{"uv":[7.0,1.0,8.0,2.0],"texture":"#0"},"west":{"uv":[7.0,2.0,8.0,3.0],"texture":"#0"},"up":{"uv":[8.0,4.0,7.0,3.0],"texture":"#0"},"down":{"uv":[8.0,4.0,7.0,5.0],"texture":"#0"}}},{"from":[8.0,14.33645,8.03376],"to":[8.0,26.21517,12.11248],"rotation":{"origin":[8.0,22.65706,12.17312],"axis":"x","angle":-22.5},"faces":{"east":{"uv":[0.0,0.0,2.0,6.0],"texture":"#0"},"west":{"uv":[2.0,0.0,4.0,6.0],"texture":"#0"}}},{"from":[8.0125,13.0,6.33125],"to":[8.0125,15.0,22.83125],"rotation":{"origin":[8.0125,14.0,12.83125],"axis":"z","angle":45.0},"faces":{"north":{"uv":[12.75,12.5,12.75,13.5],"texture":"#0"},"east":{"uv":[8.75,13.0,2.25,14.75],"texture":"#0"},"south":{"uv":[12.0,12.5,12.0,13.5],"texture":"#0"},"west":{"uv":[2.25,13.0,8.75,14.75],"texture":"#0"},"up":{"uv":[12.25,9.0,12.25,15.5],"texture":"#0"},"down":{"uv":[12.25,9.0,12.25,15.5],"texture":"#0"}}},{"from":[8.0125,13.0,6.33125],"to":[8.0125,15.0,22.83125],"rotation":{"origin":[8.0125,14.0,12.83125],"axis":"z","angle":-45.0},"faces":{"north":{"uv":[12.75,12.0,12.75,13.0],"texture":"#0"},"east":{"uv":[8.75,13.0,2.25,14.75],"texture":"#0"},"south":{"uv":[12.0,12.0,12.0,13.0],"texture":"#0"},"west":{"uv":[2.25,13.0,8.75,14.75],"texture":"#0"},"up":{"uv":[12.25,8.75,12.25,15.25],"texture":"#0"},"down":{"uv":[12.0,8.75,12.0,15.25],"texture":"#0"}}},{"from":[7.04344,23.81224,8.72617],"to":[8.00384,24.27264,9.75897],"rotation":{"origin":[7.52364,24.04244,9.24257],"axis":"y","angle":-22.5},"faces":{"north":{"uv":[10.0,4.0,10.5,4.25],"texture":"#0"},"east":{"uv":[4.5,10.0,5.0,10.25],"texture":"#0"},"south":{"uv":[10.0,4.5,10.5,4.75],"texture":"#0"},"west":{"uv":[5.0,10.0,5.5,10.25],"texture":"#0"},"up":{"uv":[10.5,0.5,10.0,0.0],"texture":"#0"},"down":{"uv":[10.5,0.5,10.0,1.0],"texture":"#0"}}},{"from":[6.4586,23.43724,8.27623],"to":[7.4914,24.02264,9.23663],"rotation":{"origin":[7.0375,23.91744,8.75643],"axis":"y","angle":-45.0},"faces":{"north":{"uv":[10.0,3.0,10.5,3.25],"texture":"#0"},"east":{"uv":[3.5,10.0,4.0,10.25],"texture":"#0"},"south":{"uv":[10.0,3.5,10.5,3.75],"texture":"#0"},"west":{"uv":[4.0,10.0,4.5,10.25],"texture":"#0"},"up":{"uv":[10.0,9.5,9.5,9.0],"texture":"#0"},"down":{"uv":[10.0,9.5,9.5,10.0],"texture":"#0"}}},{"from":[6.8336,23.06224,8.27623],"to":[7.7414,23.52264,9.23663],"rotation":{"origin":[8.1,23.41744,8.50643],"axis":"y","angle":0.0},"faces":{"north":{"uv":[10.0,1.0,10.5,1.25],"texture":"#0"},"east":{"uv":[10.0,1.5,10.5,1.75],"texture":"#0"},"south":{"uv":[10.0,2.0,10.5,2.25],"texture":"#0"},"west":{"uv":[3.0,10.0,3.5,10.25],"texture":"#0"},"up":{"uv":[10.0,8.5,9.5,8.0],"texture":"#0"},"down":{"uv":[9.5,9.5,9.0,10.0],"texture":"#0"}}},{"from":[7.99616,23.81224,8.72617],"to":[8.95656,24.27264,9.75897],"rotation":{"origin":[8.47636,24.04244,9.24257],"axis":"y","angle":22.5},"faces":{"north":{"uv":[10.5,4.0,10.0,4.25],"texture":"#0"},"east":{"uv":[5.5,10.0,5.0,10.25],"texture":"#0"},"south":{"uv":[10.5,4.5,10.0,4.75],"texture":"#0"},"west":{"uv":[5.0,10.0,4.5,10.25],"texture":"#0"},"up":{"uv":[10.0,0.5,10.5,0.0],"texture":"#0"},"down":{"uv":[10.0,0.5,10.5,1.0],"texture":"#0"}}},{"from":[8.5086,23.43724,8.27623],"to":[9.5414,24.02264,9.23663],"rotation":{"origin":[8.9625,23.91744,8.75643],"axis":"y","angle":45.0},"faces":{"north":{"uv":[10.5,3.0,10.0,3.25],"texture":"#0"},"east":{"uv":[4.5,10.0,4.0,10.25],"texture":"#0"},"south":{"uv":[10.5,3.5,10.0,3.75],"texture":"#0"},"west":{"uv":[4.0,10.0,3.5,10.25],"texture":"#0"},"up":{"uv":[9.5,9.5,10.0,9.0],"texture":"#0"},"down":{"uv":[9.5,9.5,10.0,10.0],"texture":"#0"}}},{"from":[8.2586,23.06224,8.27623],"to":[9.1664,23.52264,9.23663],"rotation":{"origin":[7.9,23.41744,8.50643],"axis":"y","angle":0.0},"faces":{"north":{"uv":[10.5,1.0,10.0,1.25],"texture":"#0"},"east":{"uv":[3.5,10.0,3.0,10.25],"texture":"#0"},"south":{"uv":[10.5,2.0,10.0,2.25],"texture":"#0"},"west":{"uv":[10.5,1.5,10.0,1.75],"texture":"#0"},"up":{"uv":[9.5,8.5,10.0,8.0],"texture":"#0"},"down":{"uv":[9.0,9.5,9.5,10.0],"texture":"#0"}}},{"from":[6.89166,22.11091,5.98256],"to":[7.35206,22.64371,7.94296],"rotation":{"origin":[7.12186,21.69466,5.3147],"axis":"x","angle":-45.0},"faces":{"north":{"uv":[1.5,10.5,1.75,10.75],"texture":"#0"},"east":{"uv":[9.5,6.0,10.5,6.25],"texture":"#0"},"south":{"uv":[10.5,1.5,10.75,1.75],"texture":"#0"},"west":{"uv":[9.5,7.5,10.5,7.75],"texture":"#0"},"up":{"uv":[7.25,10.5,7.0,9.5],"texture":"#0"},"down":{"uv":[8.75,9.5,8.5,10.5],"texture":"#0"}}},{"from":[6.86666,23.46354,4.84111],"to":[7.32706,23.99634,6.80151],"rotation":{"origin":[7.34686,23.72994,5.88381],"axis":"x","angle":-22.5},"faces":{"north":{"uv":[1.0,10.5,1.25,10.75],"texture":"#0"},"east":{"uv":[9.5,5.0,10.5,5.25],"texture":"#0"},"south":{"uv":[10.5,1.0,10.75,1.25],"texture":"#0"},"west":{"uv":[9.5,5.5,10.5,5.75],"texture":"#0"},"up":{"uv":[6.25,10.5,6.0,9.5],"texture":"#0"},"down":{"uv":[6.75,9.5,6.5,10.5],"texture":"#0"}}},{"from":[6.84791,23.86091,4.73256],"to":[7.30831,24.39371,6.69296],"rotation":{"origin":[7.07811,23.44466,4.0647],"axis":"y","angle":0.0},"faces":{"north":{"uv":[10.5,0.0,10.75,0.25],"texture":"#0"},"east":{"uv":[9.0,8.5,10.0,8.75],"texture":"#0"},"south":{"uv":[10.5,0.5,10.75,0.75],"texture":"#0"},"west":{"uv":[9.5,2.5,10.5,2.75],"texture":"#0"},"up":{"uv":[9.75,4.0,9.5,3.0],"texture":"#0"},"down":{"uv":[9.75,4.0,9.5,5.0],"texture":"#0"}}},{"from":[6.84791,23.53309,3.0845],"to":[7.30831,24.06589,5.0449],"rotation":{"origin":[7.07811,23.44466,4.0647],"axis":"x","angle":-22.5},"faces":{"north":{"uv":[10.0,9.5,10.25,9.75],"texture":"#0"},"east":{"uv":[9.0,7.0,10.0,7.25],"texture":"#0"},"south":{"uv":[10.0,10.0,10.25,10.25],"texture":"#0"},"west":{"uv":[8.5,9.0,9.5,9.25],"texture":"#0"},"up":{"uv":[9.75,1.0,9.5,0.0],"texture":"#0"},"down":{"uv":[9.75,1.0,9.5,2.0],"texture":"#0"}}},{"from":[6.86666,22.42916,3.3336],"to":[7.32706,22.96196,5.294],"rotation":{"origin":[7.09686,22.69556,4.3138],"axis":"x","angle":-45.0},"faces":{"north":{"uv":[10.0,9.0,10.25,9.25],"texture":"#0"},"east":{"uv":[6.0,9.0,7.0,9.25],"texture":"#0"},"south":{"uv":[9.5,10.0,9.75,10.25],"texture":"#0"},"west":{"uv":[9.0,6.5,10.0,6.75],"texture":"#0"},"up":{"uv":[7.75,10.0,7.5,9.0],"texture":"#0"},"down":{"uv":[8.25,9.0,8.0,10.0],"texture":"#0"}}},{"from":[6.89166,20.71446,4.69347],"to":[7.35206,22.67486,5.22627],"rotation":{"origin":[7.12186,21.69466,5.3147],"axis":"x","angle":22.5},"faces":{"north":{"uv":[9.0,4.5,9.25,5.5],"texture":"#0"},"east":{"uv":[5.0,9.0,5.25,10.0],"texture":"#0"},"south":{"uv":[5.5,9.0,5.75,10.0],"texture":"#0"},"west":{"uv":[9.0,5.5,9.25,6.5],"texture":"#0"},"up":{"uv":[10.25,8.75,10.0,8.5],"texture":"#0"},"down":{"uv":[9.25,10.0,9.0,10.25],"texture":"#0"}}},{"from":[6.89166,19.06641,4.36566],"to":[7.35206,21.02681,4.89846],"rotation":{"origin":[7.12186,21.69466,5.3147],"axis":"y","angle":0.0},"faces":{"north":{"uv":[3.5,9.0,3.75,10.0],"texture":"#0"},"east":{"uv":[9.0,3.5,9.25,4.5],"texture":"#0"},"south":{"uv":[4.0,9.0,4.25,10.0],"texture":"#0"},"west":{"uv":[4.5,9.0,4.75,10.0],"texture":"#0"},"up":{"uv":[8.25,10.25,8.0,10.0],"texture":"#0"},"down":{"uv":[10.25,8.0,10.0,8.25],"texture":"#0"}}},{"from":[6.89166,25.11091,4.68256],"to":[7.35206,25.64371,6.64296],"rotation":{"origin":[7.12186,24.69466,4.0147],"axis":"x","angle":22.5},"faces":{"north":{"uv":[1.5,10.5,1.75,10.75],"texture":"#0"},"east":{"uv":[9.5,6.0,10.5,6.25],"texture":"#0"},"south":{"uv":[10.5,1.5,10.75,1.75],"texture":"#0"},"west":{"uv":[9.5,7.5,10.5,7.75],"texture":"#0"},"up":{"uv":[7.25,10.5,7.0,9.5],"texture":"#0"},"down":{"uv":[8.75,9.5,8.5,10.5],"texture":"#0"}}},{"from":[6.89166,24.78309,3.0345],"to":[7.35206,25.31589,4.9949],"rotation":{"origin":[7.12186,24.69466,4.0147],"axis":"y","angle":0.0},"faces":{"north":{"uv":[9.25,10.0,9.0,10.25],"texture":"#0","rotation":180},"east":{"uv":[5.0,9.0,5.25,10.0],"texture":"#0","rotation":270},"south":{"uv":[10.25,8.75,10.0,8.5],"texture":"#0"},"west":{"uv":[9.0,5.5,9.25,6.5],"texture":"#0","rotation":90},"up":{"uv":[9.0,4.5,9.25,5.5],"texture":"#0","rotation":180},"down":{"uv":[5.5,9.0,5.75,10.0],"texture":"#0"}}},{"from":[6.89166,25.13792,1.25066],"to":[7.35206,25.67072,3.21106],"rotation":{"origin":[7.12186,25.40432,2.23086],"axis":"x","angle":22.5},"faces":{"north":{"uv":[10.25,8.0,10.0,8.25],"texture":"#0","rotation":180},"east":{"uv":[9.0,3.5,9.25,4.5],"texture":"#0","rotation":270},"south":{"uv":[8.25,10.25,8.0,10.0],"texture":"#0"},"west":{"uv":[4.5,9.0,4.75,10.0],"texture":"#0","rotation":90},"up":{"uv":[3.5,9.0,3.75,10.0],"texture":"#0","rotation":180},"down":{"uv":[4.0,9.0,4.25,10.0],"texture":"#0"}}},{"from":[6.86666,21.4187,1.82133],"to":[7.32706,21.9515,3.78173],"rotation":{"origin":[7.09686,21.6851,2.80153],"axis":"x","angle":-22.5},"faces":{"north":{"uv":[10.0,7.0,10.25,7.25],"texture":"#0"},"east":{"uv":[8.5,8.0,9.5,8.25],"texture":"#0"},"south":{"uv":[7.5,10.0,7.75,10.25],"texture":"#0"},"west":{"uv":[9.0,2.0,10.0,2.25],"texture":"#0"},"up":{"uv":[9.25,3.5,9.0,2.5],"texture":"#0"},"down":{"uv":[3.25,9.0,3.0,10.0],"texture":"#0"}}},{"from":[6.84791,23.15125,1.16488],"to":[7.30831,23.68405,3.12528],"rotation":{"origin":[7.07811,23.41765,2.14508],"axis":"y","angle":0.0},"faces":{"north":{"uv":[5.5,10.0,5.75,10.25],"texture":"#0"},"east":{"uv":[8.5,7.5,9.5,7.75],"texture":"#0"},"south":{"uv":[10.0,6.5,10.25,6.75],"texture":"#0"},"west":{"uv":[8.0,8.5,9.0,8.75],"texture":"#0"},"up":{"uv":[9.25,1.0,9.0,0.0],"texture":"#0"},"down":{"uv":[9.25,1.0,9.0,2.0],"texture":"#0"}}},{"from":[8.64794,23.47058,2.61454],"to":[9.10834,24.00338,4.57494],"rotation":{"origin":[8.90002,24.92546,4.07121],"axis":"x","angle":-22.5},"faces":{"north":{"uv":[9.0,10.0,9.25,10.25],"texture":"#0","rotation":180},"east":{"uv":[9.25,5.5,9.0,6.5],"texture":"#0","rotation":270},"south":{"uv":[10.0,8.75,10.25,8.5],"texture":"#0"},"west":{"uv":[5.25,9.0,5.0,10.0],"texture":"#0","rotation":90},"up":{"uv":[9.25,4.5,9.0,5.5],"texture":"#0","rotation":180},"down":{"uv":[5.75,9.0,5.5,10.0],"texture":"#0"}}},{"from":[8.64794,21.26641,4.36566],"to":[9.10834,23.22681,4.89846],"rotation":{"origin":[8.90002,24.92546,4.07121],"axis":"x","angle":45.0},"faces":{"north":{"uv":[3.75,9.0,3.5,10.0],"texture":"#0"},"east":{"uv":[4.75,9.0,4.5,10.0],"texture":"#0"},"south":{"uv":[4.25,9.0,4.0,10.0],"texture":"#0"},"west":{"uv":[9.25,3.5,9.0,4.5],"texture":"#0"},"up":{"uv":[8.0,10.25,8.25,10.0],"texture":"#0"},"down":{"uv":[10.0,8.0,10.25,8.25],"texture":"#0"}}},{"from":[8.64794,23.73354,4.88946],"to":[9.10834,24.26634,6.84986],"rotation":{"origin":[8.90002,24.92546,4.07121],"axis":"y","angle":0.0},"faces":{"north":{"uv":[1.75,10.5,1.5,10.75],"texture":"#0"},"east":{"uv":[10.5,7.5,9.5,7.75],"texture":"#0"},"south":{"uv":[10.75,1.5,10.5,1.75],"texture":"#0"},"west":{"uv":[10.5,6.0,9.5,6.25],"texture":"#0"},"up":{"uv":[7.0,10.5,7.25,9.5],"texture":"#0"},"down":{"uv":[8.5,9.5,8.75,10.5],"texture":"#0"}}},{"from":[8.67294,24.89343,5.08753],"to":[9.13334,25.42623,7.04793],"rotation":{"origin":[8.90002,24.92546,4.07121],"axis":"x","angle":22.5},"faces":{"north":{"uv":[1.25,10.5,1.0,10.75],"texture":"#0"},"east":{"uv":[10.5,5.5,9.5,5.75],"texture":"#0"},"south":{"uv":[10.75,1.0,10.5,1.25],"texture":"#0"},"west":{"uv":[10.5,5.0,9.5,5.25],"texture":"#0"},"up":{"uv":[6.0,10.5,6.25,9.5],"texture":"#0"},"down":{"uv":[6.5,9.5,6.75,10.5],"texture":"#0"}}},{"from":[8.67294,24.46638,3.24141],"to":[9.13334,24.99918,5.20181],"rotation":{"origin":[8.90002,24.92546,4.07121],"axis":"y","angle":0.0},"faces":{"north":{"uv":[10.25,9.0,10.0,9.25],"texture":"#0"},"east":{"uv":[10.0,6.5,9.0,6.75],"texture":"#0"},"south":{"uv":[9.75,10.0,9.5,10.25],"texture":"#0"},"west":{"uv":[7.0,9.0,6.0,9.25],"texture":"#0"},"up":{"uv":[7.5,10.0,7.75,9.0],"texture":"#0"},"down":{"uv":[8.0,9.0,8.25,10.0],"texture":"#0"}}},{"from":[8.67294,24.18377,1.51985],"to":[9.13334,24.71657,3.48025],"rotation":{"origin":[8.90002,24.92546,4.07121],"axis":"x","angle":22.5},"faces":{"north":{"uv":[10.25,7.0,10.0,7.25],"texture":"#0"},"east":{"uv":[10.0,2.0,9.0,2.25],"texture":"#0"},"south":{"uv":[7.75,10.0,7.5,10.25],"texture":"#0"},"west":{"uv":[9.5,8.0,8.5,8.25],"texture":"#0"},"up":{"uv":[9.0,3.5,9.25,2.5],"texture":"#0"},"down":{"uv":[3.0,9.0,3.25,10.0],"texture":"#0"}}},{"from":[8.69169,26.06091,4.73256],"to":[9.15209,26.59371,6.69296],"rotation":{"origin":[8.90002,24.92546,4.07121],"axis":"x","angle":45.0},"faces":{"north":{"uv":[10.75,0.0,10.5,0.25],"texture":"#0"},"east":{"uv":[10.5,2.5,9.5,2.75],"texture":"#0"},"south":{"uv":[10.75,0.5,10.5,0.75],"texture":"#0"},"west":{"uv":[10.0,8.5,9.0,8.75],"texture":"#0"},"up":{"uv":[9.5,4.0,9.75,3.0],"texture":"#0"},"down":{"uv":[9.5,4.0,9.75,5.0],"texture":"#0"}}},{"from":[8.69169,25.68083,3.36022],"to":[9.15209,26.21363,5.32062],"rotation":{"origin":[8.90002,24.92546,4.07121],"axis":"x","angle":22.5},"faces":{"north":{"uv":[10.25,9.5,10.0,9.75],"texture":"#0"},"east":{"uv":[9.5,9.0,8.5,9.25],"texture":"#0"},"south":{"uv":[10.25,10.0,10.0,10.25],"texture":"#0"},"west":{"uv":[10.0,7.0,9.0,7.25],"texture":"#0"},"up":{"uv":[9.5,1.0,9.75,0.0],"texture":"#0"},"down":{"uv":[9.5,1.0,9.75,2.0],"texture":"#0"}}},{"from":[8.69169,25.35125,1.16488],"to":[9.15209,25.88405,3.12528],"rotation":{"origin":[8.90002,24.92546,4.07121],"axis":"x","angle":45.0},"faces":{"north":{"uv":[5.75,10.0,5.5,10.25],"texture":"#0"},"east":{"uv":[9.0,8.5,8.0,8.75],"texture":"#0"},"south":{"uv":[10.25,6.5,10.0,6.75],"texture":"#0"},"west":{"uv":[9.5,7.5,8.5,7.75],"texture":"#0"},"up":{"uv":[9.0,1.0,9.25,0.0],"texture":"#0"},"down":{"uv":[9.0,1.0,9.25,2.0],"texture":"#0"}}},{"from":[8.64794,23.103,6.28514],"to":[9.10834,25.0634,6.81794],"rotation":{"origin":[8.90002,24.92546,4.07121],"axis":"x","angle":-22.5},"faces":{"north":{"uv":[8.5,9.5,8.75,10.5],"texture":"#0","rotation":180},"east":{"uv":[10.5,7.5,9.5,7.75],"texture":"#0","rotation":270},"south":{"uv":[7.0,10.5,7.25,9.5],"texture":"#0"},"west":{"uv":[10.5,6.0,9.5,6.25],"texture":"#0","rotation":90},"up":{"uv":[1.75,10.5,1.5,10.75],"texture":"#0","rotation":180},"down":{"uv":[10.75,1.5,10.5,1.75],"texture":"#0"}}},{"from":[8.64794,26.98309,3.0345],"to":[9.10834,27.51589,4.9949],"rotation":{"origin":[8.90002,24.92546,4.07121],"axis":"x","angle":45.0},"faces":{"north":{"uv":[9.0,10.0,9.25,10.25],"texture":"#0","rotation":180},"east":{"uv":[9.0,6.5,9.25,5.5],"texture":"#0","rotation":90},"south":{"uv":[10.0,8.75,10.25,8.5],"texture":"#0"},"west":{"uv":[5.0,10.0,5.25,9.0],"texture":"#0","rotation":270},"up":{"uv":[9.25,4.5,9.0,5.5],"texture":"#0","rotation":180},"down":{"uv":[5.75,9.0,5.5,10.0],"texture":"#0"}}},{"from":[8.64794,26.67068,5.57548],"to":[9.10834,28.63108,6.10828],"rotation":{"origin":[8.90002,24.92546,4.07121],"axis":"x","angle":-22.5},"faces":{"north":{"uv":[4.25,9.0,4.0,10.0],"texture":"#0","rotation":180},"east":{"uv":[4.5,10.0,4.75,9.0],"texture":"#0"},"south":{"uv":[3.75,9.0,3.5,10.0],"texture":"#0","rotation":180},"west":{"uv":[9.0,4.5,9.25,3.5],"texture":"#0"},"up":{"uv":[10.0,8.0,10.25,8.25],"texture":"#0"},"down":{"uv":[8.0,10.25,8.25,10.0],"texture":"#0"}}},{"from":[5.98688,22.28979,6.22099],"to":[7.81312,23.85811,8.08931],"rotation":{"origin":[7.15,23.87395,8.60515],"axis":"y","angle":-45.0},"faces":{"north":{"uv":[8.0,4.0,9.0,4.75],"texture":"#0"},"east":{"uv":[8.0,5.0,9.0,5.75],"texture":"#0"},"south":{"uv":[6.0,8.0,7.0,8.75],"texture":"#0"},"west":{"uv":[8.0,6.0,9.0,6.75],"texture":"#0"},"up":{"uv":[8.0,7.0,7.0,6.0],"texture":"#0"},"down":{"uv":[8.0,7.0,7.0,8.0],"texture":"#0"}}},{"from":[7.11813,12.19382,-4.3181],"to":[8.87263,13.94832,-2.5636],"rotation":{"origin":[8.0,29.38792,6.79],"axis":"x","angle":-45.0},"faces":{"north":{"uv":[6.0,7.0,7.0,6.0],"texture":"#0"},"east":{"uv":[7.0,1.0,8.0,0.0],"texture":"#0"},"south":{"uv":[7.0,2.0,8.0,1.0],"texture":"#0"},"west":{"uv":[7.0,3.0,8.0,2.0],"texture":"#0"},"up":{"uv":[8.0,5.0,7.0,4.0],"texture":"#0"},"down":{"uv":[8.0,3.0,7.0,4.0],"texture":"#0"}}},{"from":[8.0,0.08483,8.03376],"to":[8.0,11.96355,12.11248],"rotation":{"origin":[8.0,3.64294,12.17312],"axis":"x","angle":22.5},"faces":{"east":{"uv":[0.0,6.0,2.0,0.0],"texture":"#0"},"west":{"uv":[2.0,6.0,4.0,0.0],"texture":"#0"}}},{"from":[7.45792,1.99123,8.54777],"to":[8.54208,10.66451,9.63193],"rotation":{"origin":[8.0,5.24371,9.08985],"axis":"x","angle":22.5},"faces":{"north":{"uv":[1.0,10.25,1.5,6.0],"texture":"#0"},"east":{"uv":[1.5,10.25,2.0,6.0],"texture":"#0"},"south":{"uv":[2.0,10.25,2.5,6.0],"texture":"#0"},"west":{"uv":[2.5,10.25,3.0,6.0],"texture":"#0"}}},{"from":[7.40371,1.21718,1.20658],"to":[8.59629,2.4388,2.99544],"rotation":{"origin":[8.0,-2.19792,6.79],"axis":"x","angle":45.0},"faces":{"north":{"uv":[7.5,9.0,8.0,8.5],"texture":"#0"},"east":{"uv":[7.0,8.5,8.0,8.0],"texture":"#0"},"west":{"uv":[8.0,7.5,9.0,7.0],"texture":"#0"},"up":{"uv":[7.5,9.5,7.0,8.5],"texture":"#0"},"down":{"uv":[8.5,7.5,8.0,8.5],"texture":"#0"}}},{"from":[8.0,-0.12542,9.47452],"to":[8.0,5.7533,15.35324],"rotation":{"origin":[8.0,7.21208,6.427],"axis":"x","angle":45.0},"faces":{"east":{"uv":[4.0,3.0,7.0,0.0],"texture":"#0"},"west":{"uv":[4.0,6.0,7.0,3.0],"texture":"#0"}}},{"from":[7.18688,0.51248,2.99544],"to":[8.81312,2.6808,5.16376],"rotation":{"origin":[8.0,-2.19792,6.79],"axis":"x","angle":45.0},"faces":{"north":{"uv":[8.0,1.0,8.75,0.0],"texture":"#0"},"east":{"uv":[7.0,6.0,8.0,5.0],"texture":"#0"},"south":{"uv":[8.0,2.0,8.75,1.0],"texture":"#0"},"west":{"uv":[6.0,8.0,7.0,7.0],"texture":"#0"},"up":{"uv":[8.75,4.0,8.0,3.0],"texture":"#0"},"down":{"uv":[8.75,2.0,8.0,3.0],"texture":"#0"}}},{"from":[5.98688,2.44189,6.22099],"to":[7.81312,4.01021,8.08931],"rotation":{"origin":[7.15,2.42605,8.60515],"axis":"y","angle":-45.0},"faces":{"north":{"uv":[8.0,4.75,9.0,4.0],"texture":"#0"},"east":{"uv":[8.0,5.75,9.0,5.0],"texture":"#0"},"south":{"uv":[6.0,8.75,7.0,8.0],"texture":"#0"},"west":{"uv":[8.0,6.75,9.0,6.0],"texture":"#0"},"up":{"uv":[8.0,8.0,7.0,7.0],"texture":"#0"},"down":{"uv":[8.0,6.0,7.0,7.0],"texture":"#0"}}},{"from":[6.84791,2.61595,1.16488],"to":[7.30831,3.14875,3.12528],"rotation":{"origin":[7.07811,2.88235,2.14508],"axis":"y","angle":0.0},"faces":{"north":{"uv":[5.5,10.25,5.75,10.0],"texture":"#0"},"east":{"uv":[8.5,7.75,9.5,7.5],"texture":"#0"},"south":{"uv":[10.0,6.75,10.25,6.5],"texture":"#0"},"west":{"uv":[8.0,8.75,9.0,8.5],"texture":"#0"},"up":{"uv":[9.25,2.0,9.0,1.0],"texture":"#0"},"down":{"uv":[9.25,0.0,9.0,1.0],"texture":"#0"}}},{"from":[6.86666,4.3485,1.82133],"to":[7.32706,4.8813,3.78173],"rotation":{"origin":[7.09686,4.6149,2.80153],"axis":"x","angle":22.5},"faces":{"north":{"uv":[10.0,7.25,10.25,7.0],"texture":"#0"},"east":{"uv":[8.5,8.25,9.5,8.0],"texture":"#0"},"south":{"uv":[7.5,10.25,7.75,10.0],"texture":"#0"},"west":{"uv":[9.0,2.25,10.0,2.0],"texture":"#0"},"up":{"uv":[3.25,10.0,3.0,9.0],"texture":"#0"},"down":{"uv":[9.25,2.5,9.0,3.5],"texture":"#0"}}},{"from":[6.89166,5.27319,4.36566],"to":[7.35206,7.23359,4.89846],"rotation":{"origin":[7.12186,4.60534,5.3147],"axis":"y","angle":0.0},"faces":{"north":{"uv":[3.5,10.0,3.75,9.0],"texture":"#0"},"east":{"uv":[9.0,4.5,9.25,3.5],"texture":"#0"},"south":{"uv":[4.0,10.0,4.25,9.0],"texture":"#0"},"west":{"uv":[4.5,10.0,4.75,9.0],"texture":"#0"},"up":{"uv":[10.25,8.25,10.0,8.0],"texture":"#0"},"down":{"uv":[8.25,10.0,8.0,10.25],"texture":"#0"}}},{"from":[6.89166,3.62514,4.69347],"to":[7.35206,5.58554,5.22627],"rotation":{"origin":[7.12186,4.60534,5.3147],"axis":"x","angle":-22.5},"faces":{"north":{"uv":[9.0,5.5,9.25,4.5],"texture":"#0"},"east":{"uv":[5.0,10.0,5.25,9.0],"texture":"#0"},"south":{"uv":[5.5,10.0,5.75,9.0],"texture":"#0"},"west":{"uv":[9.0,6.5,9.25,5.5],"texture":"#0"},"up":{"uv":[9.25,10.25,9.0,10.0],"texture":"#0"},"down":{"uv":[10.25,8.5,10.0,8.75],"texture":"#0"}}},{"from":[6.86666,3.33804,3.3336],"to":[7.32706,3.87084,5.294],"rotation":{"origin":[7.09686,3.60444,4.3138],"axis":"x","angle":45.0},"faces":{"north":{"uv":[10.0,9.25,10.25,9.0],"texture":"#0"},"east":{"uv":[6.0,9.25,7.0,9.0],"texture":"#0"},"south":{"uv":[9.5,10.25,9.75,10.0],"texture":"#0"},"west":{"uv":[9.0,6.75,10.0,6.5],"texture":"#0"},"up":{"uv":[8.25,10.0,8.0,9.0],"texture":"#0"},"down":{"uv":[7.75,9.0,7.5,10.0],"texture":"#0"}}},{"from":[6.84791,2.23411,3.0845],"to":[7.30831,2.76691,5.0449],"rotation":{"origin":[7.07811,2.85534,4.0647],"axis":"x","angle":22.5},"faces":{"north":{"uv":[10.0,9.75,10.25,9.5],"texture":"#0"},"east":{"uv":[9.0,7.25,10.0,7.0],"texture":"#0"},"south":{"uv":[10.0,10.25,10.25,10.0],"texture":"#0"},"west":{"uv":[8.5,9.25,9.5,9.0],"texture":"#0"},"up":{"uv":[9.75,2.0,9.5,1.0],"texture":"#0"},"down":{"uv":[9.75,0.0,9.5,1.0],"texture":"#0"}}},{"from":[6.84791,1.90629,4.73256],"to":[7.30831,2.43909,6.69296],"rotation":{"origin":[7.07811,2.85534,4.0647],"axis":"y","angle":0.0},"faces":{"north":{"uv":[10.5,0.25,10.75,0.0],"texture":"#0"},"east":{"uv":[9.0,8.75,10.0,8.5],"texture":"#0"},"south":{"uv":[10.5,0.75,10.75,0.5],"texture":"#0"},"west":{"uv":[9.5,2.75,10.5,2.5],"texture":"#0"},"up":{"uv":[9.75,5.0,9.5,4.0],"texture":"#0"},"down":{"uv":[9.75,3.0,9.5,4.0],"texture":"#0"}}},{"from":[6.86666,2.30366,4.84111],"to":[7.32706,2.83646,6.80151],"rotation":{"origin":[7.34686,2.57006,5.88381],"axis":"x","angle":22.5},"faces":{"north":{"uv":[1.0,10.75,1.25,10.5],"texture":"#0"},"east":{"uv":[9.5,5.25,10.5,5.0],"texture":"#0"},"south":{"uv":[10.5,1.25,10.75,1.0],"texture":"#0"},"west":{"uv":[9.5,5.75,10.5,5.5],"texture":"#0"},"up":{"uv":[6.75,10.5,6.5,9.5],"texture":"#0"},"down":{"uv":[6.25,9.5,6.0,10.5],"texture":"#0"}}},{"from":[6.89166,3.65629,5.98256],"to":[7.35206,4.18909,7.94296],"rotation":{"origin":[7.12186,4.60534,5.3147],"axis":"x","angle":45.0},"faces":{"north":{"uv":[1.5,10.75,1.75,10.5],"texture":"#0"},"east":{"uv":[9.5,6.25,10.5,6.0],"texture":"#0"},"south":{"uv":[10.5,1.75,10.75,1.5],"texture":"#0"},"west":{"uv":[9.5,7.75,10.5,7.5],"texture":"#0"},"up":{"uv":[8.75,10.5,8.5,9.5],"texture":"#0"},"down":{"uv":[7.25,9.5,7.0,10.5],"texture":"#0"}}},{"from":[6.8336,2.77736,8.27623],"to":[7.7414,3.23776,9.23663],"rotation":{"origin":[8.1,2.88256,8.50643],"axis":"y","angle":0.0},"faces":{"north":{"uv":[10.0,1.25,10.5,1.0],"texture":"#0"},"east":{"uv":[10.0,1.75,10.5,1.5],"texture":"#0"},"south":{"uv":[10.0,2.25,10.5,2.0],"texture":"#0"},"west":{"uv":[3.0,10.25,3.5,10.0],"texture":"#0"},"up":{"uv":[9.5,10.0,9.0,9.5],"texture":"#0"},"down":{"uv":[10.0,8.0,9.5,8.5],"texture":"#0"}}},{"from":[6.4586,2.27736,8.27623],"to":[7.4914,2.86276,9.23663],"rotation":{"origin":[7.0375,2.38256,8.75643],"axis":"y","angle":-45.0},"faces":{"north":{"uv":[10.0,3.25,10.5,3.0],"texture":"#0"},"east":{"uv":[3.5,10.25,4.0,10.0],"texture":"#0"},"south":{"uv":[10.0,3.75,10.5,3.5],"texture":"#0"},"west":{"uv":[4.0,10.25,4.5,10.0],"texture":"#0"},"up":{"uv":[10.0,10.0,9.5,9.5],"texture":"#0"},"down":{"uv":[10.0,9.0,9.5,9.5],"texture":"#0"}}},{"from":[7.04344,2.02736,8.72617],"to":[8.00384,2.48776,9.75897],"rotation":{"origin":[7.52364,2.25756,9.24257],"axis":"y","angle":-22.5},"faces":{"north":{"uv":[10.0,4.25,10.5,4.0],"texture":"#0"},"east":{"uv":[4.5,10.25,5.0,10.0],"texture":"#0"},"south":{"uv":[10.0,4.75,10.5,4.5],"texture":"#0"},"west":{"uv":[5.0,10.25,5.5,10.0],"texture":"#0"},"up":{"uv":[10.5,1.0,10.0,0.5],"texture":"#0"},"down":{"uv":[10.5,0.0,10.0,0.5],"texture":"#0"}}},{"from":[6.89166,0.62928,1.25066],"to":[7.35206,1.16208,3.21106],"rotation":{"origin":[7.12186,0.89568,2.23086],"axis":"x","angle":-22.5},"faces":{"north":{"uv":[10.25,8.25,10.0,8.0],"texture":"#0","rotation":180},"east":{"uv":[9.25,3.5,9.0,4.5],"texture":"#0","rotation":270},"south":{"uv":[8.25,10.0,8.0,10.25],"texture":"#0"},"west":{"uv":[4.75,9.0,4.5,10.0],"texture":"#0","rotation":90},"up":{"uv":[4.0,10.0,4.25,9.0],"texture":"#0"},"down":{"uv":[3.5,10.0,3.75,9.0],"texture":"#0","rotation":180}}},{"from":[6.89166,0.98411,3.0345],"to":[7.35206,1.51691,4.9949],"rotation":{"origin":[7.12186,1.60534,4.0147],"axis":"y","angle":0.0},"faces":{"north":{"uv":[9.25,10.25,9.0,10.0],"texture":"#0","rotation":180},"east":{"uv":[5.25,9.0,5.0,10.0],"texture":"#0","rotation":270},"south":{"uv":[10.25,8.5,10.0,8.75],"texture":"#0"},"west":{"uv":[9.25,5.5,9.0,6.5],"texture":"#0","rotation":90},"up":{"uv":[5.5,10.0,5.75,9.0],"texture":"#0"},"down":{"uv":[9.0,5.5,9.25,4.5],"texture":"#0","rotation":180}}},{"from":[6.89166,0.65629,4.68256],"to":[7.35206,1.18909,6.64296],"rotation":{"origin":[7.12186,1.60534,4.0147],"axis":"x","angle":-22.5},"faces":{"north":{"uv":[1.5,10.75,1.75,10.5],"texture":"#0"},"east":{"uv":[9.5,6.25,10.5,6.0],"texture":"#0"},"south":{"uv":[10.5,1.75,10.75,1.5],"texture":"#0"},"west":{"uv":[9.5,7.75,10.5,7.5],"texture":"#0"},"up":{"uv":[8.75,10.5,8.5,9.5],"texture":"#0"},"down":{"uv":[7.25,9.5,7.0,10.5],"texture":"#0"}}},{"from":[8.2586,2.77736,8.27623],"to":[9.1664,3.23776,9.23663],"rotation":{"origin":[7.9,2.88256,8.50643],"axis":"y","angle":0.0},"faces":{"north":{"uv":[10.5,1.25,10.0,1.0],"texture":"#0"},"east":{"uv":[3.5,10.25,3.0,10.0],"texture":"#0"},"south":{"uv":[10.5,2.25,10.0,2.0],"texture":"#0"},"west":{"uv":[10.5,1.75,10.0,1.5],"texture":"#0"},"up":{"uv":[9.0,10.0,9.5,9.5],"texture":"#0"},"down":{"uv":[9.5,8.0,10.0,8.5],"texture":"#0"}}},{"from":[8.5086,2.27736,8.27623],"to":[9.5414,2.86276,9.23663],"rotation":{"origin":[8.9625,2.38256,8.75643],"axis":"y","angle":45.0},"faces":{"north":{"uv":[10.5,3.25,10.0,3.0],"texture":"#0"},"east":{"uv":[4.5,10.25,4.0,10.0],"texture":"#0"},"south":{"uv":[10.5,3.75,10.0,3.5],"texture":"#0"},"west":{"uv":[4.0,10.25,3.5,10.0],"texture":"#0"},"up":{"uv":[9.5,10.0,10.0,9.5],"texture":"#0"},"down":{"uv":[9.5,9.0,10.0,9.5],"texture":"#0"}}},{"from":[7.99616,2.02736,8.72617],"to":[8.95656,2.48776,9.75897],"rotation":{"origin":[8.47636,2.25756,9.24257],"axis":"y","angle":22.5},"faces":{"north":{"uv":[10.5,4.25,10.0,4.0],"texture":"#0"},"east":{"uv":[5.5,10.25,5.0,10.0],"texture":"#0"},"south":{"uv":[10.5,4.75,10.0,4.5],"texture":"#0"},"west":{"uv":[5.0,10.25,4.5,10.0],"texture":"#0"},"up":{"uv":[10.0,1.0,10.5,0.5],"texture":"#0"},"down":{"uv":[10.0,0.0,10.5,0.5],"texture":"#0"}}},{"from":[8.64794,-2.33108,5.57548],"to":[9.10834,-0.37068,6.10828],"rotation":{"origin":[8.90002,1.37454,4.07121],"axis":"x","angle":22.5},"faces":{"north":{"uv":[4.25,10.0,4.0,9.0],"texture":"#0","rotation":180},"east":{"uv":[4.5,9.0,4.75,10.0],"texture":"#0"},"south":{"uv":[3.75,10.0,3.5,9.0],"texture":"#0","rotation":180},"west":{"uv":[9.0,3.5,9.25,4.5],"texture":"#0"},"up":{"uv":[8.0,10.0,8.25,10.25],"texture":"#0"},"down":{"uv":[10.0,8.25,10.25,8.0],"texture":"#0"}}},{"from":[8.64794,-1.21589,3.0345],"to":[9.10834,-0.68309,4.9949],"rotation":{"origin":[8.90002,1.37454,4.07121],"axis":"x","angle":-45.0},"faces":{"north":{"uv":[9.0,10.25,9.25,10.0],"texture":"#0","rotation":180},"east":{"uv":[9.25,6.5,9.0,5.5],"texture":"#0","rotation":90},"south":{"uv":[10.0,8.5,10.25,8.75],"texture":"#0"},"west":{"uv":[5.25,10.0,5.0,9.0],"texture":"#0","rotation":270},"up":{"uv":[5.75,10.0,5.5,9.0],"texture":"#0"},"down":{"uv":[9.25,5.5,9.0,4.5],"texture":"#0","rotation":180}}},{"from":[8.64794,1.2366,6.28514],"to":[9.10834,3.197,6.81794],"rotation":{"origin":[8.90002,1.37454,4.07121],"axis":"x","angle":22.5},"faces":{"north":{"uv":[8.5,10.5,8.75,9.5],"texture":"#0","rotation":180},"east":{"uv":[9.5,7.5,10.5,7.75],"texture":"#0","rotation":270},"south":{"uv":[7.0,9.5,7.25,10.5],"texture":"#0"},"west":{"uv":[9.5,6.0,10.5,6.25],"texture":"#0","rotation":90},"up":{"uv":[10.75,1.75,10.5,1.5],"texture":"#0"},"down":{"uv":[1.75,10.75,1.5,10.5],"texture":"#0","rotation":180}}},{"from":[8.69169,0.41595,1.16488],"to":[9.15209,0.94875,3.12528],"rotation":{"origin":[8.90002,1.37454,4.07121],"axis":"x","angle":-45.0},"faces":{"north":{"uv":[5.75,10.25,5.5,10.0],"texture":"#0"},"east":{"uv":[9.0,8.75,8.0,8.5],"texture":"#0"},"south":{"uv":[10.25,6.75,10.0,6.5],"texture":"#0"},"west":{"uv":[9.5,7.75,8.5,7.5],"texture":"#0"},"up":{"uv":[9.0,2.0,9.25,1.0],"texture":"#0"},"down":{"uv":[9.0,0.0,9.25,1.0],"texture":"#0"}}},{"from":[8.69169,0.08637,3.36022],"to":[9.15209,0.61917,5.32062],"rotation":{"origin":[8.90002,1.37454,4.07121],"axis":"x","angle":-22.5},"faces":{"north":{"uv":[10.25,9.75,10.0,9.5],"texture":"#0"},"east":{"uv":[9.5,9.25,8.5,9.0],"texture":"#0"},"south":{"uv":[10.25,10.25,10.0,10.0],"texture":"#0"},"west":{"uv":[10.0,7.25,9.0,7.0],"texture":"#0"},"up":{"uv":[9.5,2.0,9.75,1.0],"texture":"#0"},"down":{"uv":[9.5,0.0,9.75,1.0],"texture":"#0"}}},{"from":[8.69169,-0.29371,4.73256],"to":[9.15209,0.23909,6.69296],"rotation":{"origin":[8.90002,1.37454,4.07121],"axis":"x","angle":-45.0},"faces":{"north":{"uv":[10.75,0.25,10.5,0.0],"texture":"#0"},"east":{"uv":[10.5,2.75,9.5,2.5],"texture":"#0"},"south":{"uv":[10.75,0.75,10.5,0.5],"texture":"#0"},"west":{"uv":[10.0,8.75,9.0,8.5],"texture":"#0"},"up":{"uv":[9.5,5.0,9.75,4.0],"texture":"#0"},"down":{"uv":[9.5,3.0,9.75,4.0],"texture":"#0"}}},{"from":[8.67294,1.58343,1.51985],"to":[9.13334,2.11623,3.48025],"rotation":{"origin":[8.90002,1.37454,4.07121],"axis":"x","angle":-22.5},"faces":{"north":{"uv":[10.25,7.25,10.0,7.0],"texture":"#0"},"east":{"uv":[10.0,2.25,9.0,2.0],"texture":"#0"},"south":{"uv":[7.75,10.25,7.5,10.0],"texture":"#0"},"west":{"uv":[9.5,8.25,8.5,8.0],"texture":"#0"},"up":{"uv":[3.0,10.0,3.25,9.0],"texture":"#0"},"down":{"uv":[9.0,2.5,9.25,3.5],"texture":"#0"}}},{"from":[8.67294,1.30082,3.24141],"to":[9.13334,1.83362,5.20181],"rotation":{"origin":[8.90002,1.37454,4.07121],"axis":"y","angle":0.0},"faces":{"north":{"uv":[10.25,9.25,10.0,9.0],"texture":"#0"},"east":{"uv":[10.0,6.75,9.0,6.5],"texture":"#0"},"south":{"uv":[9.75,10.25,9.5,10.0],"texture":"#0"},"west":{"uv":[7.0,9.25,6.0,9.0],"texture":"#0"},"up":{"uv":[8.0,10.0,8.25,9.0],"texture":"#0"},"down":{"uv":[7.5,9.0,7.75,10.0],"texture":"#0"}}},{"from":[8.67294,0.87377,5.08753],"to":[9.13334,1.40657,7.04793],"rotation":{"origin":[8.90002,1.37454,4.07121],"axis":"x","angle":-22.5},"faces":{"north":{"uv":[1.25,10.75,1.0,10.5],"texture":"#0"},"east":{"uv":[10.5,5.75,9.5,5.5],"texture":"#0"},"south":{"uv":[10.75,1.25,10.5,1.0],"texture":"#0"},"west":{"uv":[10.5,5.25,9.5,5.0],"texture":"#0"},"up":{"uv":[6.5,10.5,6.75,9.5],"texture":"#0"},"down":{"uv":[6.0,9.5,6.25,10.5],"texture":"#0"}}},{"from":[8.64794,2.03366,4.88946],"to":[9.10834,2.56646,6.84986],"rotation":{"origin":[8.90002,1.37454,4.07121],"axis":"y","angle":0.0},"faces":{"north":{"uv":[1.75,10.75,1.5,10.5],"texture":"#0"},"east":{"uv":[10.5,7.75,9.5,7.5],"texture":"#0"},"south":{"uv":[10.75,1.75,10.5,1.5],"texture":"#0"},"west":{"uv":[10.5,6.25,9.5,6.0],"texture":"#0"},"up":{"uv":[8.5,10.5,8.75,9.5],"texture":"#0"},"down":{"uv":[7.0,9.5,7.25,10.5],"texture":"#0"}}},{"from":[8.64794,3.07319,4.36566],"to":[9.10834,5.03359,4.89846],"rotation":{"origin":[8.90002,1.37454,4.07121],"axis":"x","angle":-45.0},"faces":{"north":{"uv":[3.75,10.0,3.5,9.0],"texture":"#0"},"east":{"uv":[4.75,10.0,4.5,9.0],"texture":"#0"},"south":{"uv":[4.25,10.0,4.0,9.0],"texture":"#0"},"west":{"uv":[9.25,4.5,9.0,3.5],"texture":"#0"},"up":{"uv":[10.0,8.25,10.25,8.0],"texture":"#0"},"down":{"uv":[8.0,10.0,8.25,10.25],"texture":"#0"}}},{"from":[8.64794,2.29662,2.61454],"to":[9.10834,2.82942,4.57494],"rotation":{"origin":[8.90002,1.37454,4.07121],"axis":"x","angle":22.5},"faces":{"north":{"uv":[9.0,10.25,9.25,10.0],"texture":"#0","rotation":180},"east":{"uv":[9.0,5.5,9.25,6.5],"texture":"#0","rotation":270},"south":{"uv":[10.0,8.5,10.25,8.75],"texture":"#0"},"west":{"uv":[5.0,9.0,5.25,10.0],"texture":"#0","rotation":90},"up":{"uv":[5.75,10.0,5.5,9.0],"texture":"#0"},"down":{"uv":[9.25,5.5,9.0,4.5],"texture":"#0","rotation":180}}}],"textures":{"particle":"0cfce93d-7aa7-4544-935a-85f40706736e","0":"0cfce93d-7aa7-4544-935a-85f40706736e"},"gui_light":"front"}