{"display":{"thirdperson_righthand":{"rotation":[51.0,0.0,0.0],"translation":[0.0,2.5,1.0],"scale":[0.48047,0.48047,0.48047]},"thirdperson_lefthand":{"rotation":[51.0,0.0,0.0],"translation":[0.0,2.5,1.0],"scale":[0.48047,0.48047,0.48047]},"firstperson_righthand":{"rotation":[152.75,0.0,180.0],"translation":[0.0,3.25,0.0],"scale":[0.64648,0.64648,0.64648]},"firstperson_lefthand":{"rotation":[152.75,0.0,180.0],"translation":[0.0,3.25,0.0],"scale":[0.64648,0.64648,0.64648]},"ground":{"translation":[0.0,6.75,0.0],"scale":[0.7,0.7,0.7]},"gui":{"rotation":[0.0,135.0,0.0],"translation":[0.0,13.75,0.0],"scale":[0.77539,0.77539,0.77539]},"head":{"translation":[0.0,-55.25,0.0],"scale":[2.63867,2.63867,2.63867]},"fixed":{"rotation":[-90.0,0.0,0.0],"translation":[0.0,0.0,-16.0],"scale":[2.52148,2.52148,2.52148]}},"elements":[{"from":[0.0,-14.0,0.0],"to":[16.0,-10.0,16.0],"rotation":{"origin":[0.0,4.0,0.0],"axis":"y","angle":0.0},"faces":{"north":{"uv":[5.33333,7.33333,10.66667,8.66667],"texture":"#0"},"east":{"uv":[8.66667,4.0,14.0,5.33333],"texture":"#0"},"south":{"uv":[5.33333,8.66667,10.66667,10.0],"texture":"#0"},"west":{"uv":[8.66667,5.33333,14.0,6.66667],"texture":"#0"},"up":{"uv":[5.33333,5.33333,0.0,0.0],"texture":"#0"},"down":{"uv":[5.33333,5.33333,0.0,10.66667],"texture":"#0"}}},{"from":[3.0,-10.0,3.0],"to":[13.0,-8.0,13.0],"rotation":{"origin":[0.0,4.0,0.0],"axis":"y","angle":0.0},"faces":{"north":{"uv":[10.66667,8.0,14.0,8.66667],"texture":"#0"},"east":{"uv":[10.66667,8.66667,14.0,9.33333],"texture":"#0"},"south":{"uv":[10.66667,9.33333,14.0,10.0],"texture":"#0"},"west":{"uv":[10.66667,10.0,14.0,10.66667],"texture":"#0"},"up":{"uv":[8.66667,7.33333,5.33333,4.0],"texture":"#0"}}},{"from":[4.0,-8.0,4.0],"to":[12.0,-2.0,12.0],"rotation":{"origin":[0.0,4.0,0.0],"axis":"y","angle":0.0},"faces":{"north":{"uv":[5.33333,10.0,8.0,12.0],"texture":"#0"},"east":{"uv":[8.0,10.0,10.66667,12.0],"texture":"#0"},"south":{"uv":[0.0,10.66667,2.66667,12.66667],"texture":"#0"},"west":{"uv":[2.66667,10.66667,5.33333,12.66667],"texture":"#0"},"up":{"uv":[12.0,2.66667,9.33333,0.0],"texture":"#0"}}},{"from":[2.0,-16.0,2.0],"to":[14.0,-14.0,14.0],"rotation":{"origin":[0.0,4.0,0.0],"axis":"y","angle":0.0},"faces":{"north":{"uv":[8.66667,6.66667,12.66667,7.33333],"texture":"#0"},"east":{"uv":[9.33333,2.66667,13.33333,3.33333],"texture":"#0"},"south":{"uv":[9.33333,3.33333,13.33333,4.0],"texture":"#0"},"west":{"uv":[10.66667,7.33333,14.66667,8.0],"texture":"#0"},"down":{"uv":[9.33333,0.0,5.33333,4.0],"texture":"#0"}}},{"from":[-0.0995,-12.5,-0.0995],"to":[16.1005,-11.5,-0.0995],"rotation":{"origin":[5.0E-4,0.0,0.1505],"axis":"y","angle":0.0},"faces":{"north":{"uv":[0.0,0.0,16.0,1.0],"texture":"#1"},"east":{"uv":[0.0,0.0,0.0,1.0],"texture":"#1"},"west":{"uv":[0.0,0.0,0.0,1.0],"texture":"#1"},"up":{"uv":[16.0,0.0,0.0,0.0],"texture":"#1"},"down":{"uv":[16.0,0.0,0.0,0.0],"texture":"#1"}}},{"from":[-0.0995,-12.5,-0.0995],"to":[-0.0995,-11.5,16.1005],"rotation":{"origin":[-0.0995,6.0,8.0005],"axis":"y","angle":0.0},"faces":{"north":{"uv":[0.0,0.0,0.0,1.0],"texture":"#1"},"south":{"uv":[0.0,0.0,0.0,1.0],"texture":"#1"},"west":{"uv":[0.0,0.0,16.0,1.0],"texture":"#1"},"up":{"uv":[16.0,0.0,0.0,0.0],"texture":"#1","rotation":270},"down":{"uv":[16.0,0.0,0.0,0.0],"texture":"#1","rotation":90}}},{"from":[-0.0995,-12.5,16.0995],"to":[16.1005,-11.5,16.0995],"rotation":{"origin":[8.0005,6.0,16.0995],"axis":"y","angle":0.0},"faces":{"east":{"uv":[0.0,0.0,0.0,1.0],"texture":"#1"},"south":{"uv":[0.0,0.0,16.0,1.0],"texture":"#1"},"west":{"uv":[0.0,0.0,0.0,1.0],"texture":"#1"},"up":{"uv":[16.0,0.0,0.0,0.0],"texture":"#1","rotation":180},"down":{"uv":[16.0,0.0,0.0,0.0],"texture":"#1","rotation":180}}},{"from":[16.0995,-12.5,-0.0995],"to":[16.0995,-11.5,16.1005],"rotation":{"origin":[16.0995,6.0,8.0005],"axis":"y","angle":0.0},"faces":{"north":{"uv":[0.0,0.0,0.0,1.0],"texture":"#1"},"east":{"uv":[0.0,0.0,16.0,1.0],"texture":"#1"},"south":{"uv":[0.0,0.0,0.0,1.0],"texture":"#1"},"up":{"uv":[16.0,0.0,0.0,0.0],"texture":"#1","rotation":90},"down":{"uv":[16.0,0.0,0.0,0.0],"texture":"#1","rotation":270}}}],"textures":{"particle":"afdee355-37e9-4147-bcfa-ccf6af32f1cc","0":"afdee355-37e9-4147-bcfa-ccf6af32f1cc","1":"843fab08-f5ae-4fac-8f77-b8cde9c0bfcf"},"gui_light":"front"}