{"display":{"thirdperson_righthand":{"rotation":[0.0,94.0,0.0],"translation":[0.0,-0.5,1.5],"scale":[0.6,0.9,0.8]},"thirdperson_lefthand":{"rotation":[-110.0,0.0,143.0],"translation":[-8.0,-7.0,8.75],"scale":[0.6,0.9,0.8]},"firstperson_righthand":{"rotation":[0.0,101.5,0.0],"translation":[0.0,-1.0,1.25],"scale":[0.61328,0.75,0.59961]},"firstperson_lefthand":{"rotation":[0.0,-90.0,0.0],"translation":[0.0,19.25,0.0],"scale":[0.0,0.0,0.0]},"ground":{"rotation":[0.0,0.0,31.75],"translation":[0.0,10.5,0.0],"scale":[0.5,0.67188,0.4668]},"gui":{"rotation":[0.0,0.0,48.0],"scale":[0.33906,0.49141,0.35859]},"head":{"rotation":[0.0,0.0,-131.75],"translation":[-16.25,15.0,0.0],"scale":[1.0,1.26758,0.72852]},"fixed":{"rotation":[0.0,0.0,-44.5],"translation":[0.0,0.0,-0.5],"scale":[0.3918,0.5832,0.35859]}},"elements":[{"from":[7.5,16.45,7.495],"to":[8.5,17.45,8.505],"rotation":{"origin":[2.5,3.5,7.5445],"axis":"y","angle":0.0},"faces":{"north":{"uv":[5.25,9.25,5.5,9.5],"texture":"#0"},"east":{"uv":[5.0,9.25,5.25,9.5],"texture":"#0"},"south":{"uv":[5.75,9.25,6.0,9.5],"texture":"#0"},"west":{"uv":[5.5,9.25,5.75,9.5],"texture":"#0"},"up":{"uv":[5.5,9.25,5.25,9.0],"texture":"#0"},"down":{"uv":[5.75,9.0,5.5,9.25],"texture":"#0"}}},{"from":[7.5,-11.3,7.5],"to":[8.5,16.45,8.6],"rotation":{"origin":[2.5,3.5,7.5],"axis":"y","angle":0.0},"faces":{"north":{"uv":[0.25,4.75,0.5,11.5],"texture":"#0"},"east":{"uv":[0.0,4.75,0.25,11.5],"texture":"#0"},"south":{"uv":[0.75,4.75,1.0,11.5],"texture":"#0"},"west":{"uv":[0.5,4.75,0.75,11.5],"texture":"#0"},"up":{"uv":[0.5,4.75,0.25,4.5],"texture":"#0"},"down":{"uv":[0.75,4.5,0.5,4.75],"texture":"#0"}}},{"from":[3.35,-14.05,7.99],"to":[8.35,-9.05,8.01],"rotation":{"origin":[8.25,-9.5,7.49],"axis":"z","angle":45.0},"faces":{"north":{"uv":[0.0,0.0,1.25,1.25],"texture":"#0"},"east":{"uv":[0.0,0.0,0.0,1.25],"texture":"#0"},"south":{"uv":[1.25,0.0,2.5,1.25],"texture":"#0"},"west":{"uv":[1.25,0.0,1.25,1.25],"texture":"#0"},"up":{"uv":[1.25,0.0,0.0,0.0],"texture":"#0"},"down":{"uv":[2.5,0.0,1.25,0.0],"texture":"#0"}}},{"from":[-1.75,12.25,7.99],"to":[16.25,30.25,8.01],"rotation":{"origin":[8.0,20.5,6.99],"axis":"z","angle":-45.0},"faces":{"north":{"uv":[7.0,11.5,11.5,16.0],"texture":"#0"},"east":{"uv":[7.0,11.5,7.0,16.0],"texture":"#0"},"south":{"uv":[11.5,11.5,16.0,16.0],"texture":"#0"},"west":{"uv":[11.5,11.5,11.5,16.0],"texture":"#0"},"up":{"uv":[11.5,11.5,7.0,11.5],"texture":"#0"},"down":{"uv":[16.0,11.5,11.5,11.5],"texture":"#0"}}},{"from":[7.5,9.86069,2.93258],"to":[8.5,12.26069,3.93258],"rotation":{"origin":[15.0,-1.98931,4.43258],"axis":"x","angle":22.5},"faces":{"north":{"uv":[6.0,7.0,6.25,7.5],"texture":"#0"},"east":{"uv":[5.75,7.0,6.0,7.5],"texture":"#0"},"south":{"uv":[6.5,7.0,6.75,7.5],"texture":"#0"},"west":{"uv":[6.25,7.0,6.5,7.5],"texture":"#0"},"up":{"uv":[6.25,7.0,6.0,6.75],"texture":"#0"},"down":{"uv":[6.5,6.75,6.25,7.0],"texture":"#0"}}},{"from":[11.45846,12.92216,7.5],"to":[12.45846,15.32216,8.5],"rotation":{"origin":[18.95846,1.07216,9.0],"axis":"z","angle":22.5},"faces":{"north":{"uv":[5.0,7.0,5.25,7.5],"texture":"#0"},"east":{"uv":[4.75,7.0,5.0,7.5],"texture":"#0"},"south":{"uv":[5.5,7.0,5.75,7.5],"texture":"#0"},"west":{"uv":[5.25,7.0,5.5,7.5],"texture":"#0"},"up":{"uv":[5.25,7.0,5.0,6.75],"texture":"#0"},"down":{"uv":[5.5,6.75,5.25,7.0],"texture":"#0"}}},{"from":[7.495,15.30881,16.93949],"to":[8.505,16.60881,17.93949],"rotation":{"origin":[15.0,3.05881,18.43949],"axis":"x","angle":-45.0},"faces":{"north":{"uv":[7.5,8.5,7.75,8.75],"texture":"#0"},"east":{"uv":[7.25,8.5,7.5,8.75],"texture":"#0"},"south":{"uv":[8.0,8.5,8.25,8.75],"texture":"#0"},"west":{"uv":[7.75,8.5,8.0,8.75],"texture":"#0"},"up":{"uv":[7.75,8.5,7.5,8.25],"texture":"#0"},"down":{"uv":[8.0,8.25,7.75,8.5],"texture":"#0"}}},{"from":[7.5,10.62606,11.91518],"to":[8.5,13.02606,12.91518],"rotation":{"origin":[15.0,-1.22394,13.41518],"axis":"x","angle":-22.5},"faces":{"north":{"uv":[4.25,6.5,4.5,7.0],"texture":"#0"},"east":{"uv":[4.0,6.5,4.25,7.0],"texture":"#0"},"south":{"uv":[4.75,6.5,5.0,7.0],"texture":"#0"},"west":{"uv":[4.5,6.5,4.75,7.0],"texture":"#0"},"up":{"uv":[4.5,6.5,4.25,6.25],"texture":"#0"},"down":{"uv":[4.75,6.25,4.5,6.5],"texture":"#0"}}},{"from":[7.5,14.04392,0.84279],"to":[8.5,16.04392,1.84279],"rotation":{"origin":[15.0,-1.20608,2.34279],"axis":"x","angle":22.5},"faces":{"north":{"uv":[3.25,6.5,3.5,7.0],"texture":"#0"},"east":{"uv":[3.0,6.5,3.25,7.0],"texture":"#0"},"south":{"uv":[3.75,6.5,4.0,7.0],"texture":"#0"},"west":{"uv":[3.5,6.5,3.75,7.0],"texture":"#0"},"up":{"uv":[3.5,6.5,3.25,6.25],"texture":"#0"},"down":{"uv":[3.75,6.25,3.5,6.5],"texture":"#0"}}},{"from":[13.54825,17.10539,7.45],"to":[16.54825,19.10539,8.55],"rotation":{"origin":[21.04825,1.85539,9.0],"axis":"z","angle":22.5},"faces":{"north":{"uv":[3.5,5.75,4.25,6.25],"texture":"#0"},"east":{"uv":[3.25,5.75,3.5,6.25],"texture":"#0"},"south":{"uv":[4.5,5.75,5.25,6.25],"texture":"#0"},"west":{"uv":[4.25,5.75,4.5,6.25],"texture":"#0"},"up":{"uv":[4.25,5.75,3.5,5.5],"texture":"#0"},"down":{"uv":[5.0,5.5,4.25,5.75],"texture":"#0"}}},{"from":[15.66305,19.42822,7.45],"to":[16.66305,20.42822,8.55],"rotation":{"origin":[21.16305,1.17822,9.0],"axis":"z","angle":22.5},"faces":{"north":{"uv":[8.5,6.75,8.75,7.0],"texture":"#0"},"east":{"uv":[8.25,6.75,8.5,7.0],"texture":"#0"},"south":{"uv":[9.0,6.75,9.25,7.0],"texture":"#0"},"west":{"uv":[8.75,6.75,9.0,7.0],"texture":"#0"},"up":{"uv":[8.75,6.75,8.5,6.5],"texture":"#0"},"down":{"uv":[9.0,6.5,8.75,6.75],"texture":"#0"}}},{"from":[9.73019,16.95483,7.455],"to":[10.73019,17.95483,8.545],"rotation":{"origin":[9.60592,17.49121,7.0],"axis":"z","angle":-45.0},"faces":{"north":{"uv":[8.5,5.0,8.75,5.25],"texture":"#0"},"east":{"uv":[8.25,5.0,8.5,5.25],"texture":"#0"},"south":{"uv":[9.0,5.0,9.25,5.25],"texture":"#0"},"west":{"uv":[8.75,5.0,9.0,5.25],"texture":"#0"},"up":{"uv":[8.75,5.0,8.5,4.75],"texture":"#0"},"down":{"uv":[9.0,4.75,8.75,5.0],"texture":"#0"}}},{"from":[10.01957,17.41347,7.45],"to":[11.01957,18.41347,8.55],"rotation":{"origin":[9.8953,17.94985,7.0],"axis":"z","angle":-22.5},"faces":{"north":{"uv":[4.0,8.5,4.25,8.75],"texture":"#0"},"east":{"uv":[3.75,8.5,4.0,8.75],"texture":"#0"},"south":{"uv":[4.5,8.5,4.75,8.75],"texture":"#0"},"west":{"uv":[4.25,8.5,4.5,8.75],"texture":"#0"},"up":{"uv":[4.25,8.5,4.0,8.25],"texture":"#0"},"down":{"uv":[4.5,8.25,4.25,8.5],"texture":"#0"}}},{"from":[10.11141,17.94793,7.455],"to":[11.11141,18.94793,8.545],"rotation":{"origin":[9.98714,18.48432,7.0],"axis":"y","angle":0.0},"faces":{"north":{"uv":[8.25,8.25,8.5,8.5],"texture":"#0"},"east":{"uv":[8.0,8.25,8.25,8.5],"texture":"#0"},"south":{"uv":[8.75,8.25,9.0,8.5],"texture":"#0"},"west":{"uv":[8.5,8.25,8.75,8.5],"texture":"#0"},"up":{"uv":[8.5,8.25,8.25,8.0],"texture":"#0"},"down":{"uv":[8.75,8.0,8.5,8.25],"texture":"#0"}}},{"from":[9.99173,18.47686,7.45],"to":[12.99173,19.47686,8.55],"rotation":{"origin":[9.86745,19.01324,7.0],"axis":"z","angle":22.5},"faces":{"north":{"uv":[1.25,6.0,2.0,6.25],"texture":"#0"},"east":{"uv":[1.0,6.0,1.25,6.25],"texture":"#0"},"south":{"uv":[2.25,6.0,3.0,6.25],"texture":"#0"},"west":{"uv":[2.0,6.0,2.25,6.25],"texture":"#0"},"up":{"uv":[2.0,6.0,1.25,5.75],"texture":"#0"},"down":{"uv":[2.75,5.75,2.0,6.0],"texture":"#0"}}},{"from":[11.81768,19.33062,7.505],"to":[13.11768,20.33062,8.495],"rotation":{"origin":[9.99341,19.867,6.905],"axis":"y","angle":0.0},"faces":{"north":{"uv":[10.5,0.5,10.75,0.75],"texture":"#0"},"east":{"uv":[10.5,0.5,10.5,0.75],"texture":"#0"},"south":{"uv":[10.75,0.5,11.0,0.75],"texture":"#0"},"west":{"uv":[10.75,0.5,10.75,0.75],"texture":"#0"},"up":{"uv":[10.75,0.5,10.5,0.5],"texture":"#0"},"down":{"uv":[11.0,0.5,10.75,0.5],"texture":"#0"}}},{"from":[2.88232,19.33062,7.505],"to":[4.18232,20.33062,8.495],"rotation":{"origin":[9.05804,19.867,6.905],"axis":"y","angle":0.0},"faces":{"north":{"uv":[10.5,0.5,10.75,0.75],"texture":"#0"},"east":{"uv":[10.5,0.5,10.5,0.75],"texture":"#0"},"south":{"uv":[10.75,0.5,11.0,0.75],"texture":"#0"},"west":{"uv":[10.75,0.5,10.75,0.75],"texture":"#0"},"up":{"uv":[10.75,0.5,10.5,0.5],"texture":"#0"},"down":{"uv":[11.0,0.5,10.75,0.5],"texture":"#0"}}},{"from":[2.61323,19.85624,7.505],"to":[3.91323,20.85624,8.495],"rotation":{"origin":[8.78895,20.39262,6.855],"axis":"z","angle":22.5},"faces":{"north":{"uv":[10.5,0.5,10.75,0.75],"texture":"#0"},"east":{"uv":[10.5,0.5,10.5,0.75],"texture":"#0"},"south":{"uv":[10.75,0.5,11.0,0.75],"texture":"#0"},"west":{"uv":[10.75,0.5,10.75,0.75],"texture":"#0"},"up":{"uv":[10.75,0.5,10.5,0.5],"texture":"#0"},"down":{"uv":[11.0,0.5,10.75,0.5],"texture":"#0"}}},{"from":[4.33245,16.47561,7.505],"to":[5.33245,17.77561,8.495],"rotation":{"origin":[4.79607,16.65134,6.855],"axis":"z","angle":-22.5},"faces":{"north":{"uv":[10.5,0.5,10.75,0.75],"texture":"#0"},"east":{"uv":[10.5,0.5,10.5,0.75],"texture":"#0"},"south":{"uv":[10.75,0.5,11.0,0.75],"texture":"#0"},"west":{"uv":[10.75,0.5,10.75,0.75],"texture":"#0"},"up":{"uv":[10.75,0.5,10.5,0.5],"texture":"#0"},"down":{"uv":[11.0,0.5,10.75,0.5],"texture":"#0"}}},{"from":[12.63689,20.86808,7.455],"to":[13.63689,21.86808,8.545],"rotation":{"origin":[9.51261,21.40446,6.955],"axis":"z","angle":-22.5},"faces":{"north":{"uv":[6.75,8.25,7.0,8.5],"texture":"#0"},"east":{"uv":[6.5,8.25,6.75,8.5],"texture":"#0"},"south":{"uv":[7.25,8.25,7.5,8.5],"texture":"#0"},"west":{"uv":[7.0,8.25,7.25,8.5],"texture":"#0"},"up":{"uv":[7.0,8.25,6.75,8.0],"texture":"#0"},"down":{"uv":[7.25,8.0,7.0,8.25],"texture":"#0"}}},{"from":[11.11141,17.94793,7.495],"to":[12.61141,18.94793,8.505],"rotation":{"origin":[10.2329,18.59886,7.05],"axis":"y","angle":0.0},"faces":{"north":{"uv":[8.25,6.0,8.5,6.25],"texture":"#0"},"east":{"uv":[8.0,6.0,8.25,6.25],"texture":"#0"},"south":{"uv":[8.75,6.0,9.0,6.25],"texture":"#0"},"west":{"uv":[8.5,6.0,8.75,6.25],"texture":"#0"},"up":{"uv":[8.5,6.0,8.25,5.75],"texture":"#0"},"down":{"uv":[8.75,5.75,8.5,6.0],"texture":"#0"}}},{"from":[11.53797,18.52502,7.505],"to":[12.83797,19.52502,8.495],"rotation":{"origin":[10.2329,18.59886,6.905],"axis":"z","angle":-22.5},"faces":{"north":{"uv":[10.5,0.5,10.75,0.75],"texture":"#0"},"east":{"uv":[10.5,0.5,10.5,0.75],"texture":"#0"},"south":{"uv":[10.75,0.5,11.0,0.75],"texture":"#0"},"west":{"uv":[10.75,0.5,10.75,0.75],"texture":"#0"},"up":{"uv":[10.75,0.5,10.5,0.5],"texture":"#0"},"down":{"uv":[11.0,0.5,10.75,0.5],"texture":"#0"}}},{"from":[12.52682,18.40919,7.5],"to":[13.52682,19.40919,8.5],"rotation":{"origin":[12.01233,19.07645,8.045],"axis":"z","angle":-45.0},"faces":{"north":{"uv":[5.75,8.25,6.0,8.5],"texture":"#0"},"east":{"uv":[5.5,8.25,5.75,8.5],"texture":"#0"},"south":{"uv":[6.25,8.25,6.5,8.5],"texture":"#0"},"west":{"uv":[6.0,8.25,6.25,8.5],"texture":"#0"},"up":{"uv":[6.0,8.25,5.75,8.0],"texture":"#0"},"down":{"uv":[6.25,8.0,6.0,8.25],"texture":"#0"}}},{"from":[11.22544,18.06782,7.495],"to":[12.22544,19.06782,8.505],"rotation":{"origin":[9.84693,18.71875,7.05],"axis":"z","angle":-45.0},"faces":{"north":{"uv":[4.75,8.25,5.0,8.5],"texture":"#0"},"east":{"uv":[4.5,8.25,4.75,8.5],"texture":"#0"},"south":{"uv":[5.25,8.25,5.5,8.5],"texture":"#0"},"west":{"uv":[5.0,8.25,5.25,8.5],"texture":"#0"},"up":{"uv":[5.0,8.25,4.75,8.0],"texture":"#0"},"down":{"uv":[5.25,8.0,5.0,8.25],"texture":"#0"}}},{"from":[10.77562,16.28372,7.5],"to":[11.77562,17.28372,8.5],"rotation":{"origin":[11.34693,16.71875,7.05],"axis":"y","angle":0.0},"faces":{"north":{"uv":[3.25,8.25,3.5,8.5],"texture":"#0"},"east":{"uv":[3.0,8.25,3.25,8.5],"texture":"#0"},"south":{"uv":[3.75,8.25,4.0,8.5],"texture":"#0"},"west":{"uv":[3.5,8.25,3.75,8.5],"texture":"#0"},"up":{"uv":[3.5,8.25,3.25,8.0],"texture":"#0"},"down":{"uv":[3.75,8.0,3.5,8.25],"texture":"#0"}}},{"from":[9.77309,16.11368,7.505],"to":[10.77309,17.41368,8.495],"rotation":{"origin":[9.84693,18.71875,6.905],"axis":"z","angle":22.5},"faces":{"north":{"uv":[10.5,0.5,10.75,0.75],"texture":"#0"},"east":{"uv":[10.5,0.5,10.5,0.75],"texture":"#0"},"south":{"uv":[10.75,0.5,11.0,0.75],"texture":"#0"},"west":{"uv":[10.75,0.5,10.75,0.75],"texture":"#0"},"up":{"uv":[10.75,0.5,10.5,0.5],"texture":"#0"},"down":{"uv":[11.0,0.5,10.75,0.5],"texture":"#0"}}},{"from":[-1.72874,14.07065,7.45],"to":[-0.72874,15.07065,8.55],"rotation":{"origin":[7.77126,-4.17935,9.0],"axis":"z","angle":-22.5},"faces":{"north":{"uv":[2.25,8.25,2.5,8.5],"texture":"#0"},"east":{"uv":[2.0,8.25,2.25,8.5],"texture":"#0"},"south":{"uv":[2.75,8.25,3.0,8.5],"texture":"#0"},"west":{"uv":[2.5,8.25,2.75,8.5],"texture":"#0"},"up":{"uv":[2.5,8.25,2.25,8.0],"texture":"#0"},"down":{"uv":[2.75,8.0,2.5,8.25],"texture":"#0"}}},{"from":[5.65679,15.65184,7.455],"to":[6.65679,16.65184,8.545],"rotation":{"origin":[7.12044,16.80331,9.0],"axis":"z","angle":-45.0},"faces":{"north":{"uv":[1.25,8.25,1.5,8.5],"texture":"#0"},"east":{"uv":[1.0,8.25,1.25,8.5],"texture":"#0"},"south":{"uv":[1.75,8.25,2.0,8.5],"texture":"#0"},"west":{"uv":[1.5,8.25,1.75,8.5],"texture":"#0"},"up":{"uv":[1.5,8.25,1.25,8.0],"texture":"#0"},"down":{"uv":[1.75,8.0,1.5,8.25],"texture":"#0"}}},{"from":[5.36105,17.5,7.45],"to":[6.36105,18.5,8.55],"rotation":{"origin":[6.51252,17.03635,9.0],"axis":"z","angle":22.5},"faces":{"north":{"uv":[7.5,8.0,7.75,8.25],"texture":"#0"},"east":{"uv":[7.25,8.0,7.5,8.25],"texture":"#0"},"south":{"uv":[8.0,8.0,8.25,8.25],"texture":"#0"},"west":{"uv":[7.75,8.0,8.0,8.25],"texture":"#0"},"up":{"uv":[7.75,8.0,7.5,7.75],"texture":"#0"},"down":{"uv":[8.0,7.75,7.75,8.0],"texture":"#0"}}},{"from":[4.62918,18.23373,7.495],"to":[5.62918,19.23373,8.505],"rotation":{"origin":[6.78065,17.77008,9.0],"axis":"z","angle":45.0},"faces":{"north":{"uv":[8.0,5.5,8.25,5.75],"texture":"#0"},"east":{"uv":[7.75,5.5,8.0,5.75],"texture":"#0"},"south":{"uv":[8.5,5.5,8.75,5.75],"texture":"#0"},"west":{"uv":[8.25,5.5,8.5,5.75],"texture":"#0"},"up":{"uv":[8.25,5.5,8.0,5.25],"texture":"#0"},"down":{"uv":[8.5,5.25,8.25,5.5],"texture":"#0"}}},{"from":[4.22438,16.28372,7.5],"to":[5.22438,17.28372,8.5],"rotation":{"origin":[5.68802,18.43519,9.0],"axis":"y","angle":0.0},"faces":{"north":{"uv":[4.0,8.0,4.25,8.25],"texture":"#0"},"east":{"uv":[3.75,8.0,4.0,8.25],"texture":"#0"},"south":{"uv":[4.5,8.0,4.75,8.25],"texture":"#0"},"west":{"uv":[4.25,8.0,4.5,8.25],"texture":"#0"},"up":{"uv":[4.25,8.0,4.0,7.75],"texture":"#0"},"down":{"uv":[4.5,7.75,4.25,8.0],"texture":"#0"}}},{"from":[4.88859,17.94793,7.455],"to":[5.88859,18.94793,8.545],"rotation":{"origin":[6.04006,17.48429,9.0],"axis":"y","angle":0.0},"faces":{"north":{"uv":[7.75,7.5,8.0,7.75],"texture":"#0"},"east":{"uv":[7.5,7.5,7.75,7.75],"texture":"#0"},"south":{"uv":[8.25,7.5,8.5,7.75],"texture":"#0"},"west":{"uv":[8.0,7.5,8.25,7.75],"texture":"#0"},"up":{"uv":[8.0,7.5,7.75,7.25],"texture":"#0"},"down":{"uv":[8.25,7.25,8.0,7.5],"texture":"#0"}}},{"from":[3.28859,17.94793,7.495],"to":[4.88859,18.94793,8.505],"rotation":{"origin":[5.99006,17.48429,9.0],"axis":"y","angle":0.0},"faces":{"north":{"uv":[7.75,7.0,8.0,7.25],"texture":"#0"},"east":{"uv":[7.5,7.0,7.75,7.25],"texture":"#0"},"south":{"uv":[8.25,7.0,8.5,7.25],"texture":"#0"},"west":{"uv":[8.0,7.0,8.25,7.25],"texture":"#0"},"up":{"uv":[8.0,7.0,7.75,6.75],"texture":"#0"},"down":{"uv":[8.25,6.75,8.0,7.0],"texture":"#0"}}},{"from":[2.62351,18.54258,7.45],"to":[5.62351,19.54258,8.55],"rotation":{"origin":[5.77498,18.07893,9.0],"axis":"z","angle":-22.5},"faces":{"north":{"uv":[5.75,4.75,6.5,5.0],"texture":"#0"},"east":{"uv":[5.5,4.75,5.75,5.0],"texture":"#0"},"south":{"uv":[6.75,4.75,7.5,5.0],"texture":"#0"},"west":{"uv":[6.5,4.75,6.75,5.0],"texture":"#0"},"up":{"uv":[6.5,4.75,5.75,4.5],"texture":"#0"},"down":{"uv":[7.25,4.5,6.5,4.75],"texture":"#0"}}},{"from":[2.74374,20.95461,7.455],"to":[3.74374,21.95461,8.545],"rotation":{"origin":[6.89521,20.49096,8.955],"axis":"z","angle":22.5},"faces":{"north":{"uv":[6.75,7.75,7.0,8.0],"texture":"#0"},"east":{"uv":[6.5,7.75,6.75,8.0],"texture":"#0"},"south":{"uv":[7.25,7.75,7.5,8.0],"texture":"#0"},"west":{"uv":[7.0,7.75,7.25,8.0],"texture":"#0"},"up":{"uv":[7.0,7.75,6.75,7.5],"texture":"#0"},"down":{"uv":[7.25,7.5,7.0,7.75],"texture":"#0"}}},{"from":[2.4005,20.60505,7.5],"to":[3.4005,21.60505,8.5],"rotation":{"origin":[6.55197,20.14141,9.0],"axis":"z","angle":45.0},"faces":{"north":{"uv":[7.75,6.5,8.0,6.75],"texture":"#0"},"east":{"uv":[7.5,6.5,7.75,6.75],"texture":"#0"},"south":{"uv":[8.25,6.5,8.5,6.75],"texture":"#0"},"west":{"uv":[8.0,6.5,8.25,6.75],"texture":"#0"},"up":{"uv":[8.0,6.5,7.75,6.25],"texture":"#0"},"down":{"uv":[8.25,6.25,8.0,6.5],"texture":"#0"}}},{"from":[8.20111,15.09619,7.4905],"to":[9.20111,17.09619,8.5105],"rotation":{"origin":[8.04825,15.45539,9.0345],"axis":"z","angle":22.5},"faces":{"north":{"uv":[2.25,6.5,2.5,7.0],"texture":"#0"},"east":{"uv":[2.0,6.5,2.25,7.0],"texture":"#0"},"south":{"uv":[2.75,6.5,3.0,7.0],"texture":"#0"},"west":{"uv":[2.5,6.5,2.75,7.0],"texture":"#0"},"up":{"uv":[2.5,6.5,2.25,6.25],"texture":"#0"},"down":{"uv":[2.75,6.25,2.5,6.5],"texture":"#0"}}},{"from":[7.49975,18.43531,7.495],"to":[8.49975,19.43531,8.505],"rotation":{"origin":[7.24688,16.79451,9.0445],"axis":"y","angle":0.0},"faces":{"north":{"uv":[5.75,7.75,6.0,8.0],"texture":"#0"},"east":{"uv":[5.5,7.75,5.75,8.0],"texture":"#0"},"south":{"uv":[6.25,7.75,6.5,8.0],"texture":"#0"},"west":{"uv":[6.0,7.75,6.25,8.0],"texture":"#0"},"up":{"uv":[6.0,7.75,5.75,7.5],"texture":"#0"},"down":{"uv":[6.25,7.5,6.0,7.75],"texture":"#0"}}},{"from":[8.30813,17.73213,7.5],"to":[9.50813,18.73213,8.5],"rotation":{"origin":[9.10527,18.69133,9.04],"axis":"z","angle":-45.0},"faces":{"north":{"uv":[1.25,9.25,1.5,9.5],"texture":"#0"},"east":{"uv":[1.0,9.25,1.25,9.5],"texture":"#0"},"south":{"uv":[1.75,9.25,2.0,9.5],"texture":"#0"},"west":{"uv":[1.5,9.25,1.75,9.5],"texture":"#0"},"up":{"uv":[1.5,9.25,1.25,9.0],"texture":"#0"},"down":{"uv":[1.75,9.0,1.5,9.25],"texture":"#0"}}},{"from":[8.50813,16.73213,7.5],"to":[9.50813,17.73213,8.5],"rotation":{"origin":[9.10527,17.69133,9.04],"axis":"z","angle":-45.0},"faces":{"north":{"uv":[4.25,9.25,4.5,9.5],"texture":"#0"},"east":{"uv":[4.0,9.25,4.25,9.5],"texture":"#0"},"south":{"uv":[4.75,9.25,5.0,9.5],"texture":"#0"},"west":{"uv":[4.5,9.25,4.75,9.5],"texture":"#0"},"up":{"uv":[4.5,9.25,4.25,9.0],"texture":"#0"},"down":{"uv":[4.75,9.0,4.5,9.25],"texture":"#0"}}},{"from":[8.41899,17.43531,7.495],"to":[9.41899,18.43531,8.505],"rotation":{"origin":[9.01612,17.39451,9.0445],"axis":"y","angle":0.0},"faces":{"north":{"uv":[7.75,4.75,8.0,5.0],"texture":"#0"},"east":{"uv":[7.5,4.75,7.75,5.0],"texture":"#0"},"south":{"uv":[8.25,4.75,8.5,5.0],"texture":"#0"},"west":{"uv":[8.0,4.75,8.25,5.0],"texture":"#0"},"up":{"uv":[8.0,4.75,7.75,4.5],"texture":"#0"},"down":{"uv":[8.25,4.5,8.0,4.75],"texture":"#0"}}},{"from":[6.58051,17.43531,7.495],"to":[7.58051,18.43531,8.505],"rotation":{"origin":[7.17764,17.39451,9.0445],"axis":"y","angle":0.0},"faces":{"north":{"uv":[4.75,7.75,5.0,8.0],"texture":"#0"},"east":{"uv":[4.5,7.75,4.75,8.0],"texture":"#0"},"south":{"uv":[5.25,7.75,5.5,8.0],"texture":"#0"},"west":{"uv":[5.0,7.75,5.25,8.0],"texture":"#0"},"up":{"uv":[5.0,7.75,4.75,7.5],"texture":"#0"},"down":{"uv":[5.25,7.5,5.0,7.75],"texture":"#0"}}},{"from":[6.79392,17.43213,7.5],"to":[7.79392,18.43213,8.5],"rotation":{"origin":[6.69105,17.69133,9.04],"axis":"z","angle":-45.0},"faces":{"north":{"uv":[3.25,9.25,3.5,9.5],"texture":"#0"},"east":{"uv":[3.0,9.25,3.25,9.5],"texture":"#0"},"south":{"uv":[3.75,9.25,4.0,9.5],"texture":"#0"},"west":{"uv":[3.5,9.25,3.75,9.5],"texture":"#0"},"up":{"uv":[3.5,9.25,3.25,9.0],"texture":"#0"},"down":{"uv":[3.75,9.0,3.5,9.25],"texture":"#0"}}},{"from":[6.79392,18.43213,7.5],"to":[7.79392,19.63213,8.5],"rotation":{"origin":[6.69105,18.69133,9.04],"axis":"z","angle":-45.0},"faces":{"north":{"uv":[2.25,9.25,2.5,9.5],"texture":"#0"},"east":{"uv":[2.0,9.25,2.25,9.5],"texture":"#0"},"south":{"uv":[2.75,9.25,3.0,9.5],"texture":"#0"},"west":{"uv":[2.5,9.25,2.75,9.5],"texture":"#0"},"up":{"uv":[2.5,9.25,2.25,9.0],"texture":"#0"},"down":{"uv":[2.75,9.0,2.5,9.25],"texture":"#0"}}},{"from":[-1.61393,11.74782,7.45],"to":[1.38607,13.74782,8.55],"rotation":{"origin":[7.88607,-3.50218,9.0],"axis":"z","angle":-22.5},"faces":{"north":{"uv":[5.5,5.5,6.25,6.0],"texture":"#0"},"east":{"uv":[5.25,5.5,5.5,6.0],"texture":"#0"},"south":{"uv":[6.5,5.5,7.25,6.0],"texture":"#0"},"west":{"uv":[6.25,5.5,6.5,6.0],"texture":"#0"},"up":{"uv":[6.25,5.5,5.5,5.25],"texture":"#0"},"down":{"uv":[7.0,5.25,6.25,5.5],"texture":"#0"}}},{"from":[-0.61393,13.64782,7.485],"to":[0.38607,15.64782,8.515],"rotation":{"origin":[7.88607,-3.90218,9.03],"axis":"z","angle":-22.5},"faces":{"north":{"uv":[1.25,6.5,1.5,7.0],"texture":"#0"},"east":{"uv":[1.0,6.5,1.25,7.0],"texture":"#0"},"south":{"uv":[1.75,6.5,2.0,7.0],"texture":"#0"},"west":{"uv":[1.5,6.5,1.75,7.0],"texture":"#0"},"up":{"uv":[1.5,6.5,1.25,6.25],"texture":"#0"},"down":{"uv":[1.75,6.25,1.5,6.5],"texture":"#0"}}},{"from":[7.5,14.80929,14.00497],"to":[8.5,16.80929,15.00497],"rotation":{"origin":[15.0,-0.44071,15.50497],"axis":"x","angle":-22.5},"faces":{"north":{"uv":[6.25,6.25,6.5,6.75],"texture":"#0"},"east":{"uv":[6.0,6.25,6.25,6.75],"texture":"#0"},"south":{"uv":[6.75,6.25,7.0,6.75],"texture":"#0"},"west":{"uv":[6.5,6.25,6.75,6.75],"texture":"#0"},"up":{"uv":[6.5,6.25,6.25,6.0],"texture":"#0"},"down":{"uv":[6.75,6.0,6.5,6.25],"texture":"#0"}}},{"from":[7.495,13.8946,-2.52528],"to":[8.505,15.1946,-1.52528],"rotation":{"origin":[15.0,1.6446,-1.02528],"axis":"x","angle":45.0},"faces":{"north":{"uv":[8.5,7.25,8.75,7.5],"texture":"#0"},"east":{"uv":[8.25,7.25,8.5,7.5],"texture":"#0"},"south":{"uv":[9.0,7.25,9.25,7.5],"texture":"#0"},"west":{"uv":[8.75,7.25,9.0,7.5],"texture":"#0"},"up":{"uv":[8.75,7.25,8.5,7.0],"texture":"#0"},"down":{"uv":[9.0,7.0,8.75,7.25],"texture":"#0"}}},{"from":[7.504,18.57017,18.55115],"to":[8.496,19.57017,19.55115],"rotation":{"origin":[14.954,2.32017,20.05115],"axis":"x","angle":-45.0},"faces":{"north":{"uv":[6.25,10.25,6.25,10.5],"texture":"#0"},"east":{"uv":[6.0,10.25,6.25,10.5],"texture":"#0"},"south":{"uv":[6.5,10.25,6.5,10.5],"texture":"#0"},"west":{"uv":[6.25,10.25,6.5,10.5],"texture":"#0"},"up":{"uv":[6.25,10.25,6.25,10.0],"texture":"#0"},"down":{"uv":[6.25,10.0,6.25,10.25],"texture":"#0"}}},{"from":[7.504,18.57017,19.55115],"to":[8.496,19.57017,20.55115],"rotation":{"origin":[14.954,2.32017,21.05115],"axis":"x","angle":-45.0},"faces":{"north":{"uv":[6.25,10.25,6.25,10.5],"texture":"#0"},"east":{"uv":[6.0,10.25,6.25,10.5],"texture":"#0"},"south":{"uv":[6.5,10.25,6.5,10.5],"texture":"#0"},"west":{"uv":[6.25,10.25,6.5,10.5],"texture":"#0"},"up":{"uv":[6.25,10.25,6.25,10.0],"texture":"#0"},"down":{"uv":[6.25,10.0,6.25,10.25],"texture":"#0"}}},{"from":[7.53033,13.59099,7.504],"to":[8.53033,14.59099,8.496],"rotation":{"origin":[9.03033,14.34099,8.954],"axis":"z","angle":45.0},"faces":{"north":{"uv":[6.0,10.0,6.25,10.25],"texture":"#0"},"east":{"uv":[6.0,10.0,6.0,10.25],"texture":"#0"},"south":{"uv":[6.25,10.0,6.5,10.25],"texture":"#0"},"west":{"uv":[6.25,10.0,6.25,10.25],"texture":"#0"},"up":{"uv":[6.25,10.0,6.0,10.0],"texture":"#0"},"down":{"uv":[6.5,10.0,6.25,10.0],"texture":"#0"}}},{"from":[6.53033,13.59099,7.504],"to":[7.53033,14.59099,8.496],"rotation":{"origin":[8.03033,14.34099,8.954],"axis":"z","angle":45.0},"faces":{"north":{"uv":[6.0,10.0,6.25,10.25],"texture":"#0"},"east":{"uv":[6.0,10.0,6.0,10.25],"texture":"#0"},"south":{"uv":[6.25,10.0,6.5,10.25],"texture":"#0"},"west":{"uv":[6.25,10.0,6.25,10.25],"texture":"#0"},"up":{"uv":[6.25,10.0,6.0,10.0],"texture":"#0"},"down":{"uv":[6.5,10.0,6.25,10.0],"texture":"#0"}}},{"from":[5.44008,5.62468,7.495],"to":[6.44008,6.92468,8.505],"rotation":{"origin":[12.94008,7.12468,20.75],"axis":"z","angle":-45.0},"faces":{"north":{"uv":[3.25,7.75,3.5,8.0],"texture":"#0"},"east":{"uv":[3.0,7.75,3.25,8.0],"texture":"#0"},"south":{"uv":[3.75,7.75,4.0,8.0],"texture":"#0"},"west":{"uv":[3.5,7.75,3.75,8.0],"texture":"#0"},"up":{"uv":[3.5,7.75,3.25,7.5],"texture":"#0"},"down":{"uv":[3.75,7.5,3.5,7.75],"texture":"#0"}}},{"from":[2.47586,7.56459,7.5],"to":[3.47586,9.96459,8.5],"rotation":{"origin":[9.97586,-4.28541,9.0],"axis":"z","angle":-22.5},"faces":{"north":{"uv":[5.25,6.25,5.5,6.75],"texture":"#0"},"east":{"uv":[5.0,6.25,5.25,6.75],"texture":"#0"},"south":{"uv":[5.75,6.25,6.0,6.75],"texture":"#0"},"west":{"uv":[5.5,6.25,5.75,6.75],"texture":"#0"},"up":{"uv":[5.5,6.25,5.25,6.0],"texture":"#0"},"down":{"uv":[5.75,6.0,5.5,6.25],"texture":"#0"}}},{"from":[5.45941,15.52417,7.495],"to":[6.45941,16.82417,8.505],"rotation":{"origin":[12.95941,17.02417,20.75],"axis":"z","angle":45.0},"faces":{"north":{"uv":[2.25,7.75,2.5,8.0],"texture":"#0"},"east":{"uv":[2.0,7.75,2.25,8.0],"texture":"#0"},"south":{"uv":[2.75,7.75,3.0,8.0],"texture":"#0"},"west":{"uv":[2.5,7.75,2.75,8.0],"texture":"#0"},"up":{"uv":[2.5,7.75,2.25,7.5],"texture":"#0"},"down":{"uv":[2.75,7.5,2.5,7.75],"texture":"#0"}}},{"from":[15.5,15.5,7.5],"to":[18.5,18.5,8.5],"rotation":{"origin":[8.0,8.0,7.5],"axis":"z","angle":45.0},"faces":{"north":{"uv":[3.75,4.75,4.5,5.5],"texture":"#0"},"east":{"uv":[3.5,4.75,3.75,5.5],"texture":"#0"},"south":{"uv":[4.75,4.75,5.5,5.5],"texture":"#0"},"west":{"uv":[4.5,4.75,4.75,5.5],"texture":"#0"},"up":{"uv":[4.5,4.75,3.75,4.5],"texture":"#0"},"down":{"uv":[5.25,4.5,4.5,4.75],"texture":"#0"}}},{"from":[16.75,16.75,7.6],"to":[18.75,18.75,8.4],"rotation":{"origin":[8.0,8.0,7.5],"axis":"z","angle":45.0},"faces":{"north":{"uv":[1.25,10.0,1.75,10.5],"texture":"#0"},"east":{"uv":[1.25,10.0,1.25,10.5],"texture":"#0"},"south":{"uv":[1.75,10.0,2.25,10.5],"texture":"#0"},"west":{"uv":[1.75,10.0,1.75,10.5],"texture":"#0"},"up":{"uv":[1.75,10.0,1.25,10.0],"texture":"#0"},"down":{"uv":[2.25,10.0,1.75,10.0],"texture":"#0"}}},{"from":[8.80443,21.52785,7.701],"to":[9.80443,23.92785,8.301],"rotation":{"origin":[8.95392,20.67734,7.5],"axis":"z","angle":22.5},"faces":{"north":{"uv":[2.75,10.0,3.0,10.5],"texture":"#0"},"east":{"uv":[2.75,10.0,2.75,10.5],"texture":"#0"},"south":{"uv":[3.0,10.0,3.25,10.5],"texture":"#0"},"west":{"uv":[3.0,10.0,3.0,10.5],"texture":"#0"},"up":{"uv":[3.0,10.0,2.75,10.0],"texture":"#0"},"down":{"uv":[3.25,10.0,3.0,10.0],"texture":"#0"}}},{"from":[7.5,23.33634,7.75],"to":[8.5,27.33634,8.25],"rotation":{"origin":[7.84949,22.78584,7.5],"axis":"y","angle":0.0},"faces":{"north":{"uv":[4.25,10.0,4.5,11.0],"texture":"#0"},"east":{"uv":[4.25,10.0,4.25,11.0],"texture":"#0"},"south":{"uv":[4.5,10.0,4.75,11.0],"texture":"#0"},"west":{"uv":[4.5,10.0,4.5,11.0],"texture":"#0"},"up":{"uv":[4.5,10.0,4.25,10.0],"texture":"#0"},"down":{"uv":[4.75,10.0,4.5,10.0],"texture":"#0"}}},{"from":[9.44209,27.73243,7.755],"to":[10.15109,28.44143,8.245],"rotation":{"origin":[7.99158,29.88193,7.455],"axis":"z","angle":-45.0},"faces":{"north":{"uv":[5.0,10.0,5.0,10.0],"texture":"#0"},"east":{"uv":[5.0,10.0,5.0,10.0],"texture":"#0"},"south":{"uv":[5.0,10.0,5.0,10.0],"texture":"#0"},"west":{"uv":[5.0,10.0,5.0,10.0],"texture":"#0"},"up":{"uv":[5.0,10.0,5.0,10.0],"texture":"#0"},"down":{"uv":[5.0,10.0,5.0,10.0],"texture":"#0"}}},{"from":[5.48357,21.94835,7.7],"to":[6.48357,24.34835,8.3],"rotation":{"origin":[5.63306,19.09785,7.5],"axis":"z","angle":-22.5},"faces":{"north":{"uv":[3.5,10.0,3.75,10.5],"texture":"#0"},"east":{"uv":[3.5,10.0,3.5,10.5],"texture":"#0"},"south":{"uv":[3.75,10.0,4.0,10.5],"texture":"#0"},"west":{"uv":[3.75,10.0,3.75,10.5],"texture":"#0"},"up":{"uv":[3.75,10.0,3.5,10.0],"texture":"#0"},"down":{"uv":[4.0,10.0,3.75,10.0],"texture":"#0"}}},{"from":[6.57716,-11.91209,7.5],"to":[7.57716,-9.51209,8.5],"rotation":{"origin":[9.07716,-11.41209,7.5],"axis":"z","angle":-22.5},"faces":{"north":{"uv":[10.25,10.0,10.5,10.5],"texture":"#0"},"east":{"uv":[10.0,10.0,10.25,10.5],"texture":"#0"},"south":{"uv":[10.75,10.0,11.0,10.5],"texture":"#0"},"west":{"uv":[10.5,10.0,10.75,10.5],"texture":"#0"},"up":{"uv":[10.5,10.0,10.25,9.75],"texture":"#0"},"down":{"uv":[10.75,9.75,10.5,10.0],"texture":"#0"}}},{"from":[8.42284,-11.91209,7.5],"to":[9.42284,-9.51209,8.5],"rotation":{"origin":[6.92284,-11.41209,7.5],"axis":"z","angle":22.5},"faces":{"north":{"uv":[8.5,10.0,8.75,10.5],"texture":"#0"},"east":{"uv":[8.25,10.0,8.5,10.5],"texture":"#0"},"south":{"uv":[9.0,10.0,9.25,10.5],"texture":"#0"},"west":{"uv":[8.75,10.0,9.0,10.5],"texture":"#0"},"up":{"uv":[8.75,10.0,8.5,9.75],"texture":"#0"},"down":{"uv":[9.0,9.75,8.75,10.0],"texture":"#0"}}},{"from":[7.5,-11.72074,6.61522],"to":[8.5,-9.32074,7.61522],"rotation":{"origin":[8.0,-11.22074,8.61522],"axis":"x","angle":22.5},"faces":{"north":{"uv":[9.5,10.0,9.75,10.5],"texture":"#0"},"east":{"uv":[9.25,10.0,9.5,10.5],"texture":"#0"},"south":{"uv":[10.0,10.0,10.25,10.5],"texture":"#0"},"west":{"uv":[9.75,10.0,10.0,10.5],"texture":"#0"},"up":{"uv":[9.75,10.0,9.5,9.75],"texture":"#0"},"down":{"uv":[10.0,9.75,9.75,10.0],"texture":"#0"}}},{"from":[7.49456,-11.33702,7.30845],"to":[8.49456,-8.93702,8.30845],"rotation":{"origin":[7.99456,-8.33702,7.80845],"axis":"x","angle":-22.5},"faces":{"north":{"uv":[7.5,10.0,7.75,10.5],"texture":"#0"},"east":{"uv":[7.25,10.0,7.5,10.5],"texture":"#0"},"south":{"uv":[8.0,10.0,8.25,10.5],"texture":"#0"},"west":{"uv":[7.75,10.0,8.0,10.5],"texture":"#0"},"up":{"uv":[7.75,10.0,7.5,9.75],"texture":"#0"},"down":{"uv":[8.0,9.75,7.75,10.0],"texture":"#0"}}},{"from":[7.5,-9.66777,6.56066],"to":[8.5,-8.66777,7.56066],"rotation":{"origin":[8.0,-9.16777,8.56066],"axis":"x","angle":45.0},"faces":{"north":{"uv":[3.25,7.25,3.5,7.5],"texture":"#0"},"east":{"uv":[3.0,7.25,3.25,7.5],"texture":"#0"},"south":{"uv":[3.75,7.25,4.0,7.5],"texture":"#0"},"west":{"uv":[3.5,7.25,3.75,7.5],"texture":"#0"},"up":{"uv":[3.5,7.25,3.25,7.0],"texture":"#0"},"down":{"uv":[3.75,7.0,3.5,7.25],"texture":"#0"}}},{"from":[7.0,-8.60711,7.5],"to":[8.0,-7.60711,8.5],"rotation":{"origin":[7.5,-8.10711,7.5],"axis":"z","angle":-45.0},"faces":{"north":{"uv":[2.25,7.25,2.5,7.5],"texture":"#0"},"east":{"uv":[2.0,7.25,2.25,7.5],"texture":"#0"},"south":{"uv":[2.75,7.25,3.0,7.5],"texture":"#0"},"west":{"uv":[2.5,7.25,2.75,7.5],"texture":"#0"},"up":{"uv":[2.5,7.25,2.25,7.0],"texture":"#0"},"down":{"uv":[2.75,7.0,2.5,7.25],"texture":"#0"}}},{"from":[8.0,-8.60711,7.5],"to":[9.0,-7.60711,8.5],"rotation":{"origin":[8.5,-8.10711,7.5],"axis":"z","angle":-45.0},"faces":{"north":{"uv":[1.25,7.25,1.5,7.5],"texture":"#0"},"east":{"uv":[1.0,7.25,1.25,7.5],"texture":"#0"},"south":{"uv":[1.75,7.25,2.0,7.5],"texture":"#0"},"west":{"uv":[1.5,7.25,1.75,7.5],"texture":"#0"},"up":{"uv":[1.5,7.25,1.25,7.0],"texture":"#0"},"down":{"uv":[1.75,7.0,1.5,7.25],"texture":"#0"}}},{"from":[7.5,-9.66777,7.56066],"to":[8.5,-8.66777,8.56066],"rotation":{"origin":[8.0,-9.16777,9.56066],"axis":"x","angle":45.0},"faces":{"north":{"uv":[7.0,6.75,7.25,7.0],"texture":"#0"},"east":{"uv":[6.75,6.75,7.0,7.0],"texture":"#0"},"south":{"uv":[7.5,6.75,7.75,7.0],"texture":"#0"},"west":{"uv":[7.25,6.75,7.5,7.0],"texture":"#0"},"up":{"uv":[7.25,6.75,7.0,6.5],"texture":"#0"},"down":{"uv":[7.5,6.5,7.25,6.75],"texture":"#0"}}}],"textures":{"particle":"9ffd4eb3-2a60-4d4d-93c5-aa072c735f69","0":"9ffd4eb3-2a60-4d4d-93c5-aa072c735f69"},"gui_light":"front"}