{"display":{"thirdperson_righthand":{"rotation":[0.0,-90.0,0.0],"translation":[0.0,1.5,1.5]},"thirdperson_lefthand":{"rotation":[0.0,90.0,0.0],"translation":[0.0,1.5,1.5]},"firstperson_righthand":{"rotation":[-15.0,-90.0,0.0],"translation":[0.0,1.5,0.0],"scale":[0.7,0.7,0.7]},"firstperson_lefthand":{"rotation":[-15.0,90.0,0.0],"translation":[0.0,1.5,0.0],"scale":[0.7,0.7,0.7]},"ground":{"rotation":[-45.0,0.0,0.0],"scale":[0.45,0.45,0.45]},"gui":{"rotation":[20.0,160.0,30.0],"translation":[-3.0,-1.5,0.0],"scale":[0.7,0.7,0.7]},"head":{"rotation":[-180.0,0.0,100.0],"translation":[4.5,9.0,0.0]},"fixed":{"rotation":[0.0,0.0,35.0],"translation":[4.5,-2.5,-1.0],"scale":[0.85,0.85,0.85]}},"elements":[{"from":[-0.5619,14.33931,8.00937],"to":[0.4381,24.33931,8.00937],"rotation":{"origin":[6.62664,19.93992,8.00937],"axis":"y","angle":0.0},"faces":{"north":{"uv":[8.5,0.0,9.0,5.0],"texture":"#3"},"east":{"uv":[0.0,0.0,0.0,5.0],"texture":"#3"},"south":{"uv":[9.0,0.0,9.5,5.0],"texture":"#3"},"west":{"uv":[0.0,0.0,0.0,5.0],"texture":"#3"},"up":{"uv":[0.5,0.0,0.0,0.0],"texture":"#3"},"down":{"uv":[0.5,0.0,0.0,0.0],"texture":"#3"}}},{"from":[5.94851,13.6218,8.00937],"to":[6.94851,26.6218,8.00937],"rotation":{"origin":[6.44851,17.6218,7.00937],"axis":"z","angle":45.0},"faces":{"north":{"uv":[8.0,0.0,8.5,6.5],"texture":"#3"},"east":{"uv":[0.0,0.0,0.0,6.5],"texture":"#3"},"south":{"uv":[4.0,8.0,4.5,14.5],"texture":"#3"},"west":{"uv":[0.0,0.0,0.0,6.5],"texture":"#3"},"up":{"uv":[0.5,0.0,0.0,0.0],"texture":"#3"},"down":{"uv":[0.5,0.0,0.0,0.0],"texture":"#3"}}},{"from":[10.60808,10.04238,7.07187],"to":[12.60808,18.04238,8.94687],"rotation":{"origin":[6.67917,19.10061,8.00937],"axis":"z","angle":-22.5},"faces":{"north":{"uv":[4.0,0.0,5.0,4.0],"texture":"#3"},"east":{"uv":[4.0,4.0,5.0,8.0],"texture":"#3"},"south":{"uv":[5.0,0.0,6.0,4.0],"texture":"#3"},"west":{"uv":[5.0,4.0,6.0,8.0],"texture":"#3"},"up":{"uv":[11.0,5.5,10.0,4.5],"texture":"#3"},"down":{"uv":[11.0,5.5,10.0,6.5],"texture":"#3"}}},{"from":[9.60808,10.04238,8.00937],"to":[10.60808,18.04238,8.00937],"rotation":{"origin":[6.67917,19.10061,8.00937],"axis":"z","angle":-22.5},"faces":{"north":{"uv":[6.5,10.0,7.0,14.0],"texture":"#3"},"east":{"uv":[0.0,0.0,0.0,4.0],"texture":"#3"},"south":{"uv":[7.0,10.0,7.5,14.0],"texture":"#3"},"west":{"uv":[0.0,0.0,0.0,4.0],"texture":"#3"},"up":{"uv":[0.5,0.0,0.0,0.0],"texture":"#3"},"down":{"uv":[0.5,0.0,0.0,0.0],"texture":"#3"}}},{"from":[8.60808,14.04238,7.13437],"to":[10.60808,15.04238,8.88437],"rotation":{"origin":[6.67917,19.10061,8.00937],"axis":"z","angle":-22.5},"faces":{"north":{"uv":[10.0,7.5,11.0,8.0],"texture":"#3"},"east":{"uv":[12.0,9.5,13.0,10.0],"texture":"#3"},"south":{"uv":[12.5,9.0,13.5,9.5],"texture":"#3"},"west":{"uv":[9.5,12.5,10.5,13.0],"texture":"#3"},"up":{"uv":[1.0,13.0,0.0,12.0],"texture":"#3"},"down":{"uv":[13.0,0.0,12.0,1.0],"texture":"#3"}}},{"from":[4.38046,22.04725,7.07187],"to":[6.38046,24.04725,8.94687],"rotation":{"origin":[6.45271,20.34602,8.00937],"axis":"z","angle":22.5},"faces":{"north":{"uv":[10.0,6.5,11.0,7.5],"texture":"#3"},"east":{"uv":[9.0,10.5,10.0,11.5],"texture":"#3"},"south":{"uv":[10.0,10.5,11.0,11.5],"texture":"#3"},"west":{"uv":[0.0,11.0,1.0,12.0],"texture":"#3"},"up":{"uv":[12.0,1.0,11.0,0.0],"texture":"#3"},"down":{"uv":[2.0,11.0,1.0,12.0],"texture":"#3"}}},{"from":[5.38046,24.04725,7.50937],"to":[6.38046,27.04725,8.50937],"rotation":{"origin":[6.45271,20.34602,8.00937],"axis":"z","angle":22.5},"faces":{"north":{"uv":[7.5,12.0,8.0,13.5],"texture":"#3"},"east":{"uv":[8.0,12.0,8.5,13.5],"texture":"#3"},"south":{"uv":[12.0,8.0,12.5,9.5],"texture":"#3"},"west":{"uv":[11.0,12.0,11.5,13.5],"texture":"#3"},"up":{"uv":[10.0,5.0,9.5,4.5],"texture":"#3"},"down":{"uv":[11.0,12.5,10.5,13.0],"texture":"#3"}}},{"from":[7.31796,14.92225,7.07187],"to":[9.31796,16.92225,8.94687],"rotation":{"origin":[6.45271,20.34602,8.00937],"axis":"z","angle":22.5},"faces":{"north":{"uv":[11.0,1.0,12.0,2.0],"texture":"#3"},"east":{"uv":[2.0,11.0,3.0,12.0],"texture":"#3"},"south":{"uv":[11.0,2.0,12.0,3.0],"texture":"#3"},"west":{"uv":[3.0,11.0,4.0,12.0],"texture":"#3"},"up":{"uv":[12.0,4.0,11.0,3.0],"texture":"#3"},"down":{"uv":[12.0,4.0,11.0,5.0],"texture":"#3"}}},{"from":[8.31796,16.92225,7.50937],"to":[9.31796,18.92225,8.50937],"rotation":{"origin":[6.45271,20.34602,8.00937],"axis":"z","angle":22.5},"faces":{"north":{"uv":[11.5,12.0,12.0,13.0],"texture":"#3"},"east":{"uv":[12.0,12.0,12.5,13.0],"texture":"#3"},"south":{"uv":[12.5,8.0,13.0,9.0],"texture":"#3"},"west":{"uv":[9.0,12.5,9.5,13.5],"texture":"#3"},"up":{"uv":[13.5,1.0,13.0,0.5],"texture":"#3"},"down":{"uv":[1.5,13.0,1.0,13.5],"texture":"#3"}}},{"from":[5.63049,19.88957,7.07187],"to":[7.63049,21.88957,8.94687],"rotation":{"origin":[6.45271,20.34602,8.00937],"axis":"z","angle":0.0},"faces":{"north":{"uv":[4.5,11.0,5.5,12.0],"texture":"#3"},"east":{"uv":[11.0,5.0,12.0,6.0],"texture":"#3"},"south":{"uv":[5.5,11.0,6.5,12.0],"texture":"#3"},"west":{"uv":[11.0,6.0,12.0,7.0],"texture":"#3"},"up":{"uv":[12.0,8.0,11.0,7.0],"texture":"#3"},"down":{"uv":[8.5,11.0,7.5,12.0],"texture":"#3"}}},{"from":[6.63049,21.88957,7.50937],"to":[7.63049,25.88957,8.50937],"rotation":{"origin":[6.45271,20.34602,8.00937],"axis":"z","angle":0.0},"faces":{"north":{"uv":[11.0,8.0,11.5,10.0],"texture":"#3"},"east":{"uv":[8.5,11.0,9.0,13.0],"texture":"#3"},"south":{"uv":[11.0,10.0,11.5,12.0],"texture":"#3"},"west":{"uv":[11.5,8.0,12.0,10.0],"texture":"#3"},"up":{"uv":[13.5,1.5,13.0,1.0],"texture":"#3"},"down":{"uv":[2.0,13.0,1.5,13.5],"texture":"#3"}}},{"from":[5.02342,13.42267,7.00937],"to":[7.02342,26.42267,9.00937],"rotation":{"origin":[6.45271,20.34602,8.00937],"axis":"z","angle":45.0},"faces":{"north":{"uv":[0.0,0.0,1.0,6.5],"texture":"#3"},"east":{"uv":[1.0,0.0,2.0,6.5],"texture":"#3"},"south":{"uv":[2.0,0.0,3.0,6.5],"texture":"#3"},"west":{"uv":[3.0,0.0,4.0,6.5],"texture":"#3"},"up":{"uv":[10.0,12.5,9.0,11.5],"texture":"#3"},"down":{"uv":[11.0,11.5,10.0,12.5],"texture":"#3"}}},{"from":[3.02342,17.42267,7.00937],"to":[5.02342,18.42267,9.00937],"rotation":{"origin":[6.45271,20.34602,8.00937],"axis":"z","angle":45.0},"faces":{"north":{"uv":[12.5,10.0,13.5,10.5],"texture":"#3"},"east":{"uv":[12.5,10.5,13.5,11.0],"texture":"#3"},"south":{"uv":[12.5,11.0,13.5,11.5],"texture":"#3"},"west":{"uv":[12.5,11.5,13.5,12.0],"texture":"#3"},"up":{"uv":[2.0,13.0,1.0,12.0],"texture":"#3"},"down":{"uv":[13.0,1.0,12.0,2.0],"texture":"#3"}}},{"from":[3.02342,24.42267,7.00937],"to":[5.02342,25.42267,9.00937],"rotation":{"origin":[6.45271,20.34602,8.00937],"axis":"z","angle":45.0},"faces":{"north":{"uv":[12.5,12.0,13.5,12.5],"texture":"#3"},"east":{"uv":[12.5,12.5,13.5,13.0],"texture":"#3"},"south":{"uv":[0.0,13.0,1.0,13.5],"texture":"#3"},"west":{"uv":[13.0,0.0,14.0,0.5],"texture":"#3"},"up":{"uv":[3.0,13.0,2.0,12.0],"texture":"#3"},"down":{"uv":[13.0,2.0,12.0,3.0],"texture":"#3"}}},{"from":[5.99063,8.0,6.00937],"to":[9.99063,10.0,10.00937],"rotation":{"origin":[-0.00937,0.0,0.00937],"axis":"y","angle":0.0},"faces":{"north":{"uv":[9.0,9.5,11.0,10.5],"texture":"#3"},"east":{"uv":[0.0,10.0,2.0,11.0],"texture":"#3"},"south":{"uv":[2.0,10.0,4.0,11.0],"texture":"#3"},"west":{"uv":[4.5,10.0,6.5,11.0],"texture":"#3"},"up":{"uv":[8.0,2.0,6.0,0.0],"texture":"#3"},"down":{"uv":[8.0,2.0,6.0,4.0],"texture":"#3"}}},{"from":[-1.00937,12.5,7.00937],"to":[0.99063,14.5,9.00937],"rotation":{"origin":[-0.00937,0.0,0.00937],"axis":"y","angle":0.0},"faces":{"north":{"uv":[3.0,12.0,4.0,13.0],"texture":"#3"},"east":{"uv":[12.0,3.0,13.0,4.0],"texture":"#3"},"south":{"uv":[12.0,4.0,13.0,5.0],"texture":"#3"},"west":{"uv":[4.5,12.0,5.5,13.0],"texture":"#3"},"up":{"uv":[13.0,6.0,12.0,5.0],"texture":"#3"},"down":{"uv":[6.5,12.0,5.5,13.0],"texture":"#3"}}},{"from":[-0.50937,10.5,8.00937],"to":[1.49063,12.5,8.00937],"rotation":{"origin":[-0.00937,0.0,0.00937],"axis":"y","angle":0.0},"faces":{"north":{"uv":[12.0,6.0,13.0,7.0],"texture":"#3"},"east":{"uv":[0.0,0.0,0.0,1.0],"texture":"#3"},"south":{"uv":[12.0,7.0,13.0,8.0],"texture":"#3"},"west":{"uv":[0.0,0.0,0.0,1.0],"texture":"#3"},"up":{"uv":[1.0,0.0,0.0,0.0],"texture":"#3"},"down":{"uv":[1.0,0.0,0.0,0.0],"texture":"#3"}}},{"from":[6.97038,11.21804,8.00937],"to":[12.97038,25.21804,8.00937],"rotation":{"origin":[5.67917,17.10061,8.00937],"axis":"z","angle":45.0},"faces":{"north":{"uv":[6.0,2.0,0.0,16.0],"texture":"#1"},"east":{"uv":[0.0,0.0,0.5,0.5],"texture":"#missing"},"south":{"uv":[0.0,2.0,6.0,16.0],"texture":"#1"},"west":{"uv":[0.0,0.0,0.5,0.5],"texture":"#missing"},"up":{"uv":[0.0,0.0,0.5,0.5],"texture":"#missing"},"down":{"uv":[0.0,0.0,0.5,0.5],"texture":"#missing"}}},{"from":[6.99063,1.0,7.00937],"to":[8.99063,8.0,9.00937],"rotation":{"origin":[7.99063,0.0,8.00937],"axis":"y","angle":0.0},"faces":{"north":{"uv":[0.0,6.5,1.0,10.0],"texture":"#3"},"east":{"uv":[1.0,6.5,2.0,10.0],"texture":"#3"},"south":{"uv":[2.0,6.5,3.0,10.0],"texture":"#3"},"west":{"uv":[3.0,6.5,4.0,10.0],"texture":"#3"},"up":{"uv":[12.5,11.0,11.5,10.0],"texture":"#3"},"down":{"uv":[12.5,11.0,11.5,12.0],"texture":"#3"}}},{"from":[10.99063,6.0,6.50937],"to":[14.99063,10.0,9.50937],"rotation":{"origin":[7.99063,0.0,8.00937],"axis":"z","angle":45.0},"faces":{"north":{"uv":[6.0,4.0,8.0,6.0],"texture":"#3"},"east":{"uv":[4.5,8.0,6.0,10.0],"texture":"#3"},"south":{"uv":[6.0,6.0,8.0,8.0],"texture":"#3"},"west":{"uv":[6.0,8.0,7.5,10.0],"texture":"#3"},"up":{"uv":[10.0,8.0,8.0,6.5],"texture":"#3"},"down":{"uv":[9.5,8.0,7.5,9.5],"texture":"#3"}}},{"from":[6.49063,-1.5,6.75937],"to":[9.49063,1.5,9.25937],"rotation":{"origin":[7.99063,0.0,8.00937],"axis":"z","angle":45.0},"faces":{"north":{"uv":[8.5,5.0,10.0,6.5],"texture":"#3"},"east":{"uv":[9.5,0.0,11.0,1.5],"texture":"#3"},"south":{"uv":[9.5,1.5,11.0,3.0],"texture":"#3"},"west":{"uv":[9.5,3.0,11.0,4.5],"texture":"#3"},"up":{"uv":[9.0,11.0,7.5,9.5],"texture":"#3"},"down":{"uv":[11.0,8.0,9.5,9.5],"texture":"#3"}}}],"textures":{"particle":"e6ad8908-9dad-49c3-8ab7-f8154829fcad","1":"eaea213b-1a55-441c-b81d-b16a061fb7a7","3":"82fc9d29-1171-48bc-bed1-76eb6aee93e8"},"gui_light":"front"}