{"display":{"thirdperson_righthand":{"rotation":[0.0,-45.0,0.0],"translation":[0.0,4.5,0.0],"scale":[0.4,0.4,0.4]},"thirdperson_lefthand":{"rotation":[0.0,-45.0,0.0],"translation":[0.0,4.5,0.0],"scale":[0.4,0.4,0.4]},"firstperson_righthand":{"rotation":[-45.0,-45.0,0.0],"translation":[2.5,2.5,0.0],"scale":[0.4,0.4,0.4]},"firstperson_lefthand":{"rotation":[-45.0,-45.0,0.0],"translation":[2.5,2.5,0.0],"scale":[0.4,0.4,0.4]},"ground":{"rotation":[0.0,0.0,45.0],"translation":[0.0,3.0,0.0],"scale":[0.4,0.4,0.4]},"gui":{"rotation":[0.0,0.0,-45.0],"scale":[0.5,0.5,0.5]},"head":{"translation":[0.0,16.0,12.0]},"fixed":{"scale":[0.8,0.8,0.8]}},"elements":[{"from":[8.0,-2.92713,7.6255],"to":[15.2,-1.32713,8.4255],"rotation":{"origin":[8.0,-2.92713,6.8255],"axis":"z","angle":22.5},"faces":{"north":{"uv":[7.5,5.0,9.3125,5.375],"texture":"#2"},"east":{"uv":[11.5,13.0,11.6875,13.375],"texture":"#2"},"south":{"uv":[7.5,5.75,9.3125,6.125],"texture":"#2"},"west":{"uv":[12.0,13.0,12.1875,13.375],"texture":"#2"},"up":{"uv":[11.5625,6.1875,9.75,6.0],"texture":"#2"},"down":{"uv":[11.5625,6.5,9.75,6.6875],"texture":"#2"}}},{"from":[15.2,-2.12713,7.6255],"to":[16.0,-1.32713,8.4255],"rotation":{"origin":[8.0,-2.92713,6.8255],"axis":"z","angle":22.5},"faces":{"north":{"uv":[12.75,13.75,12.9375,13.9375],"texture":"#2"},"east":{"uv":[1.25,14.0,1.4375,14.1875],"texture":"#2"},"south":{"uv":[1.75,14.0,1.9375,14.1875],"texture":"#2"},"west":{"uv":[2.25,14.0,2.4375,14.1875],"texture":"#2"},"up":{"uv":[14.1875,2.6875,14.0,2.5],"texture":"#2"},"down":{"uv":[2.9375,14.0,2.75,14.1875],"texture":"#2"}}},{"from":[16.8,-2.12713,7.6255],"to":[28.2,-1.32713,8.4255],"rotation":{"origin":[8.0,-2.92713,6.8255],"axis":"z","angle":22.5},"faces":{"north":{"uv":[7.5,8.0,10.375,8.1875],"texture":"#2"},"east":{"uv":[14.0,3.0,14.1875,3.1875],"texture":"#2"},"south":{"uv":[7.5,8.5,10.375,8.6875],"texture":"#2"},"west":{"uv":[3.25,14.0,3.4375,14.1875],"texture":"#2"},"up":{"uv":[10.375,9.1875,7.5,9.0],"texture":"#2"},"down":{"uv":[10.375,9.5,7.5,9.6875],"texture":"#2"}}},{"from":[3.9,-2.52713,7.7255],"to":[7.6,-1.72713,8.3255],"rotation":{"origin":[8.0,-2.92713,6.8255],"axis":"z","angle":22.5},"faces":{"north":{"uv":[1.25,10.25,2.1875,10.4375],"texture":"#2"},"east":{"uv":[14.25,1.0,14.375,1.1875],"texture":"#2"},"south":{"uv":[2.5,10.25,3.4375,10.4375],"texture":"#2"},"west":{"uv":[14.25,6.0,14.375,6.1875],"texture":"#2"},"up":{"uv":[12.4375,2.625,11.5,2.5],"texture":"#2"},"down":{"uv":[12.4375,11.0,11.5,11.125],"texture":"#2"}}},{"from":[8.4,-2.52713,7.7255],"to":[12.1,-1.72713,8.3255],"rotation":{"origin":[8.0,-2.92713,6.8255],"axis":"z","angle":-22.5},"faces":{"north":{"uv":[3.75,10.25,4.6875,10.4375],"texture":"#2"},"east":{"uv":[14.25,6.5,14.375,6.6875],"texture":"#2"},"south":{"uv":[5.0,10.25,5.9375,10.4375],"texture":"#2"},"west":{"uv":[14.25,7.0,14.375,7.1875],"texture":"#2"},"up":{"uv":[12.4375,11.625,11.5,11.5],"texture":"#2"},"down":{"uv":[2.4375,11.75,1.5,11.875],"texture":"#2"}}},{"from":[4.35003,-2.22697,7.9255],"to":[7.75003,-1.12697,8.1255],"rotation":{"origin":[8.35003,-2.22697,8.0255],"axis":"z","angle":45.0},"faces":{"north":{"uv":[3.0,6.0,3.875,6.25],"texture":"#2"},"east":{"uv":[4.5,14.5,4.5625,14.75],"texture":"#2"},"south":{"uv":[8.0,10.0,8.875,10.25],"texture":"#2"},"west":{"uv":[5.0,14.5,5.0625,14.75],"texture":"#2"},"up":{"uv":[14.375,4.5625,13.5,4.5],"texture":"#2"},"down":{"uv":[14.375,10.0,13.5,10.0625],"texture":"#2"}}},{"from":[7.0,-5.65213,7.9255],"to":[9.0,-2.27713,8.1255],"rotation":{"origin":[8.0,-2.0771,8.0255],"axis":"z","angle":0.0},"faces":{"north":{"uv":[0.0,8.25,0.5,9.125],"texture":"#2"},"east":{"uv":[6.25,13.75,6.3125,14.625],"texture":"#2"},"south":{"uv":[0.75,8.25,1.25,9.125],"texture":"#2"},"west":{"uv":[9.5,13.75,9.5625,14.625],"texture":"#2"},"up":{"uv":[14.75,0.0625,14.25,0.0],"texture":"#2"},"down":{"uv":[14.75,0.5,14.25,0.5625],"texture":"#2"}}},{"from":[6.85,-5.77713,7.9255],"to":[8.45,-2.27713,8.1255],"rotation":{"origin":[8.0,-2.0771,8.0255],"axis":"z","angle":-22.5},"faces":{"north":{"uv":[1.5,8.25,1.875,9.125],"texture":"#2"},"east":{"uv":[10.0,13.75,10.0625,14.625],"texture":"#2"},"south":{"uv":[2.25,8.25,2.625,9.125],"texture":"#2"},"west":{"uv":[10.5,13.75,10.5625,14.625],"texture":"#2"},"up":{"uv":[7.625,14.3125,7.25,14.25],"texture":"#2"},"down":{"uv":[14.625,7.5,14.25,7.5625],"texture":"#2"}}},{"from":[4.175,-2.87713,7.9255],"to":[7.625,-2.37713,8.1255],"rotation":{"origin":[8.0,-2.12713,8.0255],"axis":"z","angle":22.5},"faces":{"north":{"uv":[12.5,12.0,13.375,12.125],"texture":"#2"},"east":{"uv":[14.5,9.5,14.5625,9.625],"texture":"#2"},"south":{"uv":[12.5,12.5,13.375,12.625],"texture":"#2"},"west":{"uv":[14.5,12.75,14.5625,12.875],"texture":"#2"},"up":{"uv":[14.375,10.5625,13.5,10.5],"texture":"#2"},"down":{"uv":[14.625,1.5,13.75,1.5625],"texture":"#2"}}},{"from":[7.55,-5.77713,7.9255],"to":[9.15,-2.27713,8.1255],"rotation":{"origin":[8.0,-2.0771,8.0255],"axis":"z","angle":22.5},"faces":{"north":{"uv":[6.5,9.75,6.875,10.625],"texture":"#2"},"east":{"uv":[11.0,13.75,11.0625,14.625],"texture":"#2"},"south":{"uv":[7.25,10.0,7.625,10.875],"texture":"#2"},"west":{"uv":[13.75,11.0,13.8125,11.875],"texture":"#2"},"up":{"uv":[8.375,14.3125,8.0,14.25],"texture":"#2"},"down":{"uv":[14.625,11.0,14.25,11.0625],"texture":"#2"}}},{"from":[8.24997,-2.22697,7.9255],"to":[11.64997,-1.12697,8.1255],"rotation":{"origin":[7.64997,-2.22697,8.0255],"axis":"z","angle":-45.0},"faces":{"north":{"uv":[9.25,10.0,10.125,10.25],"texture":"#2"},"east":{"uv":[14.5,5.0,14.5625,5.25],"texture":"#2"},"south":{"uv":[0.0,10.25,0.875,10.5],"texture":"#2"},"west":{"uv":[14.5,5.5,14.5625,5.75],"texture":"#2"},"up":{"uv":[14.625,2.0625,13.75,2.0],"texture":"#2"},"down":{"uv":[12.375,13.75,11.5,13.8125],"texture":"#2"}}},{"from":[8.375,-2.87713,7.9255],"to":[11.825,-2.37713,8.1255],"rotation":{"origin":[8.0,-2.12713,8.0255],"axis":"z","angle":-22.5},"faces":{"north":{"uv":[1.5,12.75,2.375,12.875],"texture":"#2"},"east":{"uv":[14.5,13.25,14.5625,13.375],"texture":"#2"},"south":{"uv":[12.75,2.5,13.625,2.625],"texture":"#2"},"west":{"uv":[14.5,13.75,14.5625,13.875],"texture":"#2"},"up":{"uv":[14.625,12.3125,13.75,12.25],"texture":"#2"},"down":{"uv":[0.875,14.0,0.0,14.0625],"texture":"#2"}}},{"from":[4.10181,6.75723,7.9755],"to":[11.87681,17.75723,8.0755],"rotation":{"origin":[9.72681,-1.94277,6.8255],"axis":"z","angle":0.0},"faces":{"north":{"uv":[0.0,0.0,1.9375,2.75],"texture":"#2"},"east":{"uv":[10.5,0.0,10.5625,2.75],"texture":"#2"},"south":{"uv":[2.25,0.0,4.1875,2.75],"texture":"#2"},"west":{"uv":[8.0,10.5,8.0625,13.25],"texture":"#2"},"up":{"uv":[13.4375,1.5625,11.5,1.5],"texture":"#2"},"down":{"uv":[13.4375,2.0,11.5,2.0625],"texture":"#2"}}},{"from":[4.77949,5.05778,7.9755],"to":[12.27949,16.05778,8.0755],"rotation":{"origin":[3.92949,-3.64222,6.8255],"axis":"z","angle":22.5},"faces":{"north":{"uv":[0.0,3.0,1.875,5.75],"texture":"#2"},"east":{"uv":[8.5,10.5,8.5625,13.25],"texture":"#2"},"south":{"uv":[2.25,3.0,4.125,5.75],"texture":"#2"},"west":{"uv":[9.0,10.5,9.0625,13.25],"texture":"#2"},"up":{"uv":[13.875,6.0625,12.0,6.0],"texture":"#2"},"down":{"uv":[13.875,6.5,12.0,6.5625],"texture":"#2"}}},{"from":[-14.51382,-4.13615,7.9755],"to":[-3.51382,3.41385,8.0755],"rotation":{"origin":[5.18618,-4.96115,6.8255],"axis":"z","angle":-45.0},"faces":{"north":{"uv":[4.5,0.0,7.25,1.875],"texture":"#2"},"east":{"uv":[7.5,11.25,7.5625,13.125],"texture":"#2"},"south":{"uv":[4.5,2.25,7.25,4.125],"texture":"#2"},"west":{"uv":[2.75,11.75,2.8125,13.625],"texture":"#2"},"up":{"uv":[13.25,3.0625,10.5,3.0],"texture":"#2"},"down":{"uv":[13.25,3.5,10.5,3.5625],"texture":"#2"}}},{"from":[-11.7,-1.32713,7.9755],"to":[-0.7,2.42287,8.0755],"rotation":{"origin":[8.0,-2.92713,6.8255],"axis":"z","angle":-22.5},"faces":{"north":{"uv":[7.5,0.0,10.25,0.9375],"texture":"#2"},"east":{"uv":[13.5,8.75,13.5625,9.6875],"texture":"#2"},"south":{"uv":[7.5,1.25,10.25,2.1875],"texture":"#2"},"west":{"uv":[9.0,13.5,9.0625,14.4375],"texture":"#2"},"up":{"uv":[13.25,4.0625,10.5,4.0],"texture":"#2"},"down":{"uv":[13.25,4.5,10.5,4.5625],"texture":"#2"}}},{"from":[16.7,-1.32713,7.9755],"to":[27.7,2.42287,8.0755],"rotation":{"origin":[8.0,-2.92713,6.8255],"axis":"z","angle":22.5},"faces":{"north":{"uv":[7.5,2.5,10.25,3.4375],"texture":"#2"},"east":{"uv":[13.5,13.0,13.5625,13.9375],"texture":"#2"},"south":{"uv":[7.5,3.75,10.25,4.6875],"texture":"#2"},"west":{"uv":[5.75,13.75,5.8125,14.6875],"texture":"#2"},"up":{"uv":[12.25,10.5625,9.5,10.5],"texture":"#2"},"down":{"uv":[13.25,10.0,10.5,10.0625],"texture":"#2"}}},{"from":[19.51382,-4.13615,7.9755],"to":[30.51382,3.41385,8.0755],"rotation":{"origin":[10.81382,-4.96115,6.8255],"axis":"z","angle":45.0},"faces":{"north":{"uv":[4.5,4.5,7.25,6.375],"texture":"#2"},"east":{"uv":[3.25,11.75,3.3125,13.625],"texture":"#2"},"south":{"uv":[0.0,6.0,2.75,7.875],"texture":"#2"},"west":{"uv":[3.75,11.75,3.8125,13.625],"texture":"#2"},"up":{"uv":[2.75,10.8125,0.0,10.75],"texture":"#2"},"down":{"uv":[5.75,10.75,3.0,10.8125],"texture":"#2"}}},{"from":[3.72051,5.05778,7.9755],"to":[11.22051,16.05778,8.0755],"rotation":{"origin":[12.07051,-3.64222,6.8255],"axis":"z","angle":-22.5},"faces":{"north":{"uv":[3.0,6.75,4.875,9.5],"texture":"#2"},"east":{"uv":[6.0,10.75,6.0625,13.5],"texture":"#2"},"south":{"uv":[5.25,6.75,7.125,9.5],"texture":"#2"},"west":{"uv":[11.0,0.0,11.0625,2.75],"texture":"#2"},"up":{"uv":[13.875,7.0625,12.0,7.0],"texture":"#2"},"down":{"uv":[13.875,7.5,12.0,7.5625],"texture":"#2"}}},{"from":[16.0,-1.92713,7.6255],"to":[16.8,-1.32713,8.4255],"rotation":{"origin":[8.0,-2.92713,6.8255],"axis":"z","angle":22.5},"faces":{"north":{"uv":[11.5,14.25,11.6875,14.375],"texture":"#2"},"east":{"uv":[14.25,11.5,14.4375,11.625],"texture":"#2"},"south":{"uv":[12.0,14.25,12.1875,14.375],"texture":"#2"},"west":{"uv":[12.5,14.25,12.6875,14.375],"texture":"#2"},"up":{"uv":[14.1875,3.6875,14.0,3.5],"texture":"#2"},"down":{"uv":[3.9375,14.0,3.75,14.1875],"texture":"#2"}}},{"from":[15.48925,1.30983,7.6255],"to":[15.96925,1.90983,8.4255],"rotation":{"origin":[15.56925,1.60983,8.0255],"axis":"z","angle":-22.5},"faces":{"north":{"uv":[6.75,14.5,6.875,14.625],"texture":"#2"},"east":{"uv":[13.0,14.25,13.1875,14.375],"texture":"#2"},"south":{"uv":[14.5,8.0,14.625,8.125],"texture":"#2"},"west":{"uv":[13.5,14.25,13.6875,14.375],"texture":"#2"},"up":{"uv":[14.125,14.4375,14.0,14.25],"texture":"#2"},"down":{"uv":[0.125,14.5,0.0,14.6875],"texture":"#2"}}},{"from":[14.21898,0.07344,7.6255],"to":[15.01898,1.51344,8.4255],"rotation":{"origin":[14.21898,0.87344,8.0255],"axis":"z","angle":-22.5},"faces":{"north":{"uv":[12.5,13.0,12.6875,13.375],"texture":"#2"},"east":{"uv":[13.0,13.0,13.1875,13.375],"texture":"#2"},"south":{"uv":[1.5,13.25,1.6875,13.625],"texture":"#2"},"west":{"uv":[2.0,13.25,2.1875,13.625],"texture":"#2"},"up":{"uv":[14.1875,4.1875,14.0,4.0],"texture":"#2"},"down":{"uv":[4.4375,14.0,4.25,14.1875],"texture":"#2"}}},{"from":[0.0,-2.12713,7.6255],"to":[0.8,-1.32713,8.4255],"rotation":{"origin":[8.0,-2.92713,6.8255],"axis":"z","angle":-22.5},"faces":{"north":{"uv":[4.75,14.0,4.9375,14.1875],"texture":"#2"},"east":{"uv":[14.0,5.0,14.1875,5.1875],"texture":"#2"},"south":{"uv":[5.25,14.0,5.4375,14.1875],"texture":"#2"},"west":{"uv":[14.0,5.5,14.1875,5.6875],"texture":"#2"},"up":{"uv":[6.9375,14.1875,6.75,14.0],"texture":"#2"},"down":{"uv":[14.1875,8.0,14.0,8.1875],"texture":"#2"}}},{"from":[0.98102,0.07344,7.6255],"to":[1.78102,1.51344,8.4255],"rotation":{"origin":[1.78102,0.87344,8.0255],"axis":"z","angle":22.5},"faces":{"north":{"uv":[13.5,3.0,13.6875,3.375],"texture":"#2"},"east":{"uv":[13.5,3.75,13.6875,4.125],"texture":"#2"},"south":{"uv":[7.5,13.5,7.6875,13.875],"texture":"#2"},"west":{"uv":[8.0,13.5,8.1875,13.875],"texture":"#2"},"up":{"uv":[14.1875,8.6875,14.0,8.5],"texture":"#2"},"down":{"uv":[14.1875,9.0,14.0,9.1875],"texture":"#2"}}},{"from":[-0.8,-1.92713,7.6255],"to":[0.0,-1.32713,8.4255],"rotation":{"origin":[8.0,-2.92713,6.8255],"axis":"z","angle":-22.5},"faces":{"north":{"uv":[0.5,14.5,0.6875,14.625],"texture":"#2"},"east":{"uv":[1.0,14.5,1.1875,14.625],"texture":"#2"},"south":{"uv":[1.5,14.5,1.6875,14.625],"texture":"#2"},"west":{"uv":[2.0,14.5,2.1875,14.625],"texture":"#2"},"up":{"uv":[14.1875,9.6875,14.0,9.5],"texture":"#2"},"down":{"uv":[14.1875,12.75,14.0,12.9375],"texture":"#2"}}},{"from":[-12.2,-2.12713,7.6255],"to":[-0.8,-1.32713,8.4255],"rotation":{"origin":[8.0,-2.92713,6.8255],"axis":"z","angle":-22.5},"faces":{"north":{"uv":[0.0,9.75,2.875,9.9375],"texture":"#2"},"east":{"uv":[14.0,13.25,14.1875,13.4375],"texture":"#2"},"south":{"uv":[3.25,9.75,6.125,9.9375],"texture":"#2"},"west":{"uv":[14.0,13.75,14.1875,13.9375],"texture":"#2"},"up":{"uv":[12.625,5.1875,9.75,5.0],"texture":"#2"},"down":{"uv":[12.625,5.5,9.75,5.6875],"texture":"#2"}}},{"from":[0.03075,1.30983,7.6255],"to":[0.51075,1.90983,8.4255],"rotation":{"origin":[0.43075,1.60983,8.0255],"axis":"z","angle":22.5},"faces":{"north":{"uv":[14.5,8.5,14.625,8.625],"texture":"#2"},"east":{"uv":[2.5,14.5,2.6875,14.625],"texture":"#2"},"south":{"uv":[14.5,9.0,14.625,9.125],"texture":"#2"},"west":{"uv":[14.5,2.5,14.6875,2.625],"texture":"#2"},"up":{"uv":[3.125,14.6875,3.0,14.5],"texture":"#2"},"down":{"uv":[14.625,3.0,14.5,3.1875],"texture":"#2"}}},{"from":[0.8,-2.92713,7.6255],"to":[8.0,-1.32713,8.4255],"rotation":{"origin":[8.0,-2.92713,6.8255],"axis":"z","angle":-22.5},"faces":{"north":{"uv":[7.5,6.5,9.3125,6.875],"texture":"#2"},"east":{"uv":[13.5,8.0,13.6875,8.375],"texture":"#2"},"south":{"uv":[7.5,7.25,9.3125,7.625],"texture":"#2"},"west":{"uv":[8.5,13.5,8.6875,13.875],"texture":"#2"},"up":{"uv":[11.5625,7.1875,9.75,7.0],"texture":"#2"},"down":{"uv":[11.5625,7.5,9.75,7.6875],"texture":"#2"}}},{"from":[1.5,-2.27713,7.6005],"to":[3.9,-1.87713,8.4505],"rotation":{"origin":[8.0,-2.92713,6.8255],"axis":"z","angle":-22.5},"faces":{"north":{"uv":[12.75,11.0,13.375,11.125],"texture":"#2"},"east":{"uv":[3.5,14.5,3.6875,14.625],"texture":"#2"},"south":{"uv":[12.75,11.5,13.375,11.625],"texture":"#2"},"west":{"uv":[14.5,3.5,14.6875,3.625],"texture":"#2"},"up":{"uv":[12.125,12.1875,11.5,12.0],"texture":"#2"},"down":{"uv":[2.125,12.25,1.5,12.4375],"texture":"#2"}}},{"from":[12.1,-2.27713,7.6005],"to":[14.5,-1.87713,8.4505],"rotation":{"origin":[8.0,-2.92713,6.8255],"axis":"z","angle":22.5},"faces":{"north":{"uv":[13.0,5.0,13.625,5.125],"texture":"#2"},"east":{"uv":[4.0,14.5,4.1875,14.625],"texture":"#2"},"south":{"uv":[13.0,5.5,13.625,5.625],"texture":"#2"},"west":{"uv":[14.5,4.0,14.6875,4.125],"texture":"#2"},"up":{"uv":[13.125,10.6875,12.5,10.5],"texture":"#2"},"down":{"uv":[12.125,12.5,11.5,12.6875],"texture":"#2"}}},{"from":[-1.275,-2.12713,7.9755],"to":[8.0,-1.82713,8.0755],"rotation":{"origin":[8.0,-2.92713,6.8255],"axis":"z","angle":-45.0},"faces":{"north":{"uv":[10.75,8.0,13.0625,8.0625],"texture":"#2"},"east":{"uv":[14.5,14.25,14.5625,14.3125],"texture":"#2"},"south":{"uv":[10.75,8.5,13.0625,8.5625],"texture":"#2"},"west":{"uv":[14.75,1.0,14.8125,1.0625],"texture":"#2"},"up":{"uv":[13.0625,9.0625,10.75,9.0],"texture":"#2"},"down":{"uv":[13.0625,9.5,10.75,9.5625],"texture":"#2"}}},{"from":[8.325,-2.60213,7.9755],"to":[8.625,6.67287,8.0755],"rotation":{"origin":[8.0,-2.92713,6.8255],"axis":"z","angle":22.5},"faces":{"north":{"uv":[6.5,11.0,6.5625,13.3125],"texture":"#2"},"east":{"uv":[9.5,11.0,9.5625,13.3125],"texture":"#2"},"south":{"uv":[10.0,11.0,10.0625,13.3125],"texture":"#2"},"west":{"uv":[10.5,11.0,10.5625,13.3125],"texture":"#2"},"up":{"uv":[14.8125,4.5625,14.75,4.5],"texture":"#2"},"down":{"uv":[14.8125,6.0,14.75,6.0625],"texture":"#2"}}},{"from":[7.375,-2.60213,7.9755],"to":[7.675,6.67287,8.0755],"rotation":{"origin":[8.0,-2.92713,6.8255],"axis":"z","angle":-22.5},"faces":{"north":{"uv":[11.0,11.0,11.0625,13.3125],"texture":"#2"},"east":{"uv":[0.0,11.25,0.0625,13.5625],"texture":"#2"},"south":{"uv":[0.5,11.25,0.5625,13.5625],"texture":"#2"},"west":{"uv":[1.0,11.25,1.0625,13.5625],"texture":"#2"},"up":{"uv":[14.8125,6.5625,14.75,6.5],"texture":"#2"},"down":{"uv":[14.8125,7.0,14.75,7.0625],"texture":"#2"}}},{"from":[8.0,-2.12713,7.9755],"to":[17.275,-1.82713,8.0755],"rotation":{"origin":[8.0,-2.92713,6.8255],"axis":"z","angle":45.0},"faces":{"north":{"uv":[1.5,11.25,3.8125,11.3125],"texture":"#2"},"east":{"uv":[7.25,14.75,7.3125,14.8125],"texture":"#2"},"south":{"uv":[11.5,0.0,13.8125,0.0625],"texture":"#2"},"west":{"uv":[7.75,14.75,7.8125,14.8125],"texture":"#2"},"up":{"uv":[13.8125,0.5625,11.5,0.5],"texture":"#2"},"down":{"uv":[13.8125,1.0,11.5,1.0625],"texture":"#2"}}},{"from":[7.85,-2.50213,7.9755],"to":[8.15,6.77287,8.0755],"rotation":{"origin":[7.425,-2.92713,6.8255],"axis":"z","angle":0.0},"faces":{"north":{"uv":[4.25,11.25,4.3125,13.5625],"texture":"#2"},"east":{"uv":[4.75,11.25,4.8125,13.5625],"texture":"#2"},"south":{"uv":[5.25,11.25,5.3125,13.5625],"texture":"#2"},"west":{"uv":[7.0,11.25,7.0625,13.5625],"texture":"#2"},"up":{"uv":[8.3125,14.8125,8.25,14.75],"texture":"#2"},"down":{"uv":[8.8125,14.75,8.75,14.8125],"texture":"#2"}}},{"from":[-10.0,1.0,8.08],"to":[26.0,18.0,8.08],"rotation":{"origin":[9.0,0.0,17.4745],"axis":"y","angle":0.0},"faces":{"north":{"uv":[0.0,2.25,4.5,4.375],"texture":"#1"},"east":{"uv":[0.125,4.5,0.125,6.625],"texture":"#1"},"south":{"uv":[0.0,0.0,4.5,2.125],"texture":"#1"},"west":{"uv":[0.0,4.5,0.0,6.625],"texture":"#1"},"up":{"uv":[0.25,4.5,4.75,4.5],"texture":"#1"},"down":{"uv":[4.625,0.0,9.125,0.0],"texture":"#1"}}},{"from":[-10.0,1.0,7.96],"to":[26.0,18.0,7.96],"rotation":{"origin":[7.0,0.0,-1.475],"axis":"y","angle":0.0},"faces":{"north":{"uv":[0.0,0.0,4.5,2.125],"texture":"#1"},"east":{"uv":[0.0,4.5,0.0,6.625],"texture":"#1"},"south":{"uv":[0.0,2.25,4.5,4.375],"texture":"#1"},"west":{"uv":[0.125,4.5,0.125,6.625],"texture":"#1"},"up":{"uv":[4.75,4.5,0.25,4.5],"texture":"#1"},"down":{"uv":[9.125,0.0,4.625,0.0],"texture":"#1"}}}],"textures":{"particle":"4819633c-f66d-4fb2-b3d0-f12d291d0b17","1":"c8e64e13-5978-4e7d-8cae-169887f604f7","2":"4819633c-f66d-4fb2-b3d0-f12d291d0b17"}}