{"display":{"thirdperson_righthand":{"translation":[0.0,3.0,2.0],"scale":[0.61,0.61,0.61]},"thirdperson_lefthand":{"translation":[0.0,3.0,2.0],"scale":[0.61,0.61,0.61]},"firstperson_righthand":{"translation":[0.0,4.0,-0.75],"scale":[0.47,0.47,0.47]},"firstperson_lefthand":{"translation":[0.0,4.0,-0.75],"scale":[0.47,0.47,0.47]},"ground":{"rotation":[45.0,0.0,0.0],"translation":[0.0,3.0,0.0],"scale":[0.35,0.35,0.35]},"gui":{"rotation":[128.29,41.4,-105.89],"translation":[1.25,0.5,0.0],"scale":[0.45,0.45,0.45]},"head":{"scale":[0.01,0.01,0.01]},"fixed":{"rotation":[0.0,-90.0,0.0],"translation":[0.0,-1.25,-2.25],"scale":[0.68,0.68,0.68]}},"elements":[{"from":[-1.36746,20.89575,6.49134],"to":[1.43254,25.0,8.89134],"rotation":{"origin":[-0.36746,22.89575,7.89134],"axis":"z","angle":22.5},"faces":{"north":{"uv":[6.0,12.0,6.75,13.0],"texture":"#0"},"east":{"uv":[1.5,13.5,2.0,14.5],"texture":"#0"},"south":{"uv":[4.25,12.25,5.0,13.25],"texture":"#0"},"west":{"uv":[6.75,13.5,7.25,14.5],"texture":"#0"},"up":{"uv":[14.75,3.5,14.0,3.0],"texture":"#0"},"down":{"uv":[4.0,14.0,3.25,14.5],"texture":"#0"}}},{"from":[0.01761,20.01537,5.99134],"to":[2.91761,23.81537,9.39134],"rotation":{"origin":[0.91761,21.51537,7.89134],"axis":"z","angle":-22.5},"faces":{"north":{"uv":[11.75,10.0,12.5,11.0],"texture":"#0"},"east":{"uv":[0.0,12.0,0.75,13.0],"texture":"#0"},"south":{"uv":[12.0,0.0,12.75,1.0],"texture":"#0"},"west":{"uv":[5.25,12.0,6.0,13.0],"texture":"#0"},"up":{"uv":[9.75,13.75,9.0,13.0],"texture":"#0"},"down":{"uv":[13.75,10.75,13.0,11.5],"texture":"#0"}}},{"from":[0.88658,15.9209,7.0],"to":[0.88658,16.9209,8.1],"rotation":{"origin":[-0.91342,13.0709,9.6],"axis":"z","angle":-22.5},"faces":{"north":{"uv":[0.0,0.0,0.0,16.0],"texture":"#0"},"east":{"uv":[12.5,4.5,12.75,4.75],"texture":"#0"},"south":{"uv":[0.0,0.0,0.0,16.0],"texture":"#0"},"west":{"uv":[0.75,12.75,1.0,13.0],"texture":"#0"},"up":{"uv":[0.0,16.0,0.0,0.0],"texture":"#0"},"down":{"uv":[0.0,0.0,0.0,16.0],"texture":"#0"}}},{"from":[1.08658,15.3209,6.6],"to":[2.58658,16.3209,8.6],"rotation":{"origin":[-0.91342,13.0709,9.6],"axis":"z","angle":-22.5},"faces":{"north":{"uv":[10.5,8.25,11.0,8.5],"texture":"#0"},"east":{"uv":[11.25,3.5,11.75,3.75],"texture":"#0"},"south":{"uv":[11.75,6.5,12.25,6.75],"texture":"#0"},"west":{"uv":[12.25,7.5,12.75,7.75],"texture":"#0"},"up":{"uv":[6.25,14.75,5.75,14.25],"texture":"#0"},"down":{"uv":[6.75,14.25,6.25,14.75],"texture":"#0"}}},{"from":[2.0,18.1903,3.95],"to":[6.0,22.1903,8.7],"rotation":{"origin":[8.0,17.6903,8.7],"axis":"x","angle":22.5},"faces":{"north":{"uv":[10.75,9.5,11.75,10.5],"texture":"#0"},"east":{"uv":[8.25,4.25,9.5,5.25],"texture":"#0"},"south":{"uv":[9.75,10.75,10.75,11.75],"texture":"#0"},"west":{"uv":[9.5,2.0,10.75,3.0],"texture":"#0"},"up":{"uv":[10.5,4.25,9.5,3.0],"texture":"#0"},"down":{"uv":[10.5,7.25,9.5,8.5],"texture":"#0"}}},{"from":[2.8,9.6,5.1],"to":[2.8,16.1,8.3],"rotation":{"origin":[2.8,12.85,6.7],"axis":"x","angle":22.5},"faces":{"north":{"uv":[0.0,0.0,0.0,1.75],"texture":"#0"},"east":{"uv":[0.0,9.25,0.75,11.0],"texture":"#0"},"south":{"uv":[0.0,0.0,0.0,1.75],"texture":"#0"},"west":{"uv":[0.75,9.25,1.5,11.0],"texture":"#0"},"up":{"uv":[0.0,0.75,0.0,0.0],"texture":"#0"},"down":{"uv":[0.0,0.0,0.0,0.75],"texture":"#0"}}},{"from":[3.0,15.9403,6.6],"to":[4.5,20.9403,9.6],"rotation":{"origin":[1.0,17.6903,9.6],"axis":"z","angle":-22.5},"faces":{"north":{"uv":[8.0,13.0,8.5,14.25],"texture":"#0"},"east":{"uv":[2.5,11.75,3.25,13.0],"texture":"#0"},"south":{"uv":[8.5,13.0,9.0,14.25],"texture":"#0"},"west":{"uv":[11.75,2.75,12.5,4.0],"texture":"#0"},"up":{"uv":[3.0,14.75,2.5,14.0],"texture":"#0"},"down":{"uv":[5.25,14.0,4.75,14.75],"texture":"#0"}}},{"from":[3.25,15.79539,-0.98046],"to":[6.0,19.54539,14.01954],"rotation":{"origin":[4.0,18.54539,13.26954],"axis":"x","angle":22.5},"faces":{"north":{"uv":[6.75,2.0625,6.0625,5.8125],"texture":"#1"},"east":{"uv":[6.75,2.0625,6.0625,5.8125],"texture":"#1"},"south":{"uv":[6.4375,0.25,5.75,1.1875],"texture":"#1"},"west":{"uv":[10.5625,0.25,6.8125,1.1875],"texture":"#1"},"up":{"uv":[6.0625,5.8125,6.75,2.0625],"texture":"#1"},"down":{"uv":[6.0625,5.8125,6.75,2.0625],"texture":"#1"}}},{"from":[3.5,13.6903,4.2],"to":[12.5,17.1903,13.2],"rotation":{"origin":[8.0,17.6903,8.7],"axis":"x","angle":22.5},"faces":{"north":{"uv":[8.0,5.25,10.25,6.25],"texture":"#0"},"east":{"uv":[8.0,6.25,10.25,7.25],"texture":"#0"},"south":{"uv":[8.25,0.0,10.5,1.0],"texture":"#0"},"west":{"uv":[8.25,1.0,10.5,2.0],"texture":"#0"},"up":{"uv":[4.5,2.25,2.25,0.0],"texture":"#0"},"down":{"uv":[4.5,2.25,2.25,4.5],"texture":"#0"}}},{"from":[4.0,14.1903,4.7],"to":[12.0,21.1903,12.7],"rotation":{"origin":[8.0,17.6903,8.7],"axis":"x","angle":22.5},"faces":{"north":{"uv":[6.75,2.0,8.75,3.75],"texture":"#0"},"east":{"uv":[3.5,7.25,5.5,9.0],"texture":"#0"},"south":{"uv":[5.5,7.25,7.5,9.0],"texture":"#0"},"west":{"uv":[7.5,7.25,9.5,9.0],"texture":"#0"},"up":{"uv":[8.0,7.25,6.0,5.25],"texture":"#0"},"down":{"uv":[3.5,6.5,1.5,8.5],"texture":"#0"}}},{"from":[4.9,13.76642,12.56732],"to":[11.1,17.11642,14.81732],"rotation":{"origin":[8.0,16.76642,8.31732],"axis":"x","angle":22.5},"faces":{"north":{"uv":[10.5,0.0,12.0,0.75],"texture":"#0"},"east":{"uv":[14.0,8.0,14.5,8.75],"texture":"#0"},"south":{"uv":[10.5,0.75,12.0,1.5],"texture":"#0"},"west":{"uv":[14.0,8.75,14.5,9.5],"texture":"#0"},"up":{"uv":[14.0,3.5,12.5,3.0],"texture":"#0"},"down":{"uv":[14.0,3.5,12.5,4.0],"texture":"#0"}}},{"from":[5.0,14.26642,12.31732],"to":[11.0,17.36642,14.31732],"rotation":{"origin":[8.0,16.76642,8.31732],"axis":"x","angle":22.5},"faces":{"north":{"uv":[10.25,5.25,11.75,6.0],"texture":"#0"},"east":{"uv":[14.0,5.0,14.5,5.75],"texture":"#0"},"south":{"uv":[10.25,6.0,11.75,6.75],"texture":"#0"},"west":{"uv":[5.25,14.0,5.75,14.75],"texture":"#0"},"up":{"uv":[12.75,8.25,11.25,7.75],"texture":"#0"},"down":{"uv":[13.25,4.0,11.75,4.5],"texture":"#0"}}},{"from":[5.9,7.5023,3.22112],"to":[10.1,14.0523,6.22112],"rotation":{"origin":[8.0,5.5023,3.72112],"axis":"x","angle":45.0},"faces":{"north":{"uv":[1.5,8.5,2.5,10.25],"texture":"#0"},"east":{"uv":[9.75,9.0,9.0,10.75],"texture":"#0"},"south":{"uv":[2.5,8.5,3.5,10.25],"texture":"#0"},"west":{"uv":[9.0,9.0,9.75,10.75],"texture":"#0"},"up":{"uv":[13.75,5.25,12.75,4.5],"texture":"#0"},"down":{"uv":[13.75,7.5,12.75,8.25],"texture":"#0"}}},{"from":[6.0,7.0,6.0],"to":[10.0,9.0,10.0],"faces":{"north":{"uv":[13.25,2.5,14.25,3.0],"texture":"#0"},"east":{"uv":[13.25,4.0,14.25,4.5],"texture":"#0"},"south":{"uv":[13.5,6.0,14.5,6.5],"texture":"#0"},"west":{"uv":[13.5,6.5,14.5,7.0],"texture":"#0"},"up":{"uv":[11.75,4.75,10.75,3.75],"texture":"#0"},"down":{"uv":[9.75,10.75,8.75,11.75],"texture":"#0"}}},{"from":[6.0,13.0,6.0],"to":[10.0,15.0,10.0],"faces":{"north":{"uv":[13.75,4.5,14.75,5.0],"texture":"#0"},"east":{"uv":[12.75,13.75,13.75,14.25],"texture":"#0"},"south":{"uv":[13.75,13.5,14.75,14.0],"texture":"#0"},"west":{"uv":[0.0,14.0,1.0,14.5],"texture":"#0"},"up":{"uv":[6.25,12.0,5.25,11.0],"texture":"#0"},"down":{"uv":[7.25,11.0,6.25,12.0],"texture":"#0"}}},{"from":[6.3,14.03806,4.06974],"to":[9.7,19.63806,6.06974],"faces":{"north":{"uv":[2.5,10.25,3.25,11.75],"texture":"#0"},"east":{"uv":[10.25,11.75,10.75,13.25],"texture":"#0"},"south":{"uv":[10.5,6.75,11.25,8.25],"texture":"#0"},"west":{"uv":[6.75,12.0,7.25,13.5],"texture":"#0"},"up":{"uv":[10.25,14.5,9.5,14.0],"texture":"#0"},"down":{"uv":[14.75,9.5,14.0,10.0],"texture":"#0"}}},{"from":[6.4,12.61696,-1.15366],"to":[9.6,20.16696,1.84634],"rotation":{"origin":[8.0,16.89196,0.34634],"axis":"x","angle":-22.5},"faces":{"north":{"uv":[5.25,9.0,6.0,11.0],"texture":"#0"},"east":{"uv":[6.0,9.0,6.75,11.0],"texture":"#0"},"south":{"uv":[6.75,9.0,7.5,11.0],"texture":"#0"},"west":{"uv":[7.5,9.0,8.25,11.0],"texture":"#0"},"up":{"uv":[14.0,6.0,13.25,5.25],"texture":"#0"},"down":{"uv":[14.0,8.25,13.25,9.0],"texture":"#0"}}},{"from":[6.45,9.0,6.45],"to":[9.55,13.0,9.55],"faces":{"north":{"uv":[12.5,5.25,13.25,6.25],"texture":"#0"},"east":{"uv":[12.5,8.75,13.25,9.75],"texture":"#0"},"south":{"uv":[12.5,9.75,13.25,10.75],"texture":"#0"},"west":{"uv":[12.75,0.0,13.5,1.0],"texture":"#0"},"up":{"uv":[13.75,13.0,13.0,12.25],"texture":"#0"},"down":{"uv":[13.75,13.0,13.0,13.75],"texture":"#0"}}},{"from":[6.5,-16.0,6.5],"to":[9.5,-11.0,9.5],"faces":{"north":{"uv":[6.0,2.0,6.75,3.25],"texture":"#0"},"east":{"uv":[10.75,11.5,11.5,12.75],"texture":"#0"},"south":{"uv":[11.5,11.5,12.25,12.75],"texture":"#0"},"west":{"uv":[11.75,1.5,12.5,2.75],"texture":"#0"},"up":{"uv":[4.5,5.25,3.75,4.5],"texture":"#0"},"down":{"uv":[11.75,8.75,11.0,9.5],"texture":"#0"}}},{"from":[6.5,3.79289,4.9],"to":[9.5,6.79289,6.15],"faces":{"north":{"uv":[13.25,1.0,14.0,1.75],"texture":"#0"},"east":{"uv":[3.5,6.5,3.75,7.25],"texture":"#0"},"south":{"uv":[13.25,1.75,14.0,2.5],"texture":"#0"},"west":{"uv":[3.25,10.25,3.5,11.0],"texture":"#0"},"up":{"uv":[12.5,4.75,11.75,4.5],"texture":"#0"},"down":{"uv":[14.75,5.75,14.0,6.0],"texture":"#0"}}},{"from":[6.5,10.1,-1.8],"to":[9.5,14.1,2.2],"rotation":{"origin":[8.0,12.1,0.2],"axis":"x","angle":45.0},"faces":{"north":{"uv":[0.0,13.0,0.75,14.0],"texture":"#0"},"east":{"uv":[11.25,6.75,12.25,7.75],"texture":"#0"},"south":{"uv":[0.75,13.0,1.5,14.0],"texture":"#0"},"west":{"uv":[1.5,11.5,2.5,12.5],"texture":"#0"},"up":{"uv":[3.0,14.0,2.25,13.0],"texture":"#0"},"down":{"uv":[5.75,13.0,5.0,14.0],"texture":"#0"}}},{"from":[6.7,14.43806,1.06974],"to":[9.3,19.23806,4.06974],"faces":{"north":{"uv":[11.75,5.25,12.5,6.5],"texture":"#0"},"east":{"uv":[8.75,11.75,9.5,13.0],"texture":"#0"},"south":{"uv":[11.75,8.75,12.5,10.0],"texture":"#0"},"west":{"uv":[9.5,11.75,10.25,13.0],"texture":"#0"},"up":{"uv":[4.0,14.0,3.25,13.25],"texture":"#0"},"down":{"uv":[4.75,13.25,4.0,14.0],"texture":"#0"}}},{"from":[7.0,-11.0,7.0],"to":[9.0,-8.0,9.0],"faces":{"north":{"uv":[14.0,0.75,14.5,1.5],"texture":"#0"},"east":{"uv":[1.0,14.0,1.5,14.75],"texture":"#0"},"south":{"uv":[14.0,1.5,14.5,2.25],"texture":"#0"},"west":{"uv":[2.0,14.0,2.5,14.75],"texture":"#0"},"up":{"uv":[12.5,1.5,12.0,1.0],"texture":"#0"},"down":{"uv":[14.5,10.0,14.0,10.5],"texture":"#0"}}},{"from":[7.0,2.0,7.0],"to":[9.0,7.0,9.0],"faces":{"north":{"uv":[11.75,12.75,12.25,14.0],"texture":"#0"},"east":{"uv":[5.75,13.0,6.25,14.25],"texture":"#0"},"south":{"uv":[6.25,13.0,6.75,14.25],"texture":"#0"},"west":{"uv":[13.0,6.25,13.5,7.5],"texture":"#0"},"up":{"uv":[8.75,4.25,8.25,3.75],"texture":"#0"},"down":{"uv":[12.25,11.0,11.75,11.5],"texture":"#0"}}},{"from":[7.0,4.29289,3.9],"to":[9.0,6.29289,4.9],"faces":{"north":{"uv":[14.25,7.0,14.75,7.5],"texture":"#0"},"east":{"uv":[9.5,8.5,9.75,9.0],"texture":"#0"},"south":{"uv":[14.25,7.5,14.75,8.0],"texture":"#0"},"west":{"uv":[10.25,6.75,10.5,7.25],"texture":"#0"},"up":{"uv":[13.0,6.5,12.5,6.25],"texture":"#0"},"down":{"uv":[13.0,10.75,12.5,11.0],"texture":"#0"}}},{"from":[7.0,9.0,7.0],"to":[9.0,13.0,9.0],"faces":{"north":{"uv":[13.75,10.5,14.25,11.5],"texture":"#0"},"east":{"uv":[13.75,11.5,14.25,12.5],"texture":"#0"},"south":{"uv":[12.25,13.75,12.75,14.75],"texture":"#0"},"west":{"uv":[13.75,12.5,14.25,13.5],"texture":"#0"},"up":{"uv":[14.75,2.75,14.25,2.25],"texture":"#0"},"down":{"uv":[14.75,4.0,14.25,4.5],"texture":"#0"}}},{"from":[7.0,17.5,-7.0],"to":[9.0,19.0,1.1],"faces":{"north":{"uv":[14.25,10.5,14.75,11.0],"texture":"#0"},"east":{"uv":[10.75,4.75,12.75,5.25],"texture":"#0"},"south":{"uv":[10.75,14.25,11.25,14.75],"texture":"#0"},"west":{"uv":[11.0,8.25,13.0,8.75],"texture":"#0"},"up":{"uv":[1.5,13.0,1.0,11.0],"texture":"#0"},"down":{"uv":[7.75,11.0,7.25,13.0],"texture":"#0"}}},{"from":[7.1,4.83806,-5.43026],"to":[8.9,17.83806,0.06974],"faces":{"north":{"uv":[4.25,9.0,4.75,12.25],"texture":"#0"},"east":{"uv":[0.0,4.5,1.5,7.75],"texture":"#0"},"south":{"uv":[4.75,9.0,5.25,12.25],"texture":"#0"},"west":{"uv":[4.5,0.0,6.0,3.25],"texture":"#0"},"up":{"uv":[11.25,14.25,10.75,12.75],"texture":"#0"},"down":{"uv":[11.75,12.75,11.25,14.25],"texture":"#0"}}},{"from":[7.1,4.83806,0.06974],"to":[8.9,7.83806,1.16974],"faces":{"north":{"uv":[10.25,14.0,10.75,14.75],"texture":"#0"},"east":{"uv":[10.5,3.0,10.75,3.75],"texture":"#0"},"south":{"uv":[11.75,14.0,12.25,14.75],"texture":"#0"},"west":{"uv":[0.75,12.0,1.0,12.75],"texture":"#0"},"up":{"uv":[14.0,1.0,13.5,0.75],"texture":"#0"},"down":{"uv":[14.75,2.75,14.25,3.0],"texture":"#0"}}},{"from":[7.1,5.83806,-6.93026],"to":[8.9,6.83806,-5.43026],"faces":{"north":{"uv":[14.25,13.0,14.75,13.25],"texture":"#0"},"east":{"uv":[14.25,13.25,14.75,13.5],"texture":"#0"},"south":{"uv":[0.5,14.5,1.0,14.75],"texture":"#0"},"west":{"uv":[14.5,0.75,15.0,1.0],"texture":"#0"},"up":{"uv":[14.75,11.5,14.25,11.0],"texture":"#0"},"down":{"uv":[11.75,14.25,11.25,14.75],"texture":"#0"}}},{"from":[7.1,6.83806,-7.93026],"to":[8.9,15.83806,-5.43026],"faces":{"north":{"uv":[10.75,1.5,11.25,3.75],"texture":"#0"},"east":{"uv":[8.75,2.0,9.5,4.25],"texture":"#0"},"south":{"uv":[8.25,10.75,8.75,13.0],"texture":"#0"},"west":{"uv":[3.5,9.0,4.25,11.25],"texture":"#0"},"up":{"uv":[14.25,14.75,13.75,14.0],"texture":"#0"},"down":{"uv":[14.75,0.0,14.25,0.75],"texture":"#0"}}},{"from":[7.1,15.83806,-6.93026],"to":[8.9,16.83806,-5.43026],"faces":{"north":{"uv":[14.5,1.0,15.0,1.25],"texture":"#0"},"east":{"uv":[14.5,1.25,15.0,1.5],"texture":"#0"},"south":{"uv":[1.5,14.5,2.0,14.75],"texture":"#0"},"west":{"uv":[14.5,1.5,15.0,1.75],"texture":"#0"},"up":{"uv":[14.75,12.0,14.25,11.5],"texture":"#0"},"down":{"uv":[14.75,12.0,14.25,12.5],"texture":"#0"}}},{"from":[7.275,-8.0,7.275],"to":[8.725,2.0,8.725],"faces":{"north":{"uv":[3.0,13.0,3.25,15.5],"texture":"#0"},"east":{"uv":[7.25,13.0,7.5,15.5],"texture":"#0"},"south":{"uv":[7.5,13.0,7.75,15.5],"texture":"#0"},"west":{"uv":[7.75,13.0,8.0,15.5],"texture":"#0"},"up":{"uv":[3.5,11.25,3.25,11.0],"texture":"#0"},"down":{"uv":[2.5,12.5,2.25,12.75],"texture":"#0"}}},{"from":[8.0,5.7,2.675],"to":[8.0,29.7,7.675],"rotation":{"origin":[8.0,17.7,0.425],"axis":"x","angle":22.5},"faces":{"north":{"uv":[0.5,0.0,0.5,6.0],"texture":"#1","rotation":180},"east":{"uv":[1.25,0.0,0.0,6.0],"texture":"#1","rotation":180},"south":{"uv":[0.0,0.0,0.0,6.0],"texture":"#1","rotation":180},"west":{"uv":[5.25,0.0,4.0,6.0],"texture":"#1","rotation":180},"up":{"uv":[0.5,0.0,0.5,3.5],"texture":"#1"},"down":{"uv":[0.5,0.0,0.5,3.5],"texture":"#1"}}},{"from":[8.0,6.02902,-16.0],"to":[8.0,25.30402,0.53207],"faces":{"north":{"uv":[0.0,0.0,0.0,3.06875],"texture":"#1","rotation":180},"east":{"uv":[11.866983,0.0,16.0,4.81875],"texture":"#1","rotation":180},"south":{"uv":[0.5,0.0,0.5,3.06875],"texture":"#1","rotation":180},"west":{"uv":[16.0,0.0,11.866983,4.81875],"texture":"#1","rotation":180},"up":{"uv":[0.5,3.5,0.5,0.0],"texture":"#1"},"down":{"uv":[0.5,3.5,0.5,0.0],"texture":"#1"}}},{"from":[8.0,7.4,11.8],"to":[8.0,13.4,17.8],"rotation":{"origin":[8.0,10.4,14.8],"axis":"x","angle":-45.0},"faces":{"north":{"uv":[0.0,0.0,0.0,1.5],"texture":"#0"},"east":{"uv":[6.75,3.75,8.25,5.25],"texture":"#0"},"south":{"uv":[0.0,0.0,0.0,1.5],"texture":"#0"},"west":{"uv":[0.0,7.75,1.5,9.25],"texture":"#0"},"up":{"uv":[0.0,1.5,0.0,0.0],"texture":"#0"},"down":{"uv":[0.0,0.0,0.0,1.5],"texture":"#0"}}},{"from":[9.2,6.49289,4.825],"to":[6.8,4.09289,3.425],"faces":{"north":{"uv":[8.0,14.25,8.5,14.75],"texture":"#0"},"east":{"uv":[10.5,1.5,10.75,2.0],"texture":"#0"},"south":{"uv":[8.5,14.25,9.0,14.75],"texture":"#0"},"west":{"uv":[10.5,3.75,10.75,4.25],"texture":"#0"},"up":{"uv":[10.25,13.25,9.75,13.0],"texture":"#0"},"down":{"uv":[13.75,10.5,13.25,10.75],"texture":"#0"}}},{"from":[10.0,15.79539,-0.98046],"to":[12.75,19.54539,14.01954],"rotation":{"origin":[12.0,18.54539,13.26954],"axis":"x","angle":22.5},"faces":{"north":{"uv":[6.0625,2.0625,6.75,5.8125],"texture":"#1"},"east":{"uv":[6.8125,0.25,10.5625,1.1875],"texture":"#1"},"south":{"uv":[5.75,0.25,6.4375,1.1875],"texture":"#1"},"west":{"uv":[6.0625,2.0625,6.75,5.8125],"texture":"#1"},"up":{"uv":[6.75,5.8125,6.0625,2.0625],"texture":"#1"},"down":{"uv":[6.75,5.8125,6.0625,2.0625],"texture":"#1"}}},{"from":[10.0,18.1903,3.95],"to":[14.0,22.1903,8.7],"rotation":{"origin":[8.0,17.6903,8.7],"axis":"x","angle":22.5},"faces":{"north":{"uv":[10.75,10.5,11.75,11.5],"texture":"#0"},"east":{"uv":[9.5,4.25,10.75,5.25],"texture":"#0"},"south":{"uv":[0.0,11.0,1.0,12.0],"texture":"#0"},"west":{"uv":[9.75,8.5,11.0,9.5],"texture":"#0"},"up":{"uv":[10.75,10.75,9.75,9.5],"texture":"#0"},"down":{"uv":[2.5,10.25,1.5,11.5],"texture":"#0"}}},{"from":[11.5,15.9403,6.6],"to":[13.0,20.9403,9.6],"rotation":{"origin":[15.0,17.6903,9.6],"axis":"z","angle":22.5},"faces":{"north":{"uv":[8.5,13.0,8.0,14.25],"texture":"#0"},"east":{"uv":[12.5,2.75,11.75,4.0],"texture":"#0"},"south":{"uv":[9.0,13.0,8.5,14.25],"texture":"#0"},"west":{"uv":[3.25,11.75,2.5,13.0],"texture":"#0"},"up":{"uv":[2.5,14.75,3.0,14.0],"texture":"#0"},"down":{"uv":[4.75,14.0,5.25,14.75],"texture":"#0"}}},{"from":[12.708,21.3633,13.408],"to":[3.292,13.0173,3.992],"rotation":{"origin":[8.0,17.1903,8.7],"axis":"x","angle":22.5},"faces":{"north":{"uv":[1.5,4.5,3.75,6.5],"texture":"#0"},"east":{"uv":[4.5,3.25,6.75,5.25],"texture":"#0"},"south":{"uv":[3.75,5.25,6.0,7.25],"texture":"#0"},"west":{"uv":[6.0,0.0,8.25,2.0],"texture":"#0"},"up":{"uv":[2.25,2.25,0.0,0.0],"texture":"#0"},"down":{"uv":[2.25,2.25,0.0,4.5],"texture":"#0"}}},{"from":[13.08239,20.01537,5.99134],"to":[15.98239,23.81537,9.39134],"rotation":{"origin":[15.08239,21.51537,7.89134],"axis":"z","angle":22.5},"faces":{"north":{"uv":[12.25,6.5,13.0,7.5],"texture":"#0"},"east":{"uv":[12.25,11.0,13.0,12.0],"texture":"#0"},"south":{"uv":[12.25,12.0,13.0,13.0],"texture":"#0"},"west":{"uv":[12.5,1.0,13.25,2.0],"texture":"#0"},"up":{"uv":[13.75,12.25,13.0,11.5],"texture":"#0"},"down":{"uv":[13.0,13.0,12.25,13.75],"texture":"#0"}}},{"from":[13.41342,15.3209,6.6],"to":[14.91342,16.3209,8.6],"rotation":{"origin":[16.91342,13.0709,9.6],"axis":"z","angle":22.5},"faces":{"north":{"uv":[11.0,8.25,10.5,8.5],"texture":"#0"},"east":{"uv":[12.75,7.5,12.25,7.75],"texture":"#0"},"south":{"uv":[12.25,6.5,11.75,6.75],"texture":"#0"},"west":{"uv":[11.75,3.5,11.25,3.75],"texture":"#0"},"up":{"uv":[5.75,14.75,6.25,14.25],"texture":"#0"},"down":{"uv":[6.25,14.25,6.75,14.75],"texture":"#0"}}},{"from":[14.56746,20.89575,6.49134],"to":[17.36746,25.0,8.89134],"rotation":{"origin":[16.36746,22.89575,7.89134],"axis":"z","angle":-22.5},"faces":{"north":{"uv":[1.5,12.5,2.25,13.5],"texture":"#0"},"east":{"uv":[13.75,7.0,14.25,8.0],"texture":"#0"},"south":{"uv":[12.5,2.0,13.25,3.0],"texture":"#0"},"west":{"uv":[9.0,13.75,9.5,14.75],"texture":"#0"},"up":{"uv":[14.75,4.0,14.0,3.5],"texture":"#0"},"down":{"uv":[4.75,14.0,4.0,14.5],"texture":"#0"}}}],"textures":{"0":"2f190cb0-f129-468e-ba8c-ffdd7ab8e60b","1":"ae1c41f7-b35b-4928-b868-13938c099e15"},"gui_light":"front"}