{"display":{"thirdperson_righthand":{"translation":[-1.0,-0.25,2.25],"scale":[0.8,0.8,0.8]},"thirdperson_lefthand":{"translation":[-1.0,-0.25,2.25],"scale":[0.8,0.8,0.8]},"firstperson_righthand":{"rotation":[6.75,0.0,0.0],"translation":[1.25,0.0,-1.25]},"firstperson_lefthand":{"rotation":[6.75,0.0,0.0],"translation":[1.25,0.0,-1.25]},"ground":{"rotation":[25.0,0.0,0.0],"translation":[0.0,5.0,0.0],"scale":[0.7,0.7,0.7]},"gui":{"rotation":[90.0,45.0,0.0],"translation":[2.0,-2.0,0.0],"scale":[0.8,0.8,0.8]},"head":{"rotation":[-29.0,180.0,0.0]},"fixed":{"rotation":[-90.0,0.0,0.0],"translation":[0.0,-0.25,-2.5],"scale":[2.0,2.0,2.0]}},"elements":[{"from":[11.0,9.9,-0.91421],"to":[12.5,12.2,0.58579],"rotation":{"origin":[11.0,11.55,-1.41421],"axis":"y","angle":-45.0},"faces":{"south":{"uv":[11.5,11.5,12.75,12.25],"texture":"#2","rotation":90},"west":{"uv":[1.25,12.0,0.0,12.75],"texture":"#2","rotation":90},"up":{"uv":[5.0,12.5,5.75,13.25],"texture":"#2","rotation":90},"down":{"uv":[12.5,4.0,13.25,4.75],"texture":"#2","rotation":90}}},{"from":[12.64645,9.9,-1.26777],"to":[14.14645,12.2,0.23223],"rotation":{"origin":[10.64645,11.55,-1.76777],"axis":"y","angle":-45.0},"faces":{"north":{"uv":[12.0,0.0,13.25,0.75],"texture":"#2","rotation":270},"east":{"uv":[2.75,12.75,1.5,12.0],"texture":"#2","rotation":90},"south":{"uv":[12.0,1.0,13.25,1.75],"texture":"#2","rotation":90},"up":{"uv":[6.0,12.5,6.75,13.25],"texture":"#2","rotation":90},"down":{"uv":[12.5,5.0,13.25,5.75],"texture":"#2","rotation":90}}},{"from":[10.64645,9.9,-2.56066],"to":[12.14645,12.2,-1.06066],"rotation":{"origin":[10.64645,11.55,-1.06066],"axis":"y","angle":-45.0},"faces":{"north":{"uv":[12.0,2.0,13.25,2.75],"texture":"#2","rotation":270},"east":{"uv":[4.25,12.75,3.0,12.0],"texture":"#2","rotation":90},"west":{"uv":[13.25,3.0,12.0,3.75],"texture":"#2","rotation":90},"up":{"uv":[12.5,7.0,13.25,7.75],"texture":"#2","rotation":90},"down":{"uv":[7.0,12.5,7.75,13.25],"texture":"#2","rotation":90}}},{"from":[13.94017,10.135,-0.41712],"to":[15.77017,11.965,1.41288],"rotation":{"origin":[16.35517,11.05,0.74788],"axis":"y","angle":22.5},"faces":{"north":{"uv":[10.5,7.5,11.5,8.5],"texture":"#2","rotation":270},"east":{"uv":[12.0,2.0,11.0,1.0],"texture":"#2","rotation":90},"south":{"uv":[10.5,10.5,11.5,11.5],"texture":"#2","rotation":90},"west":{"uv":[12.0,2.0,11.0,3.0],"texture":"#2","rotation":90},"up":{"uv":[11.0,0.0,12.0,1.0],"texture":"#2","rotation":90},"down":{"uv":[9.5,10.5,10.5,11.5],"texture":"#2","rotation":90}}},{"from":[10.5,11.045,-7.0],"to":[14.5,11.055,-2.0],"rotation":{"origin":[12.5,11.05,-4.5],"axis":"z","angle":22.5},"faces":{"up":{"uv":[3.0,3.0,5.5,5.0],"texture":"#2","rotation":90},"down":{"uv":[5.5,3.0,3.0,5.0],"texture":"#2","rotation":90}}},{"from":[-2.0,12.75,-3.0],"to":[6.0,12.75,5.0],"rotation":{"origin":[2.0,11.25,1.0],"axis":"y","angle":22.5},"faces":{"up":{"uv":[0.0,0.0,16.0,16.0],"texture":"#1"}}},{"from":[10.0,12.75,-3.0],"to":[18.0,12.75,5.0],"rotation":{"origin":[14.0,11.25,1.0],"axis":"y","angle":-22.5},"faces":{"up":{"uv":[16.0,0.0,0.0,16.0],"texture":"#1"}}},{"from":[12.0,10.3,-1.0],"to":[15.0,11.8,0.5],"rotation":{"origin":[12.0,11.8,-1.0],"axis":"y","angle":-22.5},"faces":{"north":{"uv":[10.0,2.0,10.75,3.5],"texture":"#2","rotation":270},"south":{"uv":[5.0,10.0,5.75,11.5],"texture":"#2","rotation":90},"up":{"uv":[6.0,10.0,6.75,11.5],"texture":"#2","rotation":90},"down":{"uv":[10.0,3.5,10.75,5.0],"texture":"#2","rotation":90}}},{"from":[15.39527,10.3,-0.52912],"to":[18.39527,11.8,0.97088],"rotation":{"origin":[14.39104,11.8,0.06147],"axis":"y","angle":-45.0},"faces":{"north":{"uv":[10.0,6.0,10.75,7.5],"texture":"#2","rotation":270},"south":{"uv":[3.0,10.5,3.75,12.0],"texture":"#2","rotation":90},"up":{"uv":[4.0,10.5,4.75,12.0],"texture":"#2","rotation":90},"down":{"uv":[7.0,10.0,7.75,11.5],"texture":"#2","rotation":90}}},{"from":[16.02039,10.05,2.25561],"to":[18.02039,12.05,4.25561],"rotation":{"origin":[18.17039,11.55,3.00561],"axis":"y","angle":22.5},"faces":{"north":{"uv":[11.0,3.0,12.0,4.0],"texture":"#2","rotation":270},"east":{"uv":[6.0,12.5,5.0,11.5],"texture":"#2","rotation":90},"south":{"uv":[11.0,6.0,12.0,7.0],"texture":"#2","rotation":90},"west":{"uv":[7.0,11.5,6.0,12.5],"texture":"#2","rotation":90},"up":{"uv":[8.5,11.0,9.5,12.0],"texture":"#2","rotation":90},"down":{"uv":[11.0,4.0,12.0,5.0],"texture":"#2","rotation":90}}},{"from":[3.5,9.9,-0.91421],"to":[5.0,12.2,0.58579],"rotation":{"origin":[5.0,11.55,-1.41421],"axis":"y","angle":45.0},"faces":{"east":{"uv":[1.25,12.75,0.0,12.0],"texture":"#2","rotation":90},"south":{"uv":[11.5,12.25,12.75,11.5],"texture":"#2","rotation":90},"up":{"uv":[5.0,13.25,5.75,12.5],"texture":"#2","rotation":90},"down":{"uv":[12.5,4.75,13.25,4.0],"texture":"#2","rotation":90}}},{"from":[1.85355,9.9,-1.26777],"to":[3.35355,12.2,0.23223],"rotation":{"origin":[5.35355,11.55,-1.76777],"axis":"y","angle":45.0},"faces":{"north":{"uv":[12.0,0.75,13.25,0.0],"texture":"#2","rotation":270},"south":{"uv":[12.0,1.75,13.25,1.0],"texture":"#2","rotation":90},"west":{"uv":[2.75,12.0,1.5,12.75],"texture":"#2","rotation":90},"up":{"uv":[6.0,13.25,6.75,12.5],"texture":"#2","rotation":90},"down":{"uv":[12.5,5.75,13.25,5.0],"texture":"#2","rotation":90}}},{"from":[3.85355,9.9,-2.56066],"to":[5.35355,12.2,-1.06066],"rotation":{"origin":[5.35355,11.55,-1.06066],"axis":"y","angle":45.0},"faces":{"north":{"uv":[12.0,2.75,13.25,2.0],"texture":"#2","rotation":270},"east":{"uv":[13.25,3.75,12.0,3.0],"texture":"#2","rotation":90},"west":{"uv":[4.25,12.0,3.0,12.75],"texture":"#2","rotation":90},"up":{"uv":[12.5,7.75,13.25,7.0],"texture":"#2","rotation":90},"down":{"uv":[7.0,13.25,7.75,12.5],"texture":"#2","rotation":90}}},{"from":[0.22983,10.135,-0.41712],"to":[2.05983,11.965,1.41288],"rotation":{"origin":[-0.35517,11.05,0.74788],"axis":"y","angle":-22.5},"faces":{"north":{"uv":[10.5,8.5,11.5,7.5],"texture":"#2","rotation":270},"east":{"uv":[12.0,3.0,11.0,2.0],"texture":"#2","rotation":90},"south":{"uv":[10.5,11.5,11.5,10.5],"texture":"#2","rotation":90},"west":{"uv":[12.0,1.0,11.0,2.0],"texture":"#2","rotation":90},"up":{"uv":[11.0,1.0,12.0,0.0],"texture":"#2","rotation":90},"down":{"uv":[9.5,11.5,10.5,10.5],"texture":"#2","rotation":90}}},{"from":[1.5,11.045,-7.0],"to":[5.5,11.055,-2.0],"rotation":{"origin":[3.5,11.05,-4.5],"axis":"z","angle":-22.5},"faces":{"up":{"uv":[3.0,5.0,5.5,3.0],"texture":"#2","rotation":90},"down":{"uv":[5.5,5.0,3.0,3.0],"texture":"#2","rotation":90}}},{"from":[1.0,10.3,-1.0],"to":[4.0,11.8,0.5],"rotation":{"origin":[4.0,11.8,-1.0],"axis":"y","angle":22.5},"faces":{"north":{"uv":[10.0,3.5,10.75,2.0],"texture":"#2","rotation":270},"south":{"uv":[5.0,11.5,5.75,10.0],"texture":"#2","rotation":90},"up":{"uv":[6.0,11.5,6.75,10.0],"texture":"#2","rotation":90},"down":{"uv":[10.0,5.0,10.75,3.5],"texture":"#2","rotation":90}}},{"from":[-2.39527,10.3,-0.52912],"to":[0.60473,11.8,0.97088],"rotation":{"origin":[1.60896,11.8,0.06147],"axis":"y","angle":45.0},"faces":{"north":{"uv":[10.0,7.5,10.75,6.0],"texture":"#2","rotation":270},"south":{"uv":[3.0,12.0,3.75,10.5],"texture":"#2","rotation":90},"up":{"uv":[4.0,12.0,4.75,10.5],"texture":"#2","rotation":90},"down":{"uv":[7.0,11.5,7.75,10.0],"texture":"#2","rotation":90}}},{"from":[-2.02039,10.05,2.25561],"to":[-0.02039,12.05,4.25561],"rotation":{"origin":[-2.17039,11.55,3.00561],"axis":"y","angle":-22.5},"faces":{"north":{"uv":[11.0,4.0,12.0,3.0],"texture":"#2","rotation":270},"east":{"uv":[7.0,12.5,6.0,11.5],"texture":"#2","rotation":90},"south":{"uv":[11.0,7.0,12.0,6.0],"texture":"#2","rotation":90},"west":{"uv":[6.0,11.5,5.0,12.5],"texture":"#2","rotation":90},"up":{"uv":[8.5,12.0,9.5,11.0],"texture":"#2","rotation":90},"down":{"uv":[11.0,5.0,12.0,4.0],"texture":"#2","rotation":90}}},{"from":[-0.625,10.97,3.48323],"to":[16.625,11.0,8.98323],"rotation":{"origin":[10.5,13.985,9.48323],"axis":"z","angle":0.0},"faces":{"up":{"uv":[8.75,2.75,0.0,0.0],"texture":"#2"},"down":{"uv":[8.75,0.0,0.0,2.75],"texture":"#2"}}},{"from":[7.0,8.0,0.0],"to":[9.0,10.0,9.0],"rotation":{"origin":[7.0,0.0,0.0],"axis":"y","angle":0.0},"faces":{"north":{"uv":[7.0,11.5,8.0,12.5],"texture":"#2"},"east":{"uv":[3.0,5.0,7.5,6.0],"texture":"#2"},"west":{"uv":[5.5,3.0,10.0,4.0],"texture":"#2"},"up":{"uv":[4.0,10.5,3.0,6.0],"texture":"#2"},"down":{"uv":[5.0,6.0,4.0,10.5],"texture":"#2"}}},{"from":[7.5,7.0,0.5],"to":[8.5,8.0,4.0],"rotation":{"origin":[7.0,0.0,0.0],"axis":"y","angle":0.0},"faces":{"north":{"uv":[13.0,11.5,13.5,12.0],"texture":"#2"},"east":{"uv":[12.0,6.0,13.75,6.5],"texture":"#2"},"south":{"uv":[12.0,13.0,12.5,13.5],"texture":"#2"},"west":{"uv":[12.0,6.5,13.75,7.0],"texture":"#2"},"down":{"uv":[12.5,7.0,12.0,8.75],"texture":"#2"}}},{"from":[7.0,7.85195,10.77164],"to":[9.0,8.85195,16.77164],"rotation":{"origin":[7.0,-0.14805,0.77164],"axis":"y","angle":0.0},"faces":{"east":{"uv":[9.0,5.5,12.0,6.0],"texture":"#2"},"west":{"uv":[8.5,9.0,11.5,9.5],"texture":"#2"},"up":{"uv":[6.0,9.0,5.0,6.0],"texture":"#2"},"down":{"uv":[7.0,6.0,6.0,9.0],"texture":"#2"}}},{"from":[7.5,6.85195,10.77164],"to":[8.5,7.85195,16.77164],"rotation":{"origin":[7.0,-0.14805,0.77164],"axis":"y","angle":0.0},"faces":{"east":{"uv":[0.0,9.5,3.0,10.0],"texture":"#2"},"west":{"uv":[5.0,9.5,8.0,10.0],"texture":"#2"},"down":{"uv":[8.5,9.5,8.0,12.5],"texture":"#2"}}},{"from":[6.9875,6.54016,8.31179],"to":[9.0125,9.54016,11.31179],"rotation":{"origin":[8.0125,8.04016,9.81179],"axis":"x","angle":22.5},"faces":{"north":{"uv":[8.5,7.5,9.5,9.0],"texture":"#2"},"east":{"uv":[7.0,8.0,8.5,9.5],"texture":"#2"},"south":{"uv":[9.0,0.0,10.0,1.5],"texture":"#2"},"west":{"uv":[8.5,6.0,10.0,7.5],"texture":"#2"},"up":{"uv":[10.0,3.0,9.0,1.5],"texture":"#2"},"down":{"uv":[10.0,4.0,9.0,5.5],"texture":"#2"}}},{"from":[6.985,6.08031,15.62359],"to":[9.015,9.08031,16.62359],"rotation":{"origin":[6.985,6.08031,15.62359],"axis":"x","angle":22.5},"faces":{"north":{"uv":[9.5,7.5,10.5,9.0],"texture":"#2"},"east":{"uv":[8.5,12.0,9.0,13.5],"texture":"#2"},"south":{"uv":[8.5,9.5,9.5,11.0],"texture":"#2"},"west":{"uv":[9.0,12.0,9.5,13.5],"texture":"#2"},"up":{"uv":[11.5,9.0,10.5,8.5],"texture":"#2"},"down":{"uv":[13.5,11.0,12.5,11.5],"texture":"#2"}}},{"from":[7.25,4.57404,9.07612],"to":[8.75,8.07404,10.07612],"rotation":{"origin":[7.5,4.07404,8.07612],"axis":"x","angle":-22.5},"faces":{"north":{"uv":[1.0,10.0,1.75,11.75],"texture":"#2"},"east":{"uv":[12.0,4.0,12.5,5.75],"texture":"#2"},"south":{"uv":[2.0,10.0,2.75,11.75],"texture":"#2"},"west":{"uv":[4.5,12.0,5.0,13.75],"texture":"#2"},"down":{"uv":[12.25,12.5,11.5,13.0],"texture":"#2"}}},{"from":[7.25,4.57404,8.07612],"to":[8.75,6.07404,9.07612],"rotation":{"origin":[7.5,4.07404,8.07612],"axis":"x","angle":-22.5},"faces":{"north":{"uv":[12.5,8.0,13.25,8.75],"texture":"#2"},"east":{"uv":[10.5,12.5,11.0,13.25],"texture":"#2"},"west":{"uv":[12.5,12.5,13.0,13.25],"texture":"#2"},"up":{"uv":[0.75,13.5,0.0,13.0],"texture":"#2"},"down":{"uv":[1.75,13.0,1.0,13.5],"texture":"#2"}}},{"from":[7.65,6.07404,8.32612],"to":[8.35,8.57404,9.07612],"rotation":{"origin":[7.5,4.07404,8.07612],"axis":"x","angle":-22.5},"faces":{"north":{"uv":[3.0,13.0,3.25,14.25],"texture":"#2"},"east":{"uv":[12.0,10.0,12.5,11.25],"texture":"#2"},"west":{"uv":[11.0,12.0,11.5,13.25],"texture":"#2"}}},{"from":[8.0,8.25,-1.0],"to":[9.0,9.25,3.0],"rotation":{"origin":[8.0,8.25,-1.0],"axis":"z","angle":45.0},"faces":{"north":{"uv":[11.0,7.0,11.5,7.5],"texture":"#2"},"south":{"uv":[3.5,13.0,4.0,13.5],"texture":"#2"},"west":{"uv":[5.0,9.0,7.0,9.5],"texture":"#2"},"down":{"uv":[12.0,7.0,11.5,9.0],"texture":"#2"}}},{"from":[9.0,8.25,-1.0],"to":[12.0,9.25,3.0],"rotation":{"origin":[8.0,8.25,-1.0],"axis":"z","angle":45.0},"faces":{"north":{"uv":[9.5,12.0,11.0,12.5],"texture":"#2"},"east":{"uv":[10.0,5.0,12.0,5.5],"texture":"#2"},"south":{"uv":[12.0,9.5,13.5,10.0],"texture":"#2"},"up":{"uv":[8.5,8.0,7.0,6.0],"texture":"#2"},"down":{"uv":[9.0,4.0,7.5,6.0],"texture":"#2"}}},{"from":[11.0,9.25,-1.0],"to":[12.0,10.25,3.0],"rotation":{"origin":[8.0,8.25,-1.0],"axis":"z","angle":45.0},"faces":{"north":{"uv":[4.0,13.0,4.5,13.5],"texture":"#2"},"east":{"uv":[11.5,9.0,13.5,9.5],"texture":"#2"},"south":{"uv":[11.5,13.0,12.0,13.5],"texture":"#2"},"west":{"uv":[9.5,11.5,11.5,12.0],"texture":"#2"},"up":{"uv":[12.0,11.5,11.5,9.5],"texture":"#2"}}},{"from":[4.0,8.25,-1.0],"to":[7.0,9.25,3.0],"rotation":{"origin":[8.0,8.25,-1.0],"axis":"z","angle":-45.0},"faces":{"north":{"uv":[11.0,12.0,9.5,12.5],"texture":"#2"},"south":{"uv":[13.5,9.5,12.0,10.0],"texture":"#2"},"west":{"uv":[12.0,5.0,10.0,5.5],"texture":"#2"},"up":{"uv":[7.0,8.0,8.5,6.0],"texture":"#2"},"down":{"uv":[7.5,4.0,9.0,6.0],"texture":"#2"}}},{"from":[4.0,9.25,-1.0],"to":[5.0,10.25,3.0],"rotation":{"origin":[8.0,8.25,-1.0],"axis":"z","angle":-45.0},"faces":{"north":{"uv":[4.5,13.0,4.0,13.5],"texture":"#2"},"east":{"uv":[11.5,11.5,9.5,12.0],"texture":"#2"},"south":{"uv":[12.0,13.0,11.5,13.5],"texture":"#2"},"west":{"uv":[13.5,9.0,11.5,9.5],"texture":"#2"},"up":{"uv":[11.5,11.5,12.0,9.5],"texture":"#2"}}},{"from":[7.5,10.0,7.0],"to":[8.5,10.5,9.0],"rotation":{"origin":[7.5,10.0,7.0],"axis":"y","angle":0.0},"faces":{"north":{"uv":[13.5,0.0,14.0,0.25],"texture":"#2"},"east":{"uv":[13.0,12.0,14.0,12.25],"texture":"#2"},"south":{"uv":[0.5,13.5,1.0,13.75],"texture":"#2"},"west":{"uv":[13.0,12.5,14.0,12.75],"texture":"#2"},"up":{"uv":[8.5,13.5,8.0,12.5],"texture":"#2"}}},{"from":[7.525,10.44134,8.53806],"to":[8.475,11.69134,9.03806],"rotation":{"origin":[7.5,10.69134,8.53806],"axis":"x","angle":22.5},"faces":{"north":{"uv":[2.0,13.0,2.5,13.75],"texture":"#2"},"east":{"uv":[13.0,13.0,13.25,13.75],"texture":"#2"},"south":{"uv":[2.5,13.0,3.0,13.75],"texture":"#2"},"west":{"uv":[0.0,13.5,0.25,14.25],"texture":"#2"},"up":{"uv":[14.0,0.75,13.5,0.5],"texture":"#2"}}},{"from":[7.75,7.25001,5.9471],"to":[8.25,8.25001,6.4471],"rotation":{"origin":[7.75,6.75001,5.9471],"axis":"x","angle":-22.5},"faces":{"north":{"uv":[1.0,13.5,1.25,14.0],"texture":"#2"},"east":{"uv":[13.5,1.0,13.75,1.5],"texture":"#2"},"south":{"uv":[1.5,13.5,1.75,14.0],"texture":"#2"},"west":{"uv":[13.5,1.5,13.75,2.0],"texture":"#2"},"down":{"uv":[13.75,3.5,13.5,3.75],"texture":"#2"}}},{"from":[7.7535,6.78702,5.54539],"to":[8.2465,7.53702,6.04539],"rotation":{"origin":[8.0035,7.03702,5.79539],"axis":"x","angle":22.5},"faces":{"north":{"uv":[13.5,2.0,13.75,2.5],"texture":"#2"},"east":{"uv":[13.5,2.5,13.75,3.0],"texture":"#2"},"south":{"uv":[13.5,3.0,13.75,3.5],"texture":"#2"},"west":{"uv":[3.5,13.5,3.75,14.0],"texture":"#2"},"down":{"uv":[4.25,13.5,4.0,13.75],"texture":"#2"}}},{"from":[8.0,5.68934,0.25],"to":[9.5,7.18934,4.25],"rotation":{"origin":[8.0,5.68934,0.25],"axis":"z","angle":45.0},"faces":{"north":{"uv":[9.5,12.5,10.25,13.25],"texture":"#2"},"east":{"uv":[5.5,4.0,7.5,4.75],"texture":"#2"},"south":{"uv":[12.5,10.0,13.25,10.75],"texture":"#2"},"west":{"uv":[9.5,9.5,11.5,10.25],"texture":"#2"},"up":{"uv":[0.75,12.0,0.0,10.0],"texture":"#2"},"down":{"uv":[10.75,0.0,10.0,2.0],"texture":"#2"}}}],"textures":{"particle":"bc6d6588-23e8-4443-a7bd-8c24aca90b4a","1":"20b838f5-4cd6-46c4-b9a7-39f7d2c87e5a","2":"bc6d6588-23e8-4443-a7bd-8c24aca90b4a"},"gui_light":"front"}