{"display":{"thirdperson_righthand":{"rotation":[-6.83,-2.45,-0.38],"translation":[0.0,5.5,1.25],"scale":[0.65,0.65,0.65]},"thirdperson_lefthand":{"rotation":[-6.83,-2.45,-0.38],"translation":[0.0,5.5,1.25],"scale":[0.65,0.65,0.65]},"firstperson_righthand":{"rotation":[-22.87,10.69,11.4],"translation":[2.75,4.25,-2.25],"scale":[0.55664,0.55664,0.55664]},"firstperson_lefthand":{"rotation":[-22.87,10.69,11.4],"translation":[2.75,4.25,-2.25],"scale":[0.55664,0.55664,0.55664]},"ground":{"rotation":[0.0,0.0,90.0],"translation":[1.25,0.25,0.0],"scale":[0.5,0.5,0.5]},"gui":{"rotation":[106.0,135.0,-90.0],"translation":[-0.5,0.25,-1.25],"scale":[0.4068,0.4068,0.4068]},"head":{"rotation":[90.0,-168.0,90.0],"translation":[-0.5,11.75,0.0],"scale":[0.56,0.56,0.56]},"fixed":{"rotation":[0.0,90.0,0.0],"translation":[0.0,1.75,-2.25],"scale":[0.87,0.87,0.87]}},"elements":[{"from":[6.5,-15.0,5.5],"to":[9.5,-12.0,8.5],"rotation":{"origin":[7.7625,-14.5,8.0625],"axis":"x","angle":45.0},"faces":{"north":{"uv":[2.25,1.5625,2.625,1.9375],"texture":"#0","rotation":270},"east":{"uv":[2.25,1.9375,1.875,1.5625],"texture":"#0"},"south":{"uv":[2.625,1.5625,3.0,1.9375],"texture":"#0"},"west":{"uv":[1.875,1.9375,2.25,1.5625],"texture":"#0"},"up":{"uv":[2.25,1.5625,2.625,1.9375],"texture":"#0","rotation":270},"down":{"uv":[2.625,1.9375,3.0,1.5625],"texture":"#0"}}},{"from":[7.0,-11.0,7.0],"to":[9.0,9.0,9.0],"rotation":{"origin":[0.0,-3.0,17.0],"axis":"y","angle":0.0},"faces":{"north":{"uv":[0.0,5.875,0.25,8.375],"texture":"#0"},"east":{"uv":[0.0,5.875,0.25,8.375],"texture":"#0"},"south":{"uv":[0.0,5.875,0.25,8.375],"texture":"#0"},"west":{"uv":[0.0,5.875,0.25,8.375],"texture":"#0"},"up":{"uv":[0.0,5.875,0.25,6.125],"texture":"#0"},"down":{"uv":[0.0,5.875,0.25,6.125],"texture":"#0"}}},{"from":[7.9,13.0,10.0],"to":[7.9,22.0,13.0],"rotation":{"origin":[0.0,-0.5,-0.5],"axis":"y","angle":0.0},"faces":{"north":{"uv":[0.75,0.0,0.75,1.125],"texture":"#0"},"east":{"uv":[16.0,3.5,15.625,4.625],"texture":"#0"},"south":{"uv":[0.875,0.0,0.875,1.125],"texture":"#0"},"west":{"uv":[15.625,3.5,16.0,4.625],"texture":"#0"},"up":{"uv":[1.0,0.0,1.0,0.375],"texture":"#0"},"down":{"uv":[1.0,0.0,1.0,0.375],"texture":"#0"}}},{"from":[7.9,13.0,3.0],"to":[7.9,22.0,6.0],"rotation":{"origin":[0.0,-0.5,16.5],"axis":"y","angle":0.0},"faces":{"north":{"uv":[0.875,0.0,0.875,1.125],"texture":"#0"},"east":{"uv":[15.625,3.5,16.0,4.625],"texture":"#0"},"south":{"uv":[0.75,0.0,0.75,1.125],"texture":"#0"},"west":{"uv":[16.0,3.5,15.625,4.625],"texture":"#0"},"up":{"uv":[1.0,0.375,1.0,0.0],"texture":"#0"},"down":{"uv":[1.0,0.375,1.0,0.0],"texture":"#0"}}},{"from":[6.75,-13.5,6.75],"to":[9.25,-11.0,9.25],"rotation":{"origin":[7.0,15.5,25.0],"axis":"y","angle":0.0},"faces":{"north":{"uv":[2.1875,2.4375,2.5,2.125],"texture":"#0"},"east":{"uv":[2.1875,2.4375,2.5,2.125],"texture":"#0"},"south":{"uv":[2.1875,2.4375,2.5,2.125],"texture":"#0"},"west":{"uv":[2.1875,2.4375,2.5,2.125],"texture":"#0"},"up":{"uv":[2.5,2.4375,2.8125,2.125],"texture":"#0"},"down":{"uv":[2.5,2.4375,2.8125,2.125],"texture":"#0"}}},{"from":[7.9,-16.0,5.5],"to":[7.9,-9.0,13.5],"rotation":{"origin":[7.9,-7.5,10.5],"axis":"x","angle":-22.5},"faces":{"north":{"uv":[0.0,0.0,0.0,12.0],"texture":"#missing"},"east":{"uv":[14.5,0.0,13.5,0.875],"texture":"#0"},"south":{"uv":[0.0,0.0,0.0,12.0],"texture":"#missing"},"west":{"uv":[13.5,0.0,14.5,0.875],"texture":"#0"},"up":{"uv":[0.0,0.0,0.0,10.0],"texture":"#missing"},"down":{"uv":[0.0,0.0,0.0,10.0],"texture":"#missing"}}},{"from":[6.4,-16.0,5.5],"to":[6.4,-11.0,10.5],"rotation":{"origin":[0.0,16.0,0.0],"axis":"y","angle":0.0},"faces":{"north":{"uv":[0.0,14.0,0.0,0.0],"texture":"#missing"},"east":{"uv":[16.0,1.9375,15.0,0.9375],"texture":"#0"},"south":{"uv":[0.0,14.0,0.0,0.0],"texture":"#missing"},"west":{"uv":[15.0,1.9375,16.0,0.9375],"texture":"#0"},"up":{"uv":[0.0,16.0,0.0,0.0],"texture":"#missing"},"down":{"uv":[0.0,16.0,0.0,0.0],"texture":"#missing"}}},{"from":[9.6,-16.0,5.5],"to":[9.6,-11.0,10.5],"rotation":{"origin":[16.0,16.0,0.0],"axis":"y","angle":0.0},"faces":{"north":{"uv":[0.0,14.0,0.0,0.0],"texture":"#missing"},"east":{"uv":[16.0,1.9375,15.0,0.9375],"texture":"#0"},"south":{"uv":[0.0,14.0,0.0,0.0],"texture":"#missing"},"west":{"uv":[15.0,1.9375,16.0,0.9375],"texture":"#0"},"up":{"uv":[0.0,16.0,0.0,0.0],"texture":"#missing"},"down":{"uv":[0.0,16.0,0.0,0.0],"texture":"#missing"}}},{"from":[5.3,10.0,4.0],"to":[5.3,18.0,12.0],"rotation":{"origin":[0.0,12.0,0.0],"axis":"y","angle":0.0},"faces":{"north":{"uv":[0.0,0.0,0.0,16.0],"texture":"#1"},"east":{"uv":[16.0,0.0,0.0,16.0],"texture":"#1"},"south":{"uv":[0.0,0.0,0.0,16.0],"texture":"#1"},"west":{"uv":[0.0,0.0,16.0,16.0],"texture":"#1"},"up":{"uv":[0.0,16.0,0.0,0.0],"texture":"#1"},"down":{"uv":[0.0,0.0,0.0,16.0],"texture":"#1"}}},{"from":[10.7,10.0,4.0],"to":[10.7,18.0,12.0],"rotation":{"origin":[16.0,12.0,0.0],"axis":"y","angle":0.0},"faces":{"north":{"uv":[0.0,0.0,0.0,16.0],"texture":"#1"},"east":{"uv":[16.0,0.0,0.0,16.0],"texture":"#1"},"south":{"uv":[0.0,0.0,0.0,16.0],"texture":"#1"},"west":{"uv":[0.0,0.0,16.0,16.0],"texture":"#1"},"up":{"uv":[0.0,16.0,0.0,0.0],"texture":"#1"},"down":{"uv":[0.0,0.0,0.0,16.0],"texture":"#1"}}},{"from":[6.75,9.0,6.75],"to":[9.25,11.5,9.25],"rotation":{"origin":[7.0,4.5,25.0],"axis":"y","angle":0.0},"faces":{"north":{"uv":[1.5625,2.125,1.875,2.4375],"texture":"#0"},"east":{"uv":[1.5625,2.125,1.875,2.4375],"texture":"#0"},"south":{"uv":[1.5625,2.125,1.875,2.4375],"texture":"#0"},"west":{"uv":[1.5625,2.125,1.875,2.4375],"texture":"#0"},"up":{"uv":[1.875,2.125,2.1875,2.4375],"texture":"#0"},"down":{"uv":[1.875,2.125,2.1875,2.4375],"texture":"#0"}}},{"from":[7.8,13.1,-5.1],"to":[7.8,18.3,5.9],"rotation":{"origin":[8.0,3.7,0.4],"axis":"y","angle":0.0},"faces":{"north":{"uv":[1.9375,2.9,2.325,2.5],"texture":"#0"},"east":{"uv":[12.9375,0.65,11.5625,0.0],"texture":"#0"},"south":{"uv":[1.9375,2.9,2.325,2.5],"texture":"#0"},"west":{"uv":[11.5625,0.65,12.9375,0.0],"texture":"#0"},"up":{"uv":[2.375,2.5,2.75,2.8875],"texture":"#0","rotation":270},"down":{"uv":[1.125,2.9375,1.5,3.325],"texture":"#0","rotation":270}}},{"from":[7.8,13.1,10.1],"to":[7.8,18.3,21.1],"rotation":{"origin":[8.0,3.7,15.6],"axis":"y","angle":0.0},"faces":{"north":{"uv":[2.325,2.9,1.9375,2.5],"texture":"#0"},"east":{"uv":[11.5625,0.65,12.9375,0.0],"texture":"#0"},"south":{"uv":[2.325,2.9,1.9375,2.5],"texture":"#0"},"west":{"uv":[12.9375,0.65,11.5625,0.0],"texture":"#0"},"up":{"uv":[2.75,2.5,2.375,2.8875],"texture":"#0","rotation":270},"down":{"uv":[1.5,2.9375,1.125,3.325],"texture":"#0","rotation":270}}},{"from":[6.45,8.1,14.1],"to":[9.55,11.3,17.1],"rotation":{"origin":[8.0,5.38858,5.9375],"axis":"x","angle":-22.5},"faces":{"north":{"uv":[2.325,2.9,1.9375,2.5],"texture":"#0"},"east":{"uv":[1.5,3.3375,1.875,2.9375],"texture":"#0"},"south":{"uv":[2.325,2.9,1.9375,2.5],"texture":"#0"},"west":{"uv":[1.875,3.3375,1.5,2.9375],"texture":"#0"},"up":{"uv":[2.75,2.5,2.375,2.8875],"texture":"#0","rotation":270},"down":{"uv":[1.5,2.9375,1.125,3.325],"texture":"#0","rotation":270}}},{"from":[5.0,7.5,8.0],"to":[11.0,9.5,13.0],"rotation":{"origin":[17.0,11.375,10.0],"axis":"x","angle":-45.0},"faces":{"north":{"uv":[1.75,1.875,1.0,2.125],"texture":"#0"},"east":{"uv":[1.0,1.625,1.625,1.875],"texture":"#0"},"south":{"uv":[1.75,1.875,1.0,2.125],"texture":"#0"},"west":{"uv":[1.625,1.625,1.0,1.875],"texture":"#0"},"up":{"uv":[1.0,1.5,1.75,0.875],"texture":"#0"},"down":{"uv":[1.0,1.5,1.75,0.875],"texture":"#0"}}},{"from":[5.0,7.5,3.0],"to":[11.0,9.5,8.0],"rotation":{"origin":[17.0,11.375,6.0],"axis":"x","angle":45.0},"faces":{"north":{"uv":[1.0,1.875,1.75,2.125],"texture":"#0"},"east":{"uv":[1.625,1.625,1.0,1.875],"texture":"#0"},"south":{"uv":[1.0,1.875,1.75,2.125],"texture":"#0"},"west":{"uv":[1.0,1.625,1.625,1.875],"texture":"#0"},"up":{"uv":[1.0,0.875,1.75,1.5],"texture":"#0"},"down":{"uv":[1.0,0.875,1.75,1.5],"texture":"#0"}}},{"from":[6.0,9.5,4.0],"to":[10.0,12.5,7.0],"rotation":{"origin":[17.0,11.375,6.0],"axis":"x","angle":45.0},"faces":{"north":{"uv":[1.625,0.0,2.125,0.375],"texture":"#0"},"east":{"uv":[1.5,0.0,1.125,0.375],"texture":"#0"},"south":{"uv":[1.625,0.0,2.125,0.375],"texture":"#0"},"west":{"uv":[1.125,0.0,1.5,0.375],"texture":"#0"},"up":{"uv":[1.125,0.375,1.625,0.75],"texture":"#0"},"down":{"uv":[1.125,0.375,1.625,0.75],"texture":"#0"}}},{"from":[6.0,9.5,9.0],"to":[10.0,12.5,12.0],"rotation":{"origin":[17.0,11.375,10.0],"axis":"x","angle":-45.0},"faces":{"north":{"uv":[2.125,0.0,1.625,0.375],"texture":"#0"},"east":{"uv":[1.125,0.0,1.5,0.375],"texture":"#0"},"south":{"uv":[2.125,0.0,1.625,0.375],"texture":"#0"},"west":{"uv":[1.5,0.0,1.125,0.375],"texture":"#0"},"up":{"uv":[1.125,0.75,1.625,0.375],"texture":"#0"},"down":{"uv":[1.125,0.75,1.625,0.375],"texture":"#0"}}},{"from":[6.45,8.1,-1.1],"to":[9.55,11.3,1.9],"rotation":{"origin":[8.0,5.38858,10.0625],"axis":"x","angle":22.5},"faces":{"north":{"uv":[1.5,2.9,1.8875,2.5],"texture":"#0"},"east":{"uv":[1.5,2.9,1.125,2.5],"texture":"#0"},"south":{"uv":[1.5,2.9,1.8875,2.5],"texture":"#0"},"west":{"uv":[1.125,2.9,1.5,2.5],"texture":"#0"},"up":{"uv":[2.25,2.9375,2.625,3.325],"texture":"#0","rotation":270},"down":{"uv":[1.875,2.9375,2.25,3.325],"texture":"#0","rotation":270}}},{"from":[5.75,12.3,7.5],"to":[10.25,14.8,10.0],"rotation":{"origin":[7.0,12.8,8.0],"axis":"x","angle":-45.0},"faces":{"north":{"uv":[2.1875,1.0,2.5,1.5625],"texture":"#0","rotation":90},"east":{"uv":[2.25,0.4375,2.5625,0.75],"texture":"#0","rotation":90},"south":{"uv":[1.875,1.0,2.1875,1.5625],"texture":"#0","rotation":90},"west":{"uv":[2.25,0.75,2.5625,0.4375],"texture":"#0","rotation":90},"up":{"uv":[1.875,1.0,2.1875,1.5625],"texture":"#0","rotation":90},"down":{"uv":[2.1875,1.0,2.5,1.5625],"texture":"#0","rotation":90}}},{"from":[10.1,11.0,5.5],"to":[10.1,18.0,10.5],"rotation":{"origin":[10.1,19.5,5.5],"axis":"x","angle":22.5},"faces":{"north":{"uv":[0.0,0.0,0.0,12.0],"texture":"#missing"},"east":{"uv":[14.5,0.0,15.125,0.875],"texture":"#0"},"south":{"uv":[0.0,0.0,0.0,12.0],"texture":"#missing"},"west":{"uv":[15.125,0.0,14.5,0.875],"texture":"#0"},"up":{"uv":[0.0,10.0,0.0,0.0],"texture":"#missing"},"down":{"uv":[0.0,10.0,0.0,0.0],"texture":"#missing"}}},{"from":[10.1,11.0,5.5],"to":[10.1,18.0,10.5],"rotation":{"origin":[10.1,19.5,10.5],"axis":"x","angle":-22.5},"faces":{"north":{"uv":[0.0,0.0,0.0,12.0],"texture":"#missing"},"east":{"uv":[15.125,0.0,14.5,0.875],"texture":"#0"},"south":{"uv":[0.0,0.0,0.0,12.0],"texture":"#missing"},"west":{"uv":[14.5,0.0,15.125,0.875],"texture":"#0"},"up":{"uv":[0.0,0.0,0.0,10.0],"texture":"#missing"},"down":{"uv":[0.0,0.0,0.0,10.0],"texture":"#missing"}}},{"from":[5.9,11.0,5.5],"to":[5.9,18.0,10.5],"rotation":{"origin":[5.9,19.5,10.5],"axis":"x","angle":-22.5},"faces":{"north":{"uv":[0.0,0.0,0.0,12.0],"texture":"#missing"},"east":{"uv":[15.125,0.0,14.5,0.875],"texture":"#0"},"south":{"uv":[0.0,0.0,0.0,12.0],"texture":"#missing"},"west":{"uv":[14.5,0.0,15.125,0.875],"texture":"#0"},"up":{"uv":[0.0,0.0,0.0,10.0],"texture":"#missing"},"down":{"uv":[0.0,0.0,0.0,10.0],"texture":"#missing"}}},{"from":[5.9,11.0,5.5],"to":[5.9,18.0,10.5],"rotation":{"origin":[5.9,19.5,5.5],"axis":"x","angle":22.5},"faces":{"north":{"uv":[0.0,0.0,0.0,12.0],"texture":"#missing"},"east":{"uv":[14.5,0.0,15.125,0.875],"texture":"#0"},"south":{"uv":[0.0,0.0,0.0,12.0],"texture":"#missing"},"west":{"uv":[15.125,0.0,14.5,0.875],"texture":"#0"},"up":{"uv":[0.0,10.0,0.0,0.0],"texture":"#missing"},"down":{"uv":[0.0,10.0,0.0,0.0],"texture":"#missing"}}},{"from":[6.45,11.5,5.0],"to":[9.55,15.0,8.5],"rotation":{"origin":[7.7625,12.0,8.0625],"axis":"x","angle":45.0},"faces":{"north":{"uv":[2.6875,0.4375,3.075,0.0],"texture":"#0"},"east":{"uv":[2.6875,0.4375,2.25,0.0],"texture":"#0"},"south":{"uv":[2.6875,0.4375,3.075,0.0],"texture":"#0"},"west":{"uv":[2.25,0.4375,2.6875,0.0],"texture":"#0"},"up":{"uv":[3.125,0.0,3.5625,0.3875],"texture":"#0","rotation":270},"down":{"uv":[3.125,0.0,3.5625,0.3875],"texture":"#0","rotation":270}}},{"from":[6.5,11.0,3.5],"to":[9.5,14.0,12.5],"rotation":{"origin":[8.0,5.38858,8.0625],"axis":"y","angle":0.0},"faces":{"north":{"uv":[1.125,2.5,1.5,2.125],"texture":"#0"},"east":{"uv":[1.125,2.625,0.0,2.25],"texture":"#0"},"south":{"uv":[1.125,2.5,1.5,2.125],"texture":"#0"},"west":{"uv":[0.0,2.625,1.125,2.25],"texture":"#0"},"up":{"uv":[0.0,2.625,1.125,3.0],"texture":"#0","rotation":270},"down":{"uv":[0.0,3.0,1.125,3.375],"texture":"#0","rotation":270}}},{"from":[7.5,14.0,5.5],"to":[8.5,22.0,10.5],"rotation":{"origin":[0.0,-3.5,-0.5],"axis":"y","angle":0.0},"faces":{"north":{"uv":[0.75,0.0,0.875,1.0],"texture":"#0"},"east":{"uv":[0.625,0.0,0.0,1.0],"texture":"#0"},"south":{"uv":[1.3125,8.5,1.4375,9.5],"texture":"#0"},"west":{"uv":[0.0,0.0,0.625,1.0],"texture":"#0"},"up":{"uv":[1.0,0.0,1.125,0.625],"texture":"#0"},"down":{"uv":[1.0,0.0,1.125,0.625],"texture":"#0"}}},{"from":[8.0,22.0,5.5],"to":[8.0,28.5,10.5],"rotation":{"origin":[0.0,-3.5,-0.5],"axis":"y","angle":0.0},"faces":{"north":{"uv":[4.5,17.5,4.5,24.5],"texture":"#missing"},"east":{"uv":[15.25,0.0,16.0,0.8125],"texture":"#0"},"south":{"uv":[4.5,17.5,4.5,24.5],"texture":"#missing"},"west":{"uv":[15.3125,0.0,15.9375,0.8125],"texture":"#0"},"up":{"uv":[12.0,2.5,12.0,8.5],"texture":"#missing"},"down":{"uv":[12.0,2.5,12.0,8.5],"texture":"#missing"}}}],"textures":{"particle":"e6c2522b-23c1-4207-ae3e-2d6433fc1cbc","0":"e6c2522b-23c1-4207-ae3e-2d6433fc1cbc","1":"7ffc4847-e327-4ba4-92e3-9d5fa972265a"},"gui_light":"front"}