{"display":{"thirdperson_righthand":{"rotation":[90.0,0.0,0.0],"translation":[0.0,3.0,0.25]},"thirdperson_lefthand":{"rotation":[90.0,0.0,0.0],"translation":[0.0,3.0,0.25]},"firstperson_righthand":{"rotation":[56.0,0.0,-11.0],"translation":[-1.0,4.75,2.0]},"firstperson_lefthand":{"rotation":[56.0,0.0,-11.0],"translation":[-1.0,4.75,2.0]},"ground":{"rotation":[45.0,0.0,0.0],"translation":[0.0,5.0,0.0]},"gui":{"rotation":[-90.0,134.0,90.0],"translation":[0.0,0.75,0.0],"scale":[2.0,2.0,2.0]},"head":{"rotation":[90.0,-45.0,90.0]},"fixed":{"rotation":[90.0,-45.0,90.0],"translation":[0.5,0.5,-1.5],"scale":[2.21094,2.21094,2.21094]}},"elements":[{"from":[7.5,7.48483,7.84467],"to":[8.5,8.48483,9.84467],"rotation":{"origin":[8.0,7.98483,7.09467],"axis":"z","angle":-45.0},"faces":{"north":{"uv":[11.0,0.0,12.0,1.0],"texture":"#0"},"east":{"uv":[8.0,8.0,10.0,9.0],"texture":"#0"},"south":{"uv":[1.0,11.0,2.0,12.0],"texture":"#0"},"west":{"uv":[9.0,4.0,11.0,5.0],"texture":"#0"},"up":{"uv":[10.0,7.0,9.0,5.0],"texture":"#0"},"down":{"uv":[9.0,9.0,8.0,11.0],"texture":"#0"}}},{"from":[7.5,7.48483,4.34467],"to":[8.5,8.48483,6.34467],"rotation":{"origin":[8.0,7.98483,7.09467],"axis":"z","angle":-45.0},"faces":{"north":{"uv":[11.0,1.0,12.0,2.0],"texture":"#0"},"east":{"uv":[9.0,7.0,11.0,8.0],"texture":"#0"},"south":{"uv":[2.0,11.0,3.0,12.0],"texture":"#0"},"west":{"uv":[9.0,9.0,11.0,10.0],"texture":"#0"},"up":{"uv":[1.0,12.0,0.0,10.0],"texture":"#0"},"down":{"uv":[11.0,0.0,10.0,2.0],"texture":"#0"}}},{"from":[7.6,7.58483,6.34467],"to":[8.4,8.38483,7.84467],"rotation":{"origin":[8.0,7.98483,7.09467],"axis":"z","angle":-45.0},"faces":{"east":{"uv":[1.0,10.0,2.5,11.0],"texture":"#0"},"west":{"uv":[10.0,2.0,11.5,3.0],"texture":"#0"},"up":{"uv":[4.0,11.5,3.0,10.0],"texture":"#0"},"down":{"uv":[5.0,10.0,4.0,11.5],"texture":"#0"}}},{"from":[7.125,7.625,9.46967],"to":[8.875,9.125,10.96967],"rotation":{"origin":[8.0,8.0,10.59467],"axis":"x","angle":-45.0},"faces":{"north":{"uv":[4.0,4.0,2.0,5.5],"texture":"#0","rotation":180},"east":{"uv":[0.0,8.0,1.5,9.5],"texture":"#0","rotation":270},"west":{"uv":[8.0,0.0,9.5,1.5],"texture":"#0","rotation":90},"up":{"uv":[0.0,4.0,2.0,5.5],"texture":"#0","rotation":180}}},{"from":[6.875,7.875,9.71967],"to":[9.125,8.875,10.71967],"rotation":{"origin":[8.0,8.0,10.59467],"axis":"x","angle":-45.0},"faces":{"north":{"uv":[8.5,5.0,6.0,6.0],"texture":"#0","rotation":180},"east":{"uv":[11.0,4.0,12.0,5.0],"texture":"#0","rotation":270},"west":{"uv":[11.0,5.0,12.0,6.0],"texture":"#0","rotation":90},"up":{"uv":[6.0,4.0,8.5,5.0],"texture":"#0","rotation":180}}},{"from":[7.125,6.125,9.46967],"to":[8.875,7.625,10.96967],"rotation":{"origin":[8.0,8.0,10.59467],"axis":"x","angle":-45.0},"faces":{"north":{"uv":[6.0,6.0,4.0,7.5],"texture":"#0","rotation":180},"east":{"uv":[4.0,8.0,5.5,9.5],"texture":"#0","rotation":270},"south":{"uv":[8.0,3.5,6.0,2.0],"texture":"#0"},"west":{"uv":[6.0,8.0,7.5,9.5],"texture":"#0","rotation":90},"down":{"uv":[2.0,6.0,4.0,7.5],"texture":"#0"}}},{"from":[6.875,6.375,9.71967],"to":[9.125,7.875,10.71967],"rotation":{"origin":[8.0,8.0,10.59467],"axis":"x","angle":-45.0},"faces":{"north":{"uv":[5.5,2.0,3.0,3.5],"texture":"#0","rotation":180},"east":{"uv":[10.0,3.0,11.5,4.0],"texture":"#0","rotation":270},"south":{"uv":[5.5,1.5,3.0,0.0],"texture":"#0"},"west":{"uv":[6.0,10.0,7.5,11.0],"texture":"#0","rotation":90},"down":{"uv":[6.0,7.0,8.5,8.0],"texture":"#0"}}},{"from":[7.125,7.625,10.96967],"to":[8.875,9.125,12.46967],"rotation":{"origin":[8.0,8.0,10.59467],"axis":"x","angle":-45.0},"faces":{"east":{"uv":[2.0,8.0,3.5,9.5],"texture":"#0","rotation":270},"south":{"uv":[8.0,1.5,6.0,0.0],"texture":"#0"},"west":{"uv":[8.0,2.0,9.5,3.5],"texture":"#0","rotation":90},"up":{"uv":[4.0,4.0,6.0,5.5],"texture":"#0","rotation":180},"down":{"uv":[0.0,6.0,2.0,7.5],"texture":"#0"}}},{"from":[6.875,7.875,10.71967],"to":[9.125,8.875,12.21967],"rotation":{"origin":[8.0,8.0,10.59467],"axis":"x","angle":-45.0},"faces":{"east":{"uv":[5.0,10.0,6.0,11.5],"texture":"#0","rotation":270},"south":{"uv":[8.5,7.0,6.0,6.0],"texture":"#0"},"west":{"uv":[10.0,5.0,11.0,6.5],"texture":"#0","rotation":90},"up":{"uv":[0.0,0.0,2.5,1.5],"texture":"#0","rotation":180},"down":{"uv":[0.0,2.0,2.5,3.5],"texture":"#0"}}},{"from":[7.75,6.98483,4.6],"to":[8.25,7.98483,6.1],"rotation":{"origin":[7.75,6.98483,4.6],"axis":"y","angle":0.0},"faces":{"north":{"uv":[11.0,7.0,11.5,8.0],"texture":"#0"},"east":{"uv":[10.0,8.0,11.5,9.0],"texture":"#0"},"south":{"uv":[8.0,11.0,8.5,12.0],"texture":"#0"},"west":{"uv":[9.0,10.0,10.5,11.0],"texture":"#0"},"down":{"uv":[7.5,11.0,7.0,12.5],"texture":"#0"}}},{"from":[7.75,5.98483,4.6],"to":[8.25,6.98483,5.6],"rotation":{"origin":[7.75,5.98483,4.6],"axis":"y","angle":0.0},"faces":{"north":{"uv":[9.0,11.0,9.5,12.0],"texture":"#0"},"east":{"uv":[6.0,11.0,7.0,12.0],"texture":"#0"},"south":{"uv":[11.0,9.0,11.5,10.0],"texture":"#0"},"west":{"uv":[11.0,6.0,12.0,7.0],"texture":"#0"},"down":{"uv":[10.5,11.0,10.0,12.0],"texture":"#0"}}},{"from":[6.5,4.25,6.4],"to":[6.5,12.25,14.4],"rotation":{"origin":[6.5,4.25,6.4],"axis":"y","angle":0.0},"faces":{"west":{"uv":[0.0,0.0,16.0,16.0],"texture":"#1"}}},{"from":[9.5,4.25,6.4],"to":[9.5,12.25,14.4],"rotation":{"origin":[9.5,4.25,6.4],"axis":"y","angle":0.0},"faces":{"east":{"uv":[16.0,0.0,0.0,16.0],"texture":"#1"}}}],"textures":{"particle":"b3ac0a52-35db-47cd-aea7-53c6913a2989","0":"b3ac0a52-35db-47cd-aea7-53c6913a2989","1":"8e9e84fa-6dee-47ea-8930-9971a14de910"},"gui_light":"front"}