{"display":{"thirdperson_righthand":{"rotation":[48.0,0.0,0.0],"translation":[0.0,0.25,-0.75],"scale":[0.36,0.36,0.36]},"thirdperson_lefthand":{"rotation":[48.0,0.0,0.0],"translation":[0.0,0.25,-0.75],"scale":[0.36,0.36,0.36]},"firstperson_righthand":{"rotation":[0.0,128.0,0.0],"translation":[0.0,1.25,-0.75],"scale":[0.28,0.28,0.28]},"firstperson_lefthand":{"rotation":[0.0,128.0,0.0],"translation":[0.0,1.25,-0.75],"scale":[0.28,0.28,0.28]},"ground":{"rotation":[45.0,0.0,0.0],"translation":[0.0,3.0,0.0],"scale":[0.35,0.35,0.35]},"gui":{"rotation":[36.0,145.0,0.0],"translation":[-0.5,-2.0,0.0],"scale":[0.53,0.53,0.53]},"head":{"rotation":[3.5,0.0,0.0],"translation":[0.0,-4.5,-4.25],"scale":[1.34,1.34,1.34]},"fixed":{"rotation":[0.0,-90.0,0.0],"translation":[0.0,-1.25,-2.25],"scale":[0.68,0.68,0.68]}},"elements":[{"from":[-9.59715,18.71363,8.6],"to":[-5.99715,24.31363,13.2],"rotation":{"origin":[-7.79715,21.71363,10.9],"axis":"z","angle":22.5},"faces":{"north":{"uv":[12.5,7.5,13.166667,8.5],"texture":"#0"},"east":{"uv":[9.5,12.0,10.333333,13.0],"texture":"#0"},"south":{"uv":[8.166667,12.5,8.833333,13.5],"texture":"#0"},"west":{"uv":[10.333333,12.0,11.166667,13.0],"texture":"#0"},"up":{"uv":[13.166667,11.5,12.5,10.666667],"texture":"#0"},"down":{"uv":[2.666667,12.666667,2.0,13.5],"texture":"#0"}}},{"from":[-8.2,16.8,7.9],"to":[-2.6,21.8,13.9],"rotation":{"origin":[-5.6,19.3,10.9],"axis":"z","angle":-22.5},"faces":{"north":{"uv":[11.833333,4.666667,12.833333,5.5],"texture":"#0"},"east":{"uv":[6.166667,11.833333,7.166667,12.666667],"texture":"#0"},"south":{"uv":[7.166667,11.833333,8.166667,12.666667],"texture":"#0"},"west":{"uv":[12.0,1.5,13.0,2.333333],"texture":"#0"},"up":{"uv":[12.5,10.666667,11.5,9.666667],"texture":"#0"},"down":{"uv":[12.5,10.666667,11.5,11.666667],"texture":"#0"}}},{"from":[-4.0,15.0,6.9],"to":[2.0,22.0,14.9],"faces":{"north":{"uv":[10.833333,4.666667,11.833333,5.833333],"texture":"#0"},"east":{"uv":[1.166667,9.0,2.5,10.166667],"texture":"#0"},"south":{"uv":[11.0,1.5,12.0,2.666667],"texture":"#0"},"west":{"uv":[1.166667,10.166667,2.5,11.333333],"texture":"#0"},"up":{"uv":[1.0,12.166667,0.0,10.833333],"texture":"#0"},"down":{"uv":[11.833333,3.333333,10.833333,4.666667],"texture":"#0"}}},{"from":[-1.45836,0.19155,7.31493],"to":[1.68914,11.41155,14.42493],"rotation":{"origin":[8.0,11.56199,4.0682],"axis":"z","angle":-22.5},"faces":{"north":{"uv":[5.0,11.666667,5.5,13.5],"texture":"#0"},"east":{"uv":[0.0,9.0,1.166667,10.833333],"texture":"#0"},"south":{"uv":[11.5,11.666667,12.0,13.5],"texture":"#0"},"west":{"uv":[9.0,0.0,10.166667,1.833333],"texture":"#0"},"up":{"uv":[1.5,13.833333,1.0,12.666667],"texture":"#0"},"down":{"uv":[2.0,12.666667,1.5,13.833333],"texture":"#0"}}},{"from":[-0.295,2.9837,2.57493],"to":[16.295,19.5737,19.16493],"faces":{"north":{"uv":[3.0,6.0,5.833333,8.833333],"texture":"#0"},"east":{"uv":[6.0,3.0,8.833333,5.833333],"texture":"#0"},"south":{"uv":[5.833333,6.0,8.666667,8.833333],"texture":"#0"},"west":{"uv":[8.666667,5.833333,11.5,8.666667],"texture":"#0"},"up":{"uv":[11.5,11.5,8.666667,8.666667],"texture":"#0"},"down":{"uv":[5.833333,8.833333,3.0,11.666667],"texture":"#0"}}},{"from":[1.9,2.2835,0.59158],"to":[14.1,6.8835,3.74158],"rotation":{"origin":[8.0,4.47016,4.1],"axis":"x","angle":-22.5},"faces":{"north":{"uv":[9.0,1.833333,11.0,2.666667],"texture":"#0"},"east":{"uv":[4.0,12.666667,4.5,13.5],"texture":"#0"},"south":{"uv":[10.166667,0.0,12.166667,0.833333],"texture":"#0"},"west":{"uv":[4.5,12.666667,5.0,13.5],"texture":"#0"},"up":{"uv":[13.5,9.666667,11.5,9.166667],"texture":"#0"},"down":{"uv":[11.5,11.5,9.5,12.0],"texture":"#0"}}},{"from":[2.0,2.2,0.3],"to":[14.0,10.2,4.3],"rotation":{"origin":[8.0,6.2,2.3],"axis":"x","angle":-22.5},"faces":{"north":{"uv":[8.833333,3.0,10.833333,4.333333],"texture":"#0"},"east":{"uv":[11.833333,3.333333,12.5,4.666667],"texture":"#0"},"south":{"uv":[8.833333,4.333333,10.833333,5.666667],"texture":"#0"},"west":{"uv":[5.5,11.833333,6.166667,13.166667],"texture":"#0"},"up":{"uv":[12.166667,1.5,10.166667,0.833333],"texture":"#0"},"down":{"uv":[12.833333,2.666667,10.833333,3.333333],"texture":"#0"}}},{"from":[8.0,-4.54041,1.41119],"to":[8.0,1.45959,7.41119],"rotation":{"origin":[8.0,4.47016,4.1],"axis":"x","angle":45.0},"faces":{"north":{"uv":[0.0,0.0,0.0,1.0],"texture":"#0"},"east":{"uv":[11.5,8.166667,12.5,9.166667],"texture":"#0"},"south":{"uv":[0.0,0.0,0.0,1.0],"texture":"#0"},"west":{"uv":[8.5,11.5,9.5,12.5],"texture":"#0"},"up":{"uv":[0.0,1.0,0.0,0.0],"texture":"#0"},"down":{"uv":[0.0,0.0,0.0,1.0],"texture":"#0"}}},{"from":[14.0,15.0,6.9],"to":[20.0,22.0,14.9],"faces":{"north":{"uv":[11.833333,4.666667,10.833333,5.833333],"texture":"#0"},"east":{"uv":[2.5,10.166667,1.166667,11.333333],"texture":"#0"},"south":{"uv":[12.0,1.5,11.0,2.666667],"texture":"#0"},"west":{"uv":[2.5,9.0,1.166667,10.166667],"texture":"#0"},"up":{"uv":[0.0,12.166667,1.0,10.833333],"texture":"#0"},"down":{"uv":[10.833333,3.333333,11.833333,4.666667],"texture":"#0"}}},{"from":[14.31086,0.19155,7.31493],"to":[17.45836,11.41155,14.42493],"rotation":{"origin":[8.0,11.56199,4.0682],"axis":"z","angle":22.5},"faces":{"north":{"uv":[5.5,11.666667,5.0,13.5],"texture":"#0"},"east":{"uv":[10.166667,0.0,9.0,1.833333],"texture":"#0"},"south":{"uv":[12.0,11.666667,11.5,13.5],"texture":"#0"},"west":{"uv":[1.166667,9.0,0.0,10.833333],"texture":"#0"},"up":{"uv":[1.0,13.833333,1.5,12.666667],"texture":"#0"},"down":{"uv":[1.5,12.666667,2.0,13.833333],"texture":"#0"}}},{"from":[18.6,16.8,7.9],"to":[24.2,21.8,13.9],"rotation":{"origin":[21.6,19.3,10.9],"axis":"z","angle":22.5},"faces":{"north":{"uv":[12.833333,4.666667,11.833333,5.5],"texture":"#0"},"east":{"uv":[13.0,1.5,12.0,2.333333],"texture":"#0"},"south":{"uv":[8.166667,11.833333,7.166667,12.666667],"texture":"#0"},"west":{"uv":[7.166667,11.833333,6.166667,12.666667],"texture":"#0"},"up":{"uv":[11.5,10.666667,12.5,9.666667],"texture":"#0"},"down":{"uv":[11.5,10.666667,12.5,11.666667],"texture":"#0"}}},{"from":[21.99715,18.71363,8.6],"to":[25.59715,24.31363,13.2],"rotation":{"origin":[23.79715,21.71363,10.9],"axis":"z","angle":-22.5},"faces":{"north":{"uv":[13.166667,7.5,12.5,8.5],"texture":"#0"},"east":{"uv":[11.166667,12.0,10.333333,13.0],"texture":"#0"},"south":{"uv":[8.833333,12.5,8.166667,13.5],"texture":"#0"},"west":{"uv":[10.333333,12.0,9.5,13.0],"texture":"#0"},"up":{"uv":[12.5,11.5,13.166667,10.666667],"texture":"#0"},"down":{"uv":[2.0,12.666667,2.666667,13.5],"texture":"#0"}}}],"textures":{"0":"a88e1b7f-4eea-45c3-a1af-b65ed6afdd51"},"gui_light":"front"}