{"display":{"thirdperson_righthand":{"rotation":[51.0,0.0,0.0]},"thirdperson_lefthand":{"rotation":[51.0,0.0,0.0]},"firstperson_righthand":{"rotation":[-10.0,180.0,0.0],"translation":[-1.0,2.25,1.75]},"firstperson_lefthand":{"rotation":[-10.0,180.0,0.0],"translation":[-1.0,2.25,1.75]},"ground":{"rotation":[25.0,0.0,0.0],"translation":[0.0,6.25,0.0]},"gui":{"rotation":[0.0,180.0,0.0],"translation":[0.0,-3.25,0.0],"scale":[1.48828,1.48828,1.48828]},"head":{"translation":[0.0,-5.0,0.0],"scale":[2.43555,2.43555,2.43555]},"fixed":{"rotation":[-90.0,0.0,0.0],"translation":[0.0,0.0,-4.5],"scale":[2.5,2.5,2.5]}},"elements":[{"from":[5.0,7.25,5.0],"to":[7.0,9.25,6.0],"rotation":{"origin":[5.0,7.25,5.0],"axis":"y","angle":0.0},"faces":{"north":{"uv":[0.66667,8.66667,2.0,10.0],"texture":"#2"},"east":{"uv":[7.33333,8.66667,8.0,10.0],"texture":"#2"},"south":{"uv":[8.66667,0.66667,10.0,2.0],"texture":"#2"},"west":{"uv":[8.66667,9.33333,9.33333,10.66667],"texture":"#2"},"up":{"uv":[10.66667,10.0,9.33333,9.33333],"texture":"#2"},"down":{"uv":[2.0,10.0,0.66667,10.66667],"texture":"#2"}}},{"from":[5.0,11.25,4.9],"to":[7.0,13.25,4.9],"rotation":{"origin":[5.0,11.25,4.9],"axis":"y","angle":0.0},"faces":{"north":{"uv":[3.33333,12.0,4.66667,13.33333],"texture":"#2"}}},{"from":[9.0,11.25,4.9],"to":[11.0,13.25,4.9],"rotation":{"origin":[11.0,11.25,4.9],"axis":"y","angle":0.0},"faces":{"north":{"uv":[4.66667,12.0,3.33333,13.33333],"texture":"#2"}}},{"from":[6.0,7.25,10.0],"to":[10.0,13.25,11.0],"rotation":{"origin":[6.0,7.25,10.0],"axis":"y","angle":0.0},"faces":{"north":{"uv":[0.0,0.0,2.66667,4.0],"texture":"#2"},"south":{"uv":[2.66667,0.0,5.33333,4.0],"texture":"#2"},"up":{"uv":[10.66667,5.33333,8.0,4.66667],"texture":"#2"},"down":{"uv":[11.33333,2.0,8.66667,2.66667],"texture":"#2"}}},{"from":[6.0,6.25,5.0],"to":[7.0,7.25,6.0],"rotation":{"origin":[5.0,5.25,5.0],"axis":"y","angle":0.0},"faces":{"north":{"uv":[0.66667,10.66667,1.33333,11.33333],"texture":"#2"},"east":{"uv":[10.66667,0.66667,11.33333,1.33333],"texture":"#2"},"south":{"uv":[1.33333,10.66667,2.0,11.33333],"texture":"#2"},"west":{"uv":[10.66667,1.33333,11.33333,2.0],"texture":"#2"},"down":{"uv":[11.33333,2.66667,10.66667,3.33333],"texture":"#2"}}},{"from":[5.0,11.25,5.0],"to":[11.0,13.25,6.0],"rotation":{"origin":[11.0,10.25,5.0],"axis":"y","angle":0.0},"faces":{"north":{"uv":[5.33333,5.33333,9.33333,6.66667],"texture":"#2"},"east":{"uv":[10.0,2.66667,10.66667,4.0],"texture":"#2"},"south":{"uv":[0.0,6.66667,4.0,8.0],"texture":"#2"},"west":{"uv":[4.66667,10.0,5.33333,11.33333],"texture":"#2"},"up":{"uv":[4.0,8.66667,0.0,8.0],"texture":"#2"},"down":{"uv":[12.0,0.0,8.0,0.66667],"texture":"#2"}}},{"from":[6.0,12.25,6.0],"to":[10.0,13.25,10.0],"rotation":{"origin":[11.0,10.25,6.0],"axis":"y","angle":0.0},"faces":{"up":{"uv":[8.0,2.66667,5.33333,0.0],"texture":"#2"},"down":{"uv":[8.0,2.66667,5.33333,5.33333],"texture":"#2"}}},{"from":[5.0,9.25,7.0],"to":[6.0,13.25,11.0],"rotation":{"origin":[5.0,8.25,6.0],"axis":"y","angle":0.0},"faces":{"north":{"uv":[2.0,8.66667,2.66667,11.33333],"texture":"#2"},"east":{"uv":[0.0,4.0,2.66667,6.66667],"texture":"#2"},"south":{"uv":[2.66667,8.66667,3.33333,11.33333],"texture":"#2"},"west":{"uv":[2.66667,4.0,5.33333,6.66667],"texture":"#2"},"up":{"uv":[4.0,11.33333,3.33333,8.66667],"texture":"#2"}}},{"from":[5.0,7.25,6.0],"to":[6.0,9.25,11.0],"rotation":{"origin":[5.0,7.25,6.0],"axis":"y","angle":0.0},"faces":{"east":{"uv":[4.0,6.66667,7.33333,8.0],"texture":"#2"},"south":{"uv":[10.0,0.66667,10.66667,2.0],"texture":"#2"},"west":{"uv":[7.33333,6.66667,10.66667,8.0],"texture":"#2"},"up":{"uv":[8.66667,4.0,8.0,0.66667],"texture":"#2"},"down":{"uv":[4.66667,8.0,4.0,11.33333],"texture":"#2"}}},{"from":[5.0,11.25,6.0],"to":[6.0,13.25,7.0],"rotation":{"origin":[5.0,10.25,6.0],"axis":"y","angle":0.0},"faces":{"east":{"uv":[5.33333,10.0,6.0,11.33333],"texture":"#2"},"west":{"uv":[6.0,10.0,6.66667,11.33333],"texture":"#2"},"up":{"uv":[10.0,10.66667,9.33333,10.0],"texture":"#2"},"down":{"uv":[10.66667,10.0,10.0,10.66667],"texture":"#2"}}},{"from":[4.5,9.5,8.25],"to":[5.0,11.0,9.75],"rotation":{"origin":[4.5,10.25,9.0],"axis":"x","angle":-45.0},"faces":{"north":{"uv":[10.66667,4.66667,11.0,5.66667],"texture":"#2"},"east":{"uv":[6.0,8.66667,7.0,9.66667],"texture":"#2"},"south":{"uv":[10.66667,6.0,11.0,7.0],"texture":"#2"},"west":{"uv":[8.66667,8.0,9.66667,9.0],"texture":"#2"},"up":{"uv":[9.0,11.66667,8.66667,10.66667],"texture":"#2"},"down":{"uv":[9.66667,10.66667,9.33333,11.66667],"texture":"#2"}}},{"from":[9.0,7.25,5.0],"to":[11.0,9.25,6.0],"rotation":{"origin":[11.0,7.25,5.0],"axis":"y","angle":0.0},"faces":{"north":{"uv":[2.0,8.66667,0.66667,10.0],"texture":"#2"},"east":{"uv":[9.33333,9.33333,8.66667,10.66667],"texture":"#2"},"south":{"uv":[10.0,0.66667,8.66667,2.0],"texture":"#2"},"west":{"uv":[8.0,8.66667,7.33333,10.0],"texture":"#2"},"up":{"uv":[9.33333,10.0,10.66667,9.33333],"texture":"#2"},"down":{"uv":[0.66667,10.0,2.0,10.66667],"texture":"#2"}}},{"from":[10.0,7.25,6.0],"to":[11.0,9.25,11.0],"rotation":{"origin":[11.0,7.25,6.0],"axis":"y","angle":0.0},"faces":{"east":{"uv":[10.66667,6.66667,7.33333,8.0],"texture":"#2"},"south":{"uv":[10.66667,0.66667,10.0,2.0],"texture":"#2"},"west":{"uv":[7.33333,6.66667,4.0,8.0],"texture":"#2"},"up":{"uv":[8.0,4.0,8.66667,0.66667],"texture":"#2"},"down":{"uv":[4.0,8.0,4.66667,11.33333],"texture":"#2"}}},{"from":[11.25,7.5,5.0],"to":[11.25,9.5,10.0],"rotation":{"origin":[12.25,7.5,5.0],"axis":"y","angle":0.0},"faces":{"east":{"uv":[3.33333,12.33333,0.0,13.66667],"texture":"#2"}}},{"from":[8.3,13.5,6.0],"to":[10.3,13.5,11.0],"rotation":{"origin":[9.3,13.5,8.5],"axis":"z","angle":0.0},"faces":{"up":{"uv":[3.33333,12.33333,0.0,13.66667],"texture":"#2","rotation":270}}},{"from":[5.7,13.5,6.0],"to":[7.7,13.5,11.0],"rotation":{"origin":[6.7,13.5,8.5],"axis":"z","angle":0.0},"faces":{"up":{"uv":[3.33333,13.66667,0.0,12.33333],"texture":"#2","rotation":270}}},{"from":[8.7,7.25,11.25],"to":[10.7,12.25,11.25],"rotation":{"origin":[9.7,9.75,11.25],"axis":"x","angle":0.0},"faces":{"south":{"uv":[3.33333,13.66667,0.0,12.33333],"texture":"#2","rotation":270}}},{"from":[5.3,7.25,11.25],"to":[7.3,12.25,11.25],"rotation":{"origin":[6.3,9.75,11.25],"axis":"x","angle":0.0},"faces":{"south":{"uv":[3.33333,12.33333,0.0,13.66667],"texture":"#2","rotation":270}}},{"from":[4.75,7.5,5.0],"to":[4.75,9.5,10.0],"rotation":{"origin":[3.75,7.5,5.0],"axis":"y","angle":0.0},"faces":{"west":{"uv":[0.0,12.33333,3.33333,13.66667],"texture":"#2"}}},{"from":[9.0,6.25,5.0],"to":[10.0,7.25,6.0],"rotation":{"origin":[11.0,5.25,5.0],"axis":"y","angle":0.0},"faces":{"north":{"uv":[1.33333,10.66667,0.66667,11.33333],"texture":"#2"},"east":{"uv":[11.33333,1.33333,10.66667,2.0],"texture":"#2"},"south":{"uv":[2.0,10.66667,1.33333,11.33333],"texture":"#2"},"west":{"uv":[11.33333,0.66667,10.66667,1.33333],"texture":"#2"},"down":{"uv":[10.66667,2.66667,11.33333,3.33333],"texture":"#2"}}},{"from":[10.0,9.25,7.0],"to":[11.0,13.25,11.0],"rotation":{"origin":[11.0,8.25,6.0],"axis":"y","angle":0.0},"faces":{"north":{"uv":[2.66667,8.66667,2.0,11.33333],"texture":"#2"},"east":{"uv":[5.33333,4.0,2.66667,6.66667],"texture":"#2"},"south":{"uv":[3.33333,8.66667,2.66667,11.33333],"texture":"#2"},"west":{"uv":[2.66667,4.0,0.0,6.66667],"texture":"#2"},"up":{"uv":[3.33333,11.33333,4.0,8.66667],"texture":"#2"}}},{"from":[11.0,9.5,8.25],"to":[11.5,11.0,9.75],"rotation":{"origin":[11.5,10.25,9.0],"axis":"x","angle":-45.0},"faces":{"north":{"uv":[11.0,4.66667,10.66667,5.66667],"texture":"#2"},"east":{"uv":[9.66667,8.0,8.66667,9.0],"texture":"#2"},"south":{"uv":[11.0,6.0,10.66667,7.0],"texture":"#2"},"west":{"uv":[7.0,8.66667,6.0,9.66667],"texture":"#2"},"up":{"uv":[8.66667,11.66667,9.0,10.66667],"texture":"#2"},"down":{"uv":[9.33333,10.66667,9.66667,11.66667],"texture":"#2"}}},{"from":[10.0,11.25,6.0],"to":[11.0,13.25,7.0],"rotation":{"origin":[11.0,10.25,6.0],"axis":"y","angle":0.0},"faces":{"east":{"uv":[6.66667,10.0,6.0,11.33333],"texture":"#2"},"west":{"uv":[6.0,10.0,5.33333,11.33333],"texture":"#2"},"up":{"uv":[9.33333,10.66667,10.0,10.0],"texture":"#2"},"down":{"uv":[10.0,10.0,10.66667,10.66667],"texture":"#2"}}},{"from":[7.0,12.0,4.75],"to":[9.0,14.0,5.75],"rotation":{"origin":[8.0,13.0,4.75],"axis":"z","angle":45.0},"faces":{"north":{"uv":[8.66667,2.66667,10.0,4.0],"texture":"#2"},"east":{"uv":[6.66667,10.0,7.33333,11.33333],"texture":"#2"},"south":{"uv":[4.66667,8.66667,6.0,10.0],"texture":"#2"},"west":{"uv":[7.33333,10.0,8.0,11.33333],"texture":"#2"},"up":{"uv":[11.33333,8.66667,10.0,8.0],"texture":"#2"},"down":{"uv":[11.33333,8.66667,10.0,9.33333],"texture":"#2"}}},{"from":[7.25,12.25,4.5],"to":[8.75,13.75,4.75],"rotation":{"origin":[8.0,13.0,3.75],"axis":"z","angle":45.0},"faces":{"north":{"uv":[9.33333,5.33333,10.33333,6.33333],"texture":"#2"},"east":{"uv":[10.66667,9.33333,11.0,10.33333],"texture":"#2"},"west":{"uv":[10.0,10.66667,10.33333,11.66667],"texture":"#2"},"up":{"uv":[11.66667,7.66667,10.66667,7.33333],"texture":"#2"},"down":{"uv":[11.66667,10.66667,10.66667,11.0],"texture":"#2"}}},{"from":[7.5,13.0,5.75],"to":[8.5,14.0,10.75],"rotation":{"origin":[8.0,13.5,5.75],"axis":"z","angle":45.0},"faces":{"east":{"uv":[8.0,4.0,11.33333,4.66667],"texture":"#2"},"south":{"uv":[10.66667,3.33333,11.33333,4.0],"texture":"#2"},"west":{"uv":[4.66667,8.0,8.0,8.66667],"texture":"#2"},"up":{"uv":[8.66667,11.33333,8.0,8.0],"texture":"#2"},"down":{"uv":[0.66667,8.66667,0.0,12.0],"texture":"#2"}}},{"from":[6.25,11.51053,4.5],"to":[9.75,15.01053,4.5],"rotation":{"origin":[8.0,13.26053,4.5],"axis":"z","angle":45.0},"faces":{"north":{"uv":[0.0,0.0,7.0,7.0],"texture":"#1"}}},{"from":[4.77411,7.875,9.55068],"to":[4.80411,12.875,14.05068],"rotation":{"origin":[4.80411,7.875,9.55068],"axis":"y","angle":-45.0},"faces":{"east":{"uv":[4.5,0.0,0.0,5.0],"texture":"#main"},"west":{"uv":[0.0,0.0,4.5,5.0],"texture":"#main"}}},{"from":[4.77411,7.875,9.55068],"to":[4.80411,12.875,14.05068],"rotation":{"origin":[4.80411,7.875,9.55068],"axis":"y","angle":-22.5},"faces":{"east":{"uv":[12.5,0.0,8.0,5.0],"texture":"#main"},"west":{"uv":[8.0,0.0,12.5,5.0],"texture":"#main"}}},{"from":[4.77411,7.875,9.55068],"to":[4.80411,12.875,14.05068],"rotation":{"origin":[4.80411,7.875,9.55068],"axis":"y","angle":0.0},"faces":{"east":{"uv":[4.5,8.0,0.0,13.0],"texture":"#main"},"west":{"uv":[0.0,8.0,4.5,13.0],"texture":"#main"}}},{"from":[11.19589,7.875,9.55068],"to":[11.22589,12.875,14.05068],"rotation":{"origin":[11.19589,7.875,9.55068],"axis":"y","angle":45.0},"faces":{"east":{"uv":[4.5,0.0,0.0,5.0],"texture":"#main"},"west":{"uv":[0.0,0.0,4.5,5.0],"texture":"#main"}}},{"from":[11.19589,7.875,9.55068],"to":[11.22589,12.875,14.05068],"rotation":{"origin":[11.19589,7.875,9.55068],"axis":"y","angle":22.5},"faces":{"east":{"uv":[12.5,0.0,8.0,5.0],"texture":"#main"},"west":{"uv":[8.0,0.0,12.5,5.0],"texture":"#main"}}},{"from":[11.19589,7.875,9.55068],"to":[11.22589,12.875,14.05068],"rotation":{"origin":[11.19589,7.875,9.55068],"axis":"y","angle":0.0},"faces":{"east":{"uv":[4.5,8.0,0.0,13.0],"texture":"#main"},"west":{"uv":[0.0,8.0,4.5,13.0],"texture":"#main"}}}],"textures":{"particle":"7b2875ea-ba1e-4ed3-b42a-62917f0a9a12","1":"7b2875ea-ba1e-4ed3-b42a-62917f0a9a12","2":"48f9cff6-0fbe-4ea2-83e0-1e086af024d3","main":"a6734ce4-84df-40c8-a8dc-c6de1fc46f3c"},"gui_light":"front"}