{"display":{"fixed":{"rotation":[-90.0,0.0,0.0],"translation":[0.0,0.0,-16.0],"scale":[2.0,2.0,2.0]}},"elements":[{"from":[7.0,0.0,7.0],"to":[9.0,16.0,9.0],"faces":{"north":{"uv":[11.0,0.0,13.0,16.0],"texture":"#0"},"east":{"uv":[8.0,0.0,10.0,16.0],"texture":"#0"},"south":{"uv":[14.0,0.0,16.0,16.0],"texture":"#0"},"west":{"uv":[6.0,0.0,8.0,16.0],"texture":"#0"},"up":{"uv":[8.0,1.0,10.0,3.0],"texture":"#0"},"down":{"uv":[10.0,9.0,12.0,11.0],"texture":"#0"}}},{"from":[0.0,0.0,8.0],"to":[16.0,16.0,8.0],"faces":{"north":{"texture":"#1"},"east":{"uv":[0.0,0.0,0.0,16.0],"texture":"#1"},"south":{"texture":"#1"},"west":{"uv":[0.0,0.0,0.0,16.0],"texture":"#1"},"up":{"uv":[0.0,0.0,16.0,0.0],"texture":"#1"},"down":{"uv":[0.0,0.0,16.0,0.0],"texture":"#1"}}},{"from":[8.0,0.0,0.0],"to":[8.0,16.0,16.0],"faces":{"north":{"uv":[0.0,0.0,0.0,16.0],"texture":"#1"},"east":{"texture":"#1"},"south":{"uv":[0.0,0.0,0.0,16.0],"texture":"#1"},"west":{"texture":"#1"},"up":{"uv":[0.0,0.0,16.0,0.0],"texture":"#1","rotation":270},"down":{"uv":[0.0,0.0,16.0,0.0],"texture":"#1","rotation":90}}}],"textures":{"particle":"30d1574d-0dab-4fa4-bfd3-45fdecfa8166","0":"30d1574d-0dab-4fa4-bfd3-45fdecfa8166","1":"31231cd2-f7c6-4fe2-97ec-fad873b5b031"},"gui_light":"front"}