{"display":{"fixed":{"rotation":[-90.0,0.0,0.0],"translation":[0.0,0.0,-16.0],"scale":[2.0,2.0,2.0]}},"elements":[{"from":[8.0,7.0,2.0],"to":[8.0,19.0,14.0],"rotation":{"origin":[0.0,0.0,0.0],"axis":"z","angle":-45.0},"faces":{"north":{"uv":[0.0,0.0,0.0,16.0],"texture":"#0"},"east":{"uv":[0.0,0.0,16.0,16.0],"texture":"#0"},"south":{"uv":[0.0,0.0,0.0,16.0],"texture":"#0"},"west":{"uv":[0.0,0.0,16.0,16.0],"texture":"#0"},"up":{"uv":[0.0,0.0,0.0,16.0],"texture":"#0","rotation":180},"down":{"uv":[0.0,0.0,0.0,16.0],"texture":"#0","rotation":180}}},{"from":[2.0,-4.0,3.25],"to":[14.0,8.0,3.25],"rotation":{"origin":[0.0,0.0,0.0],"axis":"x","angle":-45.0},"faces":{"north":{"uv":[0.0,0.0,16.0,16.0],"texture":"#0"},"east":{"uv":[0.0,0.0,0.0,16.0],"texture":"#0"},"south":{"uv":[0.0,0.0,16.0,16.0],"texture":"#0"},"west":{"uv":[0.0,0.0,0.0,16.0],"texture":"#0"},"up":{"uv":[0.0,0.0,0.0,16.0],"texture":"#0","rotation":90},"down":{"uv":[0.0,0.0,0.0,16.0],"texture":"#0","rotation":270}}},{"from":[2.0,7.0,7.75],"to":[14.0,19.0,7.75],"rotation":{"origin":[0.0,0.0,0.0],"axis":"x","angle":45.0},"faces":{"north":{"uv":[0.0,0.0,16.0,16.0],"texture":"#0"},"east":{"uv":[0.0,0.0,0.0,16.0],"texture":"#0"},"south":{"uv":[0.0,0.0,16.0,16.0],"texture":"#0"},"west":{"uv":[0.0,0.0,0.0,16.0],"texture":"#0"},"up":{"uv":[0.0,0.0,0.0,16.0],"texture":"#0","rotation":90},"down":{"uv":[0.0,0.0,0.0,16.0],"texture":"#0","rotation":270}}},{"from":[3.5,-4.0,2.0],"to":[3.5,8.0,14.0],"rotation":{"origin":[0.0,0.0,0.0],"axis":"z","angle":45.0},"faces":{"north":{"uv":[0.0,0.0,0.0,16.0],"texture":"#0"},"east":{"uv":[0.0,0.0,16.0,16.0],"texture":"#0"},"south":{"uv":[0.0,0.0,0.0,16.0],"texture":"#0"},"west":{"uv":[0.0,0.0,16.0,16.0],"texture":"#0"},"up":{"uv":[0.0,0.0,0.0,16.0],"texture":"#0","rotation":180},"down":{"uv":[0.0,0.0,0.0,16.0],"texture":"#0","rotation":180}}},{"from":[4.0,0.25,4.0],"to":[12.0,6.25,12.0],"faces":{"north":{"uv":[0.0,7.0,8.0,13.0],"texture":"#1"},"east":{"uv":[5.0,5.0,13.0,11.0],"texture":"#1"},"south":{"uv":[3.0,4.0,11.0,10.0],"texture":"#1"},"west":{"uv":[5.0,5.0,13.0,11.0],"texture":"#1"},"up":{"texture":"#1"},"down":{"texture":"#1"}}}],"textures":{"particle":"c97e2d63-66f2-4773-b4f1-708639579368","0":"c97e2d63-66f2-4773-b4f1-708639579368","1":"ffe6251d-27d0-47d4-a7a3-89059ccceaf0"},"gui_light":"front"}