{"display":{"thirdperson_righthand":{"rotation":[73.75,0.0,0.0],"translation":[0.0,2.25,-0.75],"scale":[0.51,0.51,0.51]},"thirdperson_lefthand":{"rotation":[73.75,0.0,0.0],"translation":[0.0,2.25,-0.75],"scale":[0.51,0.51,0.51]},"firstperson_righthand":{"rotation":[0.0,136.0,0.0],"translation":[2.0,0.0,-3.75],"scale":[0.45,0.45,0.45]},"firstperson_lefthand":{"rotation":[0.0,136.0,0.0],"translation":[2.0,0.0,-3.75],"scale":[0.45,0.45,0.45]},"ground":{"translation":[0.0,3.0,0.0],"scale":[0.41,0.41,0.41]},"gui":{"rotation":[34.0,143.0,0.0],"translation":[0.0,0.25,0.0],"scale":[0.61,0.61,0.61]},"head":{"rotation":[0.0,-180.0,0.0],"translation":[0.0,-27.0,0.0],"scale":[2.09,2.09,2.09]},"fixed":{"rotation":[-90.0,0.0,0.0],"translation":[0.0,0.0,-25.0],"scale":[3.36,3.36,3.36]}},"elements":[{"from":[-11.19118,12.04435,0.25],"to":[-4.69118,12.04435,15.75],"rotation":{"origin":[-12.44118,8.04435,12.0],"axis":"z","angle":-22.5},"faces":{"north":{"uv":[0.0,9.6,3.2,10.6],"texture":"#1"},"east":{"uv":[7.8,4.8,12.6,5.8],"texture":"#1"},"south":{"uv":[3.2,9.6,6.4,10.6],"texture":"#1"},"west":{"uv":[3.0,7.2,7.8,8.2],"texture":"#1"},"up":{"uv":[9.95,1.3,9.75,0.0],"texture":"#1","rotation":270},"down":{"uv":[9.95,0.0,9.75,1.3],"texture":"#1","rotation":90}}},{"from":[-6.6,5.15,5.0],"to":[-4.6,7.15,6.5],"rotation":{"origin":[-5.6,5.15,8.0],"axis":"z","angle":-45.0},"faces":{"north":{"uv":[15.2,6.6,15.6,7.0],"texture":"#0"},"east":{"uv":[15.2,7.0,15.6,7.4],"texture":"#0"},"south":{"uv":[15.2,7.4,15.6,7.8],"texture":"#0"},"west":{"uv":[15.2,7.8,15.6,8.2],"texture":"#0"},"up":{"uv":[15.6,8.6,15.2,8.2],"texture":"#0"},"down":{"uv":[9.0,15.2,8.6,15.6],"texture":"#0"}}},{"from":[-6.6,5.15,9.5],"to":[-4.6,7.15,11.0],"rotation":{"origin":[-5.6,5.15,8.0],"axis":"z","angle":-45.0},"faces":{"north":{"uv":[15.2,8.6,15.6,9.0],"texture":"#0"},"east":{"uv":[9.0,15.2,9.4,15.6],"texture":"#0"},"south":{"uv":[15.2,9.0,15.6,9.4],"texture":"#0"},"west":{"uv":[9.4,15.2,9.8,15.6],"texture":"#0"},"up":{"uv":[15.6,9.8,15.2,9.4],"texture":"#0"},"down":{"uv":[10.2,15.2,9.8,15.6],"texture":"#0"}}},{"from":[-6.6,7.15,5.0],"to":[-4.6,8.9,11.0],"rotation":{"origin":[-5.6,5.15,8.0],"axis":"z","angle":-45.0},"faces":{"north":{"uv":[15.2,5.8,15.6,6.2],"texture":"#0"},"east":{"uv":[13.8,3.4,15.0,3.8],"texture":"#0"},"south":{"uv":[15.2,6.2,15.6,6.6],"texture":"#0"},"west":{"uv":[14.0,11.6,15.2,12.0],"texture":"#0"},"up":{"uv":[13.2,15.2,12.8,14.0],"texture":"#0"},"down":{"uv":[14.4,13.0,14.0,14.2],"texture":"#0"}}},{"from":[-5.18579,1.81421,6.0],"to":[-3.18579,2.81421,10.0],"rotation":{"origin":[-4.18579,6.56421,8.0],"axis":"z","angle":-45.0},"faces":{"north":{"uv":[6.4,12.0,6.8,12.2],"texture":"#0"},"east":{"uv":[11.2,10.8,12.0,11.0],"texture":"#0"},"south":{"uv":[12.0,10.8,12.4,11.0],"texture":"#0"},"west":{"uv":[12.2,6.8,13.0,7.0],"texture":"#0"},"up":{"uv":[0.8,15.4,0.4,14.6],"texture":"#0"},"down":{"uv":[1.2,14.6,0.8,15.4],"texture":"#0"}}},{"from":[-5.18579,2.81421,5.0],"to":[-3.18579,4.56421,11.0],"rotation":{"origin":[-4.18579,6.56421,8.0],"axis":"z","angle":-45.0},"faces":{"north":{"uv":[10.2,15.2,10.6,15.6],"texture":"#0"},"east":{"uv":[14.0,12.0,15.2,12.4],"texture":"#0"},"south":{"uv":[15.2,10.4,15.6,10.8],"texture":"#0"},"west":{"uv":[0.0,14.2,1.2,14.6],"texture":"#0"},"up":{"uv":[13.6,15.2,13.2,14.0],"texture":"#0"},"down":{"uv":[14.0,14.0,13.6,15.2],"texture":"#0"}}},{"from":[-3.75,6.11276,-4.12895],"to":[19.75,6.11276,2.37105],"rotation":{"origin":[8.0,2.11276,-5.37895],"axis":"x","angle":-22.5},"faces":{"north":{"uv":[3.0,7.2,7.8,8.2],"texture":"#1"},"east":{"uv":[0.0,9.6,3.2,10.6],"texture":"#1"},"south":{"uv":[7.8,4.8,12.6,5.8],"texture":"#1"},"west":{"uv":[3.2,9.6,6.4,10.6],"texture":"#1"},"up":{"uv":[9.95,1.3,9.75,0.0],"texture":"#1"},"down":{"uv":[9.95,0.0,9.75,1.3],"texture":"#1"}}},{"from":[-3.75,7.0,0.25],"to":[19.75,11.5,15.75],"faces":{"north":{"uv":[3.0,7.2,7.8,8.2],"texture":"#0"},"east":{"uv":[0.0,9.6,3.2,10.6],"texture":"#0"},"south":{"uv":[7.8,4.8,12.6,5.8],"texture":"#0"},"west":{"uv":[3.2,9.6,6.4,10.6],"texture":"#0"},"up":{"uv":[4.8,3.2,0.0,0.0],"texture":"#0"},"down":{"uv":[4.8,3.2,0.0,6.4],"texture":"#0"}}},{"from":[-3.52027,1.6976,2.025],"to":[-0.77027,8.6976,13.975],"rotation":{"origin":[-2.52027,10.6976,8.0],"axis":"z","angle":22.5},"faces":{"north":{"uv":[5.0,12.6,5.6,14.0],"texture":"#0"},"east":{"uv":[8.0,2.8,10.4,4.2],"texture":"#0"},"south":{"uv":[5.6,12.6,6.2,14.0],"texture":"#0"},"west":{"uv":[3.0,8.2,5.4,9.6],"texture":"#0"},"up":{"uv":[8.6,13.4,8.0,11.0],"texture":"#0"},"down":{"uv":[9.2,11.0,8.6,13.4],"texture":"#0"}}},{"from":[-1.61163,14.23863,1.5],"to":[-0.11163,18.23863,3.475],"rotation":{"origin":[-5.61163,14.54522,8.475],"axis":"z","angle":-45.0},"faces":{"north":{"uv":[4.2,6.4,4.6,7.2],"texture":"#0"},"east":{"uv":[3.2,14.2,3.6,15.0],"texture":"#0"},"south":{"uv":[3.6,14.2,4.0,15.0],"texture":"#0"},"west":{"uv":[14.2,4.8,14.6,5.6],"texture":"#0"},"up":{"uv":[15.0,10.4,14.6,10.0],"texture":"#0"},"down":{"uv":[2.0,14.8,1.6,15.2],"texture":"#0"}}},{"from":[-1.61163,14.23863,12.525],"to":[-0.11163,18.23863,14.5],"rotation":{"origin":[-5.61163,14.54522,7.525],"axis":"z","angle":-45.0},"faces":{"north":{"uv":[14.4,8.0,14.8,8.8],"texture":"#0"},"east":{"uv":[14.4,13.0,14.8,13.8],"texture":"#0"},"south":{"uv":[14.4,13.8,14.8,14.6],"texture":"#0"},"west":{"uv":[0.0,14.6,0.4,15.4],"texture":"#0"},"up":{"uv":[15.2,15.2,14.8,14.8],"texture":"#0"},"down":{"uv":[15.4,0.8,15.0,1.2],"texture":"#0"}}},{"from":[-0.32122,0.53284,1.3],"to":[16.32878,2.53284,3.25],"faces":{"north":{"uv":[10.2,9.6,13.6,10.0],"texture":"#0"},"east":{"uv":[10.4,3.8,10.8,4.2],"texture":"#0"},"south":{"uv":[11.0,4.4,14.4,4.8],"texture":"#0"},"west":{"uv":[6.4,11.6,6.8,12.0],"texture":"#0"},"up":{"uv":[14.4,7.4,11.0,7.0],"texture":"#0"},"down":{"uv":[14.4,7.4,11.0,7.8],"texture":"#0"}}},{"from":[-0.32122,0.53284,12.75],"to":[16.32878,2.53284,14.7],"faces":{"north":{"uv":[11.0,7.8,14.4,8.2],"texture":"#0"},"east":{"uv":[14.8,6.2,15.2,6.6],"texture":"#0"},"south":{"uv":[11.0,8.2,14.4,8.6],"texture":"#0"},"west":{"uv":[14.8,6.6,15.2,7.0],"texture":"#0"},"up":{"uv":[12.6,11.4,9.2,11.0],"texture":"#0"},"down":{"uv":[14.6,10.0,11.2,10.4],"texture":"#0"}}},{"from":[-0.17122,12.80784,1.525],"to":[16.17878,14.30784,3.475],"faces":{"north":{"uv":[11.8,1.8,15.0,2.2],"texture":"#0"},"east":{"uv":[10.6,15.2,11.0,15.6],"texture":"#0"},"south":{"uv":[11.8,2.2,15.0,2.6],"texture":"#0"},"west":{"uv":[15.2,10.8,15.6,11.2],"texture":"#0"},"up":{"uv":[15.0,3.0,11.8,2.6],"texture":"#0"},"down":{"uv":[15.0,3.0,11.8,3.4],"texture":"#0"}}},{"from":[-0.17122,12.80784,12.525],"to":[16.17878,14.30784,14.475],"faces":{"north":{"uv":[11.2,10.4,14.4,10.8],"texture":"#0"},"east":{"uv":[14.8,3.8,15.2,4.2],"texture":"#0"},"south":{"uv":[9.2,11.4,12.4,11.8],"texture":"#0"},"west":{"uv":[14.8,4.2,15.2,4.6],"texture":"#0"},"up":{"uv":[15.0,1.4,11.8,1.0],"texture":"#0"},"down":{"uv":[15.0,1.4,11.8,1.8],"texture":"#0"}}},{"from":[-0.13406,-1.02123,1.275],"to":[1.36594,5.97877,3.25],"rotation":{"origin":[-4.13406,-0.71464,8.25],"axis":"z","angle":22.5},"faces":{"north":{"uv":[9.0,13.8,9.4,15.2],"texture":"#0"},"east":{"uv":[9.4,13.8,9.8,15.2],"texture":"#0"},"south":{"uv":[9.8,13.8,10.2,15.2],"texture":"#0"},"west":{"uv":[10.2,13.8,10.6,15.2],"texture":"#0"},"up":{"uv":[12.6,15.6,12.2,15.2],"texture":"#0"},"down":{"uv":[15.6,12.4,15.2,12.8],"texture":"#0"}}},{"from":[-0.13406,-1.02123,3.25],"to":[1.36594,0.47877,12.75],"rotation":{"origin":[-4.13406,-0.71464,8.25],"axis":"z","angle":22.5},"faces":{"north":{"uv":[13.4,15.2,13.8,15.6],"texture":"#0"},"east":{"uv":[11.6,12.8,13.6,13.2],"texture":"#0"},"south":{"uv":[15.2,13.6,15.6,14.0],"texture":"#0"},"west":{"uv":[0.0,13.0,2.0,13.4],"texture":"#0"},"up":{"uv":[2.4,15.0,2.0,13.0],"texture":"#0"},"down":{"uv":[2.8,13.0,2.4,15.0],"texture":"#0"}}},{"from":[-0.13406,-1.02123,12.75],"to":[1.36594,5.97877,14.725],"rotation":{"origin":[-4.13406,-0.71464,7.75],"axis":"z","angle":22.5},"faces":{"north":{"uv":[6.0,14.0,6.4,15.4],"texture":"#0"},"east":{"uv":[6.4,14.0,6.8,15.4],"texture":"#0"},"south":{"uv":[7.8,14.0,8.2,15.4],"texture":"#0"},"west":{"uv":[8.2,14.0,8.6,15.4],"texture":"#0"},"up":{"uv":[13.4,15.6,13.0,15.2],"texture":"#0"},"down":{"uv":[15.6,13.2,15.2,13.6],"texture":"#0"}}},{"from":[0.0,2.0,2.0],"to":[16.0,9.0,14.0],"faces":{"north":{"uv":[7.8,5.8,11.0,7.2],"texture":"#0"},"east":{"uv":[5.4,8.2,7.8,9.6],"texture":"#0"},"south":{"uv":[7.8,7.2,11.0,8.6],"texture":"#0"},"west":{"uv":[7.8,8.6,10.2,10.0],"texture":"#0"},"up":{"uv":[8.0,2.4,4.8,0.0],"texture":"#0"},"down":{"uv":[8.0,2.4,4.8,4.8],"texture":"#0"}}},{"from":[0.5,11.5,8.0],"to":[15.5,26.5,8.0],"rotation":{"origin":[8.0,19.0,8.0],"axis":"y","angle":-45.0},"faces":{"north":{"uv":[0.0,0.0,4.5,4.25],"texture":"#1"},"east":{"uv":[0.0,0.0,0.0,2.0],"texture":"#1"},"south":{"uv":[4.5,0.0,0.0,4.25],"texture":"#1"},"west":{"uv":[0.4,0.0,0.4,2.0],"texture":"#1"},"up":{"uv":[0.0,0.4,2.0,0.4],"texture":"#1"},"down":{"uv":[0.0,0.0,2.0,0.0],"texture":"#1"}}},{"from":[0.5,11.5,8.0],"to":[15.5,26.5,8.0],"rotation":{"origin":[8.0,19.0,8.0],"axis":"y","angle":45.0},"faces":{"north":{"uv":[4.5,0.0,0.0,4.25],"texture":"#1"},"east":{"uv":[0.4,0.0,0.4,2.0],"texture":"#1"},"south":{"uv":[0.0,0.0,4.5,4.25],"texture":"#1"},"west":{"uv":[0.0,0.0,0.0,2.0],"texture":"#1"},"up":{"uv":[2.0,0.4,0.0,0.4],"texture":"#1"},"down":{"uv":[2.0,0.0,0.0,0.0],"texture":"#1"}}},{"from":[0.5032,10.89914,2.025],"to":[15.5032,13.64914,13.975],"faces":{"north":{"uv":[8.0,4.2,11.0,4.8],"texture":"#0"},"east":{"uv":[11.0,3.8,13.4,4.4],"texture":"#0"},"south":{"uv":[0.0,8.8,3.0,9.4],"texture":"#0"},"west":{"uv":[4.4,11.0,6.8,11.6],"texture":"#0"},"up":{"uv":[7.8,7.2,4.8,4.8],"texture":"#0"},"down":{"uv":[3.0,6.4,0.0,8.8],"texture":"#0"}}},{"from":[3.39228,7.12401,2.05],"to":[7.64228,11.62401,13.95],"rotation":{"origin":[4.39228,16.12401,8.0],"axis":"z","angle":-45.0},"faces":{"north":{"uv":[12.6,10.8,13.4,11.8],"texture":"#0"},"east":{"uv":[10.2,8.6,12.6,9.6],"texture":"#0"},"south":{"uv":[12.8,0.0,13.6,1.0],"texture":"#0"},"west":{"uv":[10.4,0.0,12.8,1.0],"texture":"#0"},"up":{"uv":[2.4,13.0,1.6,10.6],"texture":"#0"},"down":{"uv":[3.2,10.6,2.4,13.0],"texture":"#0"}}},{"from":[4.5,13.5,4.5],"to":[11.5,15.5,11.5],"faces":{"north":{"uv":[6.4,9.6,7.8,10.0],"texture":"#0"},"east":{"uv":[13.4,9.2,14.8,9.6],"texture":"#0"},"south":{"uv":[13.4,10.8,14.8,11.2],"texture":"#0"},"west":{"uv":[13.4,11.2,14.8,11.6],"texture":"#0"},"up":{"uv":[11.8,2.4,10.4,1.0],"texture":"#0"},"down":{"uv":[11.8,2.4,10.4,3.8],"texture":"#0"}}},{"from":[5.25,5.9,-0.75],"to":[10.75,12.4,2.25],"faces":{"north":{"uv":[11.0,5.8,12.2,7.0],"texture":"#0"},"east":{"uv":[2.8,13.0,3.4,14.2],"texture":"#0"},"south":{"uv":[6.8,11.0,8.0,12.2],"texture":"#0"},"west":{"uv":[3.4,13.0,4.0,14.2],"texture":"#0"},"up":{"uv":[4.2,7.0,3.0,6.4],"texture":"#0"},"down":{"uv":[14.4,5.8,13.2,6.4],"texture":"#0"}}},{"from":[5.5,14.5,5.5],"to":[10.5,17.0,10.5],"faces":{"north":{"uv":[13.2,6.4,14.2,7.0],"texture":"#0"},"east":{"uv":[13.4,3.8,14.4,4.4],"texture":"#0"},"south":{"uv":[8.0,13.4,9.0,14.0],"texture":"#0"},"west":{"uv":[13.4,8.6,14.4,9.2],"texture":"#0"},"up":{"uv":[5.4,12.6,4.4,11.6],"texture":"#0"},"down":{"uv":[6.4,11.6,5.4,12.6],"texture":"#0"}}},{"from":[5.5,17.0,5.5],"to":[7.5,18.5,7.5],"faces":{"north":{"uv":[15.0,2.8,15.4,3.2],"texture":"#0"},"east":{"uv":[3.2,15.0,3.6,15.4],"texture":"#0"},"south":{"uv":[15.0,3.2,15.4,3.6],"texture":"#0"},"west":{"uv":[3.6,15.0,4.0,15.4],"texture":"#0"},"up":{"uv":[15.4,5.0,15.0,4.6],"texture":"#0"},"down":{"uv":[15.4,5.0,15.0,5.4],"texture":"#0"}}},{"from":[5.5,17.0,8.5],"to":[7.5,18.5,10.5],"faces":{"north":{"uv":[7.2,15.0,7.6,15.4],"texture":"#0"},"east":{"uv":[15.0,10.0,15.4,10.4],"texture":"#0"},"south":{"uv":[14.0,15.0,14.4,15.4],"texture":"#0"},"west":{"uv":[15.2,0.0,15.6,0.4],"texture":"#0"},"up":{"uv":[15.6,0.8,15.2,0.4],"texture":"#0"},"down":{"uv":[1.6,15.2,1.2,15.6],"texture":"#0"}}},{"from":[5.82523,16.71819,5.46],"to":[10.90523,21.79819,10.54],"rotation":{"origin":[8.04773,19.89319,7.365],"axis":"z","angle":-45.0},"faces":{"north":{"uv":[9.2,11.8,10.2,12.8],"texture":"#0"},"east":{"uv":[10.2,11.8,11.2,12.8],"texture":"#0"},"south":{"uv":[11.2,11.8,12.2,12.8],"texture":"#0"},"west":{"uv":[12.2,5.8,13.2,6.8],"texture":"#0"},"up":{"uv":[7.4,13.2,6.4,12.2],"texture":"#0"},"down":{"uv":[13.2,11.8,12.2,12.8],"texture":"#0"}}},{"from":[6.25,6.9,-1.75],"to":[9.75,11.4,-0.75],"faces":{"north":{"uv":[6.2,13.2,7.0,14.0],"texture":"#0"},"east":{"uv":[4.6,6.4,4.8,7.2],"texture":"#0"},"south":{"uv":[11.6,13.2,12.4,14.0],"texture":"#0"},"west":{"uv":[10.6,13.8,10.8,14.6],"texture":"#0"},"up":{"uv":[3.8,7.2,3.0,7.0],"texture":"#0"},"down":{"uv":[0.8,9.4,0.0,9.6],"texture":"#0"}}},{"from":[6.25,17.25,6.0],"to":[10.25,21.25,10.0],"rotation":{"origin":[8.0,19.75,7.5],"axis":"z","angle":-45.0},"faces":{"north":{"uv":[13.2,11.8,14.0,12.6],"texture":"#0"},"east":{"uv":[12.4,13.2,13.2,14.0],"texture":"#0"},"south":{"uv":[13.2,13.2,14.0,14.0],"texture":"#0"},"west":{"uv":[0.0,13.4,0.8,14.2],"texture":"#0"},"up":{"uv":[1.6,14.2,0.8,13.4],"texture":"#0"},"down":{"uv":[14.2,4.8,13.4,5.6],"texture":"#0"}}},{"from":[8.35772,7.12401,2.05],"to":[12.60772,11.62401,13.95],"rotation":{"origin":[11.60772,16.12401,8.0],"axis":"z","angle":45.0},"faces":{"north":{"uv":[12.6,4.8,13.4,5.8],"texture":"#0"},"east":{"uv":[6.4,10.0,8.8,11.0],"texture":"#0"},"south":{"uv":[12.6,8.6,13.4,9.6],"texture":"#0"},"west":{"uv":[8.8,10.0,11.2,11.0],"texture":"#0"},"up":{"uv":[0.8,13.0,0.0,10.6],"texture":"#0"},"down":{"uv":[1.6,10.6,0.8,13.0],"texture":"#0"}}},{"from":[8.5,17.0,5.5],"to":[10.5,18.5,7.5],"faces":{"north":{"uv":[15.0,1.2,15.4,1.6],"texture":"#0"},"east":{"uv":[15.0,1.6,15.4,2.0],"texture":"#0"},"south":{"uv":[2.0,15.0,2.4,15.4],"texture":"#0"},"west":{"uv":[15.0,2.0,15.4,2.4],"texture":"#0"},"up":{"uv":[2.8,15.4,2.4,15.0],"texture":"#0"},"down":{"uv":[15.4,2.4,15.0,2.8],"texture":"#0"}}},{"from":[8.5,17.0,8.5],"to":[10.5,18.5,10.5],"faces":{"north":{"uv":[1.6,15.2,2.0,15.6],"texture":"#0"},"east":{"uv":[2.8,15.2,3.2,15.6],"texture":"#0"},"south":{"uv":[15.2,3.6,15.6,4.0],"texture":"#0"},"west":{"uv":[4.0,15.2,4.4,15.6],"texture":"#0"},"up":{"uv":[15.6,4.4,15.2,4.0],"texture":"#0"},"down":{"uv":[15.6,5.4,15.2,5.8],"texture":"#0"}}},{"from":[10.05,11.7,-0.825],"to":[5.95,6.6,-2.425],"faces":{"north":{"uv":[9.2,12.8,10.0,13.8],"texture":"#0"},"east":{"uv":[1.2,14.2,1.6,15.2],"texture":"#0"},"south":{"uv":[10.0,12.8,10.8,13.8],"texture":"#0"},"west":{"uv":[2.8,14.2,3.2,15.2],"texture":"#0"},"up":{"uv":[15.2,9.2,14.4,8.8],"texture":"#0"},"down":{"uv":[15.2,10.4,14.4,10.8],"texture":"#0"}}},{"from":[14.63406,-1.02123,1.275],"to":[16.13406,5.97877,3.25],"rotation":{"origin":[20.13406,-0.71464,8.25],"axis":"z","angle":-22.5},"faces":{"north":{"uv":[4.0,13.0,4.4,14.4],"texture":"#0"},"east":{"uv":[7.0,13.2,7.4,14.6],"texture":"#0"},"south":{"uv":[1.6,13.4,2.0,14.8],"texture":"#0"},"west":{"uv":[7.4,13.6,7.8,15.0],"texture":"#0"},"up":{"uv":[11.8,15.6,11.4,15.2],"texture":"#0"},"down":{"uv":[15.6,11.6,15.2,12.0],"texture":"#0"}}},{"from":[14.63406,-1.02123,3.25],"to":[16.13406,0.47877,12.75],"rotation":{"origin":[20.13406,-0.71464,8.25],"axis":"z","angle":-22.5},"faces":{"north":{"uv":[11.8,15.2,12.2,15.6],"texture":"#0"},"east":{"uv":[4.4,10.6,6.4,11.0],"texture":"#0"},"south":{"uv":[15.2,12.0,15.6,12.4],"texture":"#0"},"west":{"uv":[11.8,3.4,13.8,3.8],"texture":"#0"},"up":{"uv":[11.2,14.8,10.8,12.8],"texture":"#0"},"down":{"uv":[11.6,12.8,11.2,14.8],"texture":"#0"}}},{"from":[14.63406,-1.02123,12.75],"to":[16.13406,5.97877,14.725],"rotation":{"origin":[20.13406,-0.71464,7.75],"axis":"z","angle":-22.5},"faces":{"north":{"uv":[4.4,14.0,4.8,15.4],"texture":"#0"},"east":{"uv":[4.8,14.0,5.2,15.4],"texture":"#0"},"south":{"uv":[5.2,14.0,5.6,15.4],"texture":"#0"},"west":{"uv":[5.6,14.0,6.0,15.4],"texture":"#0"},"up":{"uv":[13.0,15.6,12.6,15.2],"texture":"#0"},"down":{"uv":[15.6,12.8,15.2,13.2],"texture":"#0"}}},{"from":[16.11163,14.23863,1.5],"to":[17.61163,18.23863,3.475],"rotation":{"origin":[21.61163,14.54522,8.475],"axis":"z","angle":45.0},"faces":{"north":{"uv":[14.6,4.6,15.0,5.4],"texture":"#0"},"east":{"uv":[6.8,14.6,7.2,15.4],"texture":"#0"},"south":{"uv":[14.4,14.6,14.8,15.4],"texture":"#0"},"west":{"uv":[14.8,0.0,15.2,0.8],"texture":"#0"},"up":{"uv":[11.4,15.6,11.0,15.2],"texture":"#0"},"down":{"uv":[15.6,11.2,15.2,11.6],"texture":"#0"}}},{"from":[16.11163,14.23863,12.525],"to":[17.61163,18.23863,14.5],"rotation":{"origin":[21.61163,14.54522,7.525],"axis":"z","angle":45.0},"faces":{"north":{"uv":[14.0,14.2,14.4,15.0],"texture":"#0"},"east":{"uv":[14.4,3.8,14.8,4.6],"texture":"#0"},"south":{"uv":[4.0,14.4,4.4,15.2],"texture":"#0"},"west":{"uv":[14.4,5.6,14.8,6.4],"texture":"#0"},"up":{"uv":[15.2,5.8,14.8,5.4],"texture":"#0"},"down":{"uv":[15.2,5.8,14.8,6.2],"texture":"#0"}}},{"from":[16.77027,1.6976,2.025],"to":[19.52027,8.6976,13.975],"rotation":{"origin":[18.52027,10.6976,8.0],"axis":"z","angle":-22.5},"faces":{"north":{"uv":[7.4,12.2,8.0,13.6],"texture":"#0"},"east":{"uv":[8.0,0.0,10.4,1.4],"texture":"#0"},"south":{"uv":[4.4,12.6,5.0,14.0],"texture":"#0"},"west":{"uv":[8.0,1.4,10.4,2.8],"texture":"#0"},"up":{"uv":[3.8,13.0,3.2,10.6],"texture":"#0"},"down":{"uv":[4.4,10.6,3.8,13.0],"texture":"#0"}}},{"from":[19.18579,1.81421,6.0],"to":[21.18579,2.81421,10.0],"rotation":{"origin":[20.18579,6.56421,8.0],"axis":"z","angle":45.0},"faces":{"north":{"uv":[3.8,7.0,4.2,7.2],"texture":"#0"},"east":{"uv":[0.8,9.4,1.6,9.6],"texture":"#0"},"south":{"uv":[2.4,9.4,2.8,9.6],"texture":"#0"},"west":{"uv":[1.6,9.4,2.4,9.6],"texture":"#0"},"up":{"uv":[14.8,7.2,14.4,6.4],"texture":"#0"},"down":{"uv":[14.8,7.2,14.4,8.0],"texture":"#0"}}},{"from":[19.18579,2.81421,5.0],"to":[21.18579,4.56421,11.0],"rotation":{"origin":[20.18579,6.56421,8.0],"axis":"z","angle":45.0},"faces":{"north":{"uv":[14.8,7.0,15.2,7.4],"texture":"#0"},"east":{"uv":[13.6,0.0,14.8,0.4],"texture":"#0"},"south":{"uv":[14.8,7.4,15.2,7.8],"texture":"#0"},"west":{"uv":[13.6,0.4,14.8,0.8],"texture":"#0"},"up":{"uv":[9.0,15.2,8.6,14.0],"texture":"#0"},"down":{"uv":[12.0,14.0,11.6,15.2],"texture":"#0"}}},{"from":[20.6,5.15,5.0],"to":[22.6,7.15,6.5],"rotation":{"origin":[21.6,5.15,8.0],"axis":"z","angle":45.0},"faces":{"north":{"uv":[11.0,14.8,11.4,15.2],"texture":"#0"},"east":{"uv":[14.8,11.2,15.2,11.6],"texture":"#0"},"south":{"uv":[14.8,12.4,15.2,12.8],"texture":"#0"},"west":{"uv":[14.8,12.8,15.2,13.2],"texture":"#0"},"up":{"uv":[15.2,13.6,14.8,13.2],"texture":"#0"},"down":{"uv":[15.2,13.6,14.8,14.0],"texture":"#0"}}},{"from":[20.6,5.15,9.5],"to":[22.6,7.15,11.0],"rotation":{"origin":[21.6,5.15,8.0],"axis":"z","angle":45.0},"faces":{"north":{"uv":[14.8,7.8,15.2,8.2],"texture":"#0"},"east":{"uv":[14.8,8.2,15.2,8.6],"texture":"#0"},"south":{"uv":[14.8,9.2,15.2,9.6],"texture":"#0"},"west":{"uv":[14.8,9.6,15.2,10.0],"texture":"#0"},"up":{"uv":[11.0,15.2,10.6,14.8],"texture":"#0"},"down":{"uv":[15.2,10.8,14.8,11.2],"texture":"#0"}}},{"from":[20.6,7.15,5.0],"to":[22.6,8.9,11.0],"rotation":{"origin":[21.6,5.15,8.0],"axis":"z","angle":45.0},"faces":{"north":{"uv":[14.8,14.0,15.2,14.4],"texture":"#0"},"east":{"uv":[13.6,9.6,14.8,10.0],"texture":"#0"},"south":{"uv":[14.8,14.4,15.2,14.8],"texture":"#0"},"west":{"uv":[13.6,12.6,14.8,13.0],"texture":"#0"},"up":{"uv":[12.4,15.2,12.0,14.0],"texture":"#0"},"down":{"uv":[12.8,14.0,12.4,15.2],"texture":"#0"}}},{"from":[20.69118,12.04435,0.25],"to":[27.19118,12.04435,15.75],"rotation":{"origin":[28.44118,8.04435,12.0],"axis":"z","angle":22.5},"faces":{"north":{"uv":[3.2,9.6,0.0,10.6],"texture":"#1"},"east":{"uv":[7.8,7.2,3.0,8.2],"texture":"#1"},"south":{"uv":[6.4,9.6,3.2,10.6],"texture":"#1"},"west":{"uv":[12.6,4.8,7.8,5.8],"texture":"#1"},"up":{"uv":[9.95,0.0,9.75,1.3],"texture":"#1","rotation":270},"down":{"uv":[9.95,1.3,9.75,0.0],"texture":"#1","rotation":90}}}],"textures":{"0":"c7925776-5d9d-45e2-9552-003532027ed8","1":"455a6563-d923-45dd-a5d1-fcb2a93bf453"},"gui_light":"front"}