{"display":{"thirdperson_righthand":{"rotation":[28.0,-90.0,0.0],"translation":[4.0,0.0,6.5],"scale":[0.5,0.5,0.5]},"thirdperson_lefthand":{"rotation":[28.0,-90.0,0.0],"translation":[4.0,0.0,6.5],"scale":[0.5,0.5,0.5]},"firstperson_righthand":{"rotation":[0.0,-51.5,0.0],"translation":[2.25,2.75,-1.75],"scale":[0.52,0.52,0.52]},"firstperson_lefthand":{"rotation":[0.0,-51.5,0.0],"translation":[2.25,2.75,-1.75],"scale":[0.52,0.52,0.52]},"ground":{"rotation":[45.0,0.0,0.0],"translation":[0.0,3.0,0.0],"scale":[0.26,0.26,0.26]},"gui":{"rotation":[2.0,160.0,34.0],"translation":[1.5,2.25,0.0],"scale":[0.58,0.58,0.58]},"head":{"scale":[0.0,0.0,0.0]},"fixed":{"translation":[0.0,4.75,-3.0]}},"elements":[{"from":[-9.725,-8.0,8.0],"to":[-1.725,15.0,8.0],"faces":{"north":{"uv":[14.0,10.25,16.0,16.0],"texture":"#1"},"east":{"uv":[0.0,0.75,0.0,8.75],"texture":"#1"},"south":{"uv":[16.0,10.25,14.0,16.0],"texture":"#1"},"west":{"uv":[0.5,0.75,0.5,8.75],"texture":"#1"},"up":{"uv":[0.0,0.5,2.5,0.5],"texture":"#1"},"down":{"uv":[0.0,0.0,2.5,0.0],"texture":"#1"}}},{"from":[-5.46911,1.92911,5.36],"to":[-0.50911,5.30911,10.0],"faces":{"north":{"uv":[14.75,1.0,16.0,1.75],"texture":"#0"},"east":{"uv":[14.75,4.25,16.0,5.0],"texture":"#0"},"south":{"uv":[14.75,5.0,16.0,5.75],"texture":"#0"},"west":{"uv":[14.75,5.75,16.0,6.5],"texture":"#0"},"up":{"uv":[4.25,14.0,3.0,12.75],"texture":"#0"},"down":{"uv":[5.5,12.75,4.25,14.0],"texture":"#0"}}},{"from":[-4.96911,-3.07089,5.86],"to":[-1.00911,10.30911,9.5],"faces":{"north":{"uv":[3.0,5.5,4.0,8.75],"texture":"#0"},"east":{"uv":[4.0,5.5,5.0,8.75],"texture":"#0"},"south":{"uv":[5.0,5.5,6.0,8.75],"texture":"#0"},"west":{"uv":[6.0,5.5,7.0,8.75],"texture":"#0"},"up":{"uv":[15.0,4.25,14.0,3.25],"texture":"#0"},"down":{"uv":[5.0,14.0,4.0,15.0],"texture":"#0"}}},{"from":[-4.89683,-5.5364,5.91],"to":[3.98317,-1.5764,9.475],"rotation":{"origin":[-1.95683,-4.2164,7.68],"axis":"z","angle":-45.0},"faces":{"north":{"uv":[11.25,3.5,13.5,4.5],"texture":"#0"},"east":{"uv":[13.75,5.75,14.75,6.75],"texture":"#0"},"south":{"uv":[11.25,4.5,13.5,5.5],"texture":"#0"},"west":{"uv":[0.75,14.0,1.75,15.0],"texture":"#0"},"up":{"uv":[13.5,8.5,11.25,7.5],"texture":"#0"},"down":{"uv":[13.75,1.5,11.5,2.5],"texture":"#0"}}},{"from":[-4.89683,8.81462,5.91],"to":[3.98317,12.77462,9.475],"rotation":{"origin":[-1.95683,11.45462,7.68],"axis":"z","angle":45.0},"faces":{"north":{"uv":[6.0,11.5,8.25,12.5],"texture":"#0"},"east":{"uv":[14.0,2.25,15.0,3.25],"texture":"#0"},"south":{"uv":[8.25,11.5,10.5,12.5],"texture":"#0"},"west":{"uv":[3.0,14.0,4.0,15.0],"texture":"#0"},"up":{"uv":[12.75,12.5,10.5,11.5],"texture":"#0"},"down":{"uv":[2.25,11.75,0.0,12.75],"texture":"#0"}}},{"from":[-3.5,-14.225,8.0],"to":[19.5,-6.225,8.0],"faces":{"north":{"uv":[16.0,16.0,14.0,10.25],"texture":"#1","rotation":270},"east":{"uv":[2.5,0.0,0.0,0.0],"texture":"#1","rotation":90},"south":{"uv":[14.0,16.0,16.0,10.25],"texture":"#1","rotation":90},"west":{"uv":[2.5,0.5,0.0,0.5],"texture":"#1","rotation":90},"up":{"uv":[0.0,8.75,0.0,0.75],"texture":"#1","rotation":90},"down":{"uv":[0.5,8.75,0.5,0.75],"texture":"#1","rotation":90}}},{"from":[-3.5,13.225,8.0],"to":[19.5,21.225,8.0],"faces":{"north":{"uv":[14.0,10.25,16.0,16.0],"texture":"#1","rotation":270},"east":{"uv":[0.0,0.5,2.5,0.5],"texture":"#1","rotation":90},"south":{"uv":[16.0,10.25,14.0,16.0],"texture":"#1","rotation":90},"west":{"uv":[0.0,0.0,2.5,0.0],"texture":"#1","rotation":90},"up":{"uv":[0.5,0.75,0.5,8.75],"texture":"#1","rotation":90},"down":{"uv":[0.0,0.75,0.0,8.75],"texture":"#1","rotation":90}}},{"from":[-1.9,-1.12,6.36],"to":[17.9,2.84,9.0],"faces":{"north":{"uv":[0.0,2.0,5.0,3.0],"texture":"#0"},"east":{"uv":[15.0,2.75,15.75,3.75],"texture":"#0"},"south":{"uv":[0.0,3.0,5.0,4.0],"texture":"#0"},"west":{"uv":[3.0,15.0,3.75,16.0],"texture":"#0"},"up":{"uv":[10.0,0.75,5.0,0.0],"texture":"#0"},"down":{"uv":[10.0,0.75,5.0,1.5],"texture":"#0"}}},{"from":[-1.9,4.16,6.36],"to":[17.9,8.12,9.0],"faces":{"north":{"uv":[0.0,0.0,5.0,1.0],"texture":"#0"},"east":{"uv":[0.75,15.0,1.5,16.0],"texture":"#0"},"south":{"uv":[0.0,1.0,5.0,2.0],"texture":"#0"},"west":{"uv":[15.0,1.75,15.75,2.75],"texture":"#0"},"up":{"uv":[8.0,4.75,3.0,4.0],"texture":"#0"},"down":{"uv":[8.0,4.75,3.0,5.5],"texture":"#0"}}},{"from":[1.31,-9.35,5.86],"to":[14.69,-5.39,9.5],"faces":{"north":{"uv":[5.0,1.5,8.25,2.5],"texture":"#0"},"east":{"uv":[14.0,10.25,15.0,11.25],"texture":"#0"},"south":{"uv":[5.0,2.5,8.25,3.5],"texture":"#0"},"west":{"uv":[14.25,0.0,15.25,1.0],"texture":"#0"},"up":{"uv":[10.25,6.5,7.0,5.5],"texture":"#0"},"down":{"uv":[10.25,6.5,7.0,7.5],"texture":"#0"}}},{"from":[1.31,12.62822,5.86],"to":[14.69,16.58822,9.5],"faces":{"north":{"uv":[8.0,3.5,11.25,4.5],"texture":"#0"},"east":{"uv":[14.25,12.25,15.25,13.25],"texture":"#0"},"south":{"uv":[8.0,4.5,11.25,5.5],"texture":"#0"},"west":{"uv":[13.0,14.25,14.0,15.25],"texture":"#0"},"up":{"uv":[11.25,8.5,8.0,7.5],"texture":"#0"},"down":{"uv":[11.5,1.5,8.25,2.5],"texture":"#0"}}},{"from":[2.06,-6.4,6.36],"to":[13.94,-2.44,9.0],"faces":{"north":{"uv":[3.0,8.75,6.0,9.75],"texture":"#0"},"east":{"uv":[3.75,15.0,4.5,16.0],"texture":"#0"},"south":{"uv":[8.0,9.5,11.0,10.5],"texture":"#0"},"west":{"uv":[4.5,15.0,5.25,16.0],"texture":"#0"},"up":{"uv":[13.0,0.75,10.0,0.0],"texture":"#0"},"down":{"uv":[13.0,0.75,10.0,1.5],"texture":"#0"}}},{"from":[2.06,9.44,6.36],"to":[13.94,13.4,9.0],"faces":{"north":{"uv":[8.25,2.5,11.25,3.5],"texture":"#0"},"east":{"uv":[14.75,8.25,15.5,9.25],"texture":"#0"},"south":{"uv":[8.0,8.5,11.0,9.5],"texture":"#0"},"west":{"uv":[0.0,15.0,0.75,16.0],"texture":"#0"},"up":{"uv":[6.0,10.5,3.0,9.75],"texture":"#0"},"down":{"uv":[3.0,10.0,0.0,10.75],"texture":"#0"}}},{"from":[5.0,-2.0,5.0],"to":[11.0,9.0,8.0],"faces":{"north":{"uv":[0.0,4.0,1.5,6.75],"texture":"#0"},"east":{"uv":[2.25,10.75,3.0,13.5],"texture":"#0"},"south":{"uv":[1.5,4.0,3.0,6.75],"texture":"#0"},"west":{"uv":[10.0,12.5,10.75,15.25],"texture":"#0"},"up":{"uv":[14.0,7.5,12.5,6.75],"texture":"#0"},"down":{"uv":[14.75,8.5,13.25,9.25],"texture":"#0"}}},{"from":[6.0,-11.0,2.5],"to":[10.0,-2.0,5.5],"rotation":{"origin":[8.0,-3.0,4.0],"axis":"x","angle":-22.5},"faces":{"north":{"uv":[8.0,12.5,9.0,14.75],"texture":"#0"},"east":{"uv":[12.25,12.5,13.0,14.75],"texture":"#0"},"south":{"uv":[9.0,12.5,10.0,14.75],"texture":"#0"},"west":{"uv":[0.0,12.75,0.75,15.0],"texture":"#0"},"up":{"uv":[15.0,15.75,14.0,15.0],"texture":"#0"},"down":{"uv":[16.0,15.0,15.0,15.75],"texture":"#0"}}},{"from":[6.0,-1.0,3.5],"to":[10.0,8.0,5.0],"faces":{"north":{"uv":[6.0,8.75,7.0,11.0],"texture":"#0"},"east":{"uv":[5.5,12.75,6.0,15.0],"texture":"#0"},"south":{"uv":[3.0,10.5,4.0,12.75],"texture":"#0"},"west":{"uv":[2.0,13.5,2.5,15.75],"texture":"#0"},"up":{"uv":[6.0,4.0,5.0,3.5],"texture":"#0"},"down":{"uv":[7.0,3.5,6.0,4.0],"texture":"#0"}}},{"from":[6.0,9.0,2.5],"to":[10.0,18.0,5.5],"rotation":{"origin":[8.0,10.0,4.0],"axis":"x","angle":22.5},"faces":{"north":{"uv":[6.0,12.5,7.0,14.75],"texture":"#0"},"east":{"uv":[10.75,12.5,11.5,14.75],"texture":"#0"},"south":{"uv":[7.0,12.5,8.0,14.75],"texture":"#0"},"west":{"uv":[11.5,12.5,12.25,14.75],"texture":"#0"},"up":{"uv":[8.0,11.5,7.0,10.75],"texture":"#0"},"down":{"uv":[16.0,10.25,15.0,11.0],"texture":"#0"}}},{"from":[6.25045,-9.90955,5.36],"to":[9.63045,-4.94955,10.0],"faces":{"north":{"uv":[6.0,14.75,6.75,16.0],"texture":"#0"},"east":{"uv":[12.75,10.5,14.0,11.75],"texture":"#0"},"south":{"uv":[6.75,14.75,7.5,16.0],"texture":"#0"},"west":{"uv":[13.0,0.0,14.25,1.25],"texture":"#0"},"up":{"uv":[8.25,16.0,7.5,14.75],"texture":"#0"},"down":{"uv":[9.0,14.75,8.25,16.0],"texture":"#0"}}},{"from":[6.25045,12.06866,5.36],"to":[9.63045,17.02866,10.0],"faces":{"north":{"uv":[9.0,14.75,9.75,16.0],"texture":"#0"},"east":{"uv":[13.0,11.75,14.25,13.0],"texture":"#0"},"south":{"uv":[10.75,14.75,11.5,16.0],"texture":"#0"},"west":{"uv":[13.0,13.0,14.25,14.25],"texture":"#0"},"up":{"uv":[12.25,16.0,11.5,14.75],"texture":"#0"},"down":{"uv":[13.0,14.75,12.25,16.0],"texture":"#0"}}},{"from":[10.2,8.2,4.9],"to":[5.8,-1.2,3.0],"faces":{"north":{"uv":[4.0,10.5,5.0,12.75],"texture":"#0"},"east":{"uv":[2.5,13.5,3.0,15.75],"texture":"#0"},"south":{"uv":[5.0,10.5,6.0,12.75],"texture":"#0"},"west":{"uv":[13.5,2.5,14.0,4.75],"texture":"#0"},"up":{"uv":[8.0,4.0,7.0,3.5],"texture":"#0"},"down":{"uv":[7.0,11.0,6.0,11.5],"texture":"#0"}}},{"from":[12.01683,-5.5364,5.91],"to":[20.89683,-1.5764,9.475],"rotation":{"origin":[17.95683,-4.2164,7.68],"axis":"z","angle":45.0},"faces":{"north":{"uv":[0.0,10.75,2.25,11.75],"texture":"#0"},"east":{"uv":[13.75,1.25,14.75,2.25],"texture":"#0"},"south":{"uv":[11.0,8.5,13.25,9.5],"texture":"#0"},"west":{"uv":[13.75,4.75,14.75,5.75],"texture":"#0"},"up":{"uv":[13.25,10.5,11.0,9.5],"texture":"#0"},"down":{"uv":[13.5,2.5,11.25,3.5],"texture":"#0"}}},{"from":[12.01683,8.81462,5.91],"to":[20.89683,12.77462,9.475],"rotation":{"origin":[17.95683,11.45462,7.68],"axis":"z","angle":-45.0},"faces":{"north":{"uv":[10.25,5.5,12.5,6.5],"texture":"#0"},"east":{"uv":[13.25,9.25,14.25,10.25],"texture":"#0"},"south":{"uv":[10.25,6.5,12.5,7.5],"texture":"#0"},"west":{"uv":[13.5,7.5,14.5,8.5],"texture":"#0"},"up":{"uv":[10.25,11.5,8.0,10.5],"texture":"#0"},"down":{"uv":[12.5,10.5,10.25,11.5],"texture":"#0"}}},{"from":[16.50911,1.92911,5.36],"to":[21.46911,5.30911,10.0],"faces":{"north":{"uv":[14.0,6.75,15.25,7.5],"texture":"#0"},"east":{"uv":[14.25,13.25,15.5,14.0],"texture":"#0"},"south":{"uv":[14.0,14.25,15.25,15.0],"texture":"#0"},"west":{"uv":[14.5,7.5,15.75,8.25],"texture":"#0"},"up":{"uv":[13.75,6.75,12.5,5.5],"texture":"#0"},"down":{"uv":[2.0,12.75,0.75,14.0],"texture":"#0"}}},{"from":[17.00911,-3.07089,5.86],"to":[20.96911,10.30911,9.5],"faces":{"north":{"uv":[0.0,6.75,1.0,10.0],"texture":"#0"},"east":{"uv":[1.0,6.75,2.0,10.0],"texture":"#0"},"south":{"uv":[2.0,6.75,3.0,10.0],"texture":"#0"},"west":{"uv":[7.0,7.5,8.0,10.75],"texture":"#0"},"up":{"uv":[15.25,10.25,14.25,9.25],"texture":"#0"},"down":{"uv":[15.25,11.25,14.25,12.25],"texture":"#0"}}},{"from":[17.725,-8.0,8.0],"to":[25.725,15.0,8.0],"faces":{"north":{"uv":[16.0,16.0,14.0,10.25],"texture":"#1"},"east":{"uv":[0.5,8.75,0.5,0.75],"texture":"#1"},"south":{"uv":[14.0,16.0,16.0,10.25],"texture":"#1"},"west":{"uv":[0.0,8.75,0.0,0.75],"texture":"#1"},"up":{"uv":[2.5,0.0,0.0,0.0],"texture":"#1"},"down":{"uv":[2.5,0.5,0.0,0.5],"texture":"#1"}}}],"textures":{"0":"93f0d028-0fdb-42c1-b3bd-4d29881a5f15","1":"d3aa9fce-9a4b-4e12-856f-03378189add6"},"gui_light":"front"}