{"display":{"fixed":{"rotation":[-90.0,0.0,0.0],"translation":[0.0,0.0,-16.0],"scale":[2.0,2.0,2.0]}},"elements":[{"from":[6.0,0.0,6.0],"to":[10.0,10.0,10.0],"faces":{"north":{"uv":[8.0,6.0,12.0,16.0],"texture":"#1"},"east":{"uv":[8.0,6.0,12.0,16.0],"texture":"#1"},"south":{"uv":[8.0,6.0,12.0,16.0],"texture":"#1"},"west":{"uv":[8.0,6.0,12.0,16.0],"texture":"#1"},"up":{"uv":[8.0,6.0,12.0,10.0],"texture":"#1"},"down":{"uv":[8.0,6.0,12.0,10.0],"texture":"#1"}}},{"from":[7.0,18.0,7.0],"to":[9.0,24.0,9.0],"faces":{"north":{"uv":[8.0,0.66667,10.0,6.66667],"texture":"#1"},"east":{"uv":[8.0,0.66667,10.0,6.66667],"texture":"#1"},"south":{"uv":[8.0,0.66667,10.0,6.66667],"texture":"#1"},"west":{"uv":[8.0,0.66667,10.0,6.66667],"texture":"#1"},"up":{"uv":[8.0,0.66667,10.0,2.66667],"texture":"#1"},"down":{"uv":[8.0,0.66667,10.0,2.66667],"texture":"#1"}}},{"from":[6.5,10.0,6.5],"to":[9.5,18.0,9.5],"faces":{"north":{"uv":[8.0,3.0,11.0,11.0],"texture":"#1"},"east":{"uv":[8.0,3.0,11.0,11.0],"texture":"#1"},"south":{"uv":[8.0,3.0,11.0,11.0],"texture":"#1"},"west":{"uv":[8.0,3.0,11.0,11.0],"texture":"#1"},"up":{"uv":[8.0,3.0,11.0,6.0],"texture":"#1"},"down":{"uv":[8.0,3.0,11.0,6.0],"texture":"#1"}}},{"from":[6.0,19.0,17.0],"to":[10.0,19.0,19.0],"rotation":{"origin":[0.0,0.0,0.0],"axis":"x","angle":-22.5},"faces":{"north":{"uv":[0.0,0.0,2.0,0.0],"texture":"#0"},"east":{"uv":[0.0,0.0,1.0,0.0],"texture":"#0"},"south":{"uv":[0.0,0.0,2.0,0.0],"texture":"#0"},"west":{"uv":[0.0,0.0,1.0,0.0],"texture":"#0"},"up":{"uv":[0.0,8.0,2.0,9.0],"texture":"#0"},"down":{"uv":[0.0,0.0,2.0,1.0],"texture":"#0"}}},{"from":[6.0,14.7,-1.05],"to":[10.0,19.7,-1.05],"rotation":{"origin":[0.0,0.0,16.0],"axis":"y","angle":0.0},"faces":{"north":{"uv":[2.0,13.5,0.0,16.0],"texture":"#0"},"east":{"uv":[0.0,0.0,4.0,0.0],"texture":"#0","rotation":270},"south":{"uv":[2.0,16.0,0.0,12.0],"texture":"#0","rotation":180},"west":{"uv":[0.0,0.0,4.0,0.0],"texture":"#0","rotation":90},"up":{"uv":[0.0,0.0,2.0,0.0],"texture":"#0","rotation":180},"down":{"uv":[0.0,0.0,2.0,0.0],"texture":"#0"}}},{"from":[6.0,11.7,-7.3],"to":[10.0,15.7,-7.3],"rotation":{"origin":[0.0,0.0,16.0],"axis":"x","angle":22.5},"faces":{"north":{"uv":[2.0,8.5,0.0,10.5],"texture":"#0"},"east":{"uv":[0.0,0.0,2.0,0.0],"texture":"#0","rotation":270},"south":{"uv":[2.0,0.0,0.0,2.0],"texture":"#0","rotation":180},"west":{"uv":[0.0,0.0,2.0,0.0],"texture":"#0","rotation":90},"up":{"uv":[0.0,0.0,2.0,0.0],"texture":"#0","rotation":180},"down":{"uv":[0.0,0.0,2.0,0.0],"texture":"#0"}}},{"from":[6.0,27.55,21.55],"to":[10.0,27.55,23.55],"rotation":{"origin":[0.0,0.0,16.0],"axis":"x","angle":-45.0},"faces":{"north":{"uv":[2.0,0.0,0.0,0.0],"texture":"#0"},"east":{"uv":[1.0,0.0,0.0,0.0],"texture":"#0"},"south":{"uv":[2.0,0.0,0.0,0.0],"texture":"#0"},"west":{"uv":[1.0,0.0,0.0,0.0],"texture":"#0"},"up":{"uv":[0.0,1.5,2.0,0.5],"texture":"#0"},"down":{"uv":[0.0,1.0,2.0,0.0],"texture":"#0"}}},{"from":[6.0,24.8,1.8],"to":[10.0,24.8,5.8],"rotation":{"origin":[0.0,0.0,16.0],"axis":"y","angle":0.0},"faces":{"north":{"uv":[2.0,0.0,0.0,0.0],"texture":"#0"},"east":{"uv":[2.0,0.0,0.0,0.0],"texture":"#0"},"south":{"uv":[2.0,0.0,0.0,0.0],"texture":"#0"},"west":{"uv":[2.0,0.0,0.0,0.0],"texture":"#0"},"up":{"uv":[0.0,2.0,2.0,0.0],"texture":"#0"},"down":{"uv":[0.0,2.0,2.0,0.0],"texture":"#0"}}},{"from":[1.9,24.9,6.0],"to":[5.9,24.9,10.0],"rotation":{"origin":[0.0,0.0,16.0],"axis":"y","angle":0.0},"faces":{"north":{"uv":[2.0,0.0,0.0,0.0],"texture":"#0"},"east":{"uv":[2.0,0.0,0.0,0.0],"texture":"#0"},"south":{"uv":[2.0,0.0,0.0,0.0],"texture":"#0"},"west":{"uv":[2.0,0.0,0.0,0.0],"texture":"#0"},"up":{"uv":[0.0,12.5,2.0,10.5],"texture":"#0","rotation":270},"down":{"uv":[0.0,2.0,2.0,0.0],"texture":"#0","rotation":90}}},{"from":[6.0,19.0,-3.0],"to":[10.0,19.0,-1.0],"rotation":{"origin":[0.0,0.0,16.0],"axis":"x","angle":22.5},"faces":{"north":{"uv":[2.0,0.0,0.0,0.0],"texture":"#0"},"east":{"uv":[1.0,0.0,0.0,0.0],"texture":"#0"},"south":{"uv":[2.0,0.0,0.0,0.0],"texture":"#0"},"west":{"uv":[1.0,0.0,0.0,0.0],"texture":"#0"},"up":{"uv":[0.0,1.5,2.0,0.5],"texture":"#0"},"down":{"uv":[0.0,1.0,2.0,0.0],"texture":"#0"}}},{"from":[6.0,24.8,10.2],"to":[10.0,24.8,14.2],"faces":{"north":{"uv":[0.0,0.0,2.0,0.0],"texture":"#0"},"east":{"uv":[0.0,0.0,2.0,0.0],"texture":"#0"},"south":{"uv":[0.0,0.0,2.0,0.0],"texture":"#0"},"west":{"uv":[0.0,0.0,2.0,0.0],"texture":"#0"},"up":{"uv":[0.0,6.0,2.0,8.0],"texture":"#0"},"down":{"uv":[0.0,0.0,2.0,2.0],"texture":"#0"}}},{"from":[6.0,27.55,-7.55],"to":[10.0,27.55,-5.55],"rotation":{"origin":[0.0,0.0,0.0],"axis":"x","angle":45.0},"faces":{"north":{"uv":[0.0,0.0,2.0,0.0],"texture":"#0"},"east":{"uv":[0.0,0.0,1.0,0.0],"texture":"#0"},"south":{"uv":[0.0,0.0,2.0,0.0],"texture":"#0"},"west":{"uv":[0.0,0.0,1.0,0.0],"texture":"#0"},"up":{"uv":[0.0,0.5,2.0,1.5],"texture":"#0"},"down":{"uv":[0.0,0.0,2.0,1.0],"texture":"#0"}}},{"from":[16.95,16.3,6.0],"to":[18.95,16.3,10.0],"rotation":{"origin":[0.0,0.0,0.0],"axis":"z","angle":45.0},"faces":{"north":{"uv":[0.0,0.0,1.0,0.0],"texture":"#0"},"east":{"uv":[0.0,0.0,2.0,0.0],"texture":"#0"},"south":{"uv":[0.0,0.0,1.0,0.0],"texture":"#0"},"west":{"uv":[0.0,0.0,2.0,0.0],"texture":"#0"},"up":{"uv":[0.0,0.5,2.0,1.5],"texture":"#0","rotation":90},"down":{"uv":[0.0,0.0,2.0,1.0],"texture":"#0","rotation":270}}},{"from":[6.0,11.7,23.3],"to":[10.0,15.7,23.3],"rotation":{"origin":[0.0,0.0,0.0],"axis":"x","angle":-22.5},"faces":{"north":{"uv":[0.0,0.0,2.0,2.0],"texture":"#0","rotation":180},"east":{"uv":[0.0,0.0,2.0,0.0],"texture":"#0","rotation":270},"south":{"uv":[0.0,10.0,2.0,12.0],"texture":"#0"},"west":{"uv":[0.0,0.0,2.0,0.0],"texture":"#0","rotation":90},"up":{"uv":[0.0,0.0,2.0,0.0],"texture":"#0","rotation":180},"down":{"uv":[0.0,0.0,2.0,0.0],"texture":"#0"}}},{"from":[-8.55,17.95,6.0],"to":[-8.55,21.95,10.0],"rotation":{"origin":[0.0,0.0,0.0],"axis":"z","angle":-22.5},"faces":{"north":{"uv":[0.0,0.0,2.0,0.0],"texture":"#0","rotation":90},"east":{"uv":[0.0,0.0,2.0,2.0],"texture":"#0","rotation":180},"south":{"uv":[0.0,0.0,2.0,0.0],"texture":"#0","rotation":270},"west":{"uv":[0.0,10.0,2.0,12.0],"texture":"#0"},"up":{"uv":[0.0,0.0,2.0,0.0],"texture":"#0","rotation":270},"down":{"uv":[0.0,0.0,2.0,0.0],"texture":"#0","rotation":270}}},{"from":[18.1,25.2,6.0],"to":[20.1,25.2,10.0],"rotation":{"origin":[16.0,0.0,0.0],"axis":"z","angle":22.5},"faces":{"north":{"uv":[1.0,0.0,0.0,0.0],"texture":"#0"},"east":{"uv":[2.0,0.0,0.0,0.0],"texture":"#0"},"south":{"uv":[1.0,0.0,0.0,0.0],"texture":"#0"},"west":{"uv":[2.0,0.0,0.0,0.0],"texture":"#0"},"up":{"uv":[0.0,12.0,2.0,11.0],"texture":"#0","rotation":90},"down":{"uv":[1.0,0.0,0.0,2.0],"texture":"#0"}}},{"from":[10.1,24.9,6.0],"to":[14.1,24.9,10.0],"rotation":{"origin":[16.0,0.0,16.0],"axis":"y","angle":0.0},"faces":{"north":{"uv":[0.0,0.0,2.0,0.0],"texture":"#0"},"east":{"uv":[0.0,0.0,2.0,0.0],"texture":"#0"},"south":{"uv":[0.0,0.0,2.0,0.0],"texture":"#0"},"west":{"uv":[0.0,0.0,2.0,0.0],"texture":"#0"},"up":{"uv":[0.0,10.5,2.0,12.5],"texture":"#0","rotation":270},"down":{"uv":[0.0,0.0,2.0,2.0],"texture":"#0","rotation":90}}},{"from":[-2.95,16.3,6.0],"to":[-0.95,16.3,10.0],"rotation":{"origin":[16.0,0.0,0.0],"axis":"z","angle":-45.0},"faces":{"north":{"uv":[1.0,0.0,0.0,0.0],"texture":"#0"},"east":{"uv":[2.0,0.0,0.0,0.0],"texture":"#0"},"south":{"uv":[1.0,0.0,0.0,0.0],"texture":"#0"},"west":{"uv":[2.0,0.0,0.0,0.0],"texture":"#0"},"up":{"uv":[0.0,1.5,2.0,0.5],"texture":"#0","rotation":90},"down":{"uv":[0.0,1.0,2.0,0.0],"texture":"#0","rotation":270}}},{"from":[16.95,11.8,6.0],"to":[16.95,19.8,10.0],"rotation":{"origin":[16.0,0.0,0.0],"axis":"y","angle":0.0},"faces":{"north":{"uv":[0.0,0.0,4.0,0.0],"texture":"#0","rotation":270},"east":{"uv":[0.0,16.0,2.0,12.0],"texture":"#0","rotation":180},"south":{"uv":[0.0,0.0,4.0,0.0],"texture":"#0","rotation":90},"west":{"uv":[0.0,12.0,2.0,16.0],"texture":"#0"},"up":{"uv":[0.0,0.0,2.0,0.0],"texture":"#0","rotation":90},"down":{"uv":[0.0,0.0,2.0,0.0],"texture":"#0","rotation":90}}},{"from":[24.55,17.95,6.0],"to":[24.55,21.95,10.0],"rotation":{"origin":[16.0,0.0,0.0],"axis":"z","angle":22.5},"faces":{"north":{"uv":[0.0,0.0,2.0,0.0],"texture":"#0","rotation":90},"east":{"uv":[2.0,10.0,0.0,12.0],"texture":"#0"},"south":{"uv":[0.0,0.0,2.0,0.0],"texture":"#0","rotation":270},"west":{"uv":[2.0,0.0,0.0,2.0],"texture":"#0","rotation":180},"up":{"uv":[0.0,0.0,2.0,0.0],"texture":"#0","rotation":270},"down":{"uv":[0.0,0.0,2.0,0.0],"texture":"#0","rotation":270}}},{"from":[6.0,11.7,17.05],"to":[10.0,19.7,17.05],"faces":{"north":{"uv":[2.0,16.0,0.0,12.0],"texture":"#0","rotation":180},"east":{"uv":[0.0,0.0,4.0,0.0],"texture":"#0","rotation":270},"south":{"uv":[2.0,12.0,0.0,16.0],"texture":"#0"},"west":{"uv":[0.0,0.0,4.0,0.0],"texture":"#0","rotation":90},"up":{"uv":[0.0,0.0,2.0,0.0],"texture":"#0","rotation":180},"down":{"uv":[0.0,0.0,2.0,0.0],"texture":"#0"}}},{"from":[-0.95,11.8,6.0],"to":[-0.95,19.8,10.0],"faces":{"north":{"uv":[0.0,0.0,4.0,0.0],"texture":"#0","rotation":270},"east":{"uv":[2.0,12.0,0.0,16.0],"texture":"#0"},"south":{"uv":[0.0,0.0,4.0,0.0],"texture":"#0","rotation":90},"west":{"uv":[2.0,16.0,0.0,12.0],"texture":"#0","rotation":180},"up":{"uv":[0.0,0.0,2.0,0.0],"texture":"#0","rotation":90},"down":{"uv":[0.0,0.0,2.0,0.0],"texture":"#0","rotation":90}}},{"from":[-4.1,25.2,6.0],"to":[-2.1,25.2,10.0],"rotation":{"origin":[0.0,0.0,0.0],"axis":"z","angle":-22.5},"faces":{"north":{"uv":[0.0,0.0,1.0,0.0],"texture":"#0"},"east":{"uv":[0.0,0.0,2.0,0.0],"texture":"#0"},"south":{"uv":[0.0,0.0,1.0,0.0],"texture":"#0"},"west":{"uv":[0.0,0.0,2.0,0.0],"texture":"#0"},"up":{"uv":[0.0,11.0,2.0,12.0],"texture":"#0","rotation":90},"down":{"uv":[0.0,0.0,1.0,2.0],"texture":"#0"}}},{"from":[3.5,0.5,7.5],"to":[5.0,2.0,9.0],"rotation":{"origin":[4.0,0.0,4.0],"axis":"z","angle":-45.0},"faces":{"north":{"uv":[14.5,12.5,15.25,13.25],"texture":"#0"},"east":{"uv":[12.5,10.5,13.25,11.25],"texture":"#0"},"south":{"uv":[13.0,10.5,13.75,11.25],"texture":"#0"},"west":{"uv":[13.75,12.5,13.0,13.25],"texture":"#0"},"up":{"uv":[14.0,9.0,14.75,9.75],"texture":"#0"},"down":{"uv":[11.5,12.5,12.25,13.25],"texture":"#0"}}},{"from":[16.0,21.25,-2.0],"to":[17.0,22.25,-1.0],"rotation":{"origin":[4.0,0.0,4.0],"axis":"x","angle":22.5},"faces":{"north":{"uv":[15.0,11.5,15.5,12.0],"texture":"#0"},"east":{"uv":[15.0,11.5,15.5,12.0],"texture":"#0"},"south":{"uv":[15.0,11.0,15.5,11.5],"texture":"#0"},"west":{"uv":[15.0,11.5,15.5,12.0],"texture":"#0"},"up":{"uv":[15.0,11.5,15.5,12.0],"texture":"#0"},"down":{"uv":[15.0,11.5,15.5,12.0],"texture":"#0"}}},{"from":[16.0,19.5,-2.0],"to":[17.0,20.5,-1.0],"rotation":{"origin":[4.0,0.0,4.0],"axis":"x","angle":22.5},"faces":{"north":{"uv":[15.0,11.5,16.0,12.5],"texture":"#0"},"east":{"uv":[15.0,11.5,16.0,12.5],"texture":"#0"},"south":{"uv":[15.0,11.0,16.0,12.0],"texture":"#0"},"west":{"uv":[15.0,11.5,16.0,12.5],"texture":"#0"},"up":{"uv":[15.0,11.5,16.0,12.5],"texture":"#0"},"down":{"uv":[15.0,11.5,16.0,12.5],"texture":"#0"}}},{"from":[15.5,20.0,-2.5],"to":[17.5,22.0,-0.5],"rotation":{"origin":[4.0,0.0,4.0],"axis":"x","angle":22.5},"faces":{"north":{"uv":[14.5,12.5,15.25,13.25],"texture":"#0"},"east":{"uv":[12.5,10.5,13.25,11.25],"texture":"#0"},"south":{"uv":[13.0,10.5,13.75,11.25],"texture":"#0"},"west":{"uv":[13.75,12.5,13.0,13.25],"texture":"#0"},"up":{"uv":[14.0,9.0,14.75,9.75],"texture":"#0"},"down":{"uv":[11.5,12.5,12.25,13.25],"texture":"#0"}}},{"from":[-7.5,13.0,6.75],"to":[-6.5,14.0,7.75],"rotation":{"origin":[4.0,0.0,4.0],"axis":"z","angle":-22.5},"faces":{"north":{"uv":[13.5,10.25,14.0,10.75],"texture":"#0"},"east":{"uv":[13.5,10.25,14.0,10.75],"texture":"#0"},"south":{"uv":[13.5,9.75,14.0,10.25],"texture":"#0"},"west":{"uv":[13.5,10.25,14.0,10.75],"texture":"#0"},"up":{"uv":[13.5,10.25,14.0,10.75],"texture":"#0"},"down":{"uv":[13.5,10.25,14.0,10.75],"texture":"#0"}}},{"from":[-7.5,11.75,6.75],"to":[-6.5,12.75,7.75],"rotation":{"origin":[4.0,0.0,4.0],"axis":"z","angle":-22.5},"faces":{"north":{"uv":[13.5,10.25,14.0,10.75],"texture":"#0"},"east":{"uv":[13.5,10.25,14.0,10.75],"texture":"#0"},"south":{"uv":[13.5,9.75,14.0,10.25],"texture":"#0"},"west":{"uv":[13.5,10.25,14.0,10.75],"texture":"#0"},"up":{"uv":[13.5,10.25,14.0,10.75],"texture":"#0"},"down":{"uv":[13.5,10.25,14.0,10.75],"texture":"#0"}}},{"from":[-7.75,12.25,6.5],"to":[-6.25,13.75,8.0],"rotation":{"origin":[4.0,0.0,4.0],"axis":"z","angle":-22.5},"faces":{"north":{"uv":[13.0,11.25,13.75,12.0],"texture":"#0"},"east":{"uv":[11.0,9.25,11.75,10.0],"texture":"#0"},"south":{"uv":[11.5,9.25,12.25,10.0],"texture":"#0"},"west":{"uv":[12.25,11.25,11.5,12.0],"texture":"#0"},"up":{"uv":[12.5,7.75,13.25,8.5],"texture":"#0"},"down":{"uv":[10.0,11.25,10.75,12.0],"texture":"#0"}}},{"from":[-8.575,10.8125,13.4375],"to":[-7.075,12.3125,13.4375],"rotation":{"origin":[4.0,-8.5,-3.0],"axis":"y","angle":45.0},"faces":{"north":{"uv":[2.5,2.5,4.5,0.5],"texture":"#0"},"east":{"uv":[0.0,0.0,0.0,1.0],"texture":"#0"},"south":{"uv":[2.5,2.5,4.5,0.5],"texture":"#0"},"west":{"uv":[0.0,0.0,0.0,1.0],"texture":"#0"},"up":{"uv":[0.0,0.0,1.0,0.0],"texture":"#0"},"down":{"uv":[0.0,0.0,1.0,0.0],"texture":"#0"}}},{"from":[19.675,10.8125,8.6875],"to":[21.175,12.3125,8.6875],"rotation":{"origin":[4.0,-8.5,-3.0],"axis":"y","angle":-45.0},"faces":{"north":{"uv":[2.5,2.5,4.5,0.5],"texture":"#0"},"east":{"uv":[0.0,0.0,0.0,1.0],"texture":"#0"},"south":{"uv":[2.5,2.5,4.5,0.5],"texture":"#0"},"west":{"uv":[0.0,0.0,0.0,1.0],"texture":"#0"},"up":{"uv":[0.0,0.0,1.0,0.0],"texture":"#0"},"down":{"uv":[0.0,0.0,1.0,0.0],"texture":"#0"}}},{"from":[6.625,13.625,16.125],"to":[8.125,15.125,17.625],"rotation":{"origin":[4.0,-8.5,-3.0],"axis":"y","angle":0.0},"faces":{"north":{"uv":[15.0,11.5,16.0,12.5],"texture":"#0"},"east":{"uv":[15.0,11.5,16.0,12.5],"texture":"#0"},"south":{"uv":[15.0,11.5,16.0,12.5],"texture":"#0"},"west":{"uv":[15.0,11.5,16.0,12.5],"texture":"#0"},"up":{"uv":[15.0,11.5,16.0,12.5],"texture":"#0"},"down":{"uv":[15.0,11.5,16.0,12.5],"texture":"#0"}}},{"from":[6.625,11.45,16.125],"to":[8.125,12.95,17.625],"rotation":{"origin":[4.0,-8.5,-3.0],"axis":"y","angle":0.0},"faces":{"north":{"uv":[15.0,11.5,16.0,12.5],"texture":"#0"},"east":{"uv":[15.0,11.5,16.0,12.5],"texture":"#0"},"south":{"uv":[15.0,11.5,16.0,12.5],"texture":"#0"},"west":{"uv":[15.0,11.5,16.0,12.5],"texture":"#0"},"up":{"uv":[15.0,11.5,16.0,12.5],"texture":"#0"},"down":{"uv":[15.0,11.5,16.0,12.5],"texture":"#0"}}},{"from":[10.625,-10.375,12.125],"to":[12.125,-8.875,13.625],"rotation":{"origin":[4.0,-8.5,-3.0],"axis":"x","angle":-45.0},"faces":{"north":{"uv":[15.0,11.5,16.0,12.5],"texture":"#0"},"east":{"uv":[15.0,11.5,16.0,12.5],"texture":"#0"},"south":{"uv":[15.0,11.5,16.0,12.5],"texture":"#0"},"west":{"uv":[15.0,11.5,16.0,12.5],"texture":"#0"},"up":{"uv":[15.0,11.5,16.0,12.5],"texture":"#0"},"down":{"uv":[15.0,11.5,16.0,12.5],"texture":"#0"}}},{"from":[10.25,-11.5,11.75],"to":[12.5,-9.25,14.0],"rotation":{"origin":[4.0,-8.5,-3.0],"axis":"x","angle":-45.0},"faces":{"north":{"uv":[14.5,12.5,16.0,14.0],"texture":"#0"},"east":{"uv":[12.5,10.5,14.0,12.0],"texture":"#0"},"south":{"uv":[13.0,11.0,14.5,12.5],"texture":"#0"},"west":{"uv":[14.5,12.5,13.0,14.0],"texture":"#0"},"up":{"uv":[14.0,9.0,15.5,10.5],"texture":"#0"},"down":{"uv":[11.5,12.5,13.0,14.0],"texture":"#0"}}},{"from":[10.625,-12.55,12.125],"to":[12.125,-11.05,13.625],"rotation":{"origin":[4.0,-8.5,-3.0],"axis":"x","angle":-45.0},"faces":{"north":{"uv":[15.0,11.5,16.0,12.5],"texture":"#0"},"east":{"uv":[15.0,11.5,16.0,12.5],"texture":"#0"},"south":{"uv":[15.0,11.5,16.0,12.5],"texture":"#0"},"west":{"uv":[15.0,11.5,16.0,12.5],"texture":"#0"},"up":{"uv":[15.0,11.5,16.0,12.5],"texture":"#0"},"down":{"uv":[15.0,11.5,16.0,12.5],"texture":"#0"}}},{"from":[6.25,12.5,15.75],"to":[8.5,14.75,18.0],"rotation":{"origin":[4.0,-8.5,-3.0],"axis":"y","angle":0.0},"faces":{"north":{"uv":[14.5,12.5,16.0,14.0],"texture":"#0"},"east":{"uv":[12.5,10.5,14.0,12.0],"texture":"#0"},"south":{"uv":[13.0,11.0,14.5,12.5],"texture":"#0"},"west":{"uv":[14.5,12.5,13.0,14.0],"texture":"#0"},"up":{"uv":[14.0,9.0,15.5,10.5],"texture":"#0"},"down":{"uv":[11.5,12.5,13.0,14.0],"texture":"#0"}}},{"from":[20.625,17.5625,-8.2125],"to":[22.125,19.0625,-8.2125],"rotation":{"origin":[5.0,-2.0,-20.0],"axis":"y","angle":-45.0},"faces":{"north":{"uv":[2.5,2.5,4.5,0.5],"texture":"#0"},"east":{"uv":[0.0,0.0,0.0,1.0],"texture":"#0"},"south":{"uv":[2.5,2.5,4.5,0.5],"texture":"#0"},"west":{"uv":[0.0,0.0,0.0,1.0],"texture":"#0"},"up":{"uv":[0.0,0.0,1.0,0.0],"texture":"#0"},"down":{"uv":[0.0,0.0,1.0,0.0],"texture":"#0"}}},{"from":[7.625,20.125,-0.875],"to":[9.125,21.625,0.625],"rotation":{"origin":[5.0,-2.0,-20.0],"axis":"y","angle":0.0},"faces":{"north":{"uv":[15.0,11.5,16.0,12.5],"texture":"#0"},"east":{"uv":[15.0,11.5,16.0,12.5],"texture":"#0"},"south":{"uv":[15.0,11.5,16.0,12.5],"texture":"#0"},"west":{"uv":[15.0,11.5,16.0,12.5],"texture":"#0"},"up":{"uv":[15.0,11.5,16.0,12.5],"texture":"#0"},"down":{"uv":[15.0,11.5,16.0,12.5],"texture":"#0"}}},{"from":[7.625,18.25,-0.875],"to":[9.125,19.75,0.625],"rotation":{"origin":[5.0,-2.0,-20.0],"axis":"y","angle":0.0},"faces":{"north":{"uv":[15.0,11.5,16.0,12.5],"texture":"#0"},"east":{"uv":[15.0,11.5,16.0,12.5],"texture":"#0"},"south":{"uv":[15.0,11.5,16.0,12.5],"texture":"#0"},"west":{"uv":[15.0,11.5,16.0,12.5],"texture":"#0"},"up":{"uv":[15.0,11.5,16.0,12.5],"texture":"#0"},"down":{"uv":[15.0,11.5,16.0,12.5],"texture":"#0"}}},{"from":[7.25,19.0,-1.25],"to":[9.5,21.25,1.0],"rotation":{"origin":[5.0,-2.0,-20.0],"axis":"y","angle":0.0},"faces":{"north":{"uv":[14.5,12.5,16.0,14.0],"texture":"#0"},"east":{"uv":[12.5,10.5,14.0,12.0],"texture":"#0"},"south":{"uv":[13.0,11.0,14.5,12.5],"texture":"#0"},"west":{"uv":[14.5,12.5,13.0,14.0],"texture":"#0"},"up":{"uv":[14.0,9.0,15.5,10.5],"texture":"#0"},"down":{"uv":[11.5,12.5,13.0,14.0],"texture":"#0"}}},{"from":[3.75,0.0,7.75],"to":[4.75,1.0,8.75],"rotation":{"origin":[4.0,0.0,4.0],"axis":"z","angle":-45.0},"faces":{"north":{"uv":[15.0,11.5,16.0,12.5],"texture":"#0"},"east":{"uv":[15.0,11.5,16.0,12.5],"texture":"#0"},"south":{"uv":[15.0,11.0,16.0,12.0],"texture":"#0"},"west":{"uv":[15.0,11.5,16.0,12.5],"texture":"#0"},"up":{"uv":[15.0,11.5,16.0,12.5],"texture":"#0"},"down":{"uv":[15.0,11.5,16.0,12.5],"texture":"#0"}}},{"from":[3.75,1.25,7.75],"to":[4.75,2.25,8.75],"rotation":{"origin":[4.0,0.0,4.0],"axis":"z","angle":-45.0},"faces":{"north":{"uv":[15.0,11.5,15.5,12.0],"texture":"#0"},"east":{"uv":[15.0,11.5,15.5,12.0],"texture":"#0"},"south":{"uv":[15.0,11.0,15.5,11.5],"texture":"#0"},"west":{"uv":[15.0,11.5,15.5,12.0],"texture":"#0"},"up":{"uv":[15.0,11.5,15.5,12.0],"texture":"#0"},"down":{"uv":[15.0,11.5,15.5,12.0],"texture":"#0"}}}],"textures":{"particle":"b577dea8-6a28-4c89-810d-ed20baef2fab","0":"b577dea8-6a28-4c89-810d-ed20baef2fab","1":"block/spruce_log"},"gui_light":"front"}