{"display":{"gui":{"rotation":[90.0,0.0,0.0]},"fixed":{"rotation":[-90.0,0.0,0.0],"translation":[0.0,0.0,-16.0],"scale":[2.0,2.0,2.0]}},"elements":[{"from":[0.0,0.1,0.0],"to":[16.0,0.1,16.0],"faces":{"north":{"uv":[0.0,0.0,16.0,0.0],"texture":"#0"},"east":{"uv":[0.0,0.0,16.0,0.0],"texture":"#0"},"south":{"uv":[0.0,0.0,16.0,0.0],"texture":"#0"},"west":{"uv":[0.0,0.0,16.0,0.0],"texture":"#0"},"up":{"texture":"#0"},"down":{"texture":"#0"}}}],"textures":{"particle":"fe0bee7d-a969-4dd4-b23b-73d53352c3b9","0":"fe0bee7d-a969-4dd4-b23b-73d53352c3b9"},"gui_light":"front"}