{"display":{"thirdperson_righthand":{"translation":[0.0,1.25,2.0],"scale":[0.61,0.61,0.61]},"thirdperson_lefthand":{"translation":[0.0,1.25,2.0],"scale":[0.61,0.61,0.61]},"firstperson_righthand":{"translation":[0.0,4.0,-0.75],"scale":[0.47,0.47,0.47]},"firstperson_lefthand":{"translation":[0.0,4.0,-0.75],"scale":[0.47,0.47,0.47]},"ground":{"rotation":[45.0,0.0,0.0],"translation":[0.0,3.0,0.0],"scale":[0.35,0.35,0.35]},"gui":{"rotation":[128.29,41.4,-105.89],"translation":[0.5,0.0,0.0],"scale":[0.43,0.43,0.43]},"head":{"scale":[0.01,0.01,0.01]},"fixed":{"rotation":[0.0,-90.0,0.0],"translation":[0.0,-1.25,-2.25],"scale":[0.68,0.68,0.68]}},"elements":[{"from":[2.0,25.68902,4.9488],"to":[4.4,31.95096,7.5488],"rotation":{"origin":[8.0,21.02257,5.3],"axis":"x","angle":-45.0},"faces":{"north":{"uv":[3.25,9.25,3.75,10.75],"texture":"#0"},"east":{"uv":[8.0,2.75,8.75,4.25],"texture":"#0"},"south":{"uv":[3.75,9.25,4.25,10.75],"texture":"#0"},"west":{"uv":[8.0,4.25,8.75,5.75],"texture":"#0"},"up":{"uv":[10.75,8.5,10.25,7.75],"texture":"#0"},"down":{"uv":[10.75,8.5,10.25,9.25],"texture":"#0"}}},{"from":[3.1,17.33806,2.32632],"to":[12.9,26.33806,14.89605],"faces":{"north":{"uv":[5.0,0.0,7.5,2.25],"texture":"#0"},"east":{"uv":[0.0,3.25,3.25,5.5],"texture":"#0"},"south":{"uv":[0.0,5.5,2.5,7.75],"texture":"#0"},"west":{"uv":[3.25,3.25,6.5,5.5],"texture":"#0"},"up":{"uv":[2.5,3.25,0.0,0.0],"texture":"#0"},"down":{"uv":[5.0,0.0,2.5,3.25],"texture":"#0"}}},{"from":[4.1,20.33806,-1.67368],"to":[11.9,28.33806,4.32632],"faces":{"north":{"uv":[2.5,5.5,4.5,7.5],"texture":"#0"},"east":{"uv":[6.5,2.25,8.0,4.25],"texture":"#0"},"south":{"uv":[4.5,5.5,6.5,7.5],"texture":"#0"},"west":{"uv":[6.5,4.25,8.0,6.25],"texture":"#0"},"up":{"uv":[8.5,7.75,6.5,6.25],"texture":"#0"},"down":{"uv":[9.5,0.0,7.5,1.5],"texture":"#0"}}},{"from":[5.1,20.33806,-3.37368],"to":[10.9,24.33806,-1.64868],"faces":{"north":{"uv":[5.0,2.25,6.5,3.25],"texture":"#0"},"east":{"uv":[7.0,10.0,7.5,11.0],"texture":"#0"},"south":{"uv":[4.5,7.5,6.0,8.5],"texture":"#0"},"west":{"uv":[7.5,10.0,8.0,11.0],"texture":"#0"},"up":{"uv":[1.5,10.0,0.0,9.5],"texture":"#0"},"down":{"uv":[11.0,0.0,9.5,0.5],"texture":"#0"}}},{"from":[5.9,14.5023,3.22112],"to":[10.1,21.0523,6.22112],"rotation":{"origin":[8.0,12.5023,3.72112],"axis":"x","angle":45.0},"faces":{"north":{"uv":[2.5,7.5,3.5,9.25],"texture":"#0"},"east":{"uv":[0.0,7.75,0.75,9.5],"texture":"#0"},"south":{"uv":[3.5,7.5,4.5,9.25],"texture":"#0"},"west":{"uv":[0.75,7.75,1.5,9.5],"texture":"#0"},"up":{"uv":[9.75,5.75,8.75,5.0],"texture":"#0"},"down":{"uv":[3.25,9.25,2.25,10.0],"texture":"#0"}}},{"from":[6.0,14.0,6.0],"to":[10.0,16.0,10.0],"faces":{"north":{"uv":[10.0,3.75,11.0,4.25],"texture":"#0"},"east":{"uv":[10.0,4.25,11.0,4.75],"texture":"#0"},"south":{"uv":[4.5,10.0,5.5,10.5],"texture":"#0"},"west":{"uv":[5.5,10.0,6.5,10.5],"texture":"#0"},"up":{"uv":[9.5,8.75,8.5,7.75],"texture":"#0"},"down":{"uv":[9.75,2.75,8.75,3.75],"texture":"#0"}}},{"from":[6.0,19.7,15.05],"to":[10.0,23.7,20.3],"rotation":{"origin":[8.0,22.7,16.3],"axis":"x","angle":22.5},"faces":{"north":{"uv":[8.5,5.75,9.5,6.75],"texture":"#0"},"east":{"uv":[6.0,7.75,7.25,8.75],"texture":"#0"},"south":{"uv":[8.5,6.75,9.5,7.75],"texture":"#0"},"west":{"uv":[7.25,7.75,8.5,8.75],"texture":"#0"},"up":{"uv":[2.5,9.0,1.5,7.75],"texture":"#0"},"down":{"uv":[9.0,1.5,8.0,2.75],"texture":"#0"}}},{"from":[6.45,16.0,6.45],"to":[9.55,20.0,9.55],"faces":{"north":{"uv":[8.25,8.75,9.0,9.75],"texture":"#0"},"east":{"uv":[1.5,9.0,2.25,10.0],"texture":"#0"},"south":{"uv":[9.0,1.5,9.75,2.5],"texture":"#0"},"west":{"uv":[9.0,8.75,9.75,9.75],"texture":"#0"},"up":{"uv":[0.75,10.75,0.0,10.0],"texture":"#0"},"down":{"uv":[1.5,10.0,0.75,10.75],"texture":"#0"}}},{"from":[6.5,-16.0,6.5],"to":[9.5,-11.0,9.5],"faces":{"north":{"uv":[8.75,3.75,9.5,5.0],"texture":"#0"},"east":{"uv":[6.0,8.75,6.75,10.0],"texture":"#0"},"south":{"uv":[6.75,8.75,7.5,10.0],"texture":"#0"},"west":{"uv":[7.5,8.75,8.25,10.0],"texture":"#0"},"up":{"uv":[10.5,3.75,9.75,3.0],"texture":"#0"},"down":{"uv":[10.5,5.0,9.75,5.75],"texture":"#0"}}},{"from":[6.5,10.79289,4.9],"to":[9.5,13.79289,6.15],"faces":{"north":{"uv":[1.5,10.0,2.25,10.75],"texture":"#0"},"east":{"uv":[9.5,0.5,9.75,1.25],"texture":"#0"},"south":{"uv":[2.25,10.0,3.0,10.75],"texture":"#0"},"west":{"uv":[0.0,10.75,0.25,11.5],"texture":"#0"},"up":{"uv":[9.75,2.75,9.0,2.5],"texture":"#0"},"down":{"uv":[11.25,7.25,10.5,7.5],"texture":"#0"}}},{"from":[7.0,-11.0,7.0],"to":[9.0,-8.0,9.0],"faces":{"north":{"uv":[7.5,1.5,8.0,2.25],"texture":"#0"},"east":{"uv":[10.25,0.5,10.75,1.25],"texture":"#0"},"south":{"uv":[10.25,1.25,10.75,2.0],"texture":"#0"},"west":{"uv":[10.25,2.0,10.75,2.75],"texture":"#0"},"up":{"uv":[11.0,3.75,10.5,3.25],"texture":"#0"},"down":{"uv":[5.0,10.5,4.5,11.0],"texture":"#0"}}},{"from":[7.0,9.0,7.0],"to":[9.0,14.0,9.0],"faces":{"north":{"uv":[9.5,3.75,10.0,5.0],"texture":"#0"},"east":{"uv":[9.75,0.5,10.25,1.75],"texture":"#0"},"south":{"uv":[9.75,1.75,10.25,3.0],"texture":"#0"},"west":{"uv":[8.25,9.75,8.75,11.0],"texture":"#0"},"up":{"uv":[8.5,6.25,8.0,5.75],"texture":"#0"},"down":{"uv":[11.0,2.75,10.5,3.25],"texture":"#0"}}},{"from":[7.0,11.29289,3.9],"to":[9.0,13.29289,4.9],"faces":{"north":{"uv":[10.5,5.75,11.0,6.25],"texture":"#0"},"east":{"uv":[10.75,0.5,11.0,1.0],"texture":"#0"},"south":{"uv":[6.0,10.5,6.5,11.0],"texture":"#0"},"west":{"uv":[0.75,10.75,1.0,11.25],"texture":"#0"},"up":{"uv":[1.5,11.0,1.0,10.75],"texture":"#0"},"down":{"uv":[11.25,1.0,10.75,1.25],"texture":"#0"}}},{"from":[7.0,16.0,7.0],"to":[9.0,20.0,9.0],"faces":{"north":{"uv":[9.25,9.75,9.75,10.75],"texture":"#0"},"east":{"uv":[10.0,5.75,10.5,6.75],"texture":"#0"},"south":{"uv":[6.5,10.0,7.0,11.0],"texture":"#0"},"west":{"uv":[10.0,6.75,10.5,7.75],"texture":"#0"},"up":{"uv":[11.0,5.25,10.5,4.75],"texture":"#0"},"down":{"uv":[5.5,10.5,5.0,11.0],"texture":"#0"}}},{"from":[7.275,-8.0,7.275],"to":[8.725,2.0,8.725],"faces":{"north":{"uv":[4.25,9.25,4.5,11.75],"texture":"#0"},"east":{"uv":[8.75,9.75,9.0,12.25],"texture":"#0"},"south":{"uv":[9.75,8.75,10.0,11.25],"texture":"#0"},"west":{"uv":[9.0,9.75,9.25,12.25],"texture":"#0"},"up":{"uv":[2.5,9.25,2.25,9.0],"texture":"#0"},"down":{"uv":[9.75,1.25,9.5,1.5],"texture":"#0"}}},{"from":[7.275,2.0,7.275],"to":[8.725,9.0,8.725],"faces":{"north":{"uv":[3.0,10.0,3.25,11.75],"texture":"#0"},"east":{"uv":[10.0,7.75,10.25,9.5],"texture":"#0"},"south":{"uv":[8.0,10.0,8.25,11.75],"texture":"#0"},"west":{"uv":[10.0,9.5,10.25,11.25],"texture":"#0"},"up":{"uv":[10.5,3.0,10.25,2.75],"texture":"#0"},"down":{"uv":[11.0,2.0,10.75,2.25],"texture":"#0"}}},{"from":[8.1,22.2709,1.98658],"to":[10.1,23.2709,3.48658],"rotation":{"origin":[7.1,20.0209,-0.01342],"axis":"x","angle":22.5},"faces":{"north":{"uv":[6.0,7.5,6.5,7.75],"texture":"#0"},"east":{"uv":[10.0,4.75,10.5,5.0],"texture":"#0"},"south":{"uv":[10.5,7.5,11.0,7.75],"texture":"#0"},"west":{"uv":[0.25,10.75,0.75,11.0],"texture":"#0"},"up":{"uv":[11.0,5.75,10.5,5.25],"texture":"#0"},"down":{"uv":[6.0,10.5,5.5,11.0],"texture":"#0"}}},{"from":[9.2,13.49289,4.825],"to":[6.8,11.09289,3.425],"faces":{"north":{"uv":[10.5,6.25,11.0,6.75],"texture":"#0"},"east":{"uv":[10.75,1.25,11.0,1.75],"texture":"#0"},"south":{"uv":[10.5,6.75,11.0,7.25],"texture":"#0"},"west":{"uv":[1.5,10.75,1.75,11.25],"texture":"#0"},"up":{"uv":[2.25,11.0,1.75,10.75],"texture":"#0"},"down":{"uv":[11.25,1.75,10.75,2.0],"texture":"#0"}}},{"from":[11.6,25.68902,4.9488],"to":[14.0,31.95096,7.5488],"rotation":{"origin":[8.0,21.02257,5.3],"axis":"x","angle":-45.0},"faces":{"north":{"uv":[9.5,5.75,10.0,7.25],"texture":"#0"},"east":{"uv":[4.5,8.5,5.25,10.0],"texture":"#0"},"south":{"uv":[9.5,7.25,10.0,8.75],"texture":"#0"},"west":{"uv":[5.25,8.5,6.0,10.0],"texture":"#0"},"up":{"uv":[10.75,10.0,10.25,9.25],"texture":"#0"},"down":{"uv":[10.75,10.0,10.25,10.75],"texture":"#0"}}}],"textures":{"0":"b1da19e2-1058-43f3-817a-d361a38b94b2"},"gui_light":"front"}