{"display":{"thirdperson_righthand":{"rotation":[50.0,-15.0,0.0],"translation":[0.0,1.0,-2.0]},"thirdperson_lefthand":{"rotation":[50.0,-15.0,0.0],"translation":[0.0,1.0,-2.0]},"firstperson_righthand":{"translation":[-1.0,0.0,0.0]},"firstperson_lefthand":{"translation":[-1.0,0.0,0.0]},"ground":{"rotation":[45.0,0.0,0.0],"scale":[0.45,0.45,0.45]},"gui":{"rotation":[15.0,-160.0,0.0],"translation":[0.0,-0.5,0.0],"scale":[0.7,0.7,0.7]},"head":{"rotation":[85.0,0.0,0.0],"translation":[0.0,10.0,-1.0]},"fixed":{"translation":[0.0,-1.0,-2.5]}},"elements":[{"from":[4.19552,16.12132,6.46927],"to":[7.19552,19.12132,9.96927],"rotation":{"origin":[7.69552,19.62132,7.71927],"axis":"z","angle":45.0},"faces":{"north":{"uv":[10.5,2.0,12.0,3.5],"texture":"#2"},"east":{"uv":[10.5,7.5,11.5,9.0],"texture":"#2"},"south":{"uv":[10.5,3.5,12.0,5.0],"texture":"#2"},"west":{"uv":[8.5,10.5,9.5,12.0],"texture":"#2"},"up":{"uv":[12.0,10.0,10.5,9.0],"texture":"#2"},"down":{"uv":[12.0,10.0,10.5,11.0],"texture":"#2"}}},{"from":[4.25,9.0,10.0],"to":[11.25,10.0,11.0],"rotation":{"origin":[8.0,10.0,11.0],"axis":"z","angle":0.0},"faces":{"north":{"uv":[5.0,10.5,8.5,11.0],"texture":"#2"},"east":{"uv":[8.0,11.0,8.5,11.5],"texture":"#2"},"south":{"uv":[10.5,5.0,14.0,5.5],"texture":"#2"},"west":{"uv":[11.5,8.5,12.0,9.0],"texture":"#2"},"up":{"uv":[14.0,6.0,10.5,5.5],"texture":"#2"},"down":{"uv":[14.0,6.0,10.5,6.5],"texture":"#2"}}},{"from":[10.20493,8.5,9.26327],"to":[12.20493,10.5,11.26327],"rotation":{"origin":[10.70493,17.5,10.26327],"axis":"y","angle":22.5},"faces":{"north":{"uv":[5.5,11.5,6.5,12.5],"texture":"#2"},"east":{"uv":[6.5,11.5,7.5,12.5],"texture":"#2"},"south":{"uv":[7.5,11.5,8.5,12.5],"texture":"#2"},"west":{"uv":[11.5,7.5,12.5,8.5],"texture":"#2"},"up":{"uv":[11.5,12.5,10.5,11.5],"texture":"#2"},"down":{"uv":[12.5,11.5,11.5,12.5],"texture":"#2"}}},{"from":[3.18611,8.5,9.26327],"to":[5.18611,10.5,11.26327],"rotation":{"origin":[4.68611,25.5,10.26327],"axis":"y","angle":-22.5},"faces":{"north":{"uv":[12.0,2.0,13.0,3.0],"texture":"#2"},"east":{"uv":[12.0,3.0,13.0,4.0],"texture":"#2"},"south":{"uv":[12.0,4.0,13.0,5.0],"texture":"#2"},"west":{"uv":[8.5,12.0,9.5,13.0],"texture":"#2"},"up":{"uv":[13.0,9.5,12.0,8.5],"texture":"#2"},"down":{"uv":[13.0,9.5,12.0,10.5],"texture":"#2"}}},{"from":[4.2,0.5,8.0625],"to":[11.2,16.5,9.0625],"rotation":{"origin":[8.0,7.5,8.0],"axis":"y","angle":0.0},"faces":{"north":{"uv":[0.0,0.0,3.5,8.0],"texture":"#2"},"east":{"uv":[10.0,0.0,10.5,8.0],"texture":"#2"},"south":{"uv":[3.5,0.0,7.0,8.0],"texture":"#2"},"west":{"uv":[10.0,8.0,10.5,16.0],"texture":"#2"},"up":{"uv":[14.0,7.0,10.5,6.5],"texture":"#2"},"down":{"uv":[14.0,7.0,10.5,7.5],"texture":"#2"}}},{"from":[2.30656,1.5,7.5412],"to":[8.30656,17.5,9.5412],"rotation":{"origin":[5.30656,9.25,8.5412],"axis":"y","angle":22.5},"faces":{"north":{"uv":[7.0,0.0,10.0,8.0],"texture":"#2"},"east":{"uv":[3.0,8.0,4.0,16.0],"texture":"#2"},"south":{"uv":[0.0,8.0,3.0,16.0],"texture":"#2"},"west":{"uv":[4.0,8.0,5.0,16.0],"texture":"#2"},"up":{"uv":[13.5,1.0,10.5,0.0],"texture":"#2"},"down":{"uv":[13.5,1.0,10.5,2.0],"texture":"#2"}}},{"from":[2.30656,1.5,9.5412],"to":[8.30656,17.5,7.5412],"rotation":{"origin":[5.30656,9.25,8.5412],"axis":"y","angle":22.5},"faces":{"north":{"uv":[7.0,0.0,10.0,8.0],"texture":"#2"},"east":{"uv":[3.0,8.0,4.0,16.0],"texture":"#2"},"south":{"uv":[0.0,8.0,3.0,16.0],"texture":"#2"},"west":{"uv":[5.0,8.0,4.0,16.0],"texture":"#2"},"up":{"uv":[13.5,1.0,10.5,0.0],"texture":"#2"},"down":{"uv":[13.5,1.0,10.5,2.0],"texture":"#2"}}},{"from":[7.08447,1.5,9.5412],"to":[13.08447,17.5,7.5412],"rotation":{"origin":[10.08447,9.25,8.5412],"axis":"y","angle":-22.5},"faces":{"north":{"uv":[10.0,0.0,7.0,8.0],"texture":"#2"},"east":{"uv":[4.0,8.0,5.0,16.0],"texture":"#2"},"south":{"uv":[3.0,8.0,0.0,16.0],"texture":"#2"},"west":{"uv":[4.0,8.0,3.0,16.0],"texture":"#2"},"up":{"uv":[10.5,1.0,13.5,0.0],"texture":"#2"},"down":{"uv":[10.5,1.0,13.5,2.0],"texture":"#2"}}},{"from":[7.08447,1.5,7.5412],"to":[13.08447,17.5,9.5412],"rotation":{"origin":[10.08447,9.25,8.5412],"axis":"y","angle":-22.5},"faces":{"north":{"uv":[10.0,0.0,7.0,8.0],"texture":"#2"},"east":{"uv":[5.0,8.0,4.0,16.0],"texture":"#2"},"south":{"uv":[3.0,8.0,0.0,16.0],"texture":"#2"},"west":{"uv":[4.0,8.0,3.0,16.0],"texture":"#2"},"up":{"uv":[10.5,1.0,13.5,0.0],"texture":"#2"},"down":{"uv":[10.5,1.0,13.5,2.0],"texture":"#2"}}},{"from":[2.5,1.5,7.0],"to":[8.5,17.5,7.0],"rotation":{"origin":[4.5,9.5,7.0],"axis":"y","angle":-22.5},"faces":{"north":{"uv":[0.0,0.0,6.0,16.0],"texture":"#1"},"east":{"uv":[0.0,0.0,0.5,0.5],"texture":"#missing"},"south":{"uv":[6.0,0.0,0.0,16.0],"texture":"#1"},"west":{"uv":[0.0,0.0,0.5,0.5],"texture":"#missing"},"up":{"uv":[0.0,0.0,0.5,0.5],"texture":"#missing"},"down":{"uv":[0.0,0.0,0.5,0.5],"texture":"#missing"}}},{"from":[7.5,1.5,7.0],"to":[13.5,17.5,7.0],"rotation":{"origin":[11.5,9.5,7.0],"axis":"y","angle":22.5},"faces":{"north":{"uv":[6.0,16.0,0.0,0.0],"texture":"#1"},"east":{"uv":[0.5,0.0,0.0,0.5],"texture":"#missing"},"south":{"uv":[0.0,16.0,6.0,0.0],"texture":"#1"},"west":{"uv":[0.5,0.0,0.0,0.5],"texture":"#missing"},"up":{"uv":[0.5,0.0,0.0,0.5],"texture":"#missing"},"down":{"uv":[0.5,0.0,0.0,0.5],"texture":"#missing"}}},{"from":[5.22518,-1.975,8.0875],"to":[10.17518,2.975,9.0375],"rotation":{"origin":[7.70018,0.5,8.5625],"axis":"z","angle":45.0},"faces":{"north":{"uv":[5.0,8.0,7.5,10.5],"texture":"#2"},"east":{"uv":[9.5,10.5,10.0,13.0],"texture":"#2"},"south":{"uv":[7.5,8.0,10.0,10.5],"texture":"#2"},"west":{"uv":[5.0,11.0,5.5,13.5],"texture":"#2"},"up":{"uv":[8.0,11.5,5.5,11.0],"texture":"#2"},"down":{"uv":[13.0,11.0,10.5,11.5],"texture":"#2"}}}],"textures":{"1":"59275e9a-a5e1-4ef7-9c45-a4875354ff33","2":"27383974-1139-4599-b29c-13faedd2338e"},"gui_light":"front"}