{"display":{"thirdperson_righthand":{"translation":[0.0,-2.0,1.0]},"thirdperson_lefthand":{"translation":[0.0,-2.0,1.0]},"firstperson_righthand":{"rotation":[20.0,19.0,0.0],"translation":[1.5,3.5,-2.75]},"firstperson_lefthand":{"rotation":[21.05,-21.77,0.37],"translation":[3.25,3.0,-0.75]},"ground":{"rotation":[45.0,0.0,0.0],"translation":[0.0,8.0,0.0],"scale":[0.7,0.7,0.7]},"gui":{"rotation":[90.0,45.0,90.0],"translation":[-1.25,1.5,0.0]},"head":{"rotation":[90.0,-45.0,90.0]},"fixed":{"rotation":[0.0,-90.0,0.0],"translation":[0.0,0.0,-1.25],"scale":[2.5,2.5,2.5]}},"elements":[{"from":[7.5,6.0,7.5],"to":[8.5,10.0,8.5],"rotation":{"origin":[7.5,7.0,7.5],"axis":"y","angle":0.0},"faces":{"north":{"uv":[6.66667,0.0,6.0,2.66667],"texture":"#0"},"east":{"uv":[6.0,0.0,6.66667,2.66667],"texture":"#0"},"south":{"uv":[6.66667,0.0,6.0,2.66667],"texture":"#0"},"west":{"uv":[6.0,0.0,6.66667,2.66667],"texture":"#0"}}},{"from":[8.5,7.0,4.5],"to":[9.0,9.0,6.0],"rotation":{"origin":[8.0,8.0,5.25],"axis":"z","angle":-45.0},"faces":{"north":{"uv":[6.0,10.0,6.33333,11.33333],"texture":"#0"},"east":{"uv":[6.0,5.33333,7.0,6.66667],"texture":"#0"},"south":{"uv":[10.0,6.66667,10.33333,8.0],"texture":"#0"},"west":{"uv":[6.66667,0.0,7.66667,1.33333],"texture":"#0"},"up":{"uv":[1.0,11.66667,0.66667,10.66667],"texture":"#0"},"down":{"uv":[1.66667,10.66667,1.33333,11.66667],"texture":"#0"}}},{"from":[7.5,8.5,4.5],"to":[8.5,9.0,6.0],"rotation":{"origin":[8.0,8.0,5.25],"axis":"z","angle":-45.0},"faces":{"north":{"uv":[10.66667,2.66667,11.33333,3.0],"texture":"#0"},"south":{"uv":[3.33333,10.66667,4.0,11.0],"texture":"#0"},"up":{"uv":[7.33333,10.33333,6.66667,9.33333],"texture":"#0"},"down":{"uv":[10.0,6.66667,9.33333,7.66667],"texture":"#0"}}},{"from":[7.5,7.0,4.5],"to":[8.5,7.5,6.0],"rotation":{"origin":[8.0,8.0,5.25],"axis":"z","angle":-45.0},"faces":{"north":{"uv":[10.66667,3.33333,11.33333,3.66667],"texture":"#0"},"south":{"uv":[10.66667,4.0,11.33333,4.33333],"texture":"#0"},"up":{"uv":[8.0,10.33333,7.33333,9.33333],"texture":"#0"},"down":{"uv":[8.66667,9.33333,8.0,10.33333],"texture":"#0"}}},{"from":[7.0,7.0,4.5],"to":[7.5,9.0,6.0],"rotation":{"origin":[8.0,8.0,5.25],"axis":"z","angle":-45.0},"faces":{"north":{"uv":[8.66667,10.0,9.0,11.33333],"texture":"#0"},"east":{"uv":[6.66667,1.33333,7.66667,2.66667],"texture":"#0"},"south":{"uv":[9.33333,10.0,9.66667,11.33333],"texture":"#0"},"west":{"uv":[6.0,6.66667,7.0,8.0],"texture":"#0"},"up":{"uv":[2.33333,11.66667,2.0,10.66667],"texture":"#0"},"down":{"uv":[3.0,10.66667,2.66667,11.66667],"texture":"#0"}}},{"from":[7.4,10.45,6.75],"to":[8.6,12.45,8.75],"rotation":{"origin":[7.5,11.45,7.75],"axis":"x","angle":22.5},"faces":{"north":{"uv":[8.66667,4.0,9.33333,5.33333],"texture":"#0"},"east":{"uv":[6.0,2.66667,7.33333,4.0],"texture":"#0"},"south":{"uv":[8.66667,5.33333,9.33333,6.66667],"texture":"#0"},"west":{"uv":[6.0,4.0,7.33333,5.33333],"texture":"#0"},"up":{"uv":[9.33333,8.0,8.66667,6.66667],"texture":"#0"},"down":{"uv":[4.66667,12.33333,4.0,13.66667],"texture":"#0"}}},{"from":[7.15,10.7,7.0],"to":[8.85,12.2,8.5],"rotation":{"origin":[7.5,11.45,7.75],"axis":"x","angle":22.5},"faces":{"north":{"uv":[7.33333,2.66667,8.33333,3.66667],"texture":"#0"},"east":{"uv":[11.66667,8.0,12.66667,9.0],"texture":"#0"},"south":{"uv":[7.33333,4.0,8.33333,5.0],"texture":"#0"},"west":{"uv":[7.33333,5.33333,8.33333,6.33333],"texture":"#0"},"up":{"uv":[8.33333,7.66667,7.33333,6.66667],"texture":"#0"},"down":{"uv":[9.0,0.0,8.0,1.0],"texture":"#0"}}},{"from":[7.25,10.0,7.25],"to":[8.75,10.75,8.75],"rotation":{"origin":[7.5,5.0,7.5],"axis":"y","angle":0.0},"faces":{"north":{"uv":[10.0,0.66667,11.0,1.33333],"texture":"#0"},"east":{"uv":[10.0,1.33333,11.0,2.0],"texture":"#0"},"south":{"uv":[2.0,10.0,3.0,10.66667],"texture":"#0"},"west":{"uv":[10.0,2.0,11.0,2.66667],"texture":"#0"},"up":{"uv":[7.66667,9.0,6.66667,8.0],"texture":"#0"},"down":{"uv":[9.0,8.0,8.0,9.0],"texture":"#0"}}},{"from":[7.5,12.2695,8.51342],"to":[8.5,14.2695,9.51342],"rotation":{"origin":[8.0,14.53556,8.83541],"axis":"x","angle":22.5},"faces":{"north":{"uv":[9.33333,0.0,10.0,1.33333],"texture":"#0"},"east":{"uv":[2.33333,12.33333,3.0,13.66667],"texture":"#0"},"south":{"uv":[3.0,12.33333,3.66667,13.66667],"texture":"#0"},"west":{"uv":[9.33333,1.33333,10.0,2.66667],"texture":"#0"}}},{"from":[7.5,14.23203,8.8174],"to":[8.5,15.23203,10.8174],"rotation":{"origin":[8.0,15.58203,9.6174],"axis":"x","angle":-22.5},"faces":{"east":{"uv":[0.0,12.33333,1.33333,13.0],"texture":"#0"},"south":{"uv":[10.0,5.33333,10.66667,6.0],"texture":"#0"},"west":{"uv":[9.33333,4.0,10.66667,4.66667],"texture":"#0"},"up":{"uv":[2.0,13.66667,1.33333,12.33333],"texture":"#0"},"down":{"uv":[10.0,4.66667,9.33333,6.0],"texture":"#0"}}},{"from":[7.25,13.37258,8.32832],"to":[8.75,14.87258,9.32832],"rotation":{"origin":[8.0,14.53556,8.83541],"axis":"x","angle":-45.0},"faces":{"north":{"uv":[8.66667,2.66667,9.66667,3.66667],"texture":"#0"},"east":{"uv":[10.0,2.66667,10.66667,3.66667],"texture":"#0"},"south":{"uv":[11.66667,9.33333,12.66667,10.33333],"texture":"#0"},"west":{"uv":[4.0,10.0,4.66667,11.0],"texture":"#0"},"up":{"uv":[5.66667,10.66667,4.66667,10.0],"texture":"#0"},"down":{"uv":[11.0,4.66667,10.0,5.33333],"texture":"#0"}}},{"from":[7.75,15.0,10.0],"to":[8.25,16.0,12.0],"rotation":{"origin":[7.75,15.0,10.0],"axis":"x","angle":22.5},"faces":{"north":{"uv":[4.66667,10.66667,5.0,11.33333],"texture":"#0"},"east":{"uv":[5.33333,9.33333,6.66667,10.0],"texture":"#0"},"south":{"uv":[5.33333,10.66667,5.66667,11.33333],"texture":"#0"},"west":{"uv":[9.33333,6.0,10.66667,6.66667],"texture":"#0"},"up":{"uv":[10.33333,10.66667,10.0,9.33333],"texture":"#0"},"down":{"uv":[0.33333,10.66667,0.0,12.0],"texture":"#0"}}},{"from":[7.4,3.55,6.75],"to":[8.6,5.55,8.75],"rotation":{"origin":[7.5,4.55,7.75],"axis":"x","angle":-22.5},"faces":{"north":{"uv":[8.66667,5.33333,9.33333,4.0],"texture":"#0"},"east":{"uv":[6.0,4.0,7.33333,2.66667],"texture":"#0"},"south":{"uv":[8.66667,6.66667,9.33333,5.33333],"texture":"#0"},"west":{"uv":[6.0,5.33333,7.33333,4.0],"texture":"#0"},"up":{"uv":[4.66667,13.66667,4.0,12.33333],"texture":"#0"},"down":{"uv":[9.33333,6.66667,8.66667,8.0],"texture":"#0"}}},{"from":[7.15,3.8,7.0],"to":[8.85,5.3,8.5],"rotation":{"origin":[7.5,4.55,7.75],"axis":"x","angle":-22.5},"faces":{"north":{"uv":[7.33333,3.66667,8.33333,2.66667],"texture":"#0"},"east":{"uv":[11.66667,9.0,12.66667,8.0],"texture":"#0"},"south":{"uv":[7.33333,5.0,8.33333,4.0],"texture":"#0"},"west":{"uv":[7.33333,6.33333,8.33333,5.33333],"texture":"#0"},"up":{"uv":[9.0,1.0,8.0,0.0],"texture":"#0"},"down":{"uv":[8.33333,6.66667,7.33333,7.66667],"texture":"#0"}}},{"from":[7.5,1.7305,8.51342],"to":[8.5,3.7305,9.51342],"rotation":{"origin":[8.0,1.46444,8.83541],"axis":"x","angle":-22.5},"faces":{"north":{"uv":[9.33333,1.33333,10.0,0.0],"texture":"#0"},"east":{"uv":[2.33333,13.66667,3.0,12.33333],"texture":"#0"},"south":{"uv":[3.0,13.66667,3.66667,12.33333],"texture":"#0"},"west":{"uv":[9.33333,2.66667,10.0,1.33333],"texture":"#0"}}},{"from":[7.5,0.76797,8.8174],"to":[8.5,1.76797,10.8174],"rotation":{"origin":[8.0,0.41797,9.6174],"axis":"x","angle":22.5},"faces":{"east":{"uv":[0.0,13.0,1.33333,12.33333],"texture":"#0"},"south":{"uv":[10.0,6.0,10.66667,5.33333],"texture":"#0"},"west":{"uv":[9.33333,4.66667,10.66667,4.0],"texture":"#0"},"up":{"uv":[10.0,6.0,9.33333,4.66667],"texture":"#0"},"down":{"uv":[2.0,12.33333,1.33333,13.66667],"texture":"#0"}}},{"from":[7.25,1.12742,8.32832],"to":[8.75,2.62742,9.32832],"rotation":{"origin":[8.0,1.46444,8.83541],"axis":"x","angle":45.0},"faces":{"north":{"uv":[8.66667,3.66667,9.66667,2.66667],"texture":"#0"},"east":{"uv":[10.0,3.66667,10.66667,2.66667],"texture":"#0"},"south":{"uv":[11.66667,10.33333,12.66667,9.33333],"texture":"#0"},"west":{"uv":[4.0,11.0,4.66667,10.0],"texture":"#0"},"up":{"uv":[11.0,5.33333,10.0,4.66667],"texture":"#0"},"down":{"uv":[5.66667,10.0,4.66667,10.66667],"texture":"#0"}}},{"from":[7.75,0.0,10.0],"to":[8.25,1.0,12.0],"rotation":{"origin":[7.75,1.0,10.0],"axis":"x","angle":-22.5},"faces":{"north":{"uv":[4.66667,11.33333,5.0,10.66667],"texture":"#0"},"east":{"uv":[5.33333,10.0,6.66667,9.33333],"texture":"#0"},"south":{"uv":[5.33333,11.33333,5.66667,10.66667],"texture":"#0"},"west":{"uv":[9.33333,6.66667,10.66667,6.0],"texture":"#0"},"up":{"uv":[0.33333,12.0,0.0,10.66667],"texture":"#0"},"down":{"uv":[10.33333,9.33333,10.0,10.66667],"texture":"#0"}}},{"from":[7.25,5.25,7.25],"to":[8.75,6.0,8.75],"rotation":{"origin":[7.5,11.0,7.5],"axis":"y","angle":0.0},"faces":{"north":{"uv":[10.0,1.33333,11.0,0.66667],"texture":"#0"},"east":{"uv":[10.0,2.0,11.0,1.33333],"texture":"#0"},"south":{"uv":[2.0,10.66667,3.0,10.0],"texture":"#0"},"west":{"uv":[10.0,2.66667,11.0,2.0],"texture":"#0"},"up":{"uv":[9.0,9.0,8.0,8.0],"texture":"#0"},"down":{"uv":[7.66667,8.0,6.66667,9.0],"texture":"#0"}}},{"from":[7.25,7.985,4.25],"to":[8.75,8.015,15.25],"rotation":{"origin":[8.0,8.0,9.75],"axis":"z","angle":45.0},"faces":{"up":{"uv":[12.66667,7.33333,11.66667,0.0],"texture":"#0"},"down":{"uv":[12.66667,0.0,11.66667,7.33333],"texture":"#0"}}},{"from":[7.25,7.985,4.25],"to":[8.75,8.015,15.25],"rotation":{"origin":[8.0,8.0,9.75],"axis":"z","angle":-45.0},"faces":{"up":{"uv":[12.66667,7.33333,11.66667,0.0],"texture":"#0"},"down":{"uv":[12.66667,0.0,11.66667,7.33333],"texture":"#0"}}},{"from":[7.985,1.0,11.5],"to":[8.015,15.0,17.5],"rotation":{"origin":[7.985,0.0,4.5],"axis":"y","angle":0.0},"faces":{"east":{"uv":[4.0,0.0,0.0,9.33333],"texture":"#0"},"west":{"uv":[0.0,0.0,4.0,9.33333],"texture":"#0"}}},{"from":[7.275,7.275,0.57571],"to":[8.725,8.725,4.57571],"rotation":{"origin":[8.0,8.0,4.82571],"axis":"z","angle":45.0},"faces":{"east":{"uv":[0.0,0.0,3.0,8.0],"texture":"#1","rotation":90},"west":{"uv":[0.0,0.0,3.0,8.0],"texture":"#1","rotation":270},"up":{"uv":[0.0,0.0,3.0,8.0],"texture":"#1"},"down":{"uv":[0.0,0.0,3.0,8.0],"texture":"#1","rotation":180}}}],"textures":{"particle":"8f03aae4-57f4-49a7-9715-835a2d26d4b3","0":"8f03aae4-57f4-49a7-9715-835a2d26d4b3","1":"7aa262e8-f9e3-420f-ac6a-ead2edd8b1d1"},"gui_light":"front"}