{"display":{"thirdperson_righthand":{"rotation":[0.0,180.0,0.0],"translation":[0.0,-10.5,5.5]},"thirdperson_lefthand":{"rotation":[0.0,180.0,0.0],"translation":[0.0,-10.5,5.5]},"firstperson_righthand":{"rotation":[-150.0,-22.0,-175.0],"translation":[0.75,-7.75,-3.75]},"firstperson_lefthand":{"rotation":[-150.0,-22.0,-175.0],"translation":[0.75,-7.75,-3.75]},"gui":{"rotation":[-128.0,-36.0,-118.0],"translation":[-3.75,-5.25,0.0],"scale":[0.7,0.7,0.7]},"fixed":{"rotation":[0.0,90.0,0.0],"translation":[0.0,-9.0,-0.5]}},"elements":[{"from":[7.44305,13.91904,11.74529],"to":[8.55695,19.563,13.08596],"rotation":{"origin":[8.0,16.70381,12.33208],"axis":"y","angle":0.0},"faces":{"north":{"uv":[6.0,4.5,6.5,7.25],"texture":"#0"},"east":{"uv":[1.0,4.5,1.75,7.25],"texture":"#0"},"south":{"uv":[5.0,6.0,5.5,8.75],"texture":"#0"},"west":{"uv":[2.0,4.5,2.75,7.25],"texture":"#0"}}},{"from":[8.0125,17.1,7.53125],"to":[8.0125,19.1,24.03125],"rotation":{"origin":[8.0125,18.1,14.03125],"axis":"z","angle":45.0},"faces":{"north":{"uv":[12.75,12.5,12.75,13.5],"texture":"#0"},"east":{"uv":[8.75,13.0,2.25,14.75],"texture":"#0"},"south":{"uv":[12.0,12.5,12.0,13.5],"texture":"#0"},"west":{"uv":[2.25,13.0,8.75,14.75],"texture":"#0"},"up":{"uv":[12.25,9.0,12.25,15.5],"texture":"#0"},"down":{"uv":[12.25,9.0,12.25,15.5],"texture":"#0"}}},{"from":[8.0125,17.1,7.53125],"to":[8.0125,19.1,24.03125],"rotation":{"origin":[8.0125,18.1,14.03125],"axis":"z","angle":-45.0},"faces":{"north":{"uv":[12.75,12.0,12.75,13.0],"texture":"#0"},"east":{"uv":[8.75,13.0,2.25,14.75],"texture":"#0"},"south":{"uv":[12.0,12.0,12.0,13.0],"texture":"#0"},"west":{"uv":[2.25,13.0,8.75,14.75],"texture":"#0"},"up":{"uv":[12.25,8.75,12.25,15.25],"texture":"#0"},"down":{"uv":[12.0,8.75,12.0,15.25],"texture":"#0"}}},{"from":[7.16457,16.42019,-3.41289],"to":[8.96721,18.22283,-1.61025],"rotation":{"origin":[8.0,0.55695,8.0],"axis":"x","angle":45.0},"faces":{"north":{"uv":[6.5,5.5,7.5,6.5],"texture":"#0"},"east":{"uv":[6.5,6.5,7.5,7.5],"texture":"#0"},"south":{"uv":[7.0,3.0,8.0,4.0],"texture":"#0"},"west":{"uv":[1.0,7.5,2.0,8.5],"texture":"#0"},"up":{"uv":[3.0,8.5,2.0,7.5],"texture":"#0"},"down":{"uv":[4.0,7.5,3.0,8.5],"texture":"#0"}}},{"from":[7.16457,27.99686,4.10132],"to":[8.83543,30.22468,6.32914],"rotation":{"origin":[8.0,33.00945,8.0],"axis":"x","angle":-45.0},"faces":{"north":{"uv":[5.5,8.5,6.25,9.5],"texture":"#0"},"east":{"uv":[7.5,5.5,8.5,6.5],"texture":"#0"},"south":{"uv":[8.5,6.0,9.25,7.0],"texture":"#0"},"west":{"uv":[6.5,7.5,7.5,8.5],"texture":"#0"},"up":{"uv":[7.25,9.5,6.5,8.5],"texture":"#0"},"down":{"uv":[9.25,7.0,8.5,8.0],"texture":"#0"}}},{"from":[6.66729,26.5657,9.05893],"to":[9.33271,29.66376,11.28675],"rotation":{"origin":[8.0,28.73633,10.5458],"axis":"x","angle":22.5},"faces":{"north":{"uv":[3.0,4.5,4.25,6.0],"texture":"#0"},"east":{"uv":[5.0,3.0,6.0,4.5],"texture":"#0"},"south":{"uv":[4.5,4.5,5.75,6.0],"texture":"#0"},"west":{"uv":[3.0,6.0,4.0,7.5],"texture":"#0"},"up":{"uv":[7.75,1.0,6.5,0.0],"texture":"#0"},"down":{"uv":[7.75,1.0,6.5,2.0],"texture":"#0"}}},{"from":[7.28889,29.37852,8.79563],"to":[8.71111,31.23338,10.52616],"rotation":{"origin":[8.0,31.17619,11.15274],"axis":"y","angle":0.0},"faces":{"north":{"uv":[9.0,0.0,9.75,1.0],"texture":"#0"},"east":{"uv":[9.0,1.0,9.75,2.0],"texture":"#0"},"south":{"uv":[9.0,2.0,9.75,3.0],"texture":"#0"},"west":{"uv":[9.0,3.0,9.75,4.0],"texture":"#0"},"up":{"uv":[10.25,7.75,9.5,7.0],"texture":"#0"},"down":{"uv":[10.25,8.0,9.5,8.75],"texture":"#0"}}},{"from":[7.28889,25.64892,9.79019],"to":[8.71111,27.50378,11.52072],"rotation":{"origin":[8.0,26.57635,10.65546],"axis":"x","angle":45.0},"faces":{"north":{"uv":[9.0,4.0,9.75,5.0],"texture":"#0"},"east":{"uv":[8.5,9.0,9.25,10.0],"texture":"#0"},"south":{"uv":[0.0,9.5,0.75,10.5],"texture":"#0"},"west":{"uv":[1.0,9.5,1.75,10.5],"texture":"#0"},"up":{"uv":[10.25,9.75,9.5,9.0],"texture":"#0"},"down":{"uv":[10.75,0.0,10.0,0.75],"texture":"#0"}}},{"from":[7.28889,6.18997,9.79019],"to":[8.71111,8.04483,11.52072],"rotation":{"origin":[8.0,7.1174,10.65546],"axis":"x","angle":-45.0},"faces":{"north":{"uv":[9.0,5.0,9.75,4.0],"texture":"#0"},"east":{"uv":[8.5,10.0,9.25,9.0],"texture":"#0"},"south":{"uv":[0.0,10.5,0.75,9.5],"texture":"#0"},"west":{"uv":[1.0,10.5,1.75,9.5],"texture":"#0"},"up":{"uv":[10.75,0.75,10.0,0.0],"texture":"#0"},"down":{"uv":[10.25,9.0,9.5,9.75],"texture":"#0"}}},{"from":[6.66729,4.02999,9.05893],"to":[9.33271,7.12805,11.28675],"rotation":{"origin":[8.0,4.95742,10.5458],"axis":"x","angle":-22.5},"faces":{"north":{"uv":[3.0,6.0,4.25,4.5],"texture":"#0"},"east":{"uv":[5.0,4.5,6.0,3.0],"texture":"#0"},"south":{"uv":[4.5,6.0,5.75,4.5],"texture":"#0"},"west":{"uv":[3.0,7.5,4.0,6.0],"texture":"#0"},"up":{"uv":[7.75,2.0,6.5,1.0],"texture":"#0"},"down":{"uv":[7.75,0.0,6.5,1.0],"texture":"#0"}}},{"from":[7.28889,2.46037,8.79563],"to":[8.71111,4.31523,10.52616],"rotation":{"origin":[8.0,2.51756,11.15274],"axis":"y","angle":0.0},"faces":{"north":{"uv":[9.0,1.0,9.75,0.0],"texture":"#0"},"east":{"uv":[9.0,2.0,9.75,1.0],"texture":"#0"},"south":{"uv":[9.0,3.0,9.75,2.0],"texture":"#0"},"west":{"uv":[9.0,4.0,9.75,3.0],"texture":"#0"},"up":{"uv":[10.25,8.75,9.5,8.0],"texture":"#0"},"down":{"uv":[10.25,7.0,9.5,7.75],"texture":"#0"}}},{"from":[7.16457,3.46907,4.10132],"to":[8.83543,5.69689,6.32914],"rotation":{"origin":[8.0,0.6843,8.0],"axis":"x","angle":45.0},"faces":{"north":{"uv":[5.5,9.5,6.25,8.5],"texture":"#0"},"east":{"uv":[7.5,6.5,8.5,5.5],"texture":"#0"},"south":{"uv":[8.5,7.0,9.25,6.0],"texture":"#0"},"west":{"uv":[6.5,8.5,7.5,7.5],"texture":"#0"},"up":{"uv":[9.25,8.0,8.5,7.0],"texture":"#0"},"down":{"uv":[7.25,8.5,6.5,9.5],"texture":"#0"}}},{"from":[7.38735,28.2455,2.26338],"to":[8.61265,29.50064,4.10132],"rotation":{"origin":[8.0,33.00945,8.0],"axis":"x","angle":-45.0},"faces":{"north":{"uv":[10.0,10.0,10.5,10.75],"texture":"#0"},"east":{"uv":[7.5,8.5,8.5,9.25],"texture":"#0"},"west":{"uv":[8.5,8.0,9.5,8.75],"texture":"#0"},"up":{"uv":[9.0,11.0,8.5,10.0],"texture":"#0"},"down":{"uv":[9.5,10.0,9.0,11.0],"texture":"#0"}}},{"from":[7.44305,19.79409,9.806],"to":[8.55695,28.70535,10.91991],"rotation":{"origin":[8.0,25.36363,10.36295],"axis":"x","angle":-22.5},"faces":{"north":{"uv":[3.0,0.0,3.5,4.5],"texture":"#0"},"east":{"uv":[3.5,0.0,4.0,4.5],"texture":"#0"},"south":{"uv":[4.0,0.0,4.5,4.5],"texture":"#0"},"west":{"uv":[4.5,0.0,5.0,4.5],"texture":"#0"}}},{"from":[7.38735,4.19936,2.26338],"to":[8.61265,5.4545,4.10132],"rotation":{"origin":[8.0,0.69055,8.0],"axis":"x","angle":45.0},"faces":{"north":{"uv":[10.0,10.75,10.5,10.0],"texture":"#0"},"east":{"uv":[7.5,9.25,8.5,8.5],"texture":"#0"},"west":{"uv":[8.5,8.75,9.5,8.0],"texture":"#0"},"up":{"uv":[9.5,11.0,9.0,10.0],"texture":"#0"},"down":{"uv":[9.0,10.0,8.5,11.0],"texture":"#0"}}},{"from":[7.44305,4.99465,9.806],"to":[8.55695,13.90591,10.91991],"rotation":{"origin":[8.0,8.33637,10.36295],"axis":"x","angle":22.5},"faces":{"north":{"uv":[3.0,4.5,3.5,0.0],"texture":"#0"},"east":{"uv":[3.5,4.5,4.0,0.0],"texture":"#0"},"south":{"uv":[4.0,4.5,4.5,0.0],"texture":"#0"},"west":{"uv":[4.5,4.5,5.0,0.0],"texture":"#0"}}},{"from":[7.99105,7.37595,7.02751],"to":[7.99105,26.6187,7.53673],"rotation":{"origin":[8.0,8.29492,6.28756],"axis":"y","angle":0.0},"faces":{"east":{"uv":[0.0,0.0,0.25,9.5],"texture":"#0"},"west":{"uv":[0.5,0.0,0.75,9.5],"texture":"#0"}}},{"from":[7.16457,11.94467,1.06263],"to":[8.96721,13.74731,2.86527],"rotation":{"origin":[8.0,0.55695,8.0],"axis":"x","angle":45.0},"faces":{"north":{"uv":[7.5,6.5,8.5,7.5],"texture":"#0"},"east":{"uv":[7.5,7.5,8.5,8.5],"texture":"#0"},"south":{"uv":[8.0,0.0,9.0,1.0],"texture":"#0"},"west":{"uv":[8.0,1.0,9.0,2.0],"texture":"#0"},"up":{"uv":[9.0,3.0,8.0,2.0],"texture":"#0"},"down":{"uv":[9.0,3.0,8.0,4.0],"texture":"#0"}}}],"textures":{"particle":"db69111a-20c6-4234-92ee-eaa7467dc542","0":"db69111a-20c6-4234-92ee-eaa7467dc542"},"gui_light":"front"}