{"display":{"thirdperson_righthand":{"translation":[0.0,-3.0,1.0]},"thirdperson_lefthand":{"translation":[0.0,-3.0,1.0]},"firstperson_righthand":{"rotation":[-10.0,0.0,0.0],"translation":[0.0,-2.75,0.75]},"firstperson_lefthand":{"rotation":[-10.0,0.0,0.0],"translation":[0.0,-2.75,0.75]},"ground":{"rotation":[45.0,0.0,0.0],"translation":[0.0,5.5,0.0],"scale":[0.7,0.7,0.7]},"gui":{"rotation":[90.0,-45.0,90.0],"translation":[3.75,-3.75,0.0],"scale":[0.8,0.8,0.8]},"head":{"rotation":[0.0,90.0,0.0]},"fixed":{"rotation":[0.0,-90.0,0.0],"translation":[0.0,-8.75,-1.25],"scale":[2.5,2.5,2.5]}},"elements":[{"from":[7.5,0.5,7.5],"to":[8.5,1.5,8.5],"rotation":{"origin":[6.5,-0.5,7.5],"axis":"y","angle":0.0},"faces":{"north":{"uv":[13.0,2.0,14.0,3.0],"texture":"#4"},"east":{"uv":[4.0,13.0,5.0,14.0],"texture":"#4"},"south":{"uv":[5.0,13.0,6.0,14.0],"texture":"#4"},"west":{"uv":[13.0,5.0,14.0,6.0],"texture":"#4"},"up":{"uv":[7.0,14.0,6.0,13.0],"texture":"#4"},"down":{"uv":[14.0,6.0,13.0,7.0],"texture":"#4"}}},{"from":[7.5,7.75,7.5],"to":[8.5,10.25,8.5],"rotation":{"origin":[8.0,9.0,8.0],"axis":"y","angle":45.0},"faces":{"north":{"uv":[0.0,11.0,1.0,13.5],"texture":"#4"},"east":{"uv":[1.0,11.0,2.0,13.5],"texture":"#4"},"south":{"uv":[2.0,11.0,3.0,13.5],"texture":"#4"},"west":{"uv":[3.0,11.0,4.0,13.5],"texture":"#4"},"up":{"uv":[14.0,8.0,13.0,7.0],"texture":"#4"},"down":{"uv":[14.0,8.0,13.0,9.0],"texture":"#4"}}},{"from":[7.4,0.0,7.4],"to":[8.6,0.5,8.6],"rotation":{"origin":[6.5,-0.5,7.5],"axis":"y","angle":0.0},"faces":{"north":{"uv":[4.0,15.0,5.0,15.5],"texture":"#4"},"east":{"uv":[15.0,4.0,16.0,4.5],"texture":"#4"},"south":{"uv":[5.0,15.0,6.0,15.5],"texture":"#4"},"west":{"uv":[15.0,5.0,16.0,5.5],"texture":"#4"},"up":{"uv":[10.0,14.0,9.0,13.0],"texture":"#4"},"down":{"uv":[14.0,9.0,13.0,10.0],"texture":"#4"}}},{"from":[7.4,7.5,7.4],"to":[8.6,8.0,8.6],"rotation":{"origin":[6.5,5.5,7.5],"axis":"y","angle":0.0},"faces":{"north":{"uv":[6.0,15.0,7.0,15.5],"texture":"#4"},"east":{"uv":[7.0,15.0,8.0,15.5],"texture":"#4"},"south":{"uv":[8.0,15.0,9.0,15.5],"texture":"#4"},"west":{"uv":[9.0,15.0,10.0,15.5],"texture":"#4"},"up":{"uv":[11.0,14.0,10.0,13.0],"texture":"#4"},"down":{"uv":[14.0,10.0,13.0,11.0],"texture":"#4"}}},{"from":[7.4,17.5,7.4],"to":[8.6,18.0,8.6],"rotation":{"origin":[6.5,2.5,7.5],"axis":"y","angle":0.0},"faces":{"north":{"uv":[15.0,9.0,16.0,9.5],"texture":"#4"},"east":{"uv":[10.0,15.0,11.0,15.5],"texture":"#4"},"south":{"uv":[15.0,10.0,16.0,10.5],"texture":"#4"},"west":{"uv":[11.0,15.0,12.0,15.5],"texture":"#4"},"up":{"uv":[12.0,14.0,11.0,13.0],"texture":"#4"},"down":{"uv":[14.0,12.0,13.0,13.0],"texture":"#4"}}},{"from":[7.5,10.5,7.5],"to":[8.5,11.5,8.5],"rotation":{"origin":[6.5,5.5,7.5],"axis":"y","angle":0.0},"faces":{"north":{"uv":[13.0,13.0,14.0,14.0],"texture":"#4"},"east":{"uv":[0.0,14.0,1.0,15.0],"texture":"#4"},"south":{"uv":[14.0,0.0,15.0,1.0],"texture":"#4"},"west":{"uv":[1.0,14.0,2.0,15.0],"texture":"#4"},"up":{"uv":[15.0,2.0,14.0,1.0],"texture":"#4"},"down":{"uv":[3.0,14.0,2.0,15.0],"texture":"#4"}}},{"from":[7.5,6.5,7.5],"to":[8.5,7.5,8.5],"rotation":{"origin":[6.5,-7.5,7.5],"axis":"y","angle":0.0},"faces":{"north":{"uv":[10.0,14.0,11.0,15.0],"texture":"#4"},"east":{"uv":[14.0,10.0,15.0,11.0],"texture":"#4"},"south":{"uv":[11.0,14.0,12.0,15.0],"texture":"#4"},"west":{"uv":[14.0,11.0,15.0,12.0],"texture":"#4"},"up":{"uv":[13.0,15.0,12.0,14.0],"texture":"#4"},"down":{"uv":[15.0,12.0,14.0,13.0],"texture":"#4"}}},{"from":[7.4,10.0,7.4],"to":[8.6,10.5,8.6],"rotation":{"origin":[6.5,5.5,7.5],"axis":"y","angle":0.0},"faces":{"north":{"uv":[15.0,11.0,16.0,11.5],"texture":"#4"},"east":{"uv":[12.0,15.0,13.0,15.5],"texture":"#4"},"south":{"uv":[15.0,12.0,16.0,12.5],"texture":"#4"},"west":{"uv":[13.0,15.0,14.0,15.5],"texture":"#4"},"up":{"uv":[15.0,3.0,14.0,2.0],"texture":"#4"},"down":{"uv":[4.0,14.0,3.0,15.0],"texture":"#4"}}},{"from":[7.5,-1.0,8.0],"to":[8.5,0.0,9.0],"rotation":{"origin":[7.5,-1.0,8.0],"axis":"x","angle":-45.0},"faces":{"north":{"uv":[14.0,3.0,15.0,4.0],"texture":"#4"},"east":{"uv":[4.0,14.0,5.0,15.0],"texture":"#4"},"south":{"uv":[14.0,4.0,15.0,5.0],"texture":"#4"},"west":{"uv":[5.0,14.0,6.0,15.0],"texture":"#4"},"up":{"uv":[15.0,6.0,14.0,5.0],"texture":"#4"},"down":{"uv":[7.0,14.0,6.0,15.0],"texture":"#4"}}},{"from":[7.0,18.0,7.0],"to":[9.0,18.5,9.0],"rotation":{"origin":[7.0,9.0,7.0],"axis":"y","angle":0.0},"faces":{"north":{"uv":[14.0,6.0,16.0,6.5],"texture":"#4"},"east":{"uv":[7.0,14.0,9.0,14.5],"texture":"#4"},"south":{"uv":[14.0,7.0,16.0,7.5],"texture":"#4"},"west":{"uv":[14.0,8.0,16.0,8.5],"texture":"#4"},"down":{"uv":[9.0,0.0,7.0,2.0],"texture":"#4"}}},{"from":[6.0,18.5,6.0],"to":[10.0,20.0,10.0],"rotation":{"origin":[7.0,9.5,7.0],"axis":"y","angle":0.0},"faces":{"north":{"uv":[8.0,0.0,16.0,3.0],"texture":"#1"},"east":{"uv":[8.0,4.0,16.0,7.0],"texture":"#1"},"south":{"uv":[8.0,8.0,16.0,11.0],"texture":"#1"},"west":{"uv":[8.0,12.0,16.0,15.0],"texture":"#1"},"up":{"uv":[8.0,8.0,0.0,0.0],"texture":"#1"},"down":{"uv":[8.0,8.0,0.0,16.0],"texture":"#1"}}},{"from":[6.5,20.0,6.5],"to":[9.5,22.0,9.5],"rotation":{"origin":[7.0,11.0,7.0],"axis":"y","angle":0.0},"faces":{"north":{"uv":[0.0,3.0,3.0,5.0],"texture":"#4"},"east":{"uv":[3.0,0.0,6.0,2.0],"texture":"#4"},"south":{"uv":[3.0,2.0,6.0,4.0],"texture":"#4"},"west":{"uv":[3.0,4.0,6.0,6.0],"texture":"#4"},"up":{"uv":[3.0,3.0,0.0,0.0],"texture":"#4"}}},{"from":[7.4,1.5,7.4],"to":[8.6,6.5,8.6],"rotation":{"origin":[7.5,1.5,7.5],"axis":"y","angle":0.0},"faces":{"north":{"uv":[0.0,5.0,1.0,10.0],"texture":"#4"},"east":{"uv":[1.0,5.0,2.0,10.0],"texture":"#4"},"south":{"uv":[2.0,5.0,3.0,10.0],"texture":"#4"},"west":{"uv":[6.0,0.0,7.0,5.0],"texture":"#4"},"up":{"uv":[10.0,15.0,9.0,14.0],"texture":"#4"},"down":{"uv":[15.0,9.0,14.0,10.0],"texture":"#4"}}},{"from":[7.4,11.5,7.4],"to":[8.6,16.5,8.6],"rotation":{"origin":[7.5,11.5,7.5],"axis":"y","angle":0.0},"faces":{"north":{"uv":[3.0,6.0,4.0,11.0],"texture":"#4"},"east":{"uv":[4.0,6.0,5.0,11.0],"texture":"#4"},"south":{"uv":[5.0,6.0,6.0,11.0],"texture":"#4"},"west":{"uv":[6.0,5.0,7.0,10.0],"texture":"#4"},"up":{"uv":[4.0,16.0,3.0,15.0],"texture":"#4"},"down":{"uv":[16.0,3.0,15.0,4.0],"texture":"#4"}}},{"from":[7.5,16.5,7.5],"to":[8.5,17.5,8.5],"rotation":{"origin":[6.5,2.5,7.5],"axis":"y","angle":0.0},"faces":{"north":{"uv":[0.0,15.0,1.0,16.0],"texture":"#4"},"east":{"uv":[15.0,0.0,16.0,1.0],"texture":"#4"},"south":{"uv":[1.0,15.0,2.0,16.0],"texture":"#4"},"west":{"uv":[15.0,1.0,16.0,2.0],"texture":"#4"},"up":{"uv":[3.0,16.0,2.0,15.0],"texture":"#4"},"down":{"uv":[16.0,2.0,15.0,3.0],"texture":"#4"}}},{"from":[7.25,24.98553,7.24307],"to":[8.75,28.98553,8.74307],"rotation":{"origin":[8.0,25.00899,8.00693],"axis":"y","angle":0.0},"faces":{"north":{"uv":[3.0,0.0,0.0,8.0],"texture":"#2"},"east":{"uv":[3.0,0.0,0.0,8.0],"texture":"#2"},"south":{"uv":[3.0,0.0,0.0,8.0],"texture":"#2"},"west":{"uv":[3.0,0.0,0.0,8.0],"texture":"#2"}}},{"from":[7.0,22.50899,7.00693],"to":[9.0,23.50899,9.00693],"rotation":{"origin":[8.0,25.00899,8.00693],"axis":"y","angle":0.0},"faces":{"north":{"uv":[11.0,6.0,13.0,5.0],"texture":"#4"},"east":{"uv":[11.0,5.0,12.0,3.0],"texture":"#4","rotation":270},"south":{"uv":[11.0,10.0,13.0,11.0],"texture":"#4","rotation":180},"west":{"uv":[4.0,13.0,5.0,11.0],"texture":"#4","rotation":90},"up":{"uv":[7.0,4.0,9.0,2.0],"texture":"#4","rotation":180},"down":{"uv":[7.0,6.0,9.0,4.0],"texture":"#4"}}},{"from":[7.0,24.50899,7.00693],"to":[9.0,25.50899,9.00693],"rotation":{"origin":[8.0,25.00899,8.00693],"axis":"y","angle":0.0},"faces":{"north":{"uv":[12.0,4.0,14.0,3.0],"texture":"#4"},"east":{"uv":[5.0,13.0,6.0,11.0],"texture":"#4","rotation":270},"south":{"uv":[12.0,4.0,14.0,5.0],"texture":"#4","rotation":180},"west":{"uv":[11.0,13.0,12.0,11.0],"texture":"#4","rotation":90},"up":{"uv":[7.0,8.0,9.0,6.0],"texture":"#4","rotation":180},"down":{"uv":[7.0,10.0,9.0,8.0],"texture":"#4"}}},{"from":[7.25,23.50899,7.25693],"to":[8.75,24.50899,8.75693],"rotation":{"origin":[8.0,25.00899,8.00693],"axis":"y","angle":0.0},"faces":{"north":{"uv":[9.0,13.0,10.5,12.0],"texture":"#4"},"east":{"uv":[8.0,13.5,9.0,12.0],"texture":"#4","rotation":270},"south":{"uv":[12.0,11.0,13.5,12.0],"texture":"#4","rotation":180},"west":{"uv":[12.0,9.5,13.0,8.0],"texture":"#4","rotation":90}}},{"from":[7.5,25.50899,7.50693],"to":[8.5,28.50899,8.50693],"rotation":{"origin":[8.0,25.00899,8.00693],"axis":"y","angle":0.0},"faces":{"north":{"uv":[10.0,6.0,11.0,3.0],"texture":"#4"},"east":{"uv":[0.0,11.0,3.0,10.0],"texture":"#4","rotation":270},"south":{"uv":[6.0,10.0,7.0,13.0],"texture":"#4","rotation":180},"west":{"uv":[10.0,3.0,13.0,2.0],"texture":"#4","rotation":90},"up":{"uv":[14.0,15.0,15.0,14.0],"texture":"#4","rotation":180}}},{"from":[7.25,22.98553,4.24307],"to":[8.75,26.98553,5.74307],"rotation":{"origin":[8.0,23.00899,5.00693],"axis":"y","angle":0.0},"faces":{"north":{"uv":[3.0,0.0,0.0,8.0],"texture":"#2"},"east":{"uv":[3.0,0.0,0.0,8.0],"texture":"#2"},"south":{"uv":[3.0,0.0,0.0,8.0],"texture":"#2"},"west":{"uv":[3.0,0.0,0.0,8.0],"texture":"#2"}}},{"from":[7.0,20.93399,4.50693],"to":[9.0,21.93399,6.50693],"rotation":{"origin":[8.0,22.43399,5.50693],"axis":"x","angle":-22.5},"faces":{"north":{"uv":[11.0,6.0,13.0,5.0],"texture":"#4"},"east":{"uv":[11.0,5.0,12.0,3.0],"texture":"#4","rotation":270},"south":{"uv":[11.0,10.0,13.0,11.0],"texture":"#4","rotation":180},"west":{"uv":[4.0,13.0,5.0,11.0],"texture":"#4","rotation":90},"up":{"uv":[7.0,4.0,9.0,2.0],"texture":"#4","rotation":180},"down":{"uv":[7.0,6.0,9.0,4.0],"texture":"#4"}}},{"from":[7.0,22.93399,4.50693],"to":[9.0,23.93399,6.50693],"rotation":{"origin":[8.0,22.43399,5.50693],"axis":"x","angle":-22.5},"faces":{"north":{"uv":[12.0,4.0,14.0,3.0],"texture":"#4"},"east":{"uv":[5.0,13.0,6.0,11.0],"texture":"#4","rotation":270},"south":{"uv":[12.0,4.0,14.0,5.0],"texture":"#4","rotation":180},"west":{"uv":[11.0,13.0,12.0,11.0],"texture":"#4","rotation":90},"up":{"uv":[7.0,8.0,9.0,6.0],"texture":"#4","rotation":180},"down":{"uv":[7.0,10.0,9.0,8.0],"texture":"#4"}}},{"from":[7.25,21.93399,4.75693],"to":[8.75,22.93399,6.25693],"rotation":{"origin":[8.0,22.43399,5.50693],"axis":"x","angle":-22.5},"faces":{"north":{"uv":[9.0,13.0,10.5,12.0],"texture":"#4"},"east":{"uv":[8.0,13.5,9.0,12.0],"texture":"#4","rotation":270},"south":{"uv":[12.0,11.0,13.5,12.0],"texture":"#4","rotation":180},"west":{"uv":[12.0,9.5,13.0,8.0],"texture":"#4","rotation":90}}},{"from":[7.5,23.50899,4.50693],"to":[8.5,26.50899,5.50693],"rotation":{"origin":[8.0,23.00899,5.00693],"axis":"y","angle":0.0},"faces":{"north":{"uv":[10.0,6.0,11.0,3.0],"texture":"#4"},"east":{"uv":[0.0,11.0,3.0,10.0],"texture":"#4","rotation":270},"south":{"uv":[6.0,10.0,7.0,13.0],"texture":"#4","rotation":180},"west":{"uv":[10.0,3.0,13.0,2.0],"texture":"#4","rotation":90},"up":{"uv":[14.0,15.0,15.0,14.0],"texture":"#4","rotation":180}}},{"from":[7.5,23.50899,10.49307],"to":[8.5,26.50899,11.49307],"rotation":{"origin":[8.0,23.00899,10.99307],"axis":"y","angle":0.0},"faces":{"north":{"uv":[7.0,10.0,6.0,13.0],"texture":"#4","rotation":180},"east":{"uv":[0.0,10.0,3.0,11.0],"texture":"#4","rotation":270},"south":{"uv":[11.0,6.0,10.0,3.0],"texture":"#4"},"west":{"uv":[10.0,2.0,13.0,3.0],"texture":"#4","rotation":90},"up":{"uv":[14.0,14.0,15.0,15.0],"texture":"#4","rotation":180}}},{"from":[7.25,21.93399,9.74307],"to":[8.75,22.93399,11.24307],"rotation":{"origin":[8.0,22.43399,10.49307],"axis":"x","angle":22.5},"faces":{"north":{"uv":[13.5,11.0,12.0,12.0],"texture":"#4","rotation":180},"east":{"uv":[8.0,12.0,9.0,13.5],"texture":"#4","rotation":270},"south":{"uv":[10.5,13.0,9.0,12.0],"texture":"#4"},"west":{"uv":[12.0,8.0,13.0,9.5],"texture":"#4","rotation":90}}},{"from":[7.0,22.93399,9.49307],"to":[9.0,23.93399,11.49307],"rotation":{"origin":[8.0,22.43399,10.49307],"axis":"x","angle":22.5},"faces":{"north":{"uv":[14.0,4.0,12.0,5.0],"texture":"#4","rotation":180},"east":{"uv":[5.0,11.0,6.0,13.0],"texture":"#4","rotation":270},"south":{"uv":[14.0,4.0,12.0,3.0],"texture":"#4"},"west":{"uv":[11.0,11.0,12.0,13.0],"texture":"#4","rotation":90},"up":{"uv":[7.0,6.0,9.0,8.0],"texture":"#4","rotation":180},"down":{"uv":[7.0,8.0,9.0,10.0],"texture":"#4"}}},{"from":[7.0,20.93399,9.49307],"to":[9.0,21.93399,11.49307],"rotation":{"origin":[8.0,22.43399,10.49307],"axis":"x","angle":22.5},"faces":{"north":{"uv":[13.0,10.0,11.0,11.0],"texture":"#4","rotation":180},"east":{"uv":[11.0,3.0,12.0,5.0],"texture":"#4","rotation":270},"south":{"uv":[13.0,6.0,11.0,5.0],"texture":"#4"},"west":{"uv":[4.0,11.0,5.0,13.0],"texture":"#4","rotation":90},"up":{"uv":[7.0,2.0,9.0,4.0],"texture":"#4","rotation":180},"down":{"uv":[7.0,4.0,9.0,6.0],"texture":"#4"}}},{"from":[7.25,22.98553,10.25693],"to":[8.75,26.98553,11.75693],"rotation":{"origin":[8.0,23.00899,10.99307],"axis":"y","angle":0.0},"faces":{"north":{"uv":[0.0,0.0,3.0,8.0],"texture":"#2"},"east":{"uv":[0.0,0.0,3.0,8.0],"texture":"#2"},"south":{"uv":[0.0,0.0,3.0,8.0],"texture":"#2"},"west":{"uv":[0.0,0.0,3.0,8.0],"texture":"#2"}}},{"from":[7.985,21.50899,5.50693],"to":[8.015,23.50899,7.00693],"rotation":{"origin":[8.0,22.50899,8.0],"axis":"y","angle":45.0},"faces":{"east":{"uv":[10.0,8.0,12.0,9.5],"texture":"#4","rotation":270},"west":{"uv":[9.0,10.0,11.0,11.5],"texture":"#4","rotation":90}}},{"from":[7.985,21.50899,8.99307],"to":[8.015,23.50899,10.49307],"rotation":{"origin":[8.0,22.50899,8.0],"axis":"y","angle":45.0},"faces":{"east":{"uv":[10.0,9.5,12.0,8.0],"texture":"#4","rotation":270},"west":{"uv":[9.0,11.5,11.0,10.0],"texture":"#4","rotation":90}}},{"from":[8.99307,21.50899,7.985],"to":[10.49307,23.50899,8.015],"rotation":{"origin":[8.0,22.50899,8.0],"axis":"y","angle":45.0},"faces":{"north":{"uv":[10.0,9.5,12.0,8.0],"texture":"#4","rotation":270},"south":{"uv":[9.0,11.5,11.0,10.0],"texture":"#4","rotation":90}}},{"from":[5.50693,21.50899,7.985],"to":[7.00693,23.50899,8.015],"rotation":{"origin":[8.0,22.50899,8.0],"axis":"y","angle":45.0},"faces":{"north":{"uv":[10.0,8.0,12.0,9.5],"texture":"#4","rotation":270},"south":{"uv":[9.0,10.0,11.0,11.5],"texture":"#4","rotation":90}}}],"textures":{"particle":"62b4f276-8b94-4fce-8fd1-9d3ff45e996b","1":"62b4f276-8b94-4fce-8fd1-9d3ff45e996b","2":"75cb2b2d-85ca-4358-8dbd-89388c5e7c79","4":"6043c5cd-9bd7-4d8a-abcc-7d20ce611932"},"gui_light":"front"}