{"display":{"thirdperson_righthand":{"rotation":[60.0,45.0,0.0],"translation":[0.0,2.0,0.0],"scale":[0.5,0.5,0.5]},"thirdperson_lefthand":{"rotation":[60.0,45.0,0.0],"translation":[0.0,2.0,0.0],"scale":[0.5,0.5,0.5]},"firstperson_righthand":{"rotation":[0.0,30.0,0.0]},"firstperson_lefthand":{"rotation":[0.0,30.0,0.0]},"ground":{"translation":[0.0,3.0,0.0],"scale":[0.3,0.3,0.3]},"gui":{"rotation":[30.0,135.0,0.0],"translation":[0.0,2.0,0.0]},"head":{"translation":[0.0,-27.0,0.0],"scale":[2.0,2.0,2.0]},"fixed":{"rotation":[-90.0,0.0,0.0],"translation":[0.0,0.0,-16.0],"scale":[2.0,2.0,2.0]}},"elements":[{"from":[6.0,4.0,1.0],"to":[10.0,8.0,3.0],"rotation":{"origin":[8.0,5.0,8.0],"axis":"y","angle":0.0},"faces":{"north":{"uv":[2.0,0.0,6.0,4.0],"texture":"#0","tintindex":0},"east":{"uv":[0.0,0.0,2.0,4.0],"texture":"#0","tintindex":0},"south":{"uv":[8.0,0.0,12.0,4.0],"texture":"#0","tintindex":0},"west":{"uv":[6.0,0.0,8.0,4.0],"texture":"#0","tintindex":0},"up":{"uv":[0.0,4.0,4.0,6.0],"texture":"#0","tintindex":0},"down":{"uv":[4.0,4.0,8.0,6.0],"texture":"#0","tintindex":0}}},{"from":[7.0,5.0,3.0],"to":[9.0,7.0,6.0],"rotation":{"origin":[8.0,5.0,8.0],"axis":"y","angle":0.0},"faces":{"north":{"uv":[0.0,0.0,2.0,2.0],"texture":"#0"},"east":{"uv":[14.0,0.0,16.0,3.0],"texture":"#0","rotation":90},"south":{"uv":[0.0,0.0,2.0,2.0],"texture":"#0"},"west":{"uv":[14.0,0.0,16.0,3.0],"texture":"#0","rotation":90},"up":{"uv":[12.0,0.0,14.0,3.0],"texture":"#0"},"down":{"uv":[8.0,4.0,11.0,6.0],"texture":"#0","rotation":90}}},{"from":[13.0,4.0,6.0],"to":[15.0,8.0,10.0],"rotation":{"origin":[8.0,5.0,8.0],"axis":"y","angle":0.0},"faces":{"north":{"uv":[6.0,0.0,8.0,4.0],"texture":"#0","tintindex":0},"east":{"uv":[2.0,0.0,6.0,4.0],"texture":"#0","tintindex":0},"south":{"uv":[0.0,0.0,2.0,4.0],"texture":"#0","tintindex":0},"west":{"uv":[8.0,0.0,12.0,4.0],"texture":"#0","tintindex":0},"up":{"uv":[0.0,4.0,4.0,6.0],"texture":"#0","rotation":90,"tintindex":0},"down":{"uv":[4.0,4.0,8.0,6.0],"texture":"#0","rotation":270,"tintindex":0}}},{"from":[10.0,5.0,7.0],"to":[13.0,7.0,9.0],"rotation":{"origin":[8.0,5.0,8.0],"axis":"y","angle":0.0},"faces":{"north":{"uv":[14.0,0.0,16.0,3.0],"texture":"#0","rotation":90},"east":{"uv":[0.0,0.0,2.0,2.0],"texture":"#0"},"south":{"uv":[14.0,0.0,16.0,3.0],"texture":"#0","rotation":90},"west":{"uv":[0.0,0.0,2.0,2.0],"texture":"#0"},"up":{"uv":[12.0,0.0,14.0,3.0],"texture":"#0","rotation":90},"down":{"uv":[8.0,4.0,11.0,6.0],"texture":"#0"}}},{"from":[6.0,4.0,13.0],"to":[10.0,8.0,15.0],"rotation":{"origin":[8.0,5.0,8.0],"axis":"y","angle":0.0},"faces":{"north":{"uv":[8.0,0.0,12.0,4.0],"texture":"#0","tintindex":0},"east":{"uv":[6.0,0.0,8.0,4.0],"texture":"#0","tintindex":0},"south":{"uv":[2.0,0.0,6.0,4.0],"texture":"#0","tintindex":0},"west":{"uv":[0.0,0.0,2.0,4.0],"texture":"#0","tintindex":0},"up":{"uv":[0.0,4.0,4.0,6.0],"texture":"#0","rotation":180,"tintindex":0},"down":{"uv":[4.0,4.0,8.0,6.0],"texture":"#0","rotation":180,"tintindex":0}}},{"from":[7.0,5.0,10.0],"to":[9.0,7.0,13.0],"rotation":{"origin":[8.0,5.0,8.0],"axis":"y","angle":0.0},"faces":{"north":{"uv":[0.0,0.0,2.0,2.0],"texture":"#0"},"east":{"uv":[14.0,0.0,16.0,3.0],"texture":"#0","rotation":90},"south":{"uv":[0.0,0.0,2.0,2.0],"texture":"#0"},"west":{"uv":[14.0,0.0,16.0,3.0],"texture":"#0","rotation":90},"up":{"uv":[12.0,0.0,14.0,3.0],"texture":"#0","rotation":180},"down":{"uv":[8.0,4.0,11.0,6.0],"texture":"#0","rotation":270}}},{"from":[1.0,4.0,6.0],"to":[3.0,8.0,10.0],"rotation":{"origin":[8.0,5.0,8.0],"axis":"y","angle":0.0},"faces":{"north":{"uv":[0.0,0.0,2.0,4.0],"texture":"#0","tintindex":0},"east":{"uv":[8.0,0.0,12.0,4.0],"texture":"#0","tintindex":0},"south":{"uv":[6.0,0.0,8.0,4.0],"texture":"#0","tintindex":0},"west":{"uv":[2.0,0.0,6.0,4.0],"texture":"#0","tintindex":0},"up":{"uv":[0.0,4.0,4.0,6.0],"texture":"#0","rotation":270,"tintindex":0},"down":{"uv":[4.0,4.0,8.0,6.0],"texture":"#0","rotation":90,"tintindex":0}}},{"from":[3.0,5.0,7.0],"to":[6.0,7.0,9.0],"rotation":{"origin":[8.0,5.0,8.0],"axis":"y","angle":0.0},"faces":{"north":{"uv":[14.0,0.0,16.0,3.0],"texture":"#0","rotation":90},"east":{"uv":[0.0,0.0,2.0,2.0],"texture":"#0"},"south":{"uv":[14.0,0.0,16.0,3.0],"texture":"#0","rotation":90},"west":{"uv":[0.0,0.0,2.0,2.0],"texture":"#0"},"up":{"uv":[12.0,0.0,14.0,3.0],"texture":"#0","rotation":270},"down":{"uv":[8.0,4.0,11.0,6.0],"texture":"#0","rotation":180}}},{"from":[6.0,3.0,6.0],"to":[10.0,8.0,10.0],"rotation":{"origin":[8.0,5.0,8.0],"axis":"y","angle":0.0},"faces":{"north":{"uv":[0.0,10.0,4.0,15.0],"texture":"#0","tintindex":0},"east":{"uv":[0.0,10.0,4.0,15.0],"texture":"#0","tintindex":0},"south":{"uv":[0.0,10.0,4.0,15.0],"texture":"#0","tintindex":0},"west":{"uv":[0.0,10.0,4.0,15.0],"texture":"#0","tintindex":0},"up":{"uv":[0.0,6.0,4.0,10.0],"texture":"#0","rotation":90,"tintindex":0},"down":{"uv":[4.0,6.0,8.0,10.0],"texture":"#0","rotation":270,"tintindex":0}}},{"from":[7.0,0.0,7.0],"to":[9.0,3.0,9.0],"rotation":{"origin":[8.0,5.0,8.0],"axis":"y","angle":0.0},"faces":{"north":{"uv":[10.0,6.0,8.0,9.0],"texture":"#0"},"east":{"uv":[8.0,6.0,10.0,9.0],"texture":"#0"},"south":{"uv":[10.0,6.0,8.0,9.0],"texture":"#0"},"west":{"uv":[8.0,6.0,10.0,9.0],"texture":"#0"}}}],"textures":{"particle":"88948447-3544-4db1-9872-0ce82bb30046","0":"88948447-3544-4db1-9872-0ce82bb30046"},"gui_light":"front"}