{"display":{"thirdperson_righthand":{"rotation":[0.0,-72.0,0.0],"translation":[2.5,-2.0,0.25]},"thirdperson_lefthand":{"rotation":[0.0,-72.0,0.0],"translation":[2.5,-2.0,0.25]},"firstperson_righthand":{"rotation":[0.0,0.0,-4.75],"translation":[-0.5,3.75,0.75]},"firstperson_lefthand":{"rotation":[0.0,0.0,-4.75],"translation":[-0.5,3.75,0.75]},"ground":{"rotation":[45.0,0.0,0.0],"translation":[0.0,3.75,0.0]},"gui":{"rotation":[0.0,140.0,0.0],"scale":[1.34766,1.34766,1.34766]},"fixed":{"translation":[0.0,0.0,-3.0],"scale":[2.5,2.5,2.5]}},"elements":[{"from":[2.5,2.5,7.5],"to":[13.5,13.5,8.5],"rotation":{"origin":[3.5,3.5,7.5],"axis":"y","angle":0.0},"faces":{"north":{"uv":[0.0,0.0,5.5,5.5],"texture":"#0"},"east":{"uv":[7.5,8.5,8.0,14.0],"texture":"#0"},"south":{"uv":[0.0,5.5,5.5,11.0],"texture":"#0"},"west":{"uv":[8.0,8.5,8.5,14.0],"texture":"#0"},"up":{"uv":[14.0,4.0,8.5,3.5],"texture":"#0"},"down":{"uv":[14.0,4.0,8.5,4.5],"texture":"#0"}}},{"from":[3.5,3.5,7.4],"to":[12.5,12.5,7.4],"rotation":{"origin":[3.5,3.5,7.4],"axis":"y","angle":0.0},"faces":{"north":{"uv":[0.0,0.0,9.0,9.0],"texture":"#1"},"east":{"uv":[0.0,0.0,0.0,9.0],"texture":"#1"},"west":{"uv":[0.0,0.0,0.0,9.0],"texture":"#1"},"up":{"uv":[9.0,0.0,0.0,0.0],"texture":"#1"},"down":{"uv":[9.0,0.0,0.0,0.0],"texture":"#1"}}},{"from":[4.5,4.5,6.5],"to":[11.5,11.5,7.5],"rotation":{"origin":[3.5,3.5,6.5],"axis":"y","angle":0.0},"faces":{"north":{"uv":[5.5,0.0,9.0,3.5],"texture":"#0"},"east":{"uv":[8.5,8.5,9.0,12.0],"texture":"#0"},"west":{"uv":[9.0,0.0,9.5,3.5],"texture":"#0"},"up":{"uv":[12.0,5.0,8.5,4.5],"texture":"#0"},"down":{"uv":[12.0,5.0,8.5,5.5],"texture":"#0"}}},{"from":[5.0,5.0,4.5],"to":[11.0,11.0,6.5],"rotation":{"origin":[3.5,3.5,6.5],"axis":"y","angle":0.0},"faces":{"north":{"uv":[5.5,3.5,8.5,6.5],"texture":"#0"},"east":{"uv":[5.5,6.5,6.5,9.5],"texture":"#0"},"west":{"uv":[6.5,6.5,7.5,9.5],"texture":"#0"},"up":{"uv":[10.5,7.5,7.5,6.5],"texture":"#0"},"down":{"uv":[10.5,7.5,7.5,8.5],"texture":"#0"}}},{"from":[7.5,5.5,10.0],"to":[8.5,10.5,11.0],"rotation":{"origin":[7.5,5.5,10.0],"axis":"y","angle":0.0},"faces":{"north":{"uv":[9.0,8.5,9.5,11.0],"texture":"#0"},"east":{"uv":[9.5,0.0,10.0,2.5],"texture":"#0"},"south":{"uv":[5.5,9.5,6.0,12.0],"texture":"#0"},"west":{"uv":[6.0,9.5,6.5,12.0],"texture":"#0"}}},{"from":[7.25,10.5,8.5],"to":[8.75,11.0,11.25],"rotation":{"origin":[7.5,6.0,8.5],"axis":"y","angle":0.0},"faces":{"east":{"uv":[8.5,5.5,10.0,5.75],"texture":"#0"},"south":{"uv":[10.0,6.0,10.75,6.25],"texture":"#0"},"west":{"uv":[8.5,6.0,10.0,6.25],"texture":"#0"},"up":{"uv":[7.25,11.0,6.5,9.5],"texture":"#0"},"down":{"uv":[10.25,8.5,9.5,10.0],"texture":"#0"}}},{"from":[7.25,5.0,8.5],"to":[8.75,5.5,11.25],"rotation":{"origin":[7.5,0.5,8.5],"axis":"y","angle":0.0},"faces":{"east":{"uv":[8.5,5.5,10.0,5.75],"texture":"#0"},"south":{"uv":[10.0,6.0,10.75,6.25],"texture":"#0"},"west":{"uv":[8.5,6.0,10.0,6.25],"texture":"#0"},"up":{"uv":[7.25,11.0,6.5,9.5],"texture":"#0"},"down":{"uv":[10.25,8.5,9.5,10.0],"texture":"#0"}}}],"textures":{"particle":"9fb20e6e-0267-4c44-9fed-180c1b601ac3","0":"9fb20e6e-0267-4c44-9fed-180c1b601ac3","1":"01c665ad-d4fb-4d5b-93db-3fc2d65547b8"},"gui_light":"front"}