{"display":{"thirdperson_righthand":{"translation":[0.0,-3.0,1.0]},"thirdperson_lefthand":{"translation":[0.0,-3.0,1.0]},"firstperson_righthand":{"rotation":[-10.0,0.0,0.0],"translation":[1.25,-0.75,1.0]},"firstperson_lefthand":{"rotation":[-10.0,0.0,0.0],"translation":[1.25,-0.75,1.0]},"ground":{"rotation":[-45.0,0.0,0.0],"translation":[0.0,5.5,0.0],"scale":[0.7,0.7,0.7]},"gui":{"rotation":[0.0,0.0,45.0],"translation":[1.75,-1.75,0.0],"scale":[0.8,0.8,0.8]},"head":{"rotation":[0.0,-90.0,0.0]},"fixed":{"rotation":[0.0,-90.0,0.0],"translation":[0.0,-2.0,-1.25],"scale":[2.5,2.5,2.5]}},"elements":[{"from":[7.5,0.5,7.5],"to":[8.5,1.5,8.5],"rotation":{"origin":[6.5,-0.5,7.5],"axis":"y","angle":0.0},"faces":{"north":{"uv":[4.0,8.0,5.0,9.0],"texture":"#4"},"east":{"uv":[6.0,8.0,7.0,9.0],"texture":"#4"},"south":{"uv":[8.0,6.0,9.0,7.0],"texture":"#4"},"west":{"uv":[8.0,7.0,9.0,8.0],"texture":"#4"},"up":{"uv":[9.0,9.0,8.0,8.0],"texture":"#4"},"down":{"uv":[10.0,0.0,9.0,1.0],"texture":"#4"}}},{"from":[7.5,7.75,7.5],"to":[8.5,10.25,8.5],"rotation":{"origin":[8.0,9.0,8.0],"axis":"y","angle":45.0},"faces":{"north":{"uv":[7.0,6.0,8.0,8.5],"texture":"#4"},"east":{"uv":[8.0,0.0,9.0,2.5],"texture":"#4"},"south":{"uv":[3.0,8.0,4.0,10.5],"texture":"#4"},"west":{"uv":[8.0,3.0,9.0,5.5],"texture":"#4"},"up":{"uv":[10.0,2.0,9.0,1.0],"texture":"#4"},"down":{"uv":[10.0,2.0,9.0,3.0],"texture":"#4"}}},{"from":[7.4,0.0,7.4],"to":[8.6,0.5,8.6],"rotation":{"origin":[6.5,-0.5,7.5],"axis":"y","angle":0.0},"faces":{"north":{"uv":[11.0,4.0,12.0,4.5],"texture":"#4"},"east":{"uv":[5.0,11.0,6.0,11.5],"texture":"#4"},"south":{"uv":[11.0,5.0,12.0,5.5],"texture":"#4"},"west":{"uv":[6.0,11.0,7.0,11.5],"texture":"#4"},"up":{"uv":[10.0,4.0,9.0,3.0],"texture":"#4"},"down":{"uv":[5.0,9.0,4.0,10.0],"texture":"#4"}}},{"from":[7.4,7.5,7.4],"to":[8.6,8.0,8.6],"rotation":{"origin":[6.5,5.5,7.5],"axis":"y","angle":0.0},"faces":{"north":{"uv":[11.0,6.0,12.0,6.5],"texture":"#4"},"east":{"uv":[7.0,11.0,8.0,11.5],"texture":"#4"},"south":{"uv":[8.0,11.0,9.0,11.5],"texture":"#4"},"west":{"uv":[9.0,11.0,10.0,11.5],"texture":"#4"},"up":{"uv":[10.0,5.0,9.0,4.0],"texture":"#4"},"down":{"uv":[6.0,9.0,5.0,10.0],"texture":"#4"}}},{"from":[7.4,15.5,7.4],"to":[8.6,16.0,8.6],"rotation":{"origin":[6.5,2.5,7.5],"axis":"y","angle":0.0},"faces":{"north":{"uv":[10.0,11.0,11.0,11.5],"texture":"#4"},"east":{"uv":[11.0,10.0,12.0,10.5],"texture":"#4"},"south":{"uv":[11.0,11.0,12.0,11.5],"texture":"#4"},"west":{"uv":[0.0,12.0,1.0,12.5],"texture":"#4"},"up":{"uv":[10.0,6.0,9.0,5.0],"texture":"#4"},"down":{"uv":[7.0,9.0,6.0,10.0],"texture":"#4"}}},{"from":[7.5,10.5,7.5],"to":[8.5,11.5,8.5],"rotation":{"origin":[6.5,5.5,7.5],"axis":"y","angle":0.0},"faces":{"north":{"uv":[9.0,6.0,10.0,7.0],"texture":"#4"},"east":{"uv":[7.0,9.0,8.0,10.0],"texture":"#4"},"south":{"uv":[9.0,7.0,10.0,8.0],"texture":"#4"},"west":{"uv":[8.0,9.0,9.0,10.0],"texture":"#4"},"up":{"uv":[10.0,9.0,9.0,8.0],"texture":"#4"},"down":{"uv":[10.0,9.0,9.0,10.0],"texture":"#4"}}},{"from":[7.5,6.5,7.5],"to":[8.5,7.5,8.5],"rotation":{"origin":[6.5,-7.5,7.5],"axis":"y","angle":0.0},"faces":{"north":{"uv":[0.0,10.0,1.0,11.0],"texture":"#4"},"east":{"uv":[10.0,0.0,11.0,1.0],"texture":"#4"},"south":{"uv":[1.0,10.0,2.0,11.0],"texture":"#4"},"west":{"uv":[10.0,1.0,11.0,2.0],"texture":"#4"},"up":{"uv":[3.0,11.0,2.0,10.0],"texture":"#4"},"down":{"uv":[11.0,2.0,10.0,3.0],"texture":"#4"}}},{"from":[7.4,10.0,7.4],"to":[8.6,10.5,8.6],"rotation":{"origin":[6.5,5.5,7.5],"axis":"y","angle":0.0},"faces":{"north":{"uv":[12.0,0.0,13.0,0.5],"texture":"#4"},"east":{"uv":[1.0,12.0,2.0,12.5],"texture":"#4"},"south":{"uv":[12.0,1.0,13.0,1.5],"texture":"#4"},"west":{"uv":[2.0,12.0,3.0,12.5],"texture":"#4"},"up":{"uv":[11.0,4.0,10.0,3.0],"texture":"#4"},"down":{"uv":[5.0,10.0,4.0,11.0],"texture":"#4"}}},{"from":[7.5,-1.0,8.0],"to":[8.5,0.0,9.0],"rotation":{"origin":[7.5,-1.0,8.0],"axis":"x","angle":-45.0},"faces":{"north":{"uv":[10.0,4.0,11.0,5.0],"texture":"#4"},"east":{"uv":[5.0,10.0,6.0,11.0],"texture":"#4"},"south":{"uv":[10.0,5.0,11.0,6.0],"texture":"#4"},"west":{"uv":[6.0,10.0,7.0,11.0],"texture":"#4"},"up":{"uv":[11.0,7.0,10.0,6.0],"texture":"#4"},"down":{"uv":[8.0,10.0,7.0,11.0],"texture":"#4"}}},{"from":[7.0,16.0,7.0],"to":[9.0,16.5,9.0],"rotation":{"origin":[7.0,9.0,7.0],"axis":"y","angle":0.0},"faces":{"north":{"uv":[10.0,7.0,12.0,7.5],"texture":"#4"},"east":{"uv":[8.0,10.0,10.0,10.5],"texture":"#4"},"south":{"uv":[10.0,8.0,12.0,8.5],"texture":"#4"},"west":{"uv":[10.0,9.0,12.0,9.5],"texture":"#4"},"down":{"uv":[5.0,6.0,3.0,8.0],"texture":"#4"}}},{"from":[6.0,16.5,6.0],"to":[10.0,18.0,10.0],"rotation":{"origin":[7.0,9.5,7.0],"axis":"y","angle":0.0},"faces":{"north":{"uv":[8.0,0.0,16.0,3.0],"texture":"#1"},"east":{"uv":[8.0,4.0,16.0,7.0],"texture":"#1"},"south":{"uv":[8.0,8.0,16.0,11.0],"texture":"#1"},"west":{"uv":[8.0,12.0,16.0,15.0],"texture":"#1"},"up":{"uv":[8.0,8.0,0.0,0.0],"texture":"#1"},"down":{"uv":[8.0,8.0,0.0,16.0],"texture":"#1"}}},{"from":[6.5,18.0,6.5],"to":[9.5,20.0,9.5],"rotation":{"origin":[7.0,11.0,7.0],"axis":"y","angle":0.0},"faces":{"north":{"uv":[0.0,3.0,3.0,5.0],"texture":"#4"},"east":{"uv":[3.0,0.0,6.0,2.0],"texture":"#4"},"south":{"uv":[3.0,2.0,6.0,4.0],"texture":"#4"},"west":{"uv":[3.0,4.0,6.0,6.0],"texture":"#4"},"up":{"uv":[3.0,3.0,0.0,0.0],"texture":"#4"}}},{"from":[7.4,1.5,7.4],"to":[8.6,6.5,8.6],"rotation":{"origin":[7.5,1.5,7.5],"axis":"y","angle":0.0},"faces":{"north":{"uv":[0.0,5.0,1.0,10.0],"texture":"#4"},"east":{"uv":[1.0,5.0,2.0,10.0],"texture":"#4"},"south":{"uv":[2.0,5.0,3.0,10.0],"texture":"#4"},"west":{"uv":[6.0,0.0,7.0,5.0],"texture":"#4"},"up":{"uv":[11.0,11.0,10.0,10.0],"texture":"#4"},"down":{"uv":[1.0,11.0,0.0,12.0],"texture":"#4"}}},{"from":[7.4,11.5,7.4],"to":[8.6,14.5,8.6],"rotation":{"origin":[7.5,11.5,7.5],"axis":"y","angle":0.0},"faces":{"north":{"uv":[5.0,6.0,6.0,9.0],"texture":"#4"},"east":{"uv":[6.0,5.0,7.0,8.0],"texture":"#4"},"south":{"uv":[7.0,0.0,8.0,3.0],"texture":"#4"},"west":{"uv":[7.0,3.0,8.0,6.0],"texture":"#4"},"up":{"uv":[12.0,1.0,11.0,0.0],"texture":"#4"},"down":{"uv":[2.0,11.0,1.0,12.0],"texture":"#4"}}},{"from":[7.5,14.5,7.5],"to":[8.5,15.5,8.5],"rotation":{"origin":[6.5,2.5,7.5],"axis":"y","angle":0.0},"faces":{"north":{"uv":[11.0,1.0,12.0,2.0],"texture":"#4"},"east":{"uv":[2.0,11.0,3.0,12.0],"texture":"#4"},"south":{"uv":[11.0,2.0,12.0,3.0],"texture":"#4"},"west":{"uv":[3.0,11.0,4.0,12.0],"texture":"#4"},"up":{"uv":[12.0,4.0,11.0,3.0],"texture":"#4"},"down":{"uv":[5.0,11.0,4.0,12.0],"texture":"#4"}}},{"from":[4.0,17.25,4.0],"to":[12.0,17.28,12.0],"rotation":{"origin":[8.0,17.265,8.0],"axis":"x","angle":-45.0},"faces":{"up":{"uv":[16.0,16.0,0.0,0.0],"texture":"#3","rotation":180},"down":{"uv":[0.0,16.0,16.0,0.0],"texture":"#3","rotation":180}}},{"from":[4.0,17.25,4.0],"to":[12.0,17.28,12.0],"rotation":{"origin":[8.0,17.265,8.0],"axis":"x","angle":45.0},"faces":{"up":{"uv":[16.0,16.0,0.0,0.0],"texture":"#3","rotation":270},"down":{"uv":[0.0,16.0,16.0,0.0],"texture":"#3","rotation":90}}}],"textures":{"particle":"2a0f9ca7-8468-46fc-8aa8-b8602eb9d086","1":"2a0f9ca7-8468-46fc-8aa8-b8602eb9d086","3":"1f75447e-2490-474f-9b8b-e87eb0da9a37","4":"5b96883f-7720-4814-8a57-63fb0c53bd4b"},"gui_light":"front"}