{"display":{"thirdperson_righthand":{"translation":[0.0,-1.0,1.5],"scale":[1.5,1.5,1.5]},"thirdperson_lefthand":{"translation":[0.0,-1.0,1.5],"scale":[1.5,1.5,1.5]},"firstperson_righthand":{"rotation":[-5.5,-0.3,3.0],"translation":[-1.75,2.5,3.5],"scale":[0.96289,0.96289,0.96289]},"firstperson_lefthand":{"rotation":[-5.5,-0.3,3.0],"translation":[-1.75,2.5,3.5],"scale":[0.96289,0.96289,0.96289]},"ground":{"rotation":[-26.5,-25.3,55.42],"translation":[0.0,1.75,0.0],"scale":[1.24844,1.24844,1.24844]},"gui":{"rotation":[90.0,-135.0,90.0],"translation":[-1.75,-2.0,0.0],"scale":[1.18359,1.18359,1.18359]},"head":{"scale":[0.0,0.0,0.0]},"fixed":{"rotation":[90.0,-90.0,90.0],"translation":[0.0,-0.5,-2.25],"scale":[3.0,3.0,3.0]}},"elements":[{"from":[7.5,2.00329,7.5],"to":[8.5,3.00329,8.5],"rotation":{"origin":[8.0,2.50329,8.0],"axis":"x","angle":-45.0},"faces":{"north":{"uv":[6.0,4.0,7.0,5.0],"texture":"#2"},"east":{"uv":[0.0,10.0,1.0,11.0],"texture":"#2"},"south":{"uv":[1.0,10.0,2.0,11.0],"texture":"#2"},"west":{"uv":[10.0,1.0,11.0,2.0],"texture":"#2"},"up":{"uv":[3.0,11.0,2.0,10.0],"texture":"#2"},"down":{"uv":[11.0,2.0,10.0,3.0],"texture":"#2"}}},{"from":[7.5,11.20329,7.5],"to":[8.5,12.20329,8.5],"rotation":{"origin":[8.0,11.70329,8.0],"axis":"x","angle":-45.0},"faces":{"north":{"uv":[3.0,10.0,4.0,11.0],"texture":"#2"},"east":{"uv":[10.0,3.0,11.0,4.0],"texture":"#2"},"south":{"uv":[4.0,10.0,5.0,11.0],"texture":"#2"},"west":{"uv":[10.0,4.0,11.0,5.0],"texture":"#2"},"up":{"uv":[11.0,6.0,10.0,5.0],"texture":"#2"},"down":{"uv":[11.0,6.0,10.0,7.0],"texture":"#2"}}},{"from":[7.6,11.30329,7.5],"to":[8.4,13.30329,9.5],"rotation":{"origin":[8.0,11.80329,8.0],"axis":"x","angle":-45.0},"faces":{"north":{"uv":[8.0,2.0,9.0,4.0],"texture":"#2"},"east":{"uv":[0.0,5.0,2.0,7.0],"texture":"#2"},"south":{"uv":[4.0,8.0,5.0,10.0],"texture":"#2"},"west":{"uv":[5.0,0.0,7.0,2.0],"texture":"#2"},"up":{"uv":[8.0,10.0,7.0,8.0],"texture":"#2"},"down":{"uv":[9.0,8.0,8.0,10.0],"texture":"#2"}}},{"from":[7.6,2.80329,7.6],"to":[8.4,3.80329,8.4],"rotation":{"origin":[8.0,3.30329,8.0],"axis":"x","angle":0.0},"faces":{"north":{"uv":[7.0,10.0,8.0,11.0],"texture":"#2"},"east":{"uv":[10.0,7.0,11.0,8.0],"texture":"#2"},"south":{"uv":[8.0,10.0,9.0,11.0],"texture":"#2"},"west":{"uv":[10.0,8.0,11.0,9.0],"texture":"#2"},"up":{"uv":[11.0,10.0,10.0,9.0],"texture":"#2"},"down":{"uv":[11.0,10.0,10.0,11.0],"texture":"#2"}}},{"from":[7.6,4.80329,7.6],"to":[8.4,5.60329,8.4],"rotation":{"origin":[8.0,5.30329,8.0],"axis":"x","angle":0.0},"faces":{"north":{"uv":[0.0,11.0,1.0,12.0],"texture":"#2"},"east":{"uv":[11.0,0.0,12.0,1.0],"texture":"#2"},"south":{"uv":[1.0,11.0,2.0,12.0],"texture":"#2"},"west":{"uv":[11.0,1.0,12.0,2.0],"texture":"#2"},"up":{"uv":[3.0,12.0,2.0,11.0],"texture":"#2"},"down":{"uv":[12.0,2.0,11.0,3.0],"texture":"#2"}}},{"from":[7.6,8.60329,7.6],"to":[8.4,11.40329,8.4],"rotation":{"origin":[8.0,9.10329,8.0],"axis":"x","angle":0.0},"faces":{"north":{"uv":[2.0,5.0,3.0,8.0],"texture":"#2"},"east":{"uv":[5.0,2.0,6.0,5.0],"texture":"#2"},"south":{"uv":[3.0,5.0,4.0,8.0],"texture":"#2"},"west":{"uv":[4.0,5.0,5.0,8.0],"texture":"#2"},"up":{"uv":[4.0,12.0,3.0,11.0],"texture":"#2"},"down":{"uv":[12.0,3.0,11.0,4.0],"texture":"#2"}}},{"from":[7.7,3.80329,7.7],"to":[8.3,4.80329,8.3],"rotation":{"origin":[8.0,4.30329,8.0],"axis":"x","angle":0.0},"faces":{"north":{"uv":[9.0,11.0,9.5,12.0],"texture":"#2"},"east":{"uv":[11.0,9.0,11.5,10.0],"texture":"#2"},"south":{"uv":[10.0,11.0,10.5,12.0],"texture":"#2"},"west":{"uv":[11.0,10.0,11.5,11.0],"texture":"#2"},"up":{"uv":[12.5,1.5,12.0,1.0],"texture":"#2"},"down":{"uv":[2.5,12.0,2.0,12.5],"texture":"#2"}}},{"from":[7.7,5.60329,7.7],"to":[8.3,8.60329,8.3],"rotation":{"origin":[8.0,6.10329,8.0],"axis":"x","angle":0.0},"faces":{"north":{"uv":[5.0,9.0,5.5,12.0],"texture":"#2"},"east":{"uv":[9.0,5.0,9.5,8.0],"texture":"#2"},"south":{"uv":[6.0,9.0,6.5,12.0],"texture":"#2"},"west":{"uv":[9.0,8.0,9.5,11.0],"texture":"#2"},"up":{"uv":[12.5,2.5,12.0,2.0],"texture":"#2"},"down":{"uv":[3.5,12.0,3.0,12.5],"texture":"#2"}}},{"from":[7.7,12.16146,6.09238],"to":[8.3,12.76146,7.09238],"rotation":{"origin":[8.0,12.60288,6.09239],"axis":"x","angle":0.0},"faces":{"north":{"uv":[12.0,3.0,12.5,3.5],"texture":"#2"},"east":{"uv":[11.0,11.0,12.0,11.5],"texture":"#2"},"south":{"uv":[4.0,12.0,4.5,12.5],"texture":"#2"},"west":{"uv":[0.0,12.0,1.0,12.5],"texture":"#2"},"up":{"uv":[12.5,1.0,12.0,0.0],"texture":"#2"},"down":{"uv":[1.5,12.0,1.0,13.0],"texture":"#2"}}},{"from":[7.5,11.84933,4.63884],"to":[8.5,12.84933,6.63884],"rotation":{"origin":[8.0,12.60288,6.09239],"axis":"x","angle":45.0},"faces":{"north":{"uv":[4.0,11.0,5.0,12.0],"texture":"#2"},"east":{"uv":[0.0,9.0,2.0,10.0],"texture":"#2"},"south":{"uv":[11.0,4.0,12.0,5.0],"texture":"#2"},"west":{"uv":[9.0,0.0,11.0,1.0],"texture":"#2"},"up":{"uv":[10.0,3.0,9.0,1.0],"texture":"#2"},"down":{"uv":[10.0,3.0,9.0,5.0],"texture":"#2"}}},{"from":[7.5,11.84933,9.36116],"to":[8.5,12.84933,11.36116],"rotation":{"origin":[8.0,12.60288,9.90761],"axis":"x","angle":-45.0},"faces":{"north":{"uv":[12.0,4.0,11.0,5.0],"texture":"#2"},"east":{"uv":[2.0,9.0,0.0,10.0],"texture":"#2"},"south":{"uv":[5.0,11.0,4.0,12.0],"texture":"#2"},"west":{"uv":[11.0,0.0,9.0,1.0],"texture":"#2"},"up":{"uv":[10.0,1.0,9.0,3.0],"texture":"#2"},"down":{"uv":[10.0,5.0,9.0,3.0],"texture":"#2"}}},{"from":[7.7,12.16146,8.90762],"to":[8.3,12.76146,9.90762],"rotation":{"origin":[8.0,12.60288,9.90761],"axis":"x","angle":0.0},"faces":{"north":{"uv":[4.5,12.0,4.0,12.5],"texture":"#2"},"east":{"uv":[12.0,11.0,11.0,11.5],"texture":"#2"},"south":{"uv":[12.5,3.0,12.0,3.5],"texture":"#2"},"west":{"uv":[1.0,12.0,0.0,12.5],"texture":"#2"},"up":{"uv":[12.5,0.0,12.0,1.0],"texture":"#2"},"down":{"uv":[1.5,13.0,1.0,12.0],"texture":"#2"}}},{"from":[7.7375,12.90329,7.575],"to":[8.2625,14.32829,9.0],"rotation":{"origin":[7.9875,13.90329,8.0],"axis":"x","angle":45.0},"faces":{"north":{"uv":[11.0,5.0,11.5,6.5],"texture":"#2"},"east":{"uv":[5.0,5.0,6.5,6.5],"texture":"#2"},"south":{"uv":[7.0,11.0,7.5,12.5],"texture":"#2"},"west":{"uv":[6.0,2.0,7.5,3.5],"texture":"#2"},"up":{"uv":[11.5,8.5,11.0,7.0],"texture":"#2"},"down":{"uv":[8.5,11.0,8.0,12.5],"texture":"#2"}}},{"from":[7.26,13.86,7.26],"to":[8.74,15.34,8.74],"rotation":{"origin":[8.0,14.6,8.0],"axis":"x","angle":45.0},"faces":{"north":{"uv":[0.0,7.0,1.5,8.5],"texture":"#2"},"east":{"uv":[7.0,0.0,8.5,1.5],"texture":"#2"},"south":{"uv":[7.0,4.0,8.5,5.5],"texture":"#2"},"west":{"uv":[5.0,7.0,6.5,8.5],"texture":"#2"},"up":{"uv":[8.5,7.5,7.0,6.0],"texture":"#2"},"down":{"uv":[3.5,8.0,2.0,9.5],"texture":"#2"}}},{"from":[8.0,11.4,8.0],"to":[8.0,16.4,13.0],"rotation":{"origin":[8.0,11.4,8.0],"axis":"x","angle":-45.0},"faces":{"north":{"uv":[0.0,0.0,0.0,5.0],"texture":"#2"},"east":{"uv":[0.0,5.0,5.0,0.0],"texture":"#2","rotation":180},"south":{"uv":[0.0,0.0,0.0,5.0],"texture":"#2"},"west":{"uv":[0.0,0.0,5.0,5.0],"texture":"#2"},"up":{"uv":[0.0,5.0,0.0,0.0],"texture":"#2"},"down":{"uv":[0.0,0.0,0.0,5.0],"texture":"#2"}}}],"textures":{"particle":"cutiecatpack:cutiecatpack/catstaff","2":"c42b2347-d167-437e-90e7-0b2de3e53fa3"},"gui_light":"front"}