{"display":{"thirdperson_righthand":{"translation":[0.0,5.0,1.25],"scale":[0.6,0.6,0.6]},"thirdperson_lefthand":{"translation":[0.0,5.0,1.25],"scale":[0.6,0.6,0.6]},"firstperson_righthand":{"rotation":[-12.0,15.0,3.0],"translation":[1.25,4.25,-1.0],"scale":[0.5,0.5,0.5]},"firstperson_lefthand":{"rotation":[-12.0,15.0,3.0],"translation":[1.25,4.25,-1.0],"scale":[0.5,0.5,0.5]},"ground":{"rotation":[0.0,0.0,90.0],"translation":[-3.0,0.25,0.0],"scale":[0.5,0.5,0.5]},"gui":{"rotation":[119.0,135.0,-115.0],"translation":[-1.0,0.75,-1.25],"scale":[0.43609,0.43609,0.43609]},"head":{"rotation":[90.0,-168.0,90.0],"translation":[-0.5,11.75,0.0],"scale":[0.56,0.56,0.56]},"fixed":{"rotation":[0.0,90.0,0.0],"translation":[0.0,3.0,-2.25],"scale":[1.07898,1.07898,1.07898]}},"elements":[{"from":[7.0,-11.0,7.0],"to":[9.0,9.0,9.0],"rotation":{"origin":[0.0,-3.0,17.0],"axis":"y","angle":0.0},"faces":{"north":{"uv":[0.0,5.875,0.25,8.375],"texture":"#0"},"east":{"uv":[0.0,5.875,0.25,8.375],"texture":"#0"},"south":{"uv":[0.0,5.875,0.25,8.375],"texture":"#0"},"west":{"uv":[0.0,5.875,0.25,8.375],"texture":"#0"},"up":{"uv":[0.0,5.875,0.25,6.125],"texture":"#0"},"down":{"uv":[0.0,5.875,0.25,6.125],"texture":"#0"}}},{"from":[7.35,16.0,4.5],"to":[8.65,22.0,11.5],"rotation":{"origin":[0.0,3.0,0.0],"axis":"y","angle":0.0},"faces":{"north":{"uv":[6.375,3.625,6.5375,4.375],"texture":"#0"},"east":{"uv":[5.5,3.625,6.375,4.375],"texture":"#0"},"south":{"uv":[6.5375,3.625,6.375,4.375],"texture":"#0"},"west":{"uv":[5.5,3.625,6.375,4.375],"texture":"#0"},"up":{"uv":[4.875,4.625,5.0375,5.5],"texture":"#0"},"down":{"uv":[4.875,4.625,5.0375,5.5],"texture":"#0"}}},{"from":[7.15,22.0,7.0],"to":[8.65,27.0,9.0],"rotation":{"origin":[8.76863,21.95442,8.0],"axis":"z","angle":22.5},"faces":{"north":{"uv":[4.4375,5.75,4.25,6.375],"texture":"#0"},"east":{"uv":[5.25,4.125,5.5,4.75],"texture":"#0"},"south":{"uv":[5.0625,4.875,5.25,5.5],"texture":"#0"},"west":{"uv":[5.5,4.125,5.25,4.75],"texture":"#0"},"up":{"uv":[5.0625,4.875,5.25,4.625],"texture":"#0"},"down":{"uv":[5.0625,4.625,5.25,4.875],"texture":"#0"}}},{"from":[7.15,22.0,4.0],"to":[8.65,27.0,6.0],"rotation":{"origin":[8.76863,21.95442,8.0],"axis":"z","angle":22.5},"faces":{"north":{"uv":[4.4375,5.75,4.25,6.375],"texture":"#0"},"east":{"uv":[5.25,4.125,5.5,4.75],"texture":"#0"},"south":{"uv":[5.0625,4.875,5.25,5.5],"texture":"#0"},"west":{"uv":[5.5,4.125,5.25,4.75],"texture":"#0"},"up":{"uv":[5.0625,4.875,5.25,4.625],"texture":"#0"},"down":{"uv":[5.0625,4.625,5.25,4.875],"texture":"#0"}}},{"from":[7.15,22.0,10.0],"to":[8.65,27.0,12.0],"rotation":{"origin":[8.76863,21.95442,8.0],"axis":"z","angle":22.5},"faces":{"north":{"uv":[4.4375,5.75,4.25,6.375],"texture":"#0"},"east":{"uv":[5.25,4.125,5.5,4.75],"texture":"#0"},"south":{"uv":[5.0625,4.875,5.25,5.5],"texture":"#0"},"west":{"uv":[5.5,4.125,5.25,4.75],"texture":"#0"},"up":{"uv":[5.0625,4.875,5.25,4.625],"texture":"#0"},"down":{"uv":[5.0625,4.875,5.25,4.625],"texture":"#0"}}},{"from":[6.5,-15.0,5.5],"to":[9.5,-12.0,8.5],"rotation":{"origin":[7.7625,-14.5,8.0625],"axis":"x","angle":45.0},"faces":{"north":{"uv":[2.25,1.5625,2.625,1.9375],"texture":"#0","rotation":270},"east":{"uv":[2.25,1.9375,1.875,1.5625],"texture":"#0"},"south":{"uv":[2.625,1.5625,3.0,1.9375],"texture":"#0"},"west":{"uv":[1.875,1.9375,2.25,1.5625],"texture":"#0"},"up":{"uv":[2.25,1.5625,2.625,1.9375],"texture":"#0","rotation":270},"down":{"uv":[2.625,1.9375,3.0,1.5625],"texture":"#0"}}},{"from":[6.75,-13.5,6.75],"to":[9.25,-11.0,9.25],"rotation":{"origin":[7.0,15.5,25.0],"axis":"y","angle":0.0},"faces":{"north":{"uv":[2.1875,2.4375,2.5,2.125],"texture":"#0"},"east":{"uv":[2.1875,2.4375,2.5,2.125],"texture":"#0"},"south":{"uv":[2.1875,2.4375,2.5,2.125],"texture":"#0"},"west":{"uv":[2.1875,2.4375,2.5,2.125],"texture":"#0"},"up":{"uv":[2.5,2.4375,2.8125,2.125],"texture":"#0"},"down":{"uv":[2.5,2.4375,2.8125,2.125],"texture":"#0"}}},{"from":[7.9,-16.0,5.5],"to":[7.9,-9.0,13.5],"rotation":{"origin":[7.9,-7.5,10.5],"axis":"x","angle":-22.5},"faces":{"north":{"uv":[0.0,0.0,0.0,12.0],"texture":"#missing"},"east":{"uv":[14.5,0.0,13.5,0.875],"texture":"#0"},"south":{"uv":[0.0,0.0,0.0,12.0],"texture":"#missing"},"west":{"uv":[13.5,0.0,14.5,0.875],"texture":"#0"},"up":{"uv":[0.0,0.0,0.0,10.0],"texture":"#missing"},"down":{"uv":[0.0,0.0,0.0,10.0],"texture":"#missing"}}},{"from":[6.4,-16.0,5.5],"to":[6.4,-11.0,10.5],"rotation":{"origin":[0.0,16.0,0.0],"axis":"y","angle":0.0},"faces":{"north":{"uv":[0.0,14.0,0.0,0.0],"texture":"#missing"},"east":{"uv":[16.0,1.9375,15.0,0.9375],"texture":"#0"},"south":{"uv":[0.0,14.0,0.0,0.0],"texture":"#missing"},"west":{"uv":[15.0,1.9375,16.0,0.9375],"texture":"#0"},"up":{"uv":[0.0,16.0,0.0,0.0],"texture":"#missing"},"down":{"uv":[0.0,16.0,0.0,0.0],"texture":"#missing"}}},{"from":[9.6,-16.0,5.5],"to":[9.6,-11.0,10.5],"rotation":{"origin":[16.0,16.0,0.0],"axis":"y","angle":0.0},"faces":{"north":{"uv":[0.0,14.0,0.0,0.0],"texture":"#missing"},"east":{"uv":[16.0,1.9375,15.0,0.9375],"texture":"#0"},"south":{"uv":[0.0,14.0,0.0,0.0],"texture":"#missing"},"west":{"uv":[15.0,1.9375,16.0,0.9375],"texture":"#0"},"up":{"uv":[0.0,16.0,0.0,0.0],"texture":"#missing"},"down":{"uv":[0.0,16.0,0.0,0.0],"texture":"#missing"}}},{"from":[5.75,12.3,7.5],"to":[10.25,14.8,10.0],"rotation":{"origin":[7.0,12.8,8.0],"axis":"x","angle":-45.0},"faces":{"north":{"uv":[2.1875,1.0,2.5,1.5625],"texture":"#0","rotation":90},"east":{"uv":[2.25,0.4375,2.5625,0.75],"texture":"#0","rotation":90},"south":{"uv":[1.875,1.0,2.1875,1.5625],"texture":"#0","rotation":90},"west":{"uv":[2.25,0.75,2.5625,0.4375],"texture":"#0","rotation":90},"up":{"uv":[1.875,1.0,2.1875,1.5625],"texture":"#0","rotation":90},"down":{"uv":[2.1875,1.0,2.5,1.5625],"texture":"#0","rotation":90}}},{"from":[10.1,11.0,5.5],"to":[10.1,18.0,10.5],"rotation":{"origin":[10.1,19.5,5.5],"axis":"x","angle":22.5},"faces":{"north":{"uv":[0.0,0.0,0.0,12.0],"texture":"#missing"},"east":{"uv":[14.5,0.0,15.125,0.875],"texture":"#0"},"south":{"uv":[0.0,0.0,0.0,12.0],"texture":"#missing"},"west":{"uv":[15.125,0.0,14.5,0.875],"texture":"#0"},"up":{"uv":[0.0,10.0,0.0,0.0],"texture":"#missing"},"down":{"uv":[0.0,10.0,0.0,0.0],"texture":"#missing"}}},{"from":[10.1,11.0,5.5],"to":[10.1,18.0,10.5],"rotation":{"origin":[10.1,19.5,10.5],"axis":"x","angle":-22.5},"faces":{"north":{"uv":[0.0,0.0,0.0,12.0],"texture":"#missing"},"east":{"uv":[15.125,0.0,14.5,0.875],"texture":"#0"},"south":{"uv":[0.0,0.0,0.0,12.0],"texture":"#missing"},"west":{"uv":[14.5,0.0,15.125,0.875],"texture":"#0"},"up":{"uv":[0.0,0.0,0.0,10.0],"texture":"#missing"},"down":{"uv":[0.0,0.0,0.0,10.0],"texture":"#missing"}}},{"from":[5.9,11.0,5.5],"to":[5.9,18.0,10.5],"rotation":{"origin":[5.9,19.5,10.5],"axis":"x","angle":-22.5},"faces":{"north":{"uv":[0.0,0.0,0.0,12.0],"texture":"#missing"},"east":{"uv":[15.125,0.0,14.5,0.875],"texture":"#0"},"south":{"uv":[0.0,0.0,0.0,12.0],"texture":"#missing"},"west":{"uv":[14.5,0.0,15.125,0.875],"texture":"#0"},"up":{"uv":[0.0,0.0,0.0,10.0],"texture":"#missing"},"down":{"uv":[0.0,0.0,0.0,10.0],"texture":"#missing"}}},{"from":[5.9,11.0,5.5],"to":[5.9,18.0,10.5],"rotation":{"origin":[5.9,19.5,5.5],"axis":"x","angle":22.5},"faces":{"north":{"uv":[0.0,0.0,0.0,12.0],"texture":"#missing"},"east":{"uv":[14.5,0.0,15.125,0.875],"texture":"#0"},"south":{"uv":[0.0,0.0,0.0,12.0],"texture":"#missing"},"west":{"uv":[15.125,0.0,14.5,0.875],"texture":"#0"},"up":{"uv":[0.0,10.0,0.0,0.0],"texture":"#missing"},"down":{"uv":[0.0,10.0,0.0,0.0],"texture":"#missing"}}},{"from":[6.45,11.5,5.0],"to":[9.55,15.0,8.5],"rotation":{"origin":[7.7625,12.0,8.0625],"axis":"x","angle":45.0},"faces":{"north":{"uv":[2.6875,0.4375,3.075,0.0],"texture":"#0"},"east":{"uv":[2.6875,0.4375,2.25,0.0],"texture":"#0"},"south":{"uv":[2.6875,0.4375,3.075,0.0],"texture":"#0"},"west":{"uv":[2.25,0.4375,2.6875,0.0],"texture":"#0"},"up":{"uv":[3.125,0.0,3.5625,0.3875],"texture":"#0","rotation":270},"down":{"uv":[3.125,0.0,3.5625,0.3875],"texture":"#0","rotation":270}}},{"from":[6.7625,13.0875,5.0],"to":[10.2625,16.1875,8.5],"rotation":{"origin":[9.7625,14.4,8.0625],"axis":"y","angle":45.0},"faces":{"north":{"uv":[2.6875,0.4375,3.075,0.0],"texture":"#0","rotation":90},"east":{"uv":[3.125,0.0,3.5625,0.3875],"texture":"#0","rotation":180},"south":{"uv":[2.6875,0.4375,3.075,0.0],"texture":"#0","rotation":270},"west":{"uv":[3.125,0.0,3.5625,0.3875],"texture":"#0","rotation":180},"up":{"uv":[2.6875,0.4375,2.25,0.0],"texture":"#0","rotation":270},"down":{"uv":[2.25,0.4375,2.6875,0.0],"texture":"#0","rotation":270}}},{"from":[6.9625,12.3875,7.5],"to":[9.4625,16.8875,10.0],"rotation":{"origin":[8.9625,13.6375,8.0],"axis":"y","angle":-45.0},"faces":{"north":{"uv":[2.1875,1.0,2.5,1.5625],"texture":"#0","rotation":180},"east":{"uv":[2.1875,1.0,2.5,1.5625],"texture":"#0"},"south":{"uv":[1.875,1.0,2.1875,1.5625],"texture":"#0"},"west":{"uv":[1.875,1.0,2.1875,1.5625],"texture":"#0"},"up":{"uv":[2.25,0.4375,2.5625,0.75],"texture":"#0"},"down":{"uv":[2.25,0.75,2.5625,0.4375],"texture":"#0"}}},{"from":[6.5,11.0,3.5],"to":[9.5,14.0,12.5],"rotation":{"origin":[8.0,5.38858,8.0625],"axis":"y","angle":0.0},"faces":{"north":{"uv":[1.125,2.5,1.5,2.125],"texture":"#0"},"east":{"uv":[1.125,2.625,0.0,2.25],"texture":"#0"},"south":{"uv":[1.125,2.5,1.5,2.125],"texture":"#0"},"west":{"uv":[0.0,2.625,1.125,2.25],"texture":"#0"},"up":{"uv":[0.0,2.625,1.125,3.0],"texture":"#0","rotation":270},"down":{"uv":[3.5,4.125,4.625,4.5],"texture":"#0","rotation":270}}},{"from":[6.75,9.0,6.75],"to":[9.25,11.5,9.25],"rotation":{"origin":[7.0,4.5,25.0],"axis":"y","angle":0.0},"faces":{"north":{"uv":[1.5625,2.125,1.875,2.4375],"texture":"#0"},"east":{"uv":[1.5625,2.125,1.875,2.4375],"texture":"#0"},"south":{"uv":[1.5625,2.125,1.875,2.4375],"texture":"#0"},"west":{"uv":[1.5625,2.125,1.875,2.4375],"texture":"#0"},"up":{"uv":[1.875,2.125,2.1875,2.4375],"texture":"#0"},"down":{"uv":[1.875,2.125,2.1875,2.4375],"texture":"#0"}}},{"from":[6.45,8.1,-1.1],"to":[9.55,11.3,1.9],"rotation":{"origin":[8.0,5.38858,10.0625],"axis":"x","angle":22.5},"faces":{"north":{"uv":[1.5,2.9,1.8875,2.5],"texture":"#0"},"east":{"uv":[1.5,2.9,1.125,2.5],"texture":"#0"},"south":{"uv":[1.5,2.9,1.8875,2.5],"texture":"#0"},"west":{"uv":[1.125,2.9,1.5,2.5],"texture":"#0"},"up":{"uv":[2.25,2.9375,2.625,3.325],"texture":"#0","rotation":270},"down":{"uv":[3.5,4.5,3.875,4.8875],"texture":"#0","rotation":270}}},{"from":[6.45,8.1,14.1],"to":[9.55,11.3,17.1],"rotation":{"origin":[8.0,5.38858,5.9375],"axis":"x","angle":-22.5},"faces":{"north":{"uv":[2.325,2.9,1.9375,2.5],"texture":"#0"},"east":{"uv":[1.5,3.3375,1.875,2.9375],"texture":"#0"},"south":{"uv":[2.325,2.9,1.9375,2.5],"texture":"#0"},"west":{"uv":[1.875,3.3375,1.5,2.9375],"texture":"#0"},"up":{"uv":[2.75,2.5,2.375,2.8875],"texture":"#0","rotation":270},"down":{"uv":[4.25,4.5,3.875,4.8875],"texture":"#0","rotation":270}}},{"from":[5.3,10.0,4.0],"to":[5.3,18.0,12.0],"rotation":{"origin":[0.0,12.0,0.0],"axis":"y","angle":0.0},"faces":{"north":{"uv":[0.0,0.0,0.0,16.0],"texture":"#1"},"east":{"uv":[16.0,0.0,0.0,16.0],"texture":"#1"},"south":{"uv":[0.0,0.0,0.0,16.0],"texture":"#1"},"west":{"uv":[0.0,0.0,16.0,16.0],"texture":"#1"},"up":{"uv":[0.0,16.0,0.0,0.0],"texture":"#1"},"down":{"uv":[0.0,0.0,0.0,16.0],"texture":"#1"}}},{"from":[10.7,10.0,4.0],"to":[10.7,18.0,12.0],"rotation":{"origin":[16.0,12.0,0.0],"axis":"y","angle":0.0},"faces":{"north":{"uv":[0.0,0.0,0.0,16.0],"texture":"#1"},"east":{"uv":[16.0,0.0,0.0,16.0],"texture":"#1"},"south":{"uv":[0.0,0.0,0.0,16.0],"texture":"#1"},"west":{"uv":[0.0,0.0,16.0,16.0],"texture":"#1"},"up":{"uv":[0.0,16.0,0.0,0.0],"texture":"#1"},"down":{"uv":[0.0,0.0,0.0,16.0],"texture":"#1"}}},{"from":[5.0,7.5,8.0],"to":[11.0,9.5,13.0],"rotation":{"origin":[17.0,11.375,10.0],"axis":"x","angle":-45.0},"faces":{"north":{"uv":[1.75,1.875,1.0,2.125],"texture":"#0"},"east":{"uv":[1.0,1.625,1.625,1.875],"texture":"#0"},"south":{"uv":[1.75,1.875,1.0,2.125],"texture":"#0"},"west":{"uv":[1.625,1.625,1.0,1.875],"texture":"#0"},"up":{"uv":[1.0,1.5,1.75,0.875],"texture":"#0"},"down":{"uv":[1.0,1.5,1.75,0.875],"texture":"#0"}}},{"from":[6.0,9.5,9.0],"to":[10.0,12.5,12.0],"rotation":{"origin":[17.0,11.375,10.0],"axis":"x","angle":-45.0},"faces":{"north":{"uv":[2.125,0.0,1.625,0.375],"texture":"#0"},"east":{"uv":[1.125,0.0,1.5,0.375],"texture":"#0"},"south":{"uv":[2.125,0.0,1.625,0.375],"texture":"#0"},"west":{"uv":[1.5,0.0,1.125,0.375],"texture":"#0"},"up":{"uv":[1.125,0.75,1.625,0.375],"texture":"#0"},"down":{"uv":[1.125,0.75,1.625,0.375],"texture":"#0"}}},{"from":[5.0,7.5,3.0],"to":[11.0,9.5,8.0],"rotation":{"origin":[17.0,11.375,6.0],"axis":"x","angle":45.0},"faces":{"north":{"uv":[1.0,1.875,1.75,2.125],"texture":"#0"},"east":{"uv":[1.625,1.625,1.0,1.875],"texture":"#0"},"south":{"uv":[1.0,1.875,1.75,2.125],"texture":"#0"},"west":{"uv":[1.0,1.625,1.625,1.875],"texture":"#0"},"up":{"uv":[1.0,0.875,1.75,1.5],"texture":"#0"},"down":{"uv":[1.0,0.875,1.75,1.5],"texture":"#0"}}},{"from":[6.0,9.5,4.0],"to":[10.0,12.5,7.0],"rotation":{"origin":[17.0,11.375,6.0],"axis":"x","angle":45.0},"faces":{"north":{"uv":[1.625,0.0,2.125,0.375],"texture":"#0"},"east":{"uv":[1.5,0.0,1.125,0.375],"texture":"#0"},"south":{"uv":[1.625,0.0,2.125,0.375],"texture":"#0"},"west":{"uv":[1.125,0.0,1.5,0.375],"texture":"#0"},"up":{"uv":[1.125,0.375,1.625,0.75],"texture":"#0"},"down":{"uv":[1.125,0.375,1.625,0.75],"texture":"#0"}}},{"from":[8.0,16.0,10.5],"to":[8.0,20.0,14.5],"rotation":{"origin":[8.0,17.0,11.5],"axis":"x","angle":22.5},"faces":{"north":{"uv":[0.0,0.0,0.0,14.0],"texture":"#missing"},"east":{"uv":[14.1875,0.9375,13.6875,1.4375],"texture":"#0"},"south":{"uv":[0.0,0.0,0.0,14.0],"texture":"#missing"},"west":{"uv":[13.6875,0.9375,14.1875,1.4375],"texture":"#0"},"up":{"uv":[0.0,0.0,0.0,16.0],"texture":"#missing"},"down":{"uv":[0.0,0.0,0.0,16.0],"texture":"#missing"}}},{"from":[8.0,16.0,1.5],"to":[8.0,20.0,5.5],"rotation":{"origin":[8.0,17.0,4.5],"axis":"x","angle":-22.5},"faces":{"north":{"uv":[0.0,0.0,0.0,14.0],"texture":"#missing"},"east":{"uv":[13.6875,0.9375,14.1875,1.4375],"texture":"#0"},"south":{"uv":[0.0,0.0,0.0,14.0],"texture":"#missing"},"west":{"uv":[14.1875,0.9375,13.6875,1.4375],"texture":"#0"},"up":{"uv":[0.0,16.0,0.0,0.0],"texture":"#missing"},"down":{"uv":[0.0,16.0,0.0,0.0],"texture":"#missing"}}}],"textures":{"particle":"aba6633d-1fb3-4659-8408-6e72c66bdd8e","0":"aba6633d-1fb3-4659-8408-6e72c66bdd8e","1":"f5ed32ad-10c9-4c42-911c-75513e901a7d"},"gui_light":"front"}