{"display":{"thirdperson_righthand":{"rotation":[69.75,0.0,0.0],"translation":[0.0,2.0,-0.5]},"thirdperson_lefthand":{"rotation":[69.75,0.0,0.0],"translation":[0.0,2.0,-0.5]},"firstperson_righthand":{"rotation":[63.25,0.0,-12.0],"translation":[0.0,4.25,1.75]},"firstperson_lefthand":{"rotation":[63.25,0.0,-12.0],"translation":[0.0,4.25,1.75]},"ground":{"rotation":[35.0,0.0,0.0],"translation":[0.0,4.25,0.0],"scale":[1.27734,1.27734,1.27734]},"gui":{"rotation":[-90.0,135.0,90.0],"translation":[-3.0,1.75,0.0],"scale":[1.73828,1.73828,1.73828]},"head":{"rotation":[90.0,-45.0,90.0],"scale":[1.59961,1.59961,1.59961]},"fixed":{"rotation":[90.0,-45.0,90.0],"translation":[0.0,-1.0,-1.5],"scale":[2.5,2.5,2.5]}},"elements":[{"from":[7.35,7.5,9.125],"to":[8.65,9.5,11.125],"rotation":{"origin":[8.0,8.5,10.125],"axis":"x","angle":-45.0},"faces":{"north":{"uv":[2.0,0.0,3.5,2.0],"texture":"#1"},"east":{"uv":[0.0,0.0,2.0,2.0],"texture":"#1"},"south":{"uv":[2.0,2.0,3.5,4.0],"texture":"#1"},"west":{"uv":[0.0,2.0,2.0,4.0],"texture":"#1"},"up":{"uv":[1.5,6.0,0.0,4.0],"texture":"#1"},"down":{"uv":[5.5,0.0,4.0,2.0],"texture":"#1"}}},{"from":[7.0,7.75,9.375],"to":[9.0,9.25,10.875],"rotation":{"origin":[8.0,8.5,10.125],"axis":"x","angle":-45.0},"faces":{"north":{"uv":[2.0,4.0,4.0,5.5],"texture":"#1"},"east":{"uv":[6.0,0.0,7.5,1.5],"texture":"#1"},"south":{"uv":[4.0,2.0,6.0,3.5],"texture":"#1"},"west":{"uv":[2.0,6.0,3.5,7.5],"texture":"#1"},"up":{"uv":[6.0,5.5,4.0,4.0],"texture":"#1"},"down":{"uv":[2.0,6.0,0.0,7.5],"texture":"#1"}}},{"from":[7.5,8.0,8.375],"to":[8.5,9.0,9.375],"rotation":{"origin":[7.5,8.0,7.375],"axis":"y","angle":0.0},"faces":{"north":{"uv":[6.0,7.0,7.0,8.0],"texture":"#1"},"east":{"uv":[7.0,7.0,8.0,8.0],"texture":"#1"},"west":{"uv":[0.0,8.0,1.0,9.0],"texture":"#1"},"up":{"uv":[9.0,1.0,8.0,0.0],"texture":"#1"},"down":{"uv":[2.0,8.0,1.0,9.0],"texture":"#1"}}},{"from":[7.5,8.0,4.375],"to":[8.5,9.0,6.375],"rotation":{"origin":[7.5,8.0,4.375],"axis":"y","angle":0.0},"faces":{"north":{"uv":[8.0,1.0,9.0,2.0],"texture":"#1"},"east":{"uv":[5.0,6.0,7.0,7.0],"texture":"#1"},"south":{"uv":[2.0,8.0,3.0,9.0],"texture":"#1"},"west":{"uv":[7.0,4.0,9.0,5.0],"texture":"#1"},"up":{"uv":[6.0,9.0,5.0,7.0],"texture":"#1"},"down":{"uv":[8.0,5.0,7.0,7.0],"texture":"#1"}}},{"from":[7.75,7.0,4.625],"to":[8.25,8.0,5.125],"rotation":{"origin":[7.5,7.0,4.625],"axis":"y","angle":0.0},"faces":{"north":{"uv":[8.0,2.0,8.5,3.0],"texture":"#1"},"east":{"uv":[3.0,8.0,3.5,9.0],"texture":"#1"},"south":{"uv":[8.0,3.0,8.5,4.0],"texture":"#1"},"west":{"uv":[4.0,8.0,4.5,9.0],"texture":"#1"},"down":{"uv":[8.5,7.0,8.0,7.5],"texture":"#1"}}},{"from":[7.75,7.0,5.625],"to":[8.25,8.0,6.125],"rotation":{"origin":[7.5,7.0,5.625],"axis":"y","angle":0.0},"faces":{"north":{"uv":[8.0,5.0,8.5,6.0],"texture":"#1"},"east":{"uv":[6.0,8.0,6.5,9.0],"texture":"#1"},"south":{"uv":[8.0,6.0,8.5,7.0],"texture":"#1"},"west":{"uv":[7.0,8.0,7.5,9.0],"texture":"#1"},"down":{"uv":[1.5,9.0,1.0,9.5],"texture":"#1"}}},{"from":[7.75,7.5,5.125],"to":[8.25,8.0,5.625],"rotation":{"origin":[7.5,7.0,5.125],"axis":"y","angle":0.0},"faces":{"east":{"uv":[8.0,8.0,8.5,8.5],"texture":"#1"},"west":{"uv":[0.0,9.0,0.5,9.5],"texture":"#1"},"down":{"uv":[9.5,0.0,9.0,0.5],"texture":"#1"}}},{"from":[7.6,8.1,6.375],"to":[8.4,8.9,8.375],"rotation":{"origin":[7.5,8.0,6.375],"axis":"y","angle":0.0},"faces":{"east":{"uv":[6.0,2.0,8.0,3.0],"texture":"#1"},"west":{"uv":[6.0,3.0,8.0,4.0],"texture":"#1"},"up":{"uv":[5.0,8.0,4.0,6.0],"texture":"#1"},"down":{"uv":[7.0,4.0,6.0,6.0],"texture":"#1"}}},{"from":[7.77411,6.125,11.05068],"to":[7.80411,11.125,15.55068],"rotation":{"origin":[7.80411,6.125,11.05068],"axis":"y","angle":-45.0},"faces":{"east":{"uv":[4.5,0.0,0.0,5.0],"texture":"#main"},"west":{"uv":[0.0,0.0,4.5,5.0],"texture":"#main"}}},{"from":[7.77411,6.125,11.05068],"to":[7.80411,11.125,15.55068],"rotation":{"origin":[7.80411,6.125,11.05068],"axis":"y","angle":-22.5},"faces":{"east":{"uv":[12.5,0.0,8.0,5.0],"texture":"#main"},"west":{"uv":[8.0,0.0,12.5,5.0],"texture":"#main"}}},{"from":[7.77411,6.125,11.05068],"to":[7.80411,11.125,15.55068],"rotation":{"origin":[7.80411,6.125,11.05068],"axis":"y","angle":0.0},"faces":{"east":{"uv":[4.5,8.0,0.0,13.0],"texture":"#main"},"west":{"uv":[0.0,8.0,4.5,13.0],"texture":"#main"}}},{"from":[8.19589,6.125,11.05068],"to":[8.22589,11.125,15.55068],"rotation":{"origin":[8.19589,6.125,11.05068],"axis":"y","angle":45.0},"faces":{"east":{"uv":[4.5,0.0,0.0,5.0],"texture":"#main"},"west":{"uv":[0.0,0.0,4.5,5.0],"texture":"#main"}}},{"from":[8.19589,6.125,11.05068],"to":[8.22589,11.125,15.55068],"rotation":{"origin":[8.19589,6.125,11.05068],"axis":"y","angle":22.5},"faces":{"east":{"uv":[12.5,0.0,8.0,5.0],"texture":"#main"},"west":{"uv":[8.0,0.0,12.5,5.0],"texture":"#main"}}},{"from":[8.19589,6.125,11.05068],"to":[8.22589,11.125,15.55068],"rotation":{"origin":[8.19589,6.125,11.05068],"axis":"y","angle":0.0},"faces":{"east":{"uv":[4.5,8.0,0.0,13.0],"texture":"#main"},"west":{"uv":[0.0,8.0,4.5,13.0],"texture":"#main"}}}],"textures":{"particle":"64f49fcb-c6ae-4905-bb9a-512710997e68","1":"64f49fcb-c6ae-4905-bb9a-512710997e68","main":"3a3591a2-0e92-4e60-a385-5c732b3de6d5"},"gui_light":"front"}