{"display":{"thirdperson_righthand":{"translation":[0.0,3.0,1.0]},"thirdperson_lefthand":{"translation":[0.0,3.0,1.0]},"firstperson_righthand":{"rotation":[-10.0,0.0,0.0],"translation":[0.0,3.25,0.0]},"firstperson_lefthand":{"rotation":[-10.0,0.0,0.0],"translation":[0.0,3.25,0.0]},"ground":{"rotation":[45.0,0.0,0.0],"translation":[0.0,5.5,0.0],"scale":[0.7,0.7,0.7]},"gui":{"rotation":[90.0,-45.0,90.0],"translation":[1.0,-1.0,0.0]},"head":{"rotation":[0.0,90.0,0.0]},"fixed":{"rotation":[0.0,-90.0,0.0],"translation":[0.0,1.75,-1.25],"scale":[2.5,2.5,2.5]}},"elements":[{"from":[7.5,0.5,7.5],"to":[8.5,1.5,8.5],"rotation":{"origin":[6.5,-0.5,7.5],"axis":"y","angle":0.0},"faces":{"north":{"uv":[6.0,5.0,7.0,6.0],"texture":"#3"},"east":{"uv":[12.0,1.0,13.0,2.0],"texture":"#3"},"south":{"uv":[4.0,12.0,5.0,13.0],"texture":"#3"},"west":{"uv":[12.0,5.0,13.0,6.0],"texture":"#3"},"up":{"uv":[7.0,13.0,6.0,12.0],"texture":"#3"},"down":{"uv":[8.0,12.0,7.0,13.0],"texture":"#3"}}},{"from":[7.5,1.75,7.5],"to":[8.5,4.25,8.5],"rotation":{"origin":[8.0,3.0,8.0],"axis":"y","angle":45.0},"faces":{"north":{"uv":[0.0,10.0,1.0,12.5],"texture":"#3"},"east":{"uv":[10.0,0.0,11.0,2.5],"texture":"#3"},"south":{"uv":[1.0,10.0,2.0,12.5],"texture":"#3"},"west":{"uv":[2.0,10.0,3.0,12.5],"texture":"#3"},"up":{"uv":[13.0,8.0,12.0,7.0],"texture":"#3"},"down":{"uv":[13.0,8.0,12.0,9.0],"texture":"#3"}}},{"from":[7.4,0.0,7.4],"to":[8.6,0.5,8.6],"rotation":{"origin":[6.5,-0.5,7.5],"axis":"y","angle":0.0},"faces":{"north":{"uv":[3.0,14.0,4.0,14.5],"texture":"#3"},"east":{"uv":[14.0,3.0,15.0,3.5],"texture":"#3"},"south":{"uv":[4.0,14.0,5.0,14.5],"texture":"#3"},"west":{"uv":[14.0,4.0,15.0,4.5],"texture":"#3"},"up":{"uv":[13.0,10.0,12.0,9.0],"texture":"#3"},"down":{"uv":[11.0,12.0,10.0,13.0],"texture":"#3"}}},{"from":[7.4,1.5,7.4],"to":[8.6,2.0,8.6],"rotation":{"origin":[6.5,-0.5,7.5],"axis":"y","angle":0.0},"faces":{"north":{"uv":[5.0,14.0,6.0,14.5],"texture":"#3"},"east":{"uv":[14.0,5.0,15.0,5.5],"texture":"#3"},"south":{"uv":[6.0,14.0,7.0,14.5],"texture":"#3"},"west":{"uv":[14.0,6.0,15.0,6.5],"texture":"#3"},"up":{"uv":[13.0,11.0,12.0,10.0],"texture":"#3"},"down":{"uv":[12.0,12.0,11.0,13.0],"texture":"#3"}}},{"from":[7.4,11.5,7.4],"to":[8.6,12.0,8.6],"rotation":{"origin":[6.5,-3.5,7.5],"axis":"y","angle":0.0},"faces":{"north":{"uv":[7.0,14.0,8.0,14.5],"texture":"#3"},"east":{"uv":[14.0,7.0,15.0,7.5],"texture":"#3"},"south":{"uv":[8.0,14.0,9.0,14.5],"texture":"#3"},"west":{"uv":[9.0,14.0,10.0,14.5],"texture":"#3"},"up":{"uv":[13.0,12.0,12.0,11.0],"texture":"#3"},"down":{"uv":[13.0,12.0,12.0,13.0],"texture":"#3"}}},{"from":[7.5,4.5,7.5],"to":[8.5,5.5,8.5],"rotation":{"origin":[6.5,-0.5,7.5],"axis":"y","angle":0.0},"faces":{"north":{"uv":[0.0,13.0,1.0,14.0],"texture":"#3"},"east":{"uv":[1.0,13.0,2.0,14.0],"texture":"#3"},"south":{"uv":[13.0,1.0,14.0,2.0],"texture":"#3"},"west":{"uv":[2.0,13.0,3.0,14.0],"texture":"#3"},"up":{"uv":[14.0,3.0,13.0,2.0],"texture":"#3"},"down":{"uv":[14.0,3.0,13.0,4.0],"texture":"#3"}}},{"from":[7.5,10.5,7.5],"to":[8.5,11.5,8.5],"rotation":{"origin":[6.5,-3.5,7.5],"axis":"y","angle":0.0},"faces":{"north":{"uv":[12.0,13.0,13.0,14.0],"texture":"#3"},"east":{"uv":[13.0,12.0,14.0,13.0],"texture":"#3"},"south":{"uv":[13.0,13.0,14.0,14.0],"texture":"#3"},"west":{"uv":[0.0,14.0,1.0,15.0],"texture":"#3"},"up":{"uv":[15.0,1.0,14.0,0.0],"texture":"#3"},"down":{"uv":[2.0,14.0,1.0,15.0],"texture":"#3"}}},{"from":[7.4,4.0,7.4],"to":[8.6,4.5,8.6],"rotation":{"origin":[6.5,-0.5,7.5],"axis":"y","angle":0.0},"faces":{"north":{"uv":[10.0,14.0,11.0,14.5],"texture":"#3"},"east":{"uv":[14.0,10.0,15.0,10.5],"texture":"#3"},"south":{"uv":[11.0,14.0,12.0,14.5],"texture":"#3"},"west":{"uv":[14.0,11.0,15.0,11.5],"texture":"#3"},"up":{"uv":[5.0,14.0,4.0,13.0],"texture":"#3"},"down":{"uv":[14.0,4.0,13.0,5.0],"texture":"#3"}}},{"from":[7.25,9.70358,-1.08805],"to":[8.75,11.20358,2.91195],"rotation":{"origin":[8.0,11.75358,-0.98805],"axis":"x","angle":-22.5},"faces":{"east":{"uv":[0.0,0.0,3.0,8.0],"texture":"#2","rotation":90},"west":{"uv":[0.0,0.0,3.0,8.0],"texture":"#2","rotation":270},"up":{"uv":[0.0,0.0,3.0,8.0],"texture":"#2"},"down":{"uv":[0.0,0.0,3.0,8.0],"texture":"#2","rotation":180}}},{"from":[7.5,-1.0,8.0],"to":[8.5,0.0,9.0],"rotation":{"origin":[7.5,-1.0,8.0],"axis":"x","angle":-45.0},"faces":{"north":{"uv":[5.0,13.0,6.0,14.0],"texture":"#3"},"east":{"uv":[13.0,5.0,14.0,6.0],"texture":"#3"},"south":{"uv":[6.0,13.0,7.0,14.0],"texture":"#3"},"west":{"uv":[13.0,6.0,14.0,7.0],"texture":"#3"},"up":{"uv":[8.0,14.0,7.0,13.0],"texture":"#3"},"down":{"uv":[14.0,7.0,13.0,8.0],"texture":"#3"}}},{"from":[7.0,12.0,7.0],"to":[9.0,12.5,9.0],"rotation":{"origin":[7.0,3.0,7.0],"axis":"y","angle":0.0},"faces":{"north":{"uv":[8.0,13.0,10.0,13.5],"texture":"#3"},"east":{"uv":[13.0,8.0,15.0,8.5],"texture":"#3"},"south":{"uv":[13.0,9.0,15.0,9.5],"texture":"#3"},"west":{"uv":[10.0,13.0,12.0,13.5],"texture":"#3"},"down":{"uv":[5.0,6.0,3.0,8.0],"texture":"#3"}}},{"from":[6.0,12.5,6.0],"to":[10.0,14.0,10.0],"rotation":{"origin":[7.0,3.5,7.0],"axis":"y","angle":0.0},"faces":{"north":{"uv":[8.0,0.0,16.0,3.0],"texture":"#1"},"east":{"uv":[8.0,4.0,16.0,7.0],"texture":"#1"},"south":{"uv":[8.0,8.0,16.0,11.0],"texture":"#1"},"west":{"uv":[8.0,12.0,16.0,15.0],"texture":"#1"},"up":{"uv":[8.0,8.0,0.0,0.0],"texture":"#1"},"down":{"uv":[8.0,8.0,0.0,16.0],"texture":"#1"}}},{"from":[6.5,14.0,6.5],"to":[9.5,16.0,9.5],"rotation":{"origin":[7.0,5.0,7.0],"axis":"y","angle":0.0},"faces":{"north":{"uv":[0.0,3.0,3.0,5.0],"texture":"#3"},"east":{"uv":[3.0,0.0,6.0,2.0],"texture":"#3"},"south":{"uv":[3.0,2.0,6.0,4.0],"texture":"#3"},"west":{"uv":[3.0,4.0,6.0,6.0],"texture":"#3"},"up":{"uv":[3.0,3.0,0.0,0.0],"texture":"#3"}}},{"from":[7.4,5.5,7.4],"to":[8.6,10.5,8.6],"rotation":{"origin":[7.5,5.5,7.5],"axis":"y","angle":0.0},"faces":{"north":{"uv":[0.0,5.0,1.0,10.0],"texture":"#3"},"east":{"uv":[1.0,5.0,2.0,10.0],"texture":"#3"},"south":{"uv":[2.0,5.0,3.0,10.0],"texture":"#3"},"west":{"uv":[6.0,0.0,7.0,5.0],"texture":"#3"},"up":{"uv":[14.0,11.0,13.0,10.0],"texture":"#3"},"down":{"uv":[14.0,11.0,13.0,12.0],"texture":"#3"}}},{"from":[7.4,11.55,3.9],"to":[8.6,12.75,7.4],"rotation":{"origin":[8.0,9.9,3.4],"axis":"y","angle":0.0},"faces":{"north":{"uv":[14.0,1.0,15.0,2.0],"texture":"#3"},"east":{"uv":[7.0,6.0,10.5,7.0],"texture":"#3"},"south":{"uv":[2.0,14.0,3.0,15.0],"texture":"#3"},"west":{"uv":[7.0,7.0,10.5,8.0],"texture":"#3"},"up":{"uv":[4.0,11.5,3.0,8.0],"texture":"#3"},"down":{"uv":[5.0,8.0,4.0,11.5],"texture":"#3"}}},{"from":[7.0,11.75,4.75],"to":[9.0,13.75,5.75],"rotation":{"origin":[7.0,12.0,5.0],"axis":"x","angle":-22.5},"faces":{"north":{"uv":[5.0,6.0,7.0,8.0],"texture":"#3"},"east":{"uv":[10.0,3.0,11.0,5.0],"texture":"#3"},"south":{"uv":[7.0,0.0,9.0,2.0],"texture":"#3"},"west":{"uv":[11.0,0.0,12.0,2.0],"texture":"#3"},"up":{"uv":[12.0,6.0,10.0,5.0],"texture":"#3"},"down":{"uv":[13.0,2.0,11.0,3.0],"texture":"#3"}}},{"from":[7.5,10.25,4.75],"to":[8.5,11.75,6.75],"rotation":{"origin":[7.0,12.0,5.0],"axis":"x","angle":-22.5},"faces":{"north":{"uv":[3.0,12.0,4.0,13.5],"texture":"#3"},"east":{"uv":[5.0,9.0,7.0,10.5],"texture":"#3"},"south":{"uv":[12.0,3.0,13.0,4.5],"texture":"#3"},"west":{"uv":[7.0,9.0,9.0,10.5],"texture":"#3"},"up":{"uv":[12.0,9.0,11.0,7.0],"texture":"#3"},"down":{"uv":[9.0,11.0,8.0,13.0],"texture":"#3"}}},{"from":[7.985,10.25,2.75],"to":[8.015,11.75,4.75],"rotation":{"origin":[6.485,12.0,5.0],"axis":"x","angle":-22.5},"faces":{"east":{"uv":[11.0,9.0,9.0,10.5],"texture":"#3"},"west":{"uv":[9.0,9.0,11.0,10.5],"texture":"#3"}}},{"from":[7.0,11.75,2.75],"to":[9.0,13.75,3.75],"rotation":{"origin":[7.0,12.0,5.0],"axis":"x","angle":-22.5},"faces":{"north":{"uv":[7.0,2.0,9.0,4.0],"texture":"#3"},"east":{"uv":[11.0,3.0,12.0,5.0],"texture":"#3"},"south":{"uv":[7.0,4.0,9.0,6.0],"texture":"#3"},"west":{"uv":[5.0,11.0,6.0,13.0],"texture":"#3"},"up":{"uv":[8.0,12.0,6.0,11.0],"texture":"#3"},"down":{"uv":[13.0,6.0,11.0,7.0],"texture":"#3"}}},{"from":[7.25,12.0,3.75],"to":[8.75,13.5,4.75],"rotation":{"origin":[7.0,12.0,5.0],"axis":"x","angle":-22.5},"faces":{"east":{"uv":[9.0,11.0,10.0,12.5],"texture":"#3"},"west":{"uv":[11.0,9.0,12.0,10.5],"texture":"#3"},"up":{"uv":[11.5,12.0,10.0,11.0],"texture":"#3"},"down":{"uv":[13.5,0.0,12.0,1.0],"texture":"#3"}}},{"from":[7.5,12.25,-0.25],"to":[8.5,13.25,2.75],"rotation":{"origin":[7.0,12.0,5.0],"axis":"x","angle":-22.5},"faces":{"north":{"uv":[14.0,2.0,15.0,3.0],"texture":"#3"},"east":{"uv":[5.0,8.0,8.0,9.0],"texture":"#3"},"west":{"uv":[8.0,8.0,11.0,9.0],"texture":"#3"},"up":{"uv":[10.0,3.0,9.0,0.0],"texture":"#3"},"down":{"uv":[10.0,3.0,9.0,6.0],"texture":"#3"}}},{"from":[7.4,11.55,8.6],"to":[8.6,12.75,12.1],"rotation":{"origin":[8.0,9.9,12.6],"axis":"y","angle":0.0},"faces":{"north":{"uv":[3.0,14.0,2.0,15.0],"texture":"#3"},"east":{"uv":[10.5,6.0,7.0,7.0],"texture":"#3"},"south":{"uv":[15.0,1.0,14.0,2.0],"texture":"#3"},"west":{"uv":[10.5,7.0,7.0,8.0],"texture":"#3"},"up":{"uv":[4.0,8.0,3.0,11.5],"texture":"#3"},"down":{"uv":[5.0,11.5,4.0,8.0],"texture":"#3"}}},{"from":[7.25,9.70358,13.08805],"to":[8.75,11.20358,17.08805],"rotation":{"origin":[8.0,11.75358,16.98805],"axis":"x","angle":22.5},"faces":{"east":{"uv":[0.0,8.0,3.0,0.0],"texture":"#2","rotation":90},"west":{"uv":[0.0,8.0,3.0,0.0],"texture":"#2","rotation":270},"up":{"uv":[0.0,8.0,3.0,0.0],"texture":"#2"},"down":{"uv":[0.0,8.0,3.0,0.0],"texture":"#2","rotation":180}}},{"from":[7.0,11.75,10.25],"to":[9.0,13.75,11.25],"rotation":{"origin":[7.0,12.0,11.0],"axis":"x","angle":22.5},"faces":{"north":{"uv":[9.0,0.0,7.0,2.0],"texture":"#3"},"east":{"uv":[11.0,3.0,10.0,5.0],"texture":"#3"},"south":{"uv":[7.0,6.0,5.0,8.0],"texture":"#3"},"west":{"uv":[12.0,0.0,11.0,2.0],"texture":"#3"},"up":{"uv":[12.0,5.0,10.0,6.0],"texture":"#3"},"down":{"uv":[13.0,3.0,11.0,2.0],"texture":"#3"}}},{"from":[7.0,11.75,12.25],"to":[9.0,13.75,13.25],"rotation":{"origin":[7.0,12.0,11.0],"axis":"x","angle":22.5},"faces":{"north":{"uv":[9.0,4.0,7.0,6.0],"texture":"#3"},"east":{"uv":[12.0,3.0,11.0,5.0],"texture":"#3"},"south":{"uv":[9.0,2.0,7.0,4.0],"texture":"#3"},"west":{"uv":[6.0,11.0,5.0,13.0],"texture":"#3"},"up":{"uv":[8.0,11.0,6.0,12.0],"texture":"#3"},"down":{"uv":[13.0,7.0,11.0,6.0],"texture":"#3"}}},{"from":[7.25,12.0,11.25],"to":[8.75,13.5,12.25],"rotation":{"origin":[7.0,12.0,11.0],"axis":"x","angle":22.5},"faces":{"east":{"uv":[10.0,11.0,9.0,12.5],"texture":"#3"},"west":{"uv":[12.0,9.0,11.0,10.5],"texture":"#3"},"up":{"uv":[11.5,11.0,10.0,12.0],"texture":"#3"},"down":{"uv":[13.5,1.0,12.0,0.0],"texture":"#3"}}},{"from":[7.5,12.25,13.25],"to":[8.5,13.25,16.25],"rotation":{"origin":[7.0,12.0,11.0],"axis":"x","angle":22.5},"faces":{"east":{"uv":[8.0,8.0,5.0,9.0],"texture":"#3"},"south":{"uv":[15.0,2.0,14.0,3.0],"texture":"#3"},"west":{"uv":[11.0,8.0,8.0,9.0],"texture":"#3"},"up":{"uv":[10.0,0.0,9.0,3.0],"texture":"#3"},"down":{"uv":[10.0,6.0,9.0,3.0],"texture":"#3"}}},{"from":[7.5,10.25,9.25],"to":[8.5,11.75,11.25],"rotation":{"origin":[7.0,12.0,11.0],"axis":"x","angle":22.5},"faces":{"north":{"uv":[13.0,3.0,12.0,4.5],"texture":"#3"},"east":{"uv":[7.0,9.0,5.0,10.5],"texture":"#3"},"south":{"uv":[4.0,12.0,3.0,13.5],"texture":"#3"},"west":{"uv":[9.0,9.0,7.0,10.5],"texture":"#3"},"up":{"uv":[12.0,7.0,11.0,9.0],"texture":"#3"},"down":{"uv":[9.0,13.0,8.0,11.0],"texture":"#3"}}},{"from":[7.985,10.25,11.25],"to":[8.015,11.75,13.25],"rotation":{"origin":[6.485,12.0,11.0],"axis":"x","angle":22.5},"faces":{"east":{"uv":[9.0,9.0,11.0,10.5],"texture":"#3"},"west":{"uv":[11.0,9.0,9.0,10.5],"texture":"#3"}}}],"textures":{"particle":"5083f9b7-746f-485b-80ec-2f84fa72ba6e","1":"5083f9b7-746f-485b-80ec-2f84fa72ba6e","2":"32f928a8-2683-4aa2-a6f8-7c49b7590928","3":"21374aa6-845b-4d43-84e4-1e7130a0e4c8"},"gui_light":"front"}