{"display":{"thirdperson_righthand":{"translation":[0.0,1.0,1.0]},"thirdperson_lefthand":{"translation":[0.0,1.0,1.0]},"firstperson_righthand":{"rotation":[-10.0,0.0,0.0],"translation":[1.25,0.0,-1.25]},"firstperson_lefthand":{"rotation":[-10.0,0.0,0.0],"translation":[1.25,0.0,-1.25]},"ground":{"rotation":[-45.0,0.0,0.0],"translation":[0.0,5.0,0.0],"scale":[0.7,0.7,0.7]},"gui":{"rotation":[-90.0,45.0,90.0],"translation":[3.5,-3.5,0.0],"scale":[0.8,0.8,0.8]},"head":{"rotation":[0.0,-90.0,0.0]},"fixed":{"rotation":[0.0,-90.0,0.0],"translation":[0.0,-10.25,-2.0],"scale":[2.0,2.0,2.0]}},"elements":[{"from":[7.4,1.4,7.4],"to":[8.6,3.65,8.6],"rotation":{"origin":[8.0,4.4,8.0],"axis":"y","angle":45.0},"faces":{"north":{"uv":[5.33333,11.33333,6.0,13.0],"texture":"#2"},"east":{"uv":[11.33333,10.66667,12.0,12.33333],"texture":"#2"},"south":{"uv":[12.0,2.66667,12.66667,4.33333],"texture":"#2"},"west":{"uv":[12.0,4.66667,12.66667,6.33333],"texture":"#2"},"up":{"uv":[12.0,5.33333,11.33333,4.66667],"texture":"#2"}}},{"from":[7.4,5.15,7.4],"to":[8.6,7.9,8.6],"rotation":{"origin":[8.0,4.4,8.0],"axis":"y","angle":45.0},"faces":{"north":{"uv":[11.33333,2.66667,12.0,4.66667],"texture":"#2"},"east":{"uv":[3.33333,11.33333,4.0,13.33333],"texture":"#2"},"south":{"uv":[4.0,11.33333,4.66667,13.33333],"texture":"#2"},"west":{"uv":[4.66667,11.33333,5.33333,13.33333],"texture":"#2"},"down":{"uv":[11.33333,12.0,10.66667,12.66667],"texture":"#2"}}},{"from":[7.5,3.65,7.5],"to":[8.5,5.15,8.5],"rotation":{"origin":[8.0,4.4,8.0],"axis":"y","angle":45.0},"faces":{"north":{"uv":[8.66667,12.66667,9.33333,13.66667],"texture":"#2"},"east":{"uv":[12.0,12.66667,12.66667,13.66667],"texture":"#2"},"south":{"uv":[12.66667,12.66667,13.33333,13.66667],"texture":"#2"},"west":{"uv":[0.0,13.33333,0.66667,14.33333],"texture":"#2"}}},{"from":[7.25,2.7,7.25],"to":[8.75,3.2,8.75],"rotation":{"origin":[8.0,3.95,8.0],"axis":"y","angle":45.0},"faces":{"north":{"uv":[13.33333,9.33333,14.33333,9.66667],"texture":"#2"},"east":{"uv":[13.33333,10.0,14.33333,10.33333],"texture":"#2"},"south":{"uv":[13.33333,10.66667,14.33333,11.0],"texture":"#2"},"west":{"uv":[13.33333,11.33333,14.33333,11.66667],"texture":"#2"},"up":{"uv":[13.0,9.66667,12.0,8.66667],"texture":"#2"},"down":{"uv":[10.33333,12.0,9.33333,13.0],"texture":"#2"}}},{"from":[7.25,5.6,7.25],"to":[8.75,6.1,8.75],"rotation":{"origin":[8.0,6.85,8.0],"axis":"y","angle":45.0},"faces":{"north":{"uv":[13.33333,12.0,14.33333,12.33333],"texture":"#2"},"east":{"uv":[13.33333,12.66667,14.33333,13.0],"texture":"#2"},"south":{"uv":[13.33333,13.33333,14.33333,13.66667],"texture":"#2"},"west":{"uv":[14.0,0.0,15.0,0.33333],"texture":"#2"},"up":{"uv":[13.0,11.0,12.0,10.0],"texture":"#2"},"down":{"uv":[13.0,11.33333,12.0,12.33333],"texture":"#2"}}},{"from":[7.25,6.5,7.25],"to":[8.75,7.0,8.75],"rotation":{"origin":[8.0,7.75,8.0],"axis":"y","angle":45.0},"faces":{"north":{"uv":[14.0,0.66667,15.0,1.0],"texture":"#2"},"east":{"uv":[14.0,1.33333,15.0,1.66667],"texture":"#2"},"south":{"uv":[2.0,14.0,3.0,14.33333],"texture":"#2"},"west":{"uv":[14.0,2.0,15.0,2.33333],"texture":"#2"},"up":{"uv":[13.66667,1.0,12.66667,0.0],"texture":"#2"},"down":{"uv":[13.66667,1.33333,12.66667,2.33333],"texture":"#2"}}},{"from":[6.85,8.25,7.08579],"to":[9.15,9.75,8.58579],"rotation":{"origin":[7.5,8.25,6.58579],"axis":"x","angle":45.0},"faces":{"east":{"uv":[12.66667,2.66667,13.66667,3.66667],"texture":"#2"},"south":{"uv":[10.0,5.33333,11.66667,6.33333],"texture":"#2"},"west":{"uv":[12.66667,4.0,13.66667,5.0],"texture":"#2"},"down":{"uv":[11.66667,6.66667,10.0,7.66667],"texture":"#2"}}},{"from":[6.85,9.89645,6.73223],"to":[9.15,11.39645,8.23223],"rotation":{"origin":[7.5,7.89645,6.23223],"axis":"x","angle":45.0},"faces":{"north":{"uv":[10.0,8.0,11.66667,9.0],"texture":"#2"},"east":{"uv":[12.66667,5.33333,13.66667,6.33333],"texture":"#2"},"south":{"uv":[10.0,9.33333,11.66667,10.33333],"texture":"#2"},"west":{"uv":[12.33333,14.0,13.33333,15.0],"texture":"#2"},"up":{"uv":[12.33333,1.0,10.66667,0.0],"texture":"#2"}}},{"from":[6.85,7.89645,5.43934],"to":[9.15,9.39645,6.93934],"rotation":{"origin":[7.5,7.89645,6.93934],"axis":"x","angle":45.0},"faces":{"north":{"uv":[10.66667,1.33333,12.33333,2.33333],"texture":"#2"},"east":{"uv":[7.33333,12.66667,8.33333,13.66667],"texture":"#2"},"west":{"uv":[10.66667,12.66667,11.66667,13.66667],"texture":"#2"},"up":{"uv":[9.0,11.66667,7.33333,10.66667],"texture":"#2"},"down":{"uv":[11.0,10.66667,9.33333,11.66667],"texture":"#2"}}},{"from":[7.085,0.335,7.085],"to":[8.915,2.165,8.915],"rotation":{"origin":[8.0,1.25,8.0],"axis":"x","angle":-45.0},"faces":{"north":{"uv":[7.33333,9.33333,8.66667,10.66667],"texture":"#2"},"east":{"uv":[8.66667,9.33333,10.0,10.66667],"texture":"#2"},"south":{"uv":[10.0,2.66667,11.33333,4.0],"texture":"#2"},"west":{"uv":[3.33333,10.0,4.66667,11.33333],"texture":"#2"},"up":{"uv":[11.33333,5.33333,10.0,4.0],"texture":"#2"},"down":{"uv":[6.0,10.0,4.66667,11.33333],"texture":"#2"}}},{"from":[7.5,8.59099,7.25],"to":[8.5,23.59099,8.75],"rotation":{"origin":[7.0,8.59099,7.0],"axis":"y","angle":0.0},"faces":{"north":{"uv":[6.0,5.66667,6.66667,15.66667],"texture":"#2"},"east":{"uv":[3.33333,0.0,4.33333,10.0],"texture":"#2"},"south":{"uv":[6.66667,5.66667,7.33333,15.66667],"texture":"#2"},"west":{"uv":[4.66667,0.0,5.66667,10.0],"texture":"#2"},"up":{"uv":[1.33333,14.33333,0.66667,13.33333],"texture":"#2"},"down":{"uv":[2.0,13.33333,1.33333,14.33333],"texture":"#2"}}},{"from":[7.4925,22.83934,8.0],"to":[8.5075,23.90234,9.063],"rotation":{"origin":[7.5175,22.83934,8.0],"axis":"x","angle":-45.0},"faces":{"north":{"uv":[3.33333,13.33333,4.0,14.0],"texture":"#2"},"east":{"uv":[4.0,13.33333,4.66667,14.0],"texture":"#2"},"south":{"uv":[4.66667,13.33333,5.33333,14.0],"texture":"#2"},"west":{"uv":[5.33333,13.33333,6.0,14.0],"texture":"#2"},"up":{"uv":[14.0,9.33333,13.33333,8.66667],"texture":"#2"},"down":{"uv":[10.0,13.33333,9.33333,14.0],"texture":"#2"}}},{"from":[7.985,9.0,5.75],"to":[8.015,29.0,10.25],"rotation":{"origin":[7.985,9.0,5.5],"axis":"y","angle":0.0},"faces":{"east":{"uv":[3.0,0.0,0.0,13.33333],"texture":"#2"},"west":{"uv":[0.0,0.0,3.0,13.33333],"texture":"#2"}}},{"from":[7.995,7.75,1.5],"to":[8.005,11.75,6.5],"rotation":{"origin":[8.0,9.0,4.0],"axis":"x","angle":22.5},"faces":{"east":{"uv":[9.33333,0.0,6.0,2.66667],"texture":"#2"},"west":{"uv":[6.0,0.0,9.33333,2.66667],"texture":"#2"}}},{"from":[7.995,7.75,9.5],"to":[8.005,11.75,14.5],"rotation":{"origin":[8.0,9.0,12.0],"axis":"x","angle":-22.5},"faces":{"east":{"uv":[6.0,0.0,9.33333,2.66667],"texture":"#2"},"west":{"uv":[9.33333,0.0,6.0,2.66667],"texture":"#2"}}},{"from":[6.5,4.75,4.25],"to":[6.5,12.75,12.25],"rotation":{"origin":[6.5,4.75,4.25],"axis":"y","angle":0.0},"faces":{"west":{"uv":[0.0,0.0,16.0,16.0],"texture":"#1"}}},{"from":[9.5,4.75,4.25],"to":[9.5,12.75,12.25],"rotation":{"origin":[9.5,4.75,4.25],"axis":"y","angle":0.0},"faces":{"east":{"uv":[16.0,0.0,0.0,16.0],"texture":"#1"}}}],"textures":{"particle":"e54a0a4f-89ca-4e84-b7f8-fbedc98d8962","1":"20b838f5-4cd6-46c4-b9a7-39f7d2c87e5a","2":"e54a0a4f-89ca-4e84-b7f8-fbedc98d8962"},"gui_light":"front"}