{"display":{"fixed":{"rotation":[-90.0,0.0,0.0],"translation":[0.0,0.0,-16.0],"scale":[2.0,2.0,2.0]}},"elements":[{"from":[6.85,0.0,6.7],"to":[9.1,0.6,8.95],"rotation":{"origin":[-3.8,0.0,-4.1],"axis":"y","angle":0.0},"faces":{"north":{"uv":[2.75,0.0,4.5,1.0],"texture":"#0"},"east":{"uv":[2.75,1.25,4.5,2.0],"texture":"#0"},"south":{"uv":[2.75,0.0,4.5,1.0],"texture":"#0"},"west":{"uv":[2.75,0.0,4.5,1.0],"texture":"#0"},"up":{"uv":[2.75,0.0,4.5,2.0],"texture":"#0"},"down":{"uv":[2.75,0.0,4.5,2.0],"texture":"#0"}}},{"from":[3.85,3.03198,-0.33934],"to":[12.55,3.03198,7.16067],"rotation":{"origin":[8.95,3.18198,2.21067],"axis":"x","angle":45.0},"faces":{"north":{"uv":[9.0,6.25,12.0,9.25],"texture":"#0"},"east":{"uv":[9.0,6.25,12.0,9.25],"texture":"#0"},"south":{"uv":[9.0,6.25,12.0,9.25],"texture":"#0"},"west":{"uv":[9.0,6.25,12.0,9.25],"texture":"#0"},"up":{"uv":[9.0,6.25,12.0,9.25],"texture":"#0"},"down":{"uv":[12.0,9.25,9.0,6.25],"texture":"#0"}}},{"from":[3.85,3.33198,8.48934],"to":[12.55,3.33198,15.98933],"rotation":{"origin":[8.95,3.18198,13.58933],"axis":"x","angle":-45.0},"faces":{"north":{"uv":[9.0,9.25,12.0,6.25],"texture":"#0"},"east":{"uv":[9.0,9.25,12.0,6.25],"texture":"#0"},"south":{"uv":[9.0,9.25,12.0,6.25],"texture":"#0"},"west":{"uv":[9.0,9.25,12.0,6.25],"texture":"#0"},"up":{"uv":[9.0,9.25,12.0,6.25],"texture":"#0"},"down":{"uv":[12.0,6.25,9.0,9.25],"texture":"#0"}}},{"from":[10.05772,2.74592,3.71067],"to":[17.25772,2.74592,12.71066],"rotation":{"origin":[13.80772,1.69591,8.81067],"axis":"z","angle":45.0},"faces":{"north":{"uv":[9.0,6.25,12.0,9.25],"texture":"#0","rotation":90},"east":{"uv":[9.0,6.25,12.0,9.25],"texture":"#0","rotation":90},"south":{"uv":[9.0,6.25,12.0,9.25],"texture":"#0","rotation":90},"west":{"uv":[9.0,6.25,12.0,9.25],"texture":"#0","rotation":90},"up":{"uv":[9.0,6.25,12.0,9.25],"texture":"#0","rotation":90},"down":{"uv":[9.0,6.25,12.0,9.25],"texture":"#0","rotation":90}}},{"from":[-2.15,2.73198,3.11067],"to":[5.05,2.73198,12.11067],"rotation":{"origin":[1.45,0.18198,7.61067],"axis":"z","angle":-45.0},"faces":{"north":{"uv":[9.0,6.25,12.0,9.25],"texture":"#0","rotation":270},"east":{"uv":[9.0,6.25,12.0,9.25],"texture":"#0","rotation":270},"south":{"uv":[9.0,6.25,12.0,9.25],"texture":"#0","rotation":270},"west":{"uv":[9.0,6.25,12.0,9.25],"texture":"#0","rotation":270},"up":{"uv":[9.0,6.25,12.0,9.25],"texture":"#0","rotation":270},"down":{"uv":[9.0,6.25,12.0,9.25],"texture":"#0","rotation":270}}},{"from":[5.95,0.0,4.9],"to":[5.95,6.0,10.9],"rotation":{"origin":[8.2,2.25,8.65],"axis":"y","angle":0.0},"faces":{"north":{"uv":[1.0,6.0,3.0,8.0],"texture":"#0"},"east":{"uv":[1.0,6.0,3.0,8.0],"texture":"#0"},"south":{"uv":[1.0,6.0,3.0,8.0],"texture":"#0"},"west":{"uv":[1.0,6.0,3.0,8.0],"texture":"#0"},"up":{"uv":[1.0,6.0,3.0,8.0],"texture":"#0","rotation":270},"down":{"uv":[1.0,6.0,3.0,8.0],"texture":"#0","rotation":90}}},{"from":[5.2,0.0,10.15],"to":[11.2,6.0,10.15],"rotation":{"origin":[8.2,2.25,8.65],"axis":"y","angle":0.0},"faces":{"north":{"uv":[1.0,6.0,3.0,8.0],"texture":"#0"},"east":{"uv":[1.0,6.0,3.0,8.0],"texture":"#0"},"south":{"uv":[1.0,6.0,3.0,8.0],"texture":"#0"},"west":{"uv":[1.0,6.0,3.0,8.0],"texture":"#0"},"up":{"uv":[1.0,6.0,3.0,8.0],"texture":"#0","rotation":180},"down":{"uv":[1.0,6.0,3.0,8.0],"texture":"#0","rotation":180}}},{"from":[5.2,0.0,5.65],"to":[11.2,6.0,5.65],"rotation":{"origin":[8.2,2.25,8.65],"axis":"y","angle":0.0},"faces":{"north":{"uv":[1.0,6.0,3.0,8.0],"texture":"#0"},"east":{"uv":[1.0,6.0,3.0,8.0],"texture":"#0"},"south":{"uv":[1.0,6.0,3.0,8.0],"texture":"#0"},"west":{"uv":[1.0,6.0,3.0,8.0],"texture":"#0"},"up":{"uv":[1.0,6.0,3.0,8.0],"texture":"#0","rotation":180},"down":{"uv":[1.0,6.0,3.0,8.0],"texture":"#0","rotation":180}}},{"from":[10.45,0.0,4.9],"to":[10.45,6.0,10.9],"rotation":{"origin":[8.2,2.25,8.65],"axis":"y","angle":0.0},"faces":{"north":{"uv":[1.0,6.0,3.0,8.0],"texture":"#0"},"east":{"uv":[1.0,6.0,3.0,8.0],"texture":"#0"},"south":{"uv":[1.0,6.0,3.0,8.0],"texture":"#0"},"west":{"uv":[1.0,6.0,3.0,8.0],"texture":"#0"},"up":{"uv":[1.0,6.0,3.0,8.0],"texture":"#0","rotation":270},"down":{"uv":[1.0,6.0,3.0,8.0],"texture":"#0","rotation":90}}}],"textures":{"particle":"74138dcb-0f54-4e81-be16-cb9bcc060330","0":"74138dcb-0f54-4e81-be16-cb9bcc060330"},"gui_light":"front"}