{"display":{"fixed":{"rotation":[-90.0,0.0,0.0],"translation":[0.0,0.0,-16.0],"scale":[2.0,2.0,2.0]}},"elements":[{"from":[8.0,0.0,0.0],"to":[8.0,32.0,16.0],"rotation":{"origin":[8.0,16.0,8.0],"axis":"y","angle":45.0},"faces":{"north":{"uv":[0.0,0.0,8.0,16.0],"texture":"#0"},"east":{"uv":[0.0,0.0,8.0,16.0],"texture":"#0"},"south":{"uv":[0.0,0.0,8.0,16.0],"texture":"#0"},"west":{"uv":[0.0,0.0,8.0,16.0],"texture":"#0"}}},{"from":[0.0,0.0,8.0],"to":[16.0,32.0,8.0],"rotation":{"origin":[8.0,16.0,8.0],"axis":"y","angle":45.0},"faces":{"north":{"uv":[0.0,0.0,8.0,16.0],"texture":"#0"},"east":{"uv":[0.0,0.0,8.0,16.0],"texture":"#0"},"south":{"uv":[0.0,0.0,8.0,16.0],"texture":"#0"},"west":{"uv":[0.0,0.0,0.0,16.0],"texture":"#0"}}},{"from":[8.0,7.0,17.0],"to":[11.0,15.0,20.0],"rotation":{"origin":[0.0,0.0,0.0],"axis":"x","angle":-45.0},"faces":{"north":{"uv":[14.5,12.0,16.0,16.0],"texture":"#0"},"east":{"uv":[14.5,12.0,16.0,16.0],"texture":"#0"},"south":{"uv":[14.5,12.0,16.0,16.0],"texture":"#0"},"west":{"uv":[14.5,12.0,16.0,16.0],"texture":"#0"},"up":{"uv":[13.0,13.0,14.5,14.5],"texture":"#0"},"down":{"uv":[13.0,14.5,14.5,16.0],"texture":"#0"}}},{"from":[5.0,17.0,0.0],"to":[8.0,25.0,3.0],"rotation":{"origin":[0.0,0.0,0.0],"axis":"x","angle":22.5},"faces":{"north":{"uv":[14.5,12.0,16.0,16.0],"texture":"#0"},"east":{"uv":[14.5,12.0,16.0,16.0],"texture":"#0"},"south":{"uv":[14.5,12.0,16.0,16.0],"texture":"#0"},"west":{"uv":[14.5,12.0,16.0,16.0],"texture":"#0"},"up":{"uv":[13.0,13.0,14.5,14.5],"texture":"#0"},"down":{"uv":[13.0,14.5,14.5,16.0],"texture":"#0"}}},{"from":[3.0,10.0,5.0],"to":[6.0,18.0,8.0],"rotation":{"origin":[0.0,0.0,0.0],"axis":"z","angle":-22.5},"faces":{"north":{"uv":[14.5,12.0,16.0,16.0],"texture":"#0"},"east":{"uv":[14.5,12.0,16.0,16.0],"texture":"#0"},"south":{"uv":[14.5,12.0,16.0,16.0],"texture":"#0"},"west":{"uv":[14.5,12.0,16.0,16.0],"texture":"#0"},"up":{"uv":[13.0,13.0,14.5,14.5],"texture":"#0"},"down":{"uv":[13.0,14.5,14.5,16.0],"texture":"#0"}}}],"textures":{"particle":"fc704b58-2f55-4a81-8cc5-7a32a22e9ee6","0":"#corn"},"gui_light":"front"}