{"display":{"thirdperson_righthand":{"translation":[0.0,5.5,1.75],"scale":[0.51367,0.51367,0.51367]},"thirdperson_lefthand":{"translation":[0.0,5.5,1.75],"scale":[0.51367,0.51367,0.51367]},"firstperson_righthand":{"rotation":[-10.0,0.0,0.0],"translation":[1.25,4.5,0.0],"scale":[0.41055,0.41055,0.41055]},"firstperson_lefthand":{"rotation":[-10.0,0.0,0.0],"translation":[1.25,4.5,0.0],"scale":[0.41055,0.41055,0.41055]},"ground":{"rotation":[0.0,0.0,90.0],"translation":[1.25,0.25,0.0],"scale":[0.5,0.5,0.5]},"gui":{"rotation":[106.0,135.0,-90.0],"translation":[-0.5,0.0,-1.25],"scale":[0.4068,0.4068,0.4068]},"head":{"rotation":[-77.97,-13.17,-87.22],"translation":[3.0,13.25,1.75],"scale":[0.6,0.6,0.6]},"fixed":{"rotation":[0.0,90.0,0.0],"translation":[0.0,-2.25,-2.25],"scale":[0.87,0.87,0.87]}},"elements":[{"from":[6.5,-15.0,5.5],"to":[9.5,-12.0,8.5],"rotation":{"origin":[7.7625,-14.5,8.0625],"axis":"x","angle":45.0},"faces":{"north":{"uv":[2.25,1.5625,2.625,1.9375],"texture":"#0","rotation":270},"east":{"uv":[2.25,1.9375,1.875,1.5625],"texture":"#0"},"south":{"uv":[2.625,1.5625,3.0,1.9375],"texture":"#0"},"west":{"uv":[1.875,1.9375,2.25,1.5625],"texture":"#0"},"up":{"uv":[2.25,1.5625,2.625,1.9375],"texture":"#0","rotation":270},"down":{"uv":[2.625,1.9375,3.0,1.5625],"texture":"#0"}}},{"from":[6.5,-1.0,3.5],"to":[9.5,2.0,12.5],"rotation":{"origin":[8.0,-6.61142,8.0625],"axis":"y","angle":0.0},"faces":{"north":{"uv":[1.125,2.5,1.5,2.125],"texture":"#0"},"east":{"uv":[1.125,2.625,0.0,2.25],"texture":"#0"},"south":{"uv":[1.125,2.5,1.5,2.125],"texture":"#0"},"west":{"uv":[0.0,2.625,1.125,2.25],"texture":"#0"},"up":{"uv":[0.0,2.625,1.125,3.0],"texture":"#0","rotation":270},"down":{"uv":[0.0,3.0,1.125,3.375],"texture":"#0","rotation":270}}},{"from":[7.0,-11.0,7.0],"to":[9.0,-2.0,9.0],"rotation":{"origin":[0.0,-3.0,17.0],"axis":"y","angle":0.0},"faces":{"north":{"uv":[2.5625,0.4375,2.8125,1.5625],"texture":"#0"},"east":{"uv":[2.5625,0.4375,2.8125,1.5625],"texture":"#0"},"south":{"uv":[2.5625,0.4375,2.8125,1.5625],"texture":"#0"},"west":{"uv":[2.5625,0.4375,2.8125,1.5625],"texture":"#0"},"up":{"uv":[2.5625,0.4375,2.8125,0.6875],"texture":"#0"},"down":{"uv":[2.5625,0.4375,2.8125,0.6875],"texture":"#0"}}},{"from":[7.1,2.0,4.5],"to":[9.1,3.5,11.5],"rotation":{"origin":[0.0,-0.5,-0.5],"axis":"y","angle":0.0},"faces":{"north":{"uv":[2.25,0.75,2.5,0.9375],"texture":"#0"},"east":{"uv":[2.8125,0.4375,3.6875,0.625],"texture":"#0"},"south":{"uv":[2.25,0.75,2.5,0.9375],"texture":"#0"},"west":{"uv":[2.8125,0.4375,3.6875,0.625],"texture":"#0"},"up":{"uv":[2.8125,0.625,3.0625,1.5],"texture":"#0"},"down":{"uv":[2.8125,0.625,3.0625,1.5],"texture":"#0"}}},{"from":[7.1,3.5,9.5],"to":[9.1,5.0,11.5],"rotation":{"origin":[0.0,-0.5,-0.5],"axis":"y","angle":0.0},"faces":{"north":{"uv":[3.0625,0.8125,3.3125,1.0],"texture":"#0"},"east":{"uv":[3.0625,0.625,3.3125,0.8125],"texture":"#0"},"south":{"uv":[3.0625,0.8125,3.3125,1.0],"texture":"#0"},"west":{"uv":[3.0625,0.625,3.3125,0.8125],"texture":"#0"},"up":{"uv":[3.0625,1.0,3.3125,1.25],"texture":"#0"},"down":{"uv":[3.0625,1.0,3.3125,1.25],"texture":"#0"}}},{"from":[7.1,3.5,6.5],"to":[9.1,4.5,8.5],"rotation":{"origin":[0.0,-0.5,-0.5],"axis":"y","angle":0.0},"faces":{"north":{"uv":[3.0625,1.375,3.3125,1.5],"texture":"#0"},"east":{"uv":[3.0625,1.25,3.3125,1.375],"texture":"#0"},"south":{"uv":[3.0625,1.375,3.3125,1.5],"texture":"#0"},"west":{"uv":[3.0625,1.25,3.3125,1.375],"texture":"#0"},"up":{"uv":[3.3125,0.625,3.5625,0.875],"texture":"#0"},"down":{"uv":[3.3125,0.625,3.5625,0.875],"texture":"#0"}}},{"from":[6.75,-3.0,6.75],"to":[9.25,-0.5,9.25],"rotation":{"origin":[7.0,1.5,25.0],"axis":"y","angle":0.0},"faces":{"north":{"uv":[1.5625,2.125,1.875,2.4375],"texture":"#0"},"east":{"uv":[1.5625,2.125,1.875,2.4375],"texture":"#0"},"south":{"uv":[1.5625,2.125,1.875,2.4375],"texture":"#0"},"west":{"uv":[1.5625,2.125,1.875,2.4375],"texture":"#0"},"up":{"uv":[1.875,2.125,2.1875,2.4375],"texture":"#0"},"down":{"uv":[1.875,2.125,2.1875,2.4375],"texture":"#0"}}},{"from":[6.75,22.5,6.75],"to":[9.25,25.0,9.25],"rotation":{"origin":[7.0,1.5,25.0],"axis":"y","angle":0.0},"faces":{"north":{"uv":[1.5625,2.125,1.875,2.4375],"texture":"#0"},"east":{"uv":[1.5625,2.125,1.875,2.4375],"texture":"#0"},"south":{"uv":[1.5625,2.125,1.875,2.4375],"texture":"#0"},"west":{"uv":[1.5625,2.125,1.875,2.4375],"texture":"#0"},"up":{"uv":[1.875,2.125,2.1875,2.4375],"texture":"#0"},"down":{"uv":[1.875,2.125,2.1875,2.4375],"texture":"#0"}}},{"from":[6.75,8.5,6.75],"to":[9.25,11.0,9.25],"rotation":{"origin":[7.0,1.5,25.0],"axis":"y","angle":0.0},"faces":{"north":{"uv":[0.8125,9.625,1.125,9.9375],"texture":"#0"},"east":{"uv":[0.8125,9.625,1.125,9.9375],"texture":"#0"},"south":{"uv":[0.8125,9.625,1.125,9.9375],"texture":"#0"},"west":{"uv":[0.8125,9.625,1.125,9.9375],"texture":"#0"},"up":{"uv":[1.875,2.125,2.1875,2.4375],"texture":"#0"},"down":{"uv":[1.875,2.125,2.1875,2.4375],"texture":"#0"}}},{"from":[6.75,13.0,6.75],"to":[9.25,15.5,9.25],"rotation":{"origin":[7.0,1.5,25.0],"axis":"y","angle":0.0},"faces":{"north":{"uv":[0.8125,9.625,1.125,9.9375],"texture":"#0"},"east":{"uv":[0.8125,9.625,1.125,9.9375],"texture":"#0"},"south":{"uv":[0.8125,9.625,1.125,9.9375],"texture":"#0"},"west":{"uv":[0.8125,9.625,1.125,9.9375],"texture":"#0"},"up":{"uv":[1.875,2.125,2.1875,2.4375],"texture":"#0"},"down":{"uv":[1.875,2.125,2.1875,2.4375],"texture":"#0"}}},{"from":[6.75,2.5,6.75],"to":[9.25,5.0,9.25],"rotation":{"origin":[7.0,14.5,25.0],"axis":"y","angle":0.0},"faces":{"north":{"uv":[1.5625,2.4375,1.875,2.125],"texture":"#0"},"east":{"uv":[1.5625,2.4375,1.875,2.125],"texture":"#0"},"south":{"uv":[1.5625,2.4375,1.875,2.125],"texture":"#0"},"west":{"uv":[1.5625,2.4375,1.875,2.125],"texture":"#0"},"up":{"uv":[1.875,2.4375,2.1875,2.125],"texture":"#0"},"down":{"uv":[1.875,2.4375,2.1875,2.125],"texture":"#0"}}},{"from":[8.0,-6.05064,-1.15064],"to":[8.0,-1.05064,3.34936],"rotation":{"origin":[7.05313,7.44936,8.0],"axis":"x","angle":22.5},"faces":{"north":{"uv":[0.0,0.0,2.5,0.0],"texture":"#missing","rotation":90},"east":{"uv":[14.125,1.5625,13.5,2.125],"texture":"#0","rotation":90},"south":{"uv":[0.0,0.0,2.5,0.0],"texture":"#missing","rotation":270},"west":{"uv":[13.5,1.5625,14.125,2.125],"texture":"#0","rotation":270},"up":{"uv":[7.5625,0.0,7.625,0.0],"texture":"#missing","rotation":90},"down":{"uv":[7.5625,0.0,7.625,0.0],"texture":"#missing","rotation":270}}},{"from":[6.75,-0.10652,-0.79951],"to":[9.25,1.39348,1.70049],"rotation":{"origin":[7.05313,7.44936,7.0],"axis":"x","angle":22.5},"faces":{"north":{"uv":[6.1875,4.4375,6.0,4.75],"texture":"#0","rotation":90},"east":{"uv":[5.8125,4.4375,6.0,4.75],"texture":"#0","rotation":90},"south":{"uv":[6.1875,4.4375,6.0,4.75],"texture":"#0","rotation":270},"west":{"uv":[5.8125,4.4375,6.0,4.75],"texture":"#0","rotation":270},"up":{"uv":[5.5,4.4375,5.8125,4.75],"texture":"#0","rotation":90},"down":{"uv":[5.5,4.4375,5.8125,4.75],"texture":"#0","rotation":270}}},{"from":[8.05313,0.89348,0.20049],"to":[8.05313,20.89348,0.70049],"rotation":{"origin":[7.05313,7.44936,7.0],"axis":"x","angle":22.5},"faces":{"north":{"uv":[0.0,0.0,2.5,0.0],"texture":"#0","rotation":90},"east":{"uv":[9.0625,0.0,6.5625,0.0625],"texture":"#0","rotation":90},"south":{"uv":[0.0,0.0,2.5,0.0],"texture":"#0","rotation":270},"west":{"uv":[6.5625,0.0,9.0625,0.0625],"texture":"#0","rotation":270},"up":{"uv":[7.5625,0.0,7.625,0.0],"texture":"#0","rotation":90},"down":{"uv":[7.5625,0.0,7.625,0.0],"texture":"#0","rotation":270}}},{"from":[7.0,5.0,7.0],"to":[9.0,25.0,9.0],"rotation":{"origin":[0.0,-3.0,17.0],"axis":"y","angle":0.0},"faces":{"north":{"uv":[0.0,5.875,0.25,8.375],"texture":"#0"},"east":{"uv":[0.0,5.875,0.25,8.375],"texture":"#0"},"south":{"uv":[0.0,5.875,0.25,8.375],"texture":"#0"},"west":{"uv":[0.0,5.875,0.25,8.375],"texture":"#0"},"up":{"uv":[0.0,5.875,0.25,6.125],"texture":"#0"},"down":{"uv":[0.0,5.875,0.25,6.125],"texture":"#0"}}},{"from":[7.0,20.0,4.0],"to":[9.0,20.0,7.0],"rotation":{"origin":[0.0,-3.0,17.0],"axis":"y","angle":0.0},"faces":{"north":{"uv":[0.0,5.875,0.25,8.375],"texture":"#0"},"east":{"uv":[0.0,5.875,0.25,8.375],"texture":"#0"},"south":{"uv":[0.0,5.875,0.25,8.375],"texture":"#0"},"west":{"uv":[0.0,5.875,0.25,8.375],"texture":"#0"},"up":{"uv":[0.0625,9.3125,0.3125,9.6875],"texture":"#0"},"down":{"uv":[0.0625,9.6875,0.3125,9.3125],"texture":"#0"}}},{"from":[7.0,16.0,4.0],"to":[9.0,16.0,7.0],"rotation":{"origin":[0.0,-3.0,17.0],"axis":"y","angle":0.0},"faces":{"north":{"uv":[0.0,5.875,0.25,8.375],"texture":"#0"},"east":{"uv":[0.0,5.875,0.25,8.375],"texture":"#0"},"south":{"uv":[0.0,5.875,0.25,8.375],"texture":"#0"},"west":{"uv":[0.0,5.875,0.25,8.375],"texture":"#0"},"up":{"uv":[0.0625,9.3125,0.3125,9.6875],"texture":"#0"},"down":{"uv":[0.0625,9.6875,0.3125,9.3125],"texture":"#0"}}},{"from":[7.0,12.0,4.0],"to":[9.0,12.0,7.0],"rotation":{"origin":[0.0,-3.0,17.0],"axis":"y","angle":0.0},"faces":{"north":{"uv":[0.0,5.875,0.25,8.375],"texture":"#0"},"east":{"uv":[0.0,5.875,0.25,8.375],"texture":"#0"},"south":{"uv":[0.0,5.875,0.25,8.375],"texture":"#0"},"west":{"uv":[0.0,5.875,0.25,8.375],"texture":"#0"},"up":{"uv":[0.0625,9.3125,0.3125,9.6875],"texture":"#0"},"down":{"uv":[0.0625,9.6875,0.3125,9.3125],"texture":"#0"}}},{"from":[7.0,8.0,4.0],"to":[9.0,8.0,7.0],"rotation":{"origin":[0.0,-3.0,17.0],"axis":"y","angle":0.0},"faces":{"north":{"uv":[0.0,5.875,0.25,8.375],"texture":"#0"},"east":{"uv":[0.0,5.875,0.25,8.375],"texture":"#0"},"south":{"uv":[0.0,5.875,0.25,8.375],"texture":"#0"},"west":{"uv":[0.0,5.875,0.25,8.375],"texture":"#0"},"up":{"uv":[0.0625,9.3125,0.3125,9.6875],"texture":"#0"},"down":{"uv":[0.0625,9.6875,0.3125,9.3125],"texture":"#0"}}},{"from":[7.9,24.0,4.0],"to":[7.9,32.0,12.0],"rotation":{"origin":[-0.1,7.0,0.0],"axis":"y","angle":0.0},"faces":{"north":{"uv":[0.0,0.0,0.0,14.0],"texture":"#missing"},"east":{"uv":[16.0,0.9375,15.0,1.9375],"texture":"#0"},"south":{"uv":[0.0,0.0,0.0,14.0],"texture":"#missing"},"west":{"uv":[15.0,0.9375,16.0,1.9375],"texture":"#0"},"up":{"uv":[0.0,0.0,0.0,16.0],"texture":"#missing"},"down":{"uv":[0.0,0.0,0.0,16.0],"texture":"#missing"}}},{"from":[8.1,24.0,4.0],"to":[8.1,32.0,12.0],"rotation":{"origin":[16.1,7.0,0.0],"axis":"y","angle":0.0},"faces":{"north":{"uv":[0.0,0.0,0.0,14.0],"texture":"#missing"},"east":{"uv":[16.0,0.9375,15.0,1.9375],"texture":"#0"},"south":{"uv":[0.0,0.0,0.0,14.0],"texture":"#missing"},"west":{"uv":[15.0,0.9375,16.0,1.9375],"texture":"#0"},"up":{"uv":[0.0,0.0,0.0,16.0],"texture":"#missing"},"down":{"uv":[0.0,0.0,0.0,16.0],"texture":"#missing"}}},{"from":[6.75,-13.5,6.75],"to":[9.25,-11.0,9.25],"rotation":{"origin":[7.0,15.5,25.0],"axis":"y","angle":0.0},"faces":{"north":{"uv":[2.1875,2.4375,2.5,2.125],"texture":"#0"},"east":{"uv":[2.1875,2.4375,2.5,2.125],"texture":"#0"},"south":{"uv":[2.1875,2.4375,2.5,2.125],"texture":"#0"},"west":{"uv":[2.1875,2.4375,2.5,2.125],"texture":"#0"},"up":{"uv":[2.5,2.4375,2.8125,2.125],"texture":"#0"},"down":{"uv":[2.5,2.4375,2.8125,2.125],"texture":"#0"}}},{"from":[5.75,0.3,7.5],"to":[10.25,2.8,10.0],"rotation":{"origin":[7.0,0.8,8.0],"axis":"x","angle":-45.0},"faces":{"north":{"uv":[2.1875,1.0,2.5,1.5625],"texture":"#0","rotation":90},"east":{"uv":[2.25,0.4375,2.5625,0.75],"texture":"#0","rotation":90},"south":{"uv":[1.875,1.0,2.1875,1.5625],"texture":"#0","rotation":90},"west":{"uv":[2.25,0.75,2.5625,0.4375],"texture":"#0","rotation":90},"up":{"uv":[1.875,1.0,2.1875,1.5625],"texture":"#0","rotation":90},"down":{"uv":[2.1875,1.0,2.5,1.5625],"texture":"#0","rotation":90}}},{"from":[6.45,-0.5,5.0],"to":[9.55,3.0,8.5],"rotation":{"origin":[7.7625,0.0,8.0625],"axis":"x","angle":45.0},"faces":{"north":{"uv":[2.6875,0.4375,3.075,0.0],"texture":"#0"},"east":{"uv":[2.6875,0.4375,2.25,0.0],"texture":"#0"},"south":{"uv":[2.6875,0.4375,3.075,0.0],"texture":"#0"},"west":{"uv":[2.25,0.4375,2.6875,0.0],"texture":"#0"},"up":{"uv":[3.125,0.0,3.5625,0.3875],"texture":"#0","rotation":270},"down":{"uv":[3.125,0.0,3.5625,0.3875],"texture":"#0","rotation":270}}},{"from":[5.75,24.3,7.5],"to":[10.25,26.8,10.0],"rotation":{"origin":[7.0,24.8,8.0],"axis":"x","angle":-45.0},"faces":{"north":{"uv":[2.1875,1.0,2.5,1.5625],"texture":"#0","rotation":90},"east":{"uv":[2.25,0.4375,2.5625,0.75],"texture":"#0","rotation":90},"south":{"uv":[1.875,1.0,2.1875,1.5625],"texture":"#0","rotation":90},"west":{"uv":[2.25,0.75,2.5625,0.4375],"texture":"#0","rotation":90},"up":{"uv":[1.875,1.0,2.1875,1.5625],"texture":"#0","rotation":90},"down":{"uv":[2.1875,1.0,2.5,1.5625],"texture":"#0","rotation":90}}},{"from":[6.45,23.5,5.0],"to":[9.55,27.0,8.5],"rotation":{"origin":[7.7625,24.0,8.0625],"axis":"x","angle":45.0},"faces":{"north":{"uv":[2.6875,0.4375,3.075,0.0],"texture":"#0"},"east":{"uv":[2.6875,0.4375,2.25,0.0],"texture":"#0"},"south":{"uv":[2.6875,0.4375,3.075,0.0],"texture":"#0"},"west":{"uv":[2.25,0.4375,2.6875,0.0],"texture":"#0"},"up":{"uv":[3.125,0.0,3.5625,0.3875],"texture":"#0","rotation":270},"down":{"uv":[3.125,0.0,3.5625,0.3875],"texture":"#0","rotation":270}}},{"from":[7.0,0.5,5.0],"to":[9.0,2.0,7.0],"rotation":{"origin":[17.0,-0.625,6.0],"axis":"x","angle":45.0},"faces":{"north":{"uv":[1.75,0.625,2.0,0.8125],"texture":"#0"},"east":{"uv":[2.125,0.8125,1.875,1.0],"texture":"#0"},"south":{"uv":[1.75,0.625,2.0,0.8125],"texture":"#0"},"west":{"uv":[1.875,0.8125,2.125,1.0],"texture":"#0"},"up":{"uv":[1.75,0.375,2.0,0.625],"texture":"#0"},"down":{"uv":[1.75,0.375,2.0,0.625],"texture":"#0"}}},{"from":[7.0,0.5,9.0],"to":[9.0,2.0,11.0],"rotation":{"origin":[17.0,-0.625,10.0],"axis":"x","angle":-45.0},"faces":{"north":{"uv":[2.0,0.625,1.75,0.8125],"texture":"#0"},"east":{"uv":[1.875,0.8125,2.125,1.0],"texture":"#0"},"south":{"uv":[2.0,0.625,1.75,0.8125],"texture":"#0"},"west":{"uv":[2.125,0.8125,1.875,1.0],"texture":"#0"},"up":{"uv":[1.75,0.625,2.0,0.375],"texture":"#0"},"down":{"uv":[1.75,0.625,2.0,0.375],"texture":"#0"}}},{"from":[6.0,-2.5,9.0],"to":[10.0,0.5,12.0],"rotation":{"origin":[17.0,-0.625,10.0],"axis":"x","angle":-45.0},"faces":{"north":{"uv":[2.125,0.0,1.625,0.375],"texture":"#0"},"east":{"uv":[1.125,0.0,1.5,0.375],"texture":"#0"},"south":{"uv":[2.125,0.0,1.625,0.375],"texture":"#0"},"west":{"uv":[1.5,0.0,1.125,0.375],"texture":"#0"},"up":{"uv":[1.125,0.75,1.625,0.375],"texture":"#0"},"down":{"uv":[1.125,0.75,1.625,0.375],"texture":"#0"}}},{"from":[5.0,-4.5,8.0],"to":[11.0,-2.5,13.0],"rotation":{"origin":[17.0,-0.625,10.0],"axis":"x","angle":-45.0},"faces":{"north":{"uv":[1.75,1.875,1.0,2.125],"texture":"#0"},"east":{"uv":[1.0,1.625,1.625,1.875],"texture":"#0"},"south":{"uv":[1.75,1.875,1.0,2.125],"texture":"#0"},"west":{"uv":[1.625,1.625,1.0,1.875],"texture":"#0"},"up":{"uv":[1.0,1.5,1.75,0.875],"texture":"#0"},"down":{"uv":[1.0,1.5,1.75,0.875],"texture":"#0"}}},{"from":[6.0,-2.5,4.0],"to":[10.0,0.5,7.0],"rotation":{"origin":[17.0,-0.625,6.0],"axis":"x","angle":45.0},"faces":{"north":{"uv":[1.625,0.0,2.125,0.375],"texture":"#0"},"east":{"uv":[1.5,0.0,1.125,0.375],"texture":"#0"},"south":{"uv":[1.625,0.0,2.125,0.375],"texture":"#0"},"west":{"uv":[1.125,0.0,1.5,0.375],"texture":"#0"},"up":{"uv":[1.125,0.375,1.625,0.75],"texture":"#0"},"down":{"uv":[1.125,0.375,1.625,0.75],"texture":"#0"}}},{"from":[5.0,-4.5,3.0],"to":[11.0,-2.5,8.0],"rotation":{"origin":[17.0,-0.625,6.0],"axis":"x","angle":45.0},"faces":{"north":{"uv":[1.0,1.875,1.75,2.125],"texture":"#0"},"east":{"uv":[1.625,1.625,1.0,1.875],"texture":"#0"},"south":{"uv":[1.0,1.875,1.75,2.125],"texture":"#0"},"west":{"uv":[1.0,1.625,1.625,1.875],"texture":"#0"},"up":{"uv":[1.0,0.875,1.75,1.5],"texture":"#0"},"down":{"uv":[1.0,0.875,1.75,1.5],"texture":"#0"}}},{"from":[5.9,-1.0,5.5],"to":[5.9,6.0,10.5],"rotation":{"origin":[5.9,7.5,10.5],"axis":"x","angle":-22.5},"faces":{"north":{"uv":[0.0,0.0,0.0,12.0],"texture":"#missing"},"east":{"uv":[15.125,0.0,14.5,0.875],"texture":"#0"},"south":{"uv":[0.0,0.0,0.0,12.0],"texture":"#missing"},"west":{"uv":[14.5,0.0,15.125,0.875],"texture":"#0"},"up":{"uv":[0.0,0.0,0.0,10.0],"texture":"#missing"},"down":{"uv":[0.0,0.0,0.0,10.0],"texture":"#missing"}}},{"from":[7.75,9.0,5.5],"to":[8.25,25.5,6.0],"rotation":{"origin":[8.0,22.25,15.75],"axis":"y","angle":0.0},"faces":{"north":{"uv":[0.25,7.25,0.3125,9.3125],"texture":"#0"},"east":{"uv":[0.25,7.25,0.3125,9.3125],"texture":"#0"},"south":{"uv":[0.25,7.25,0.3125,9.3125],"texture":"#0"},"west":{"uv":[0.25,7.25,0.3125,9.3125],"texture":"#0"},"up":{"uv":[0.25,7.25,0.3125,7.3125],"texture":"#0"},"down":{"uv":[0.25,7.25,0.3125,7.3125],"texture":"#0"}}},{"from":[7.75,3.5,5.5],"to":[8.25,9.0,6.0],"rotation":{"origin":[8.0,-6.25,15.75],"axis":"y","angle":0.0},"faces":{"north":{"uv":[0.25,8.1875,0.3125,7.5],"texture":"#0"},"east":{"uv":[0.25,8.1875,0.3125,7.5],"texture":"#0"},"south":{"uv":[0.25,8.1875,0.3125,7.5],"texture":"#0"},"west":{"uv":[0.25,8.1875,0.3125,7.5],"texture":"#0"},"up":{"uv":[0.25,7.3125,0.3125,7.25],"texture":"#0"},"down":{"uv":[0.25,7.3125,0.3125,7.25],"texture":"#0"}}},{"from":[7.9,-16.0,5.5],"to":[7.9,-9.0,13.5],"rotation":{"origin":[7.9,-7.5,10.5],"axis":"x","angle":-22.5},"faces":{"north":{"uv":[0.0,0.0,0.0,12.0],"texture":"#missing"},"east":{"uv":[14.5,0.0,13.5,0.875],"texture":"#0"},"south":{"uv":[0.0,0.0,0.0,12.0],"texture":"#missing"},"west":{"uv":[13.5,0.0,14.5,0.875],"texture":"#0"},"up":{"uv":[0.0,0.0,0.0,10.0],"texture":"#missing"},"down":{"uv":[0.0,0.0,0.0,10.0],"texture":"#missing"}}},{"from":[5.9,-1.0,5.5],"to":[5.9,6.0,10.5],"rotation":{"origin":[5.9,7.5,5.5],"axis":"x","angle":22.5},"faces":{"north":{"uv":[0.0,0.0,0.0,12.0],"texture":"#missing"},"east":{"uv":[14.5,0.0,15.125,0.875],"texture":"#0"},"south":{"uv":[0.0,0.0,0.0,12.0],"texture":"#missing"},"west":{"uv":[15.125,0.0,14.5,0.875],"texture":"#0"},"up":{"uv":[0.0,10.0,0.0,0.0],"texture":"#missing"},"down":{"uv":[0.0,10.0,0.0,0.0],"texture":"#missing"}}},{"from":[10.1,-1.0,5.5],"to":[10.1,6.0,10.5],"rotation":{"origin":[10.1,7.5,10.5],"axis":"x","angle":-22.5},"faces":{"north":{"uv":[0.0,0.0,0.0,12.0],"texture":"#missing"},"east":{"uv":[15.125,0.0,14.5,0.875],"texture":"#0"},"south":{"uv":[0.0,0.0,0.0,12.0],"texture":"#missing"},"west":{"uv":[14.5,0.0,15.125,0.875],"texture":"#0"},"up":{"uv":[0.0,0.0,0.0,10.0],"texture":"#missing"},"down":{"uv":[0.0,0.0,0.0,10.0],"texture":"#missing"}}},{"from":[10.1,-1.0,5.5],"to":[10.1,6.0,10.5],"rotation":{"origin":[10.1,7.5,5.5],"axis":"x","angle":22.5},"faces":{"north":{"uv":[0.0,0.0,0.0,12.0],"texture":"#missing"},"east":{"uv":[14.5,0.0,15.125,0.875],"texture":"#0"},"south":{"uv":[0.0,0.0,0.0,12.0],"texture":"#missing"},"west":{"uv":[15.125,0.0,14.5,0.875],"texture":"#0"},"up":{"uv":[0.0,10.0,0.0,0.0],"texture":"#missing"},"down":{"uv":[0.0,10.0,0.0,0.0],"texture":"#missing"}}},{"from":[6.4,-16.0,5.5],"to":[6.4,-11.0,10.5],"rotation":{"origin":[0.0,16.0,0.0],"axis":"y","angle":0.0},"faces":{"north":{"uv":[0.0,14.0,0.0,0.0],"texture":"#missing"},"east":{"uv":[16.0,1.9375,15.0,0.9375],"texture":"#0"},"south":{"uv":[0.0,14.0,0.0,0.0],"texture":"#missing"},"west":{"uv":[15.0,1.9375,16.0,0.9375],"texture":"#0"},"up":{"uv":[0.0,16.0,0.0,0.0],"texture":"#missing"},"down":{"uv":[0.0,16.0,0.0,0.0],"texture":"#missing"}}},{"from":[9.6,-16.0,5.5],"to":[9.6,-11.0,10.5],"rotation":{"origin":[16.0,16.0,0.0],"axis":"y","angle":0.0},"faces":{"north":{"uv":[0.0,14.0,0.0,0.0],"texture":"#missing"},"east":{"uv":[16.0,1.9375,15.0,0.9375],"texture":"#0"},"south":{"uv":[0.0,14.0,0.0,0.0],"texture":"#missing"},"west":{"uv":[15.0,1.9375,16.0,0.9375],"texture":"#0"},"up":{"uv":[0.0,16.0,0.0,0.0],"texture":"#missing"},"down":{"uv":[0.0,16.0,0.0,0.0],"texture":"#missing"}}},{"from":[5.5,-2.0,4.0],"to":[5.5,6.0,12.0],"faces":{"north":{"uv":[0.0,0.0,0.0,16.0],"texture":"#1"},"east":{"uv":[16.0,0.0,0.0,16.0],"texture":"#1"},"south":{"uv":[0.0,0.0,0.0,16.0],"texture":"#1"},"west":{"uv":[0.0,0.0,16.0,16.0],"texture":"#1"},"up":{"uv":[0.0,16.0,0.0,0.0],"texture":"#1"},"down":{"uv":[0.0,0.0,0.0,16.0],"texture":"#1"}}},{"from":[7.0,1.5,9.1],"to":[7.0,6.7,20.1],"rotation":{"origin":[8.0,3.7,15.6],"axis":"y","angle":0.0},"faces":{"north":{"uv":[2.325,2.9,1.9375,2.5],"texture":"#0"},"east":{"uv":[11.5625,0.65,12.9375,0.0],"texture":"#0"},"south":{"uv":[2.325,2.9,1.9375,2.5],"texture":"#0"},"west":{"uv":[12.9375,0.65,11.5625,0.0],"texture":"#0"},"up":{"uv":[2.75,2.5,2.375,2.8875],"texture":"#0","rotation":270},"down":{"uv":[1.5,2.9375,1.125,3.325],"texture":"#0","rotation":270}}},{"from":[8.0,21.0,4.5],"to":[8.0,28.0,9.5],"rotation":{"origin":[8.0,30.5,5.5],"axis":"x","angle":22.5},"faces":{"north":{"uv":[0.0,0.0,0.0,12.0],"texture":"#missing"},"east":{"uv":[13.0625,0.0,13.6875,0.875],"texture":"#0"},"south":{"uv":[0.0,0.0,0.0,12.0],"texture":"#missing"},"west":{"uv":[13.6875,0.0,13.0625,0.875],"texture":"#0"},"up":{"uv":[0.0,10.0,0.0,0.0],"texture":"#missing"},"down":{"uv":[0.0,10.0,0.0,0.0],"texture":"#missing"}}},{"from":[8.0,21.0,6.5],"to":[8.0,28.0,11.5],"rotation":{"origin":[8.0,30.5,10.5],"axis":"x","angle":-22.5},"faces":{"north":{"uv":[0.0,0.0,0.0,12.0],"texture":"#missing"},"east":{"uv":[13.6875,0.0,13.0625,0.875],"texture":"#0"},"south":{"uv":[0.0,0.0,0.0,12.0],"texture":"#missing"},"west":{"uv":[13.0625,0.0,13.6875,0.875],"texture":"#0"},"up":{"uv":[0.0,0.0,0.0,10.0],"texture":"#missing"},"down":{"uv":[0.0,0.0,0.0,10.0],"texture":"#missing"}}},{"from":[5.5,23.0,4.5],"to":[5.5,30.0,11.5],"faces":{"north":{"uv":[0.0,0.0,0.0,16.0],"texture":"#1"},"east":{"uv":[16.0,0.0,0.0,16.0],"texture":"#1"},"south":{"uv":[0.0,0.0,0.0,16.0],"texture":"#1"},"west":{"uv":[0.0,0.0,16.0,16.0],"texture":"#1"},"up":{"uv":[0.0,16.0,0.0,0.0],"texture":"#1"},"down":{"uv":[0.0,0.0,0.0,16.0],"texture":"#1"}}},{"from":[10.5,23.0,4.5],"to":[10.5,30.0,11.5],"rotation":{"origin":[16.0,0.0,0.0],"axis":"y","angle":0.0},"faces":{"north":{"uv":[0.0,0.0,0.0,16.0],"texture":"#1"},"east":{"uv":[16.0,0.0,0.0,16.0],"texture":"#1"},"south":{"uv":[0.0,0.0,0.0,16.0],"texture":"#1"},"west":{"uv":[0.0,0.0,16.0,16.0],"texture":"#1"},"up":{"uv":[0.0,16.0,0.0,0.0],"texture":"#1"},"down":{"uv":[0.0,0.0,0.0,16.0],"texture":"#1"}}},{"from":[10.5,-2.0,4.0],"to":[10.5,6.0,12.0],"rotation":{"origin":[16.0,0.0,0.0],"axis":"y","angle":0.0},"faces":{"north":{"uv":[0.0,0.0,0.0,16.0],"texture":"#1"},"east":{"uv":[16.0,0.0,0.0,16.0],"texture":"#1"},"south":{"uv":[0.0,0.0,0.0,16.0],"texture":"#1"},"west":{"uv":[0.0,0.0,16.0,16.0],"texture":"#1"},"up":{"uv":[0.0,16.0,0.0,0.0],"texture":"#1"},"down":{"uv":[0.0,0.0,0.0,16.0],"texture":"#1"}}}],"textures":{"particle":"f6944b33-a6da-48e9-a22c-65b29204d1ba","0":"f6944b33-a6da-48e9-a22c-65b29204d1ba","1":"05a8e166-305a-4085-aff2-016771beb62e"},"gui_light":"front"}