{"display":{"fixed":{"rotation":[-90.0,0.0,0.0],"translation":[0.0,0.0,-16.0],"scale":[2.0,2.0,2.0]}},"elements":[{"from":[8.57402,0.0,1.50818],"to":[8.57402,16.0,17.50818],"rotation":{"origin":[8.57402,8.0,9.00818],"axis":"y","angle":0.0},"faces":{"north":{"uv":[0.0,0.0,0.0,4.0],"texture":"#3"},"east":{"uv":[4.0,0.0,0.0,4.0],"texture":"#3"},"south":{"uv":[0.0,0.0,0.0,4.0],"texture":"#3"},"west":{"uv":[0.0,0.0,4.0,4.0],"texture":"#3"},"up":{"uv":[0.0,0.0,4.0,0.0],"texture":"#3","rotation":270},"down":{"uv":[0.0,0.0,4.0,0.0],"texture":"#3","rotation":90}}},{"from":[0.57402,0.0,9.00818],"to":[16.57402,16.0,9.00818],"rotation":{"origin":[4.88701,6.5,6.35409],"axis":"y","angle":0.0},"faces":{"north":{"uv":[4.0,0.0,0.0,4.0],"texture":"#3"},"east":{"uv":[0.0,0.0,0.0,4.0],"texture":"#3"},"south":{"uv":[0.0,0.0,4.0,4.0],"texture":"#3"},"west":{"uv":[0.0,0.0,0.0,4.0],"texture":"#3"},"up":{"uv":[0.0,0.0,4.0,0.0],"texture":"#3","rotation":180},"down":{"uv":[0.0,0.0,4.0,0.0],"texture":"#3","rotation":180}}},{"from":[6.8,0.0,-5.0],"to":[6.8,16.0,11.0],"rotation":{"origin":[0.4,8.0,8.0],"axis":"y","angle":-45.0},"faces":{"north":{"uv":[0.0,0.0,0.0,4.0],"texture":"#3"},"east":{"uv":[4.75,0.0,8.75,4.0],"texture":"#3"},"south":{"uv":[0.0,0.0,0.0,4.0],"texture":"#3"},"west":{"uv":[4.75,0.0,8.75,4.0],"texture":"#3"},"up":{"uv":[0.0,0.0,0.0,4.0],"texture":"#3"},"down":{"uv":[0.0,0.0,0.0,4.0],"texture":"#3"}}},{"from":[8.46102,0.0,0.98995],"to":[8.46102,16.0,16.98995],"rotation":{"origin":[8.46102,8.0,8.98995],"axis":"y","angle":45.0},"faces":{"north":{"uv":[0.0,0.0,0.0,4.0],"texture":"#3"},"east":{"uv":[4.75,0.0,8.75,4.0],"texture":"#3"},"south":{"uv":[0.0,0.0,0.0,4.0],"texture":"#3"},"west":{"uv":[4.75,0.0,8.75,4.0],"texture":"#3"},"up":{"uv":[0.0,0.0,0.0,4.0],"texture":"#3"},"down":{"uv":[0.0,0.0,0.0,4.0],"texture":"#3"}}}],"textures":{"particle":"ba3aaf0a-a261-48b5-9535-258b2b27d6be","3":"ba3aaf0a-a261-48b5-9535-258b2b27d6be"},"gui_light":"front"}