{"display":{"thirdperson_righthand":{"rotation":[0.0,90.0,55.0],"translation":[0.0,1.75,0.75],"scale":[0.35,0.35,0.35]},"thirdperson_lefthand":{"rotation":[0.0,90.0,55.0],"translation":[0.0,1.75,0.75],"scale":[0.35,0.35,0.35]},"firstperson_righthand":{"rotation":[0.0,90.0,0.0],"translation":[0.5,4.5,0.0],"scale":[0.5,0.5,0.5]},"firstperson_lefthand":{"rotation":[0.0,90.0,0.0],"translation":[0.5,4.5,0.0],"scale":[0.5,0.5,0.5]},"ground":{"translation":[0.0,2.0,0.0],"scale":[0.35,0.35,0.35]},"gui":{"rotation":[35.0,135.0,0.0],"translation":[0.5,2.0,0.0]},"head":{"translation":[0.0,5.75,0.0],"scale":[1.81,1.81,1.81]},"fixed":{"rotation":[-32.5,0.0,0.0],"translation":[0.0,2.0,-5.75],"scale":[1.2,1.2,1.2]}},"elements":[{"from":[5.5,2.0,3.5],"to":[10.5,5.0,3.5],"rotation":{"origin":[8.0,5.0,3.5],"axis":"x","angle":22.5},"faces":{"north":{"uv":[0.0,5.5,1.25,6.25],"texture":"#0","tintindex":0},"south":{"uv":[0.0,5.5,1.25,6.25],"texture":"#0","tintindex":0}}},{"from":[3.5,1.0,3.5],"to":[3.5,5.0,12.5],"rotation":{"origin":[7.0,1.0,7.0],"axis":"y","angle":0.0},"faces":{"east":{"uv":[4.5,3.25,6.75,4.25],"texture":"#0","tintindex":0},"west":{"uv":[6.75,3.25,4.5,4.25],"texture":"#0","tintindex":0}}},{"from":[12.5,1.0,3.5],"to":[12.5,5.0,12.5],"rotation":{"origin":[9.0,1.0,7.0],"axis":"y","angle":0.0},"faces":{"east":{"uv":[0.0,3.25,2.25,4.25],"texture":"#0","tintindex":0},"west":{"uv":[2.25,3.25,0.0,4.25],"texture":"#0","tintindex":0}}},{"from":[3.5,1.0,12.5],"to":[12.5,5.0,12.5],"rotation":{"origin":[7.0,1.0,7.0],"axis":"y","angle":0.0},"faces":{"north":{"uv":[6.75,3.25,9.0,4.25],"texture":"#0","tintindex":0},"south":{"uv":[9.0,3.25,6.75,4.25],"texture":"#0","tintindex":0}}},{"from":[3.5,5.0,3.5],"to":[12.5,9.0,12.5],"rotation":{"origin":[7.0,0.0,7.0],"axis":"y","angle":0.0},"faces":{"north":{"uv":[2.25,2.25,4.5,3.25],"texture":"#0","tintindex":0},"east":{"uv":[0.0,2.25,2.25,3.25],"texture":"#0","tintindex":0},"south":{"uv":[6.75,2.25,9.0,3.25],"texture":"#0","tintindex":0},"west":{"uv":[4.5,2.25,6.75,3.25],"texture":"#0","tintindex":0},"up":{"uv":[2.25,2.25,0.0,0.0],"texture":"#0","tintindex":0},"down":{"uv":[4.5,0.0,2.25,2.25],"texture":"#0","tintindex":0}}},{"from":[5.5,2.5,3.45],"to":[10.5,5.5,3.45],"rotation":{"origin":[8.0,5.5,3.5],"axis":"x","angle":22.5},"faces":{"north":{"uv":[0.0,6.25,1.25,7.0],"texture":"#0"},"south":{"uv":[1.25,6.25,0.0,7.0],"texture":"#0"}}},{"from":[3.5,5.0,5.5],"to":[3.5,11.0,9.5],"rotation":{"origin":[3.5,6.0,5.5],"axis":"y","angle":-45.0},"faces":{"east":{"uv":[4.25,4.25,3.25,5.75],"texture":"#0"},"west":{"uv":[3.25,4.25,4.25,5.75],"texture":"#0"}}},{"from":[12.5,5.0,5.5],"to":[12.5,11.0,9.5],"rotation":{"origin":[12.5,6.0,5.5],"axis":"y","angle":45.0},"faces":{"east":{"uv":[2.25,4.25,3.25,5.75],"texture":"#0"},"west":{"uv":[3.25,4.25,2.25,5.75],"texture":"#0"}}},{"from":[3.5,9.0,5.5],"to":[12.5,14.0,5.5],"rotation":{"origin":[8.0,9.0,5.5],"axis":"x","angle":22.5},"faces":{"north":{"uv":[0.0,4.25,2.25,5.5],"texture":"#0"},"south":{"uv":[2.25,4.25,0.0,5.5],"texture":"#0"}}},{"from":[5.5,2.5,3.5],"to":[10.5,5.5,3.5],"rotation":{"origin":[8.0,5.5,3.5],"axis":"x","angle":22.5},"faces":{"north":{"uv":[1.25,6.25,2.5,7.0],"texture":"#0","tintindex":0},"south":{"uv":[2.5,6.25,1.25,7.0],"texture":"#0","tintindex":0}}},{"from":[3.4,4.9,3.4],"to":[12.6,9.1,12.6],"rotation":{"origin":[7.0,0.0,7.0],"axis":"y","angle":0.0},"faces":{"north":{"uv":[6.75,6.5,9.0,7.5],"texture":"#0"},"east":{"uv":[4.5,6.5,6.75,7.5],"texture":"#0"},"south":{"uv":[6.75,7.5,9.0,8.5],"texture":"#0"},"west":{"uv":[4.5,7.5,6.75,8.5],"texture":"#0"},"up":{"uv":[6.75,6.5,4.5,4.25],"texture":"#0"},"down":{"uv":[9.0,4.25,6.75,6.5],"texture":"#0"}}}],"textures":{"particle":"ero_spellcaster_costume:e2c5122b-3732-498c-b4e8-a7dc6e1df6a7","0":"ero_spellcaster_costume:e2c5122b-3732-498c-b4e8-a7dc6e1df6a7"},"gui_light":"front"}