{"sources":[{"type":"single","resource":"3b1946df-eea6-4564-a495-01bf8fd505c8"},{"type":"single","resource":"0820b9b2-d999-4bba-8b62-e7dd0299c353"},{"type":"single","resource":"23cdbcb8-5de1-4d76-a6f9-f68c92252f29"},{"type":"single","resource":"f6351a65-c63e-4cba-bd8d-0fa0a5dc66ba"},{"type":"single","resource":"eb656793-2d3f-49c8-9ca5-1aaf8c07e1a9"},{"type":"single","resource":"4a4622b4-3def-4ea5-9dc3-76207597faf3"},{"type":"single","resource":"dc8b679b-ceff-4ef4-bf8d-4de82d8bf1a6"},{"type":"single","resource":"44a72f11-866a-4641-9aa7-0465a5a7ea00"},{"type":"single","resource":"0287f197-6f8b-4f58-a825-f4767d3df75f"},{"type":"single","resource":"9ef99f09-dd5d-49fa-ad06-5ccf789f88ab"},{"type":"single","resource":"9ccc13f8-3211-437b-a91d-5c24dd01d2f8"},{"type":"single","resource":"73f906e6-481e-409e-ab12-d530af45c2aa"},{"type":"single","resource":"e41f9c63-01ae-4b8a-a294-64f5bc1478ec"},{"type":"single","resource":"d56585d3-bdce-411c-a467-c0f3961d2f0a"},{"type":"single","resource":"e28831bf-3f34-424b-b278-2b2da68f2ee0"},{"type":"single","resource":"b2c51396-81df-4d8d-bcfe-6dadd9470b58"},{"type":"single","resource":"1f7a4513-a368-425e-9b5e-e94ab249e51a"},{"type":"single","resource":"41816f29-1794-4800-b5fb-3388baac104f"},{"type":"single","resource":"58d2ad5a-bca8-48de-a552-eae5a0269f00"},{"type":"single","resource":"443130c9-56d9-4348-9aa1-9a91717f10ee"},{"type":"single","resource":"f243ce47-6f0b-45bd-9737-05882b194024"},{"type":"single","resource":"fadf03cc-d2cc-4b6c-ad83-3016b5e52abf"},{"type":"single","resource":"abc2ab39-37f7-448c-b9f6-79a2731667f7"},{"type":"single","resource":"592b464d-46a7-4172-b7fa-5db419eb83a7"},{"type":"single","resource":"24fe7ced-94ee-44d4-b10f-40cf7190511d"},{"type":"single","resource":"a981e09a-a017-4fe5-ae75-d6fa957c32c1"},{"type":"single","resource":"3fdb5fda-d4cc-4524-a6ce-6df0d8aa4816"},{"type":"single","resource":"144cfa21-96e5-48f9-8044-10be85992a11"},{"type":"single","resource":"valentineset/animations/wings_outline_e"},{"type":"single","resource":"37328cf6-a132-43fe-b8a0-042b37d50c18"},{"type":"single","resource":"valentineset/animations/staff_outline_e"},{"type":"single","resource":"863d55f4-9721-462a-84e2-36303526bec3"},{"type":"single","resource":"valentineset/animations/animations_1_e"},{"type":"single","resource":"4927f22e-96f6-4ebf-b5cc-cbc06158d1f7"},{"type":"single","resource":"edeaeb6a-d2a0-4252-b987-3fb869542be7"},{"type":"single","resource":"660c1cba-a26d-4f8e-a49f-abad8ced5a5d"},{"type":"single","resource":"3c35cf35-a553-455c-b61e-20862ddd2d03"},{"type":"single","resource":"52e795f4-1fe0-4173-8a7a-cce23a52ff25"},{"type":"single","resource":"3de968a8-c5fd-4e81-accc-7294675b908d"},{"type":"single","resource":"d2980090-7739-4a8b-a86c-4f6d1e09208b"},{"type":"single","resource":"0f595ebf-5894-4dda-8108-50afcc82fabc"},{"type":"single","resource":"29ec9a54-9457-4d3a-8acc-f6fac4916d63"},{"type":"single","resource":"af129e1b-6a20-47fb-afa0-24254e89b33b"},{"type":"single","resource":"c9ec70e8-f612-4687-8f21-6dda3f8eb239"},{"type":"single","resource":"models/armor/leather_layer_2_overlay"},{"type":"single","resource":"models/armor/leather_layer_1_overlay"},{"type":"single","resource":"f8a7b733-4cbd-4d55-9c54-514a5694537d"},{"type":"single","resource":"083ab27f-bc8e-4c08-b2f1-c362e15975f4"},{"type":"single","resource":"476bf8a3-0618-41a8-be9e-4e68628d2e35"},{"type":"single","resource":"298fd4c2-30ab-4e27-b294-0b4a74cedcb5"},{"type":"single","resource":"81a4f90f-9b78-40ed-b7b2-802d5ae6cc9a"},{"type":"single","resource":"3cbed404-f03d-40be-85c9-8792980214b5"},{"type":"single","resource":"88948447-3544-4db1-9872-0ce82bb30046"},{"type":"single","resource":"ebbc4103-c05f-4a27-a81c-6c339e2be330"},{"type":"single","resource":"e01128b0-adee-439b-9a7b-31f104b30991"},{"type":"single","resource":"e3cbfafe-680e-4262-8afe-ed5ba21a90f2"},{"type":"single","resource":"91a748a7-d2f0-4baa-a6d1-f380940a6de3"},{"type":"single","resource":"dee5a917-6ea6-4d38-9020-bb55a5a8e1db"},{"type":"single","resource":"acb7c7f0-09da-446c-a270-dc81dfa74cc4"},{"type":"single","resource":"64e8b7cf-e96c-41b3-ba94-86252d37fd72"},{"type":"single","resource":"d39129b7-d5c2-476c-8de4-750b9556997d"},{"type":"single","resource":"243932f9-81fd-4da6-94b3-63d0ac207d79"},{"type":"single","resource":"9a6d5f17-41cc-48a3-8fef-007d8828d0a0"},{"type":"single","resource":"f2ec8ba0-82ca-4b2c-9b4c-83114c55c459"},{"type":"single","resource":"f3da6457-fe96-4d80-9b13-b6d61f4addbb"},{"type":"single","resource":"78707be3-ae8f-403b-a8bd-b0b60b421ee6"},{"type":"single","resource":"7a3a17f6-376d-4ab6-9a61-3f47430108d8"},{"type":"single","resource":"9f512d9c-cf78-42b2-ab62-7143fef3d749"},{"type":"single","resource":"f23f6e5b-0351-4505-9c70-3c9f3f0b175b"},{"type":"single","resource":"8b38c047-edff-471e-ae72-190fe81f530e"},{"type":"single","resource":"cc53b97d-0c28-4430-8d66-b8e2cd5c89f0"},{"type":"single","resource":"b0db1ea0-af89-473d-8a2c-28a7984760f6"},{"type":"single","resource":"b577dea8-6a28-4c89-810d-ed20baef2fab"},{"type":"single","resource":"efc473dc-f22e-4326-9c47-45d8c246371b"},{"type":"single","resource":"33e8ca10-00dc-4dc3-9070-b8d1ea0603ce"},{"type":"single","resource":"b8204104-0c20-455e-be05-9a35c7fe3428"},{"type":"single","resource":"59ff7afb-b386-4c55-9cca-bc53cafb25b9"},{"type":"single","resource":"5541420b-74fe-413f-b67e-eb305286a56d"},{"type":"single","resource":"8cc058e0-1df3-4b9d-a4cd-e10ab605277f"},{"type":"single","resource":"f39111da-3549-4707-b4c7-189db3f2526b"},{"type":"single","resource":"aca212f9-ecf2-4dff-a14d-77a7bd0b878e"},{"type":"single","resource":"8a1901be-b280-46f1-9813-a77d673d52c7"},{"type":"single","resource":"5bddc6e9-7651-4833-b774-096eb21ab74a"},{"type":"single","resource":"afcb93d6-ed63-4f40-ab2c-6ae41017adbc"},{"type":"single","resource":"dba8fdaf-f3a5-4289-af22-de287989a9df"},{"type":"single","resource":"61173914-e046-45fe-a0b1-882f4165f4b9"},{"type":"single","resource":"838e508d-2265-416f-b0b1-deb1d5190a41"},{"type":"single","resource":"0600f2ef-18e1-4908-8e45-2d91456fc0ea"},{"type":"single","resource":"082ba7d0-2bc6-4259-940d-fc322f03420c"},{"type":"single","resource":"572b92f3-2da9-4b28-af6f-199628ebf288"},{"type":"single","resource":"f8bbfbd6-61f7-40cb-85a9-48fd45c1622c"},{"type":"single","resource":"6b4c2c9d-254b-4594-8c2d-4a49c0fc926e"},{"type":"single","resource":"ccac0a5c-c30c-4dce-b064-bf0117426232"},{"type":"single","resource":"4106bb04-606c-4869-8188-afadf42def66"},{"type":"single","resource":"eca9b772-7dc6-49a3-87a4-b20d297d9cad"},{"type":"single","resource":"41209eb4-2320-4c0f-ba1a-3af0e547d379"},{"type":"single","resource":"c484475b-3231-4fcd-93bf-73d3d2de460f"},{"type":"single","resource":"e44460ae-1ef5-4ee5-bf9b-627944511dfd"},{"type":"single","resource":"2e28758d-7576-4080-a18a-85299971475e"},{"type":"single","resource":"49a94a41-7154-41e0-80fe-eba08f961d10"},{"type":"single","resource":"af6e7a8f-c2d4-4f3e-adb4-8d24f99f3315"},{"type":"single","resource":"496340de-825a-439c-aa27-be821666bb1a"},{"type":"single","resource":"fa1aa813-0443-4fb6-8836-ab5f070ce453"},{"type":"single","resource":"cd201c0e-3b28-4a18-a133-dd6fa8807603"},{"type":"single","resource":"11938a07-7d45-4c1b-827f-59e762a6bbb0"},{"type":"single","resource":"842b019d-5261-47f9-b285-adb0888f7d0f"},{"type":"single","resource":"46237453-ef02-425c-870d-a1865c443880"},{"type":"single","resource":"0ca821a0-bfae-495b-bb9a-2dbd730929f2"},{"type":"single","resource":"2e4a21aa-f877-4407-ba17-51e9a9a4a600"},{"type":"single","resource":"ba940ab0-3f8c-400f-a380-c7d310e9486d"},{"type":"single","resource":"7cff0942-42be-4e53-b80c-a2f91438ca23"},{"type":"single","resource":"f7c91a34-fe48-4233-ab09-0df9c949b656"},{"type":"single","resource":"a47874cb-4e45-44b8-9b5b-85d5cd6d0629"},{"type":"single","resource":"a8b97b88-c579-4004-9ce9-0183b21b9539"},{"type":"single","resource":"51be6cdb-95f0-4583-986a-2f330a4a4cfd"},{"type":"single","resource":"1105d369-4d71-43c0-96c7-01734c73d848"},{"type":"single","resource":"5b75e05f-fa06-4464-941b-a6f205d49439"},{"type":"single","resource":"787ab955-ebfa-4fe2-a606-b29dd660eadd"},{"type":"single","resource":"016748c4-8efc-4fd2-b77b-1c0c2a95631c"},{"type":"single","resource":"b7678414-f3aa-4bf5-a19a-bcd136438313"},{"type":"single","resource":"3ef40de7-146e-406d-aeab-bb457aa40327"},{"type":"single","resource":"a53b6e45-4b24-4b2d-88ad-62786dc0e0bf"},{"type":"single","resource":"ded9f79b-ddfa-493e-9044-08689860784c"},{"type":"single","resource":"e75d1a34-5b75-41c3-9c5d-e8fd1a1264e2"},{"type":"single","resource":"63c21a70-44f4-49c2-b875-e9a8ec8bf215"},{"type":"single","resource":"922485fe-da1f-421e-bce3-a3a313666090"},{"type":"single","resource":"9887d4ff-5344-46eb-854c-ab0802d0e6ce"},{"type":"single","resource":"26a29f75-79c0-4c32-b5a0-3d25e9b959ae"},{"type":"single","resource":"ba005132-33ca-4d19-a10b-3f5bf551fe70"},{"type":"single","resource":"d1b32130-314f-480e-896f-7bfc7d971344"},{"type":"single","resource":"74138dcb-0f54-4e81-be16-cb9bcc060330"},{"type":"single","resource":"fed731fa-5f71-4281-b9ed-f65169864d0b"},{"type":"single","resource":"371a62f7-c798-4bf1-ae94-46ca01486004"},{"type":"single","resource":"46d36d09-041b-4e64-adc8-c923e071380d"},{"type":"single","resource":"31961153-e21c-462d-98c6-70009ecd7222"},{"type":"single","resource":"6c248847-3aa5-40ff-8c15-c04c5a6d2f48"},{"type":"single","resource":"f260a5ec-09f7-4754-8dca-81000634a3ad"},{"type":"single","resource":"0dfee438-b233-4c59-8c3a-b3684518165c"},{"type":"single","resource":"0f3075dc-7da0-43f0-a747-2185d9fd2665"},{"type":"single","resource":"5014d68f-56ad-46e7-8afe-8f7b61c39891"},{"type":"single","resource":"4af7ce8c-2177-445d-9aa5-31600b6223b6"},{"type":"single","resource":"dec4b6b8-2131-41c1-ae77-34a75e8996bd"},{"type":"single","resource":"07a822d0-2b3e-42de-a80d-bfc1945031c2"},{"type":"single","resource":"82b52cc2-cd8b-417c-9d36-e09a8fbaa1d5"},{"type":"single","resource":"363e1c12-ed40-400e-a4cc-374a57fb9209"},{"type":"single","resource":"f08ea29a-4bdf-444f-b19a-ed50d5d665a2"},{"type":"single","resource":"d9bf88a7-758b-4e90-bfc1-fee58b37262b"},{"type":"single","resource":"f0509a38-e38b-46d1-ae6f-8db5d0f6a9c1"},{"type":"single","resource":"8bbfd9e5-1b39-4c78-965b-16df6b25e574"},{"type":"single","resource":"f9b9d3b0-3e73-4903-8fd8-fcf1d23d8338"},{"type":"single","resource":"d8536de2-1898-486a-8e9f-963e61115508"},{"type":"single","resource":"09585230-6db2-4d3d-9e80-f3d4281e0275"},{"type":"single","resource":"5342c1b9-691d-4dc3-a8d4-cc3d113bf084"},{"type":"single","resource":"42616724-a419-4bcd-a755-4b11338fbb9a"},{"type":"single","resource":"genshin/skyward_spine_e"},{"type":"single","resource":"aabf99e3-dc29-41b3-9362-229348fe27f5"},{"type":"single","resource":"cec57cf3-fefb-4658-8645-dea0f052f3ce"},{"type":"single","resource":"20a80e50-10c9-4b13-a2ca-5056d77ce30d"},{"type":"single","resource":"a009057b-8f10-4f37-b39b-4af7fdfef3f6"},{"type":"single","resource":"e6ad8908-9dad-49c3-8ab7-f8154829fcad"},{"type":"single","resource":"d560298d-b296-4449-8176-87202b3a7992"},{"type":"single","resource":"a09e65b6-393d-4a24-978a-03606782d3eb"},{"type":"single","resource":"462ee6fd-75bb-490f-89f4-081c870d979e"},{"type":"single","resource":"03403e57-0315-49d2-89b1-4a3f707cabb8"},{"type":"single","resource":"d195ccff-8a7a-4ef6-9422-7a7520ce6c8c"},{"type":"single","resource":"7e6aecbb-cd45-48ef-931a-5ea8acadc183"},{"type":"single","resource":"82fc9d29-1171-48bc-bed1-76eb6aee93e8"},{"type":"single","resource":"ed040150-07b6-4f67-98b2-1a98b9923bde"},{"type":"single","resource":"9f8f9927-c01b-4149-a70d-a4c7133f98d9"},{"type":"single","resource":"a76ce582-3cb3-4556-92ed-d794d6901b4f"},{"type":"single","resource":"f00b0350-e808-48aa-b1e4-70f53de0408a"},{"type":"single","resource":"a9d19cad-a2f2-4f88-9658-e6f8fbb24e08"},{"type":"single","resource":"enderdragon_set/enderdragon_armor_layer_c"},{"type":"single","resource":"enderdragon_set/enderdragon_armor_layer_b"},{"type":"single","resource":"eaea213b-1a55-441c-b81d-b16a061fb7a7"},{"type":"single","resource":"0d5fa639-31f8-4b32-be07-cd5a90d8d146"},{"type":"single","resource":"3b913c06-8b04-4e63-8b16-240be4831732"},{"type":"single","resource":"e6c2522b-23c1-4207-ae3e-2d6433fc1cbc"},{"type":"single","resource":"7ffc4847-e327-4ba4-92e3-9d5fa972265a"},{"type":"single","resource":"328a786b-85c0-4f22-a754-8663404fed8b"},{"type":"single","resource":"f04784eb-a2be-4649-b71e-735d0aa2eefe"},{"type":"single","resource":"4f6f00ba-6353-4ff0-ae07-94b6a884701b"},{"type":"single","resource":"af0ae314-f5f6-4ff0-a55e-42ab798f18b7"},{"type":"single","resource":"cd47076f-01a7-410b-a44e-b4891b136b7b"},{"type":"single","resource":"e8041351-c1f1-4f99-89fd-f49b83c10d69"},{"type":"single","resource":"b247aefc-e0e6-4e5d-85cf-5c071711a9b1"},{"type":"single","resource":"bc31d1f7-c0e7-4b38-963d-752502f8b155"},{"type":"single","resource":"8f24448f-50c3-41b5-a45b-493cc9478aed"},{"type":"single","resource":"018b414c-8d1e-4969-8869-472ccebc2315"},{"type":"single","resource":"f5f222b9-2619-4832-9c16-8d8ace87356b"},{"type":"single","resource":"6d0484ed-0906-4ef4-8dde-b0d2410f4f18"},{"type":"single","resource":"3790a680-d5de-41f0-ac1d-c3fa88c95e47"},{"type":"single","resource":"f706f5a3-22c4-4e21-b957-3812d243dd1d"},{"type":"single","resource":"0da51931-77a2-4b22-a63d-3dc40012ed02"},{"type":"single","resource":"1c8e5e3e-0157-473d-a014-653ba7ac30b9"},{"type":"single","resource":"8cb62031-8414-42da-9fea-96cb7434fbb1"},{"type":"single","resource":"7aad546e-c4b1-4571-9f09-c17d07108f45"},{"type":"single","resource":"b6e716d1-bd06-442e-aedd-0a92779f13b3"},{"type":"single","resource":"1015b2d6-bd2c-42bb-b03b-d8829284d219"},{"type":"single","resource":"d24c2ab5-8759-4cf3-b2ef-879ced844414"},{"type":"single","resource":"591b2332-ddf8-4649-af2a-671da4c73f1e"},{"type":"single","resource":"d9c5993f-12ec-436a-bffa-8d4ac008d1dc"},{"type":"single","resource":"dd7d5bd4-a1bf-4ea0-a777-121c26d7d5dc"},{"type":"single","resource":"default/ruby_ore"},{"type":"single","resource":"de71d074-e1c3-48a6-bc9c-77dc9b04343b"},{"type":"single","resource":"6b95241f-c1ed-45b0-a5a4-5104825f88c6"},{"type":"single","resource":"default/orax_ore"},{"type":"single","resource":"2831a082-3890-4c12-b317-1cf827005e60"},{"type":"single","resource":"7153bda0-78ce-4088-8898-f6c98f78b94f"},{"type":"single","resource":"default/onyx_ore"},{"type":"single","resource":"429c79bd-abd7-4074-99f3-66e1111d7aa8"},{"type":"single","resource":"b633ba3c-1033-4fba-8b21-f0ec52616c44"},{"type":"single","resource":"66ca1a4d-8459-4ec1-9fb5-b96451cd48e5"},{"type":"single","resource":"7498a900-b90a-49ae-8dd5-96dba7eb0d04"},{"type":"single","resource":"c27b703c-eeb9-49ab-8a61-3586612e52a4"},{"type":"single","resource":"f927e05a-4034-4e79-995d-b781afaa7a21"},{"type":"single","resource":"994394b0-384b-49b0-8d7d-9f1d2ec8d6ff"},{"type":"single","resource":"92cef571-de9f-4127-85fb-c32a733790b7"},{"type":"single","resource":"35aad68e-f50e-4191-9d73-e5e31cd5e162"},{"type":"single","resource":"f42e65ef-bee5-4561-a14a-3523c95b0883"},{"type":"single","resource":"c395ed74-ba6b-4e14-80eb-c7259a7cd937"},{"type":"single","resource":"1c326dca-1512-46a1-b332-359efef69eee"},{"type":"single","resource":"33e18cee-0101-4006-8d72-589cecb5aadd"},{"type":"single","resource":"1de9fbed-b4e6-4d46-8449-fb1bf391451d"},{"type":"single","resource":"ba4945bf-89e8-4f85-acb0-cbe8efb3016f"},{"type":"single","resource":"f2690906-6aa3-42c8-83e8-874f6931d9ef"},{"type":"single","resource":"a7a59ab1-35b0-4ffd-bfb9-353420544481"},{"type":"single","resource":"63e7be5e-c755-4ea0-9c4f-45d85617d249"},{"type":"single","resource":"714e6615-bd1a-4fee-ade9-5384a4de01aa"},{"type":"single","resource":"4d50f44f-b591-4017-aa1b-2b9ed025b5f9"},{"type":"single","resource":"be63f9dc-4bfd-4aba-9213-97de13e17245"},{"type":"single","resource":"2ac98340-96e6-4e1e-8ca6-7c974a8f4ce9"},{"type":"single","resource":"4ec06a11-2507-454d-ad1d-80ae7bdfd0c9"},{"type":"single","resource":"6cfd8c67-f045-4038-8b78-a9f56863c56a"},{"type":"single","resource":"62b2149b-7423-413d-9056-c23aa9bcd7b6"},{"type":"single","resource":"2bd27c31-415d-49d4-a7a3-7cbf786b63ce"},{"type":"single","resource":"c812b5fd-37c8-40d6-8a13-b25693adfe3a"},{"type":"single","resource":"6f401d41-3cb3-4573-8857-0cf1f1ccf755"},{"type":"single","resource":"f23bd099-4934-46b9-a5eb-0a00f57759b7"},{"type":"single","resource":"7f1db5c6-10f7-4d75-bdd9-1b62c511ce30"},{"type":"single","resource":"94affca2-caae-48bb-a5e7-e09721944e31"},{"type":"single","resource":"66e79dfa-43be-4f20-953b-f86e99d280e5"},{"type":"single","resource":"default/flowers/dailily"},{"type":"single","resource":"default/flowers/daffodil"},{"type":"single","resource":"default/flowers/brunnera"},{"type":"single","resource":"d7093574-060b-4bcc-8de4-57e241901ea0"},{"type":"single","resource":"d3e277f5-c6d7-4a0c-81cf-8ea0f926d353"},{"type":"single","resource":"f866984c-5ff7-45eb-9435-9fc4b166a55e"},{"type":"single","resource":"cf51fcad-c70c-4dab-afbf-cbeb3241bf3c"},{"type":"single","resource":"cd59e000-6865-4e69-93a5-3e50f9d7eb6e"},{"type":"single","resource":"296cb456-8914-4eb2-a908-c38ddffeae41"},{"type":"single","resource":"119b2571-a1bb-4c88-9bc3-8effb272de15"},{"type":"single","resource":"d232899d-9845-42ce-a0f3-411923e340bb"},{"type":"single","resource":"3efbbb67-6db3-4332-93ca-4a7e88f581ae"},{"type":"single","resource":"6741e7c2-0f1b-4e1b-8cef-751f3e31726b"},{"type":"single","resource":"ad6d0bff-63ac-4d4e-9f35-5001aa16d88b"},{"type":"single","resource":"3c4c641c-9573-4a2d-bf9c-195326b33d9a"},{"type":"single","resource":"7337765b-46ce-4cfb-af43-707a7cc71219"},{"type":"single","resource":"default/chat/vip9"},{"type":"single","resource":"default/chat/vip8"},{"type":"single","resource":"default/chat/vip7"},{"type":"single","resource":"default/chat/vip6"},{"type":"single","resource":"default/chat/vip5"},{"type":"single","resource":"default/chat/vip4"},{"type":"single","resource":"default/chat/vip3"},{"type":"single","resource":"default/chat/vip2"},{"type":"single","resource":"default/chat/vip10"},{"type":"single","resource":"default/chat/vip1"},{"type":"single","resource":"default/chat/prince_tag"},{"type":"single","resource":"default/chat/lord_tag"},{"type":"single","resource":"default/chat/knight_tag"},{"type":"single","resource":"default/chat/king_tag"},{"type":"single","resource":"default/chat/hero_tag"},{"type":"single","resource":"default/chat/heart"},{"type":"single","resource":"default/chat/god_tag"},{"type":"single","resource":"default/chat/farmer_tag"},{"type":"single","resource":"default/chat/explorer_tag"},{"type":"single","resource":"d0bc64d2-cedb-446e-80b3-82508a7e5b73"},{"type":"single","resource":"5b568645-677a-451e-941b-000757acc795"},{"type":"single","resource":"7b5543e1-40c5-4390-82e7-3592435d9f4e"},{"type":"single","resource":"7b173e42-814c-4c28-9e8c-3c72bd3bced1"},{"type":"single","resource":"08dd0540-f2f1-40e6-b432-cf87343cb171"},{"type":"single","resource":"d4727763-e501-41a1-9839-d8a458405a36"},{"type":"single","resource":"49bbddcf-1de1-467a-91df-7c626b46fcdb"},{"type":"single","resource":"390bb6c8-acde-4e86-8f31-144fdb574972"},{"type":"single","resource":"d27e9e94-2fc7-4f72-8558-6c223da0eb8e"},{"type":"single","resource":"ecdd96cc-1801-4723-83a5-2e942884c3f6"},{"type":"single","resource":"a2730549-24b9-4255-8a65-ae9836c53706"},{"type":"single","resource":"f62a8489-449b-40b8-8307-7bd2610beadc"},{"type":"single","resource":"9f0ea99d-b313-4179-848c-bf3ba0961496"},{"type":"single","resource":"d57cfb7d-1d21-4da2-a201-f4cf75cc886f"},{"type":"single","resource":"8fb72ad8-5a81-4b5b-824a-b97e125b765f"},{"type":"single","resource":"f9c7b8b7-0ff7-4062-aac0-a0e0ab61b4a6"},{"type":"single","resource":"fad8e2a3-6fa5-4d32-b524-f4425564e70a"},{"type":"single","resource":"9038410b-4183-4c5c-9044-aecceadbd432"},{"type":"single","resource":"9bd49fbe-1a3e-4b07-a4b0-2572a077c00b"},{"type":"single","resource":"6276c357-e4e7-4138-89eb-1ad69e6a7b17"},{"type":"single","resource":"e16ec3c8-9e2a-485c-a661-0493ed64347d"},{"type":"single","resource":"560bffe9-d15b-40ea-a5e8-d2b96b17c978"},{"type":"single","resource":"default/amethyst_ore"},{"type":"single","resource":"8747899f-591f-461d-acfe-548a5e62597e"},{"type":"single","resource":"1dba8f6a-d826-458a-9b72-fabd906c6d7c"},{"type":"single","resource":"8f45fc2c-4e0e-4fce-a261-bbacaddb4c5b"},{"type":"single","resource":"c42b2347-d167-437e-90e7-0b2de3e53fa3"},{"type":"single","resource":"88d7f41e-e4f6-4519-9dfd-26faa2a35717"},{"type":"single","resource":"2239232e-0a90-4d19-bed8-15de19ce3f8a"},{"type":"single","resource":"982b8771-90c8-4436-8324-d88b52982cfa"},{"type":"single","resource":"ff40b9de-3520-4c87-9ab8-a16c81b9abfb"},{"type":"single","resource":"be204e9c-7eee-481e-a2df-5c919995318d"},{"type":"single","resource":"94118381-0cd7-46bd-bb49-52dcc2089ebe"},{"type":"single","resource":"85ad4d64-a4ed-4f2f-97f8-bcb344ec8310"},{"type":"single","resource":"b530e107-f251-41ee-a79d-873c9e537ade"},{"type":"single","resource":"b8f37310-e6a8-4d45-a22b-fafb0c624df6"},{"type":"single","resource":"7b37ea79-6b5a-4b91-8e62-7c0e46b7ff77"},{"type":"single","resource":"416828eb-b5f8-4986-8561-c521088d7498"},{"type":"single","resource":"b476290b-7474-4a50-9c6a-b7a50a24b9b1"},{"type":"single","resource":"94b677b6-b81d-484b-be67-ecfe4416e713"},{"type":"single","resource":"52b600f2-453c-480b-9087-72f486c2653d"},{"type":"single","resource":"64c863c4-e810-4560-84d0-da618714428f"},{"type":"single","resource":"7855cf94-dd2d-445a-b15a-9d72a77986b2"},{"type":"single","resource":"fb79eaad-c433-4df4-b3a7-e4bcdfa2729e"},{"type":"single","resource":"e39f2a58-fe4b-4c9b-8e37-b6f838a6677a"},{"type":"single","resource":"6602f389-9b2e-4682-8a41-1552779f1cee"},{"type":"single","resource":"90ef1199-c75e-4a7c-a5d2-1f1f95692cc5"},{"type":"single","resource":"bowsbundle/wind_bow_texture_2"},{"type":"single","resource":"bowsbundle/wind_bow_texture_1"},{"type":"single","resource":"8bc44c02-95d7-4294-b8e0-eb551b1c4432"},{"type":"single","resource":"6886965f-ef1a-43a8-a32c-2a97b79e9f14"},{"type":"single","resource":"51d620c3-2e46-46be-b5fa-e7abafc5d9de"},{"type":"single","resource":"cd35e548-9922-4345-be38-512db6694b8b"},{"type":"single","resource":"18c218e3-07eb-4515-8531-4c0e35c529b5"},{"type":"single","resource":"1c2f1829-a31a-49e6-90f2-8ddf4ccc654c"},{"type":"single","resource":"50b332a9-6368-4d30-9e4a-2dcba55d572a"},{"type":"single","resource":"345e869d-e025-423b-9280-3cc8f7382eca"},{"type":"single","resource":"a69815fc-609b-48b4-b8f3-ec9d77ec8487"},{"type":"single","resource":"0f8b804a-d381-4a1b-b60c-e4d47766232f"},{"type":"single","resource":"a6303f79-bcad-4609-8539-1ad619782c2a"},{"type":"single","resource":"a5ef087f-1300-4ead-b5d1-00ee51507652"},{"type":"single","resource":"7ee8edca-ed4f-4f01-8898-d738c7c05b3c"},{"type":"single","resource":"c92061de-10c2-467d-9e99-e5bfa1fcab87"},{"type":"single","resource":"bowsbundle/necromancer_bow_texture_2"},{"type":"single","resource":"5e5c3876-baec-41fd-bf27-2dba344faff8"},{"type":"single","resource":"a8809c28-0d3c-4702-95d7-5cd47c430301"},{"type":"single","resource":"76eacc85-1dd6-480b-a2ee-641d3a0e85d4"},{"type":"single","resource":"ae36bf8b-46f2-4fbd-bc23-417dab331fb4"},{"type":"single","resource":"489d86ad-2cd9-44e8-81e7-e8492cd75ece"},{"type":"single","resource":"aff0581b-8e9f-424a-97ef-aa86e55731a9"},{"type":"single","resource":"bowsbundle/ice_bow_texture_1"},{"type":"single","resource":"4b4884b3-787c-4fca-9918-bbb01d021338"},{"type":"single","resource":"e98403d0-cc97-4d9f-afab-50fb9bc836c1"},{"type":"single","resource":"bowsbundle/flame_bow_texture_1"},{"type":"single","resource":"8879dd27-29c5-4a5d-be81-d422a57cb7a9"},{"type":"single","resource":"1fd5664c-7c06-4189-b1fb-ff89d5af0ebd"},{"type":"single","resource":"c545ddaa-5192-47a2-b7e8-29a33a9998cf"},{"type":"single","resource":"db69111a-20c6-4234-92ee-eaa7467dc542"},{"type":"single","resource":"10cc71b3-236e-4917-aa3e-0144f15cb409"},{"type":"single","resource":"decad763-103f-4a7e-9eee-6a5130acb04e"},{"type":"single","resource":"e36db9e2-cafc-450c-a8bf-eca29985ef72"},{"type":"single","resource":"75267ac5-71c5-43f2-bdb8-c1bacecc07c3"},{"type":"single","resource":"4a35d378-e22b-43e3-b56c-8ff6707f6be1"},{"type":"single","resource":"0cfce93d-7aa7-4544-935a-85f40706736e"},{"type":"single","resource":"46059ea4-0481-4bb7-9dfb-85195d792d20"},{"type":"single","resource":"feb29d6a-84eb-4fe9-89a0-71da16f4dca4"},{"type":"single","resource":"d60e5059-9fa0-4646-975f-e3b1b80c097e"},{"type":"single","resource":"31ad3e02-2105-4199-af6d-f3c7b44d78eb"},{"type":"single","resource":"98efe3cd-c2f4-453e-bc51-1ec9fbee95a9"},{"type":"single","resource":"2faf596a-121c-406c-b5cd-ca5012af8349"},{"type":"single","resource":"7173ff6a-e925-4945-b2fb-bb6555f1934e"},{"type":"single","resource":"51336e8a-bf67-47ba-bc86-6babbaa693e5"},{"type":"single","resource":"f5b0128f-bc19-4760-ad01-6278cd842db7"},{"type":"single","resource":"16865df1-8887-424b-aa50-0542891455db"},{"type":"single","resource":"d98931a6-a18e-4046-ad67-bf2c6ade3d81"},{"type":"single","resource":"1318e473-54af-4ea1-885b-8f6f40f7cf37"},{"type":"single","resource":"d437cec3-730a-473c-ab86-fcfcfa04511e"},{"type":"single","resource":"b03baeac-702e-4547-8dff-985d8199fd1c"},{"type":"single","resource":"76cdc869-447d-4421-a07a-6ba0e1b865bb"},{"type":"single","resource":"49feb83e-f20f-414a-846b-06f1475ab76c"},{"type":"single","resource":"d4e9582c-251b-461d-aebe-291db6b0c583"},{"type":"single","resource":"59af1423-4ea4-49b5-a226-387b78f89e94"},{"type":"single","resource":"764db263-ed5c-42db-8442-bdcd543a3763"},{"type":"single","resource":"6bed2176-bc69-4063-9962-f2fa1e526a43"},{"type":"single","resource":"c756a3ac-26ac-498f-8c51-a7426ec821a3"},{"type":"single","resource":"8bb3614b-d28a-46ef-8b21-e9b43b1120f6"},{"type":"single","resource":"db01f6ca-02dd-4efb-9ec9-2a705aaf3def"},{"type":"single","resource":"1eef694d-74d2-45e5-87de-e548dd439541"},{"type":"single","resource":"35f480a5-b23b-44fb-a748-b170854a53e1"},{"type":"single","resource":"c4128cc5-5115-416c-bb91-62c083e7d35a"},{"type":"single","resource":"9d31590e-70d2-49b8-a8c6-73e4583cc606"},{"type":"single","resource":"abcfd3b0-f175-41ec-9443-fb0851f91cd3"},{"type":"single","resource":"aa906980-0c16-46d1-a2be-5ce73bdc2059"},{"type":"single","resource":"d85b4d4a-89ad-471f-82d8-a610e8811fd3"},{"type":"single","resource":"5bb6f45d-ebc0-4dc0-a06e-b1492d8bfd5c"},{"type":"single","resource":"18a212ad-baa9-4fb5-a262-f958e5286381"},{"type":"single","resource":"f35e90c6-35b2-4fa2-bdab-b3775afd9410"},{"type":"single","resource":"34102281-e3d4-4d64-964d-4da8fedce31e"},{"type":"single","resource":"5ae190a3-2ff1-4d5f-ae9a-4c0c4910f352"},{"type":"single","resource":"6c9e5aae-a3ee-4491-a94c-df519b82e925"},{"type":"single","resource":"bonitaset/animations/animations_4_e"},{"type":"single","resource":"366f20e5-6d4f-4844-ae50-33fa9afde47c"},{"type":"single","resource":"bonitaset/animations/animations_3_e"},{"type":"single","resource":"e761ce3b-43ac-44af-80a3-6186aeaa26a5"},{"type":"single","resource":"bonitaset/animations/animations_2_e"},{"type":"single","resource":"45f2f864-cc30-4658-8aeb-0e324c8fc972"},{"type":"single","resource":"bonitaset/animations/animations_1_e"},{"type":"single","resource":"bc477bd4-1c29-4a71-bcf2-5e74c813f463"},{"type":"single","resource":"bb26fc7b-304e-4d68-80ff-58b8b76cfabe"},{"type":"single","resource":"f6b1755c-67f1-45c3-ac4f-5426987ec945"},{"type":"single","resource":"76e20b1d-a18a-4b6b-8e09-c055af165bf7"},{"type":"single","resource":"72e7c9be-263d-4e52-95f7-2894cace30b0"},{"type":"single","resource":"1b21e129-e1fe-47e4-a4ea-a2b15a193585"},{"type":"single","resource":"93cde59f-1533-424f-840f-0f579559f472"},{"type":"single","resource":"98f8c38d-e122-427e-aad8-8a74654f73d9"},{"type":"single","resource":"29533d80-82f9-4198-a1c6-394979b21c76"},{"type":"single","resource":"d85d9144-56a8-4ee5-b143-aaf6988e080c"},{"type":"single","resource":"c496f01d-9b02-47fe-917b-bc992d58eded"},{"type":"single","resource":"10b778a7-949e-467b-8c5a-c65964860cdd"},{"type":"single","resource":"84ef1c42-8faf-4833-8163-af00f4e16679"},{"type":"single","resource":"94a66ff3-6b36-40e6-bff8-416ec0a2fb92"},{"type":"single","resource":"00465456-03ef-4bec-85da-01f7503ebffe"},{"type":"single","resource":"8e6e2894-7f15-4623-ace5-c2d1ba0acd01"},{"type":"single","resource":"f9124ba2-0af3-4981-8a7b-6a4fd499b1be"},{"type":"single","resource":"d46bf44a-6638-4310-b6e0-3d9b17a010e9"},{"type":"single","resource":"b0d94339-2c35-4de2-844a-aba2f0db9533"},{"type":"single","resource":"948283ec-5bb6-4e95-89d8-c62f994ae237"},{"type":"single","resource":"d4c0007e-5009-47a4-a056-defc0b9f9c41"},{"type":"single","resource":"115cef32-713b-46df-bc2f-0b1a525f4b74"},{"type":"single","resource":"d3410d21-ec1e-43c0-bc37-1b08429b1800"},{"type":"single","resource":"e585557e-79f2-48c3-8f41-de0e89586564"},{"type":"single","resource":"51d0a7cd-baca-4146-b46d-605b3f57f926"},{"type":"single","resource":"555a4969-7cb5-4093-a83f-f420533aecee"},{"type":"single","resource":"a5e5ddb9-3786-432d-903e-3a2ce90e051e"},{"type":"single","resource":"d6e74825-99b5-4a9e-b2f1-551aa25b28e4"},{"type":"single","resource":"6f5d7154-559d-4270-b95a-a7fd4a7a21b6"},{"type":"single","resource":"00d17371-6c26-44aa-a795-c4799b044ab5"},{"type":"single","resource":"1fad37fb-713d-4697-b411-903aad152ff4"},{"type":"single","resource":"672e0fe7-20e4-45e7-946f-c5164b1f1c1a"},{"type":"single","resource":"1b560698-f930-4a4d-89eb-820714b5c8a1"},{"type":"single","resource":"35ce8d24-49ed-4d19-9fb7-b37db0c40dfa"},{"type":"single","resource":"7f3489ae-919a-4371-bb28-2a9ab35989af"},{"type":"single","resource":"d672d499-0b2a-4134-a620-2147d2068606"},{"type":"single","resource":"0109607f-20ac-43e1-95c9-11cde05b4720"},{"type":"single","resource":"35ca8e28-25cd-423d-8f12-47eae642ae5d"},{"type":"single","resource":"71f5c8fb-0401-45a3-ad81-aa0df5dafb6e"},{"type":"single","resource":"3e25a168-0e6b-4eb2-8067-4f65d9bcb424"},{"type":"single","resource":"761e7e31-9117-45fa-8d27-a84054861623"},{"type":"single","resource":"a6fcfb1e-eb18-4201-a26b-a8fdd4c641d8"},{"type":"single","resource":"177caf40-75eb-4d0b-8eac-ece08aa30a05"},{"type":"single","resource":"672e89c9-4e08-4d9c-9476-396b541677a9"},{"type":"single","resource":"d4372b75-34fc-4299-9e8e-bbe2d3889c5d"},{"type":"single","resource":"de822c29-8165-42b5-a696-a6106f371eac"},{"type":"single","resource":"a3bac7f5-8aa4-4c83-a1ad-88a020c30ae6"},{"type":"single","resource":"elitecreatures:55d15137-4d7d-44ff-b3cf-c8d325552701"},{"type":"single","resource":"elitecreatures:9864f805-be91-4d03-a7ec-b9fa92da8344"},{"type":"single","resource":"elitecreatures:dc647625-ed1b-4192-96f4-e837c608b794"},{"type":"single","resource":"elitecreatures:3b5f8e36-9db3-4311-839c-43496619e8bc"},{"type":"single","resource":"elitecreatures:0b698d5b-936e-482c-b341-fe5ca07b13c4"},{"type":"single","resource":"elitecreatures:newyear_2024_animated/armor/newyear2024_armor_2"},{"type":"single","resource":"elitecreatures:newyear_2024_animated/armor/newyear2024_armor_1"},{"type":"single","resource":"elitecreatures:e3105b2a-ef0e-4dca-8aee-39b559240d7f"},{"type":"single","resource":"elitecreatures:cd26b93c-a774-44e4-baae-5d14f6403c53"},{"type":"single","resource":"elitecreatures:1af28264-a2ad-4810-a411-948cd87bd4da"},{"type":"single","resource":"elitecreatures:8da3aa40-5323-4a5b-94c1-a7c7bf42cd96"},{"type":"single","resource":"customfishing:7835964a-0e7d-45ea-a574-96eacdc17f0b"},{"type":"single","resource":"customfishing:9d52e7a7-a910-4598-b55e-09e08ac8d34d"},{"type":"single","resource":"customfishing:5b14afca-a891-473f-bde4-3b2dc14e4b47"},{"type":"single","resource":"customfishing:2220e66a-6e34-4c0b-881c-3693ffc073b8"},{"type":"single","resource":"customfishing:5a52d6c0-8227-4e70-8b24-88354776dc18"},{"type":"single","resource":"customfishing:2aadd5d5-0bd1-413b-b438-61e40404f98f"},{"type":"single","resource":"customfishing:28c59499-7cc9-4872-9bbb-82598fe3f71a"},{"type":"single","resource":"customfishing:6bd8dd8d-996a-4ca4-826e-3134631ddda2"},{"type":"single","resource":"customfishing:7c172284-c986-4087-8e25-dbd859bada5f"},{"type":"single","resource":"customfishing:1978edaa-d59e-4365-a0c0-0d2952e223b7"},{"type":"single","resource":"customfishing:9acbd62b-676d-4ae4-8c37-8aac17df3370"},{"type":"single","resource":"customfishing:110291bf-f737-489f-921a-fc405c9facc7"},{"type":"single","resource":"customfishing:0e708819-29e2-43d5-add9-70b2312a5a28"},{"type":"single","resource":"customfishing:57c0231e-c724-4693-a6c1-a94ce1814353"},{"type":"single","resource":"customfishing:4fca389a-6510-4637-b332-3be59e257802"},{"type":"single","resource":"customfishing:3c70f7ce-02fb-4b08-8485-fe4eae62cad3"},{"type":"single","resource":"customfishing:82209bc0-3ba9-4ed1-803f-505ac4e39bbe"},{"type":"single","resource":"customfishing:23d17b2e-dd0d-4d56-9838-3d57a0c1a042"},{"type":"single","resource":"customfishing:4e16cf34-4e30-4e85-a0e8-af29a954e8c9"},{"type":"single","resource":"customfishing:9b46012c-4096-496e-9b55-51e68e66a905"},{"type":"single","resource":"customfishing:07409606-b95c-456d-831e-046bca714d0b"},{"type":"single","resource":"customfishing:c0776caa-8d0f-471a-9a77-b27822b08468"},{"type":"single","resource":"customfishing:fe5afb38-170a-4091-be64-070617580f3c"},{"type":"single","resource":"customfishing:52975e16-987c-4c7d-b692-cf77ffc3bc4a"},{"type":"single","resource":"customfishing:099943ba-af11-4116-8646-f236d23a2be5"},{"type":"single","resource":"customfishing:107cf8bd-5e2d-4159-be10-f27fc874e830"},{"type":"single","resource":"customfishing:9b6db44e-ccaf-4b9e-ac7f-5ef13aaaf368"},{"type":"single","resource":"customfishing:530a21e3-114a-4fb5-ba9f-e4777735adbf"},{"type":"single","resource":"customfishing:67b3093e-4ca1-4a89-b70f-ab524b6328a2"},{"type":"single","resource":"customfishing:e91057a2-0f51-43e7-8bf1-14acc963f934"},{"type":"single","resource":"customfishing:48f95ea6-8ff9-4c4e-9b1f-2bc719052f26"},{"type":"single","resource":"customfishing:c024176d-d469-4914-b51b-7b40f2c2b9bb"},{"type":"single","resource":"customfishing:5e5509bf-bd1f-402a-86ee-cfb6b523dea3"},{"type":"single","resource":"customfishing:c1cec9a7-21ec-4d99-8e6a-9ad02b78ca86"},{"type":"single","resource":"customfishing:6775f230-4c24-4c87-877b-597c610ded89"},{"type":"single","resource":"customfishing:bd7fdedd-5633-4b3d-aaf0-a3b2fa1aa350"},{"type":"single","resource":"customfishing:84da8037-8535-4d46-924e-960cb7e3bb7a"},{"type":"single","resource":"customfishing:dfed762f-fdee-4e8c-9575-e5bc4813000f"},{"type":"single","resource":"customfishing:8dc03f0d-4ec2-4652-82c0-58c394f3bd69"},{"type":"single","resource":"customfishing:3c94d29b-75f3-4e70-a261-f92dad6a3ff8"},{"type":"single","resource":"customfishing:8ce53d66-41b0-451b-819b-d451ee84801e"},{"type":"single","resource":"customfishing:008fd58d-4b2d-4f2f-8a43-7eb01887347d"},{"type":"single","resource":"customfishing:949d48bd-77e6-420c-bcf2-0ff27cfa6a8f"},{"type":"single","resource":"customfishing:d4b1fd33-b81c-484f-8610-8ead61c0b356"},{"type":"single","resource":"customfishing:9ebc4c68-ce15-4fc7-81bf-54ea3e996d00"},{"type":"single","resource":"customfishing:6eea4076-4f82-4af1-b7cc-3ceceff2c2e8"},{"type":"single","resource":"customfishing:cbc95fe6-6107-46c3-9790-dfd40c2f3d07"},{"type":"single","resource":"customfishing:91d32ad2-7322-4cb0-836d-04b275de0303"},{"type":"single","resource":"customfishing:9367c8c1-b230-4fc0-85ad-a32403d47b76"},{"type":"single","resource":"customfishing:35d6853d-a4ee-4bf6-b311-435a10e54700"},{"type":"single","resource":"customfishing:42cc465b-b0bb-4dda-ac6c-098be926d685"},{"type":"single","resource":"customfishing:75e950e1-ad1c-4763-8075-943f477688ed"},{"type":"single","resource":"customfishing:53eb327b-df0a-4ab0-868d-07c28fba0eaa"},{"type":"single","resource":"customfishing:9495c0b3-8df4-4272-94d4-d3e957fed89c"},{"type":"single","resource":"customfishing:979507d3-4358-45eb-b8ea-dfc400dcb6da"},{"type":"single","resource":"customfishing:671eca54-d02a-4f99-a3d5-1fc560a9b6e1"},{"type":"single","resource":"customfishing:item/fish/golden_fish_silver_star"},{"type":"single","resource":"customfishing:item/fish/golden_fish_golden_star"},{"type":"single","resource":"customfishing:item/fish/golden_fish"},{"type":"single","resource":"customfishing:d0bdd9a5-6e04-4ada-8dd0-8d03f2f5e862"},{"type":"single","resource":"customfishing:30805ccf-5ded-41e6-b1bb-7c07a8d6453f"},{"type":"single","resource":"customfishing:2751459a-1a78-4f21-808b-5026e5fc88d2"},{"type":"single","resource":"customfishing:23950aea-21c9-40e8-b83e-a47a61568e08"},{"type":"single","resource":"customfishing:de48226e-787d-456e-aaaa-cbb564c650fb"},{"type":"single","resource":"customfishing:eb07245a-d944-4dfc-a125-b89810467423"},{"type":"single","resource":"customfishing:d118d9f8-ff59-4ce9-8d31-e87af98aada0"},{"type":"single","resource":"customfishing:7500cf24-aa53-4977-a024-15c829446842"},{"type":"single","resource":"customfishing:7d5220e8-f22d-4709-8fd5-c18b2cd5d3b6"},{"type":"single","resource":"customfishing:2e09a772-b848-4b2e-8a85-f710d3c10f90"},{"type":"single","resource":"customfishing:a266b20e-5205-4c56-aca4-84d15e1ca123"},{"type":"single","resource":"customfishing:65091249-9d05-4efd-8e14-6eb4b70839e0"},{"type":"single","resource":"customfishing:a8b5c5a9-31a6-4525-8e00-d998766cfcc6"},{"type":"single","resource":"customfishing:dd28bb3a-8aaa-4010-ae19-12c1df058fb1"},{"type":"single","resource":"customfishing:c95e84d4-b8c1-4f96-b4a6-d529f202a2ee"},{"type":"single","resource":"bowsbundle:abyssal_bow_texture_0"},{"type":"single","resource":"hmccosmetics:6d9838fc-22ce-46d9-9439-157a3dcf0af1"},{"type":"single","resource":"hmccosmetics:e095c76f-554f-485d-a2b7-7e23bc75e6ef"},{"type":"single","resource":"a3bac7f5-8aa4-4c83-a1ad-88a020c30ae6"},{"type":"single","resource":"de822c29-8165-42b5-a696-a6106f371eac"},{"type":"single","resource":"d4372b75-34fc-4299-9e8e-bbe2d3889c5d"},{"type":"single","resource":"672e89c9-4e08-4d9c-9476-396b541677a9"},{"type":"single","resource":"177caf40-75eb-4d0b-8eac-ece08aa30a05"},{"type":"single","resource":"a6fcfb1e-eb18-4201-a26b-a8fdd4c641d8"},{"type":"single","resource":"761e7e31-9117-45fa-8d27-a84054861623"},{"type":"single","resource":"3e25a168-0e6b-4eb2-8067-4f65d9bcb424"},{"type":"single","resource":"71f5c8fb-0401-45a3-ad81-aa0df5dafb6e"},{"type":"single","resource":"35ca8e28-25cd-423d-8f12-47eae642ae5d"},{"type":"single","resource":"0109607f-20ac-43e1-95c9-11cde05b4720"},{"type":"single","resource":"d672d499-0b2a-4134-a620-2147d2068606"},{"type":"single","resource":"7f3489ae-919a-4371-bb28-2a9ab35989af"},{"type":"single","resource":"35ce8d24-49ed-4d19-9fb7-b37db0c40dfa"},{"type":"single","resource":"1b560698-f930-4a4d-89eb-820714b5c8a1"},{"type":"single","resource":"672e0fe7-20e4-45e7-946f-c5164b1f1c1a"},{"type":"single","resource":"1fad37fb-713d-4697-b411-903aad152ff4"},{"type":"single","resource":"00d17371-6c26-44aa-a795-c4799b044ab5"},{"type":"single","resource":"6f5d7154-559d-4270-b95a-a7fd4a7a21b6"},{"type":"single","resource":"d6e74825-99b5-4a9e-b2f1-551aa25b28e4"},{"type":"single","resource":"a5e5ddb9-3786-432d-903e-3a2ce90e051e"},{"type":"single","resource":"555a4969-7cb5-4093-a83f-f420533aecee"},{"type":"single","resource":"51d0a7cd-baca-4146-b46d-605b3f57f926"},{"type":"single","resource":"e585557e-79f2-48c3-8f41-de0e89586564"},{"type":"single","resource":"d3410d21-ec1e-43c0-bc37-1b08429b1800"},{"type":"single","resource":"115cef32-713b-46df-bc2f-0b1a525f4b74"},{"type":"single","resource":"d4c0007e-5009-47a4-a056-defc0b9f9c41"},{"type":"single","resource":"948283ec-5bb6-4e95-89d8-c62f994ae237"},{"type":"single","resource":"b0d94339-2c35-4de2-844a-aba2f0db9533"},{"type":"single","resource":"d46bf44a-6638-4310-b6e0-3d9b17a010e9"},{"type":"single","resource":"f9124ba2-0af3-4981-8a7b-6a4fd499b1be"},{"type":"single","resource":"8e6e2894-7f15-4623-ace5-c2d1ba0acd01"},{"type":"single","resource":"94a66ff3-6b36-40e6-bff8-416ec0a2fb92"},{"type":"single","resource":"00465456-03ef-4bec-85da-01f7503ebffe"},{"type":"single","resource":"84ef1c42-8faf-4833-8163-af00f4e16679"},{"type":"single","resource":"10b778a7-949e-467b-8c5a-c65964860cdd"},{"type":"single","resource":"c496f01d-9b02-47fe-917b-bc992d58eded"},{"type":"single","resource":"d85d9144-56a8-4ee5-b143-aaf6988e080c"},{"type":"single","resource":"29533d80-82f9-4198-a1c6-394979b21c76"},{"type":"single","resource":"93cde59f-1533-424f-840f-0f579559f472"},{"type":"single","resource":"98f8c38d-e122-427e-aad8-8a74654f73d9"},{"type":"single","resource":"1b21e129-e1fe-47e4-a4ea-a2b15a193585"},{"type":"single","resource":"72e7c9be-263d-4e52-95f7-2894cace30b0"},{"type":"single","resource":"76e20b1d-a18a-4b6b-8e09-c055af165bf7"},{"type":"single","resource":"f6b1755c-67f1-45c3-ac4f-5426987ec945"},{"type":"single","resource":"bb26fc7b-304e-4d68-80ff-58b8b76cfabe"},{"type":"single","resource":"hmccosmetics:94fd2256-b29d-404e-a34c-b4e39abdb3d8"},{"type":"single","resource":"hmccosmetics:6c87b20a-2b0d-4a5c-a8f9-86742f2973f1"},{"type":"single","resource":"hmccosmetics:f38c2167-100b-4e7c-9db0-7bc5e6d8e80e"},{"type":"single","resource":"hmccosmetics:36f99d36-33ab-4548-84db-88fad500b1c5"},{"type":"single","resource":"hmccosmetics:8d38d5fe-b9f9-41aa-94ee-2f23a1195191"},{"type":"single","resource":"block/dark_oak_planks"},{"type":"single","resource":"block/farmland"},{"type":"single","resource":"block/farmland_moist"},{"type":"single","resource":"block/kelp"},{"type":"single","resource":"block/oak_log"},{"type":"single","resource":"block/soul_sand"},{"type":"single","resource":"block/spruce_log"},{"type":"single","resource":"bc477bd4-1c29-4a71-bcf2-5e74c813f463"},{"type":"single","resource":"45f2f864-cc30-4658-8aeb-0e324c8fc972"},{"type":"single","resource":"e761ce3b-43ac-44af-80a3-6186aeaa26a5"},{"type":"single","resource":"366f20e5-6d4f-4844-ae50-33fa9afde47c"},{"type":"single","resource":"6c9e5aae-a3ee-4491-a94c-df519b82e925"},{"type":"single","resource":"5ae190a3-2ff1-4d5f-ae9a-4c0c4910f352"},{"type":"single","resource":"34102281-e3d4-4d64-964d-4da8fedce31e"},{"type":"single","resource":"f35e90c6-35b2-4fa2-bdab-b3775afd9410"},{"type":"single","resource":"18a212ad-baa9-4fb5-a262-f958e5286381"},{"type":"single","resource":"5bb6f45d-ebc0-4dc0-a06e-b1492d8bfd5c"},{"type":"single","resource":"d85b4d4a-89ad-471f-82d8-a610e8811fd3"},{"type":"single","resource":"aa906980-0c16-46d1-a2be-5ce73bdc2059"},{"type":"single","resource":"abcfd3b0-f175-41ec-9443-fb0851f91cd3"},{"type":"single","resource":"9d31590e-70d2-49b8-a8c6-73e4583cc606"},{"type":"single","resource":"c4128cc5-5115-416c-bb91-62c083e7d35a"},{"type":"single","resource":"35f480a5-b23b-44fb-a748-b170854a53e1"},{"type":"single","resource":"1eef694d-74d2-45e5-87de-e548dd439541"},{"type":"single","resource":"db01f6ca-02dd-4efb-9ec9-2a705aaf3def"},{"type":"single","resource":"8bb3614b-d28a-46ef-8b21-e9b43b1120f6"},{"type":"single","resource":"c756a3ac-26ac-498f-8c51-a7426ec821a3"},{"type":"single","resource":"6bed2176-bc69-4063-9962-f2fa1e526a43"},{"type":"single","resource":"764db263-ed5c-42db-8442-bdcd543a3763"},{"type":"single","resource":"59af1423-4ea4-49b5-a226-387b78f89e94"},{"type":"single","resource":"d4e9582c-251b-461d-aebe-291db6b0c583"},{"type":"single","resource":"49feb83e-f20f-414a-846b-06f1475ab76c"},{"type":"single","resource":"76cdc869-447d-4421-a07a-6ba0e1b865bb"},{"type":"single","resource":"b03baeac-702e-4547-8dff-985d8199fd1c"},{"type":"single","resource":"d437cec3-730a-473c-ab86-fcfcfa04511e"},{"type":"single","resource":"1318e473-54af-4ea1-885b-8f6f40f7cf37"},{"type":"single","resource":"d98931a6-a18e-4046-ad67-bf2c6ade3d81"},{"type":"single","resource":"16865df1-8887-424b-aa50-0542891455db"},{"type":"single","resource":"f5b0128f-bc19-4760-ad01-6278cd842db7"},{"type":"single","resource":"51336e8a-bf67-47ba-bc86-6babbaa693e5"},{"type":"single","resource":"7173ff6a-e925-4945-b2fb-bb6555f1934e"},{"type":"single","resource":"2faf596a-121c-406c-b5cd-ca5012af8349"},{"type":"single","resource":"98efe3cd-c2f4-453e-bc51-1ec9fbee95a9"},{"type":"single","resource":"31ad3e02-2105-4199-af6d-f3c7b44d78eb"},{"type":"single","resource":"d60e5059-9fa0-4646-975f-e3b1b80c097e"},{"type":"single","resource":"feb29d6a-84eb-4fe9-89a0-71da16f4dca4"},{"type":"single","resource":"46059ea4-0481-4bb7-9dfb-85195d792d20"},{"type":"single","resource":"0cfce93d-7aa7-4544-935a-85f40706736e"},{"type":"single","resource":"4a35d378-e22b-43e3-b56c-8ff6707f6be1"},{"type":"single","resource":"75267ac5-71c5-43f2-bdb8-c1bacecc07c3"},{"type":"single","resource":"e36db9e2-cafc-450c-a8bf-eca29985ef72"},{"type":"single","resource":"decad763-103f-4a7e-9eee-6a5130acb04e"},{"type":"single","resource":"10cc71b3-236e-4917-aa3e-0144f15cb409"},{"type":"single","resource":"db69111a-20c6-4234-92ee-eaa7467dc542"},{"type":"single","resource":"c545ddaa-5192-47a2-b7e8-29a33a9998cf"},{"type":"single","resource":"1fd5664c-7c06-4189-b1fb-ff89d5af0ebd"},{"type":"single","resource":"8879dd27-29c5-4a5d-be81-d422a57cb7a9"},{"type":"single","resource":"e98403d0-cc97-4d9f-afab-50fb9bc836c1"},{"type":"single","resource":"4b4884b3-787c-4fca-9918-bbb01d021338"},{"type":"single","resource":"aff0581b-8e9f-424a-97ef-aa86e55731a9"},{"type":"single","resource":"489d86ad-2cd9-44e8-81e7-e8492cd75ece"},{"type":"single","resource":"ae36bf8b-46f2-4fbd-bc23-417dab331fb4"},{"type":"single","resource":"76eacc85-1dd6-480b-a2ee-641d3a0e85d4"},{"type":"single","resource":"a8809c28-0d3c-4702-95d7-5cd47c430301"},{"type":"single","resource":"5e5c3876-baec-41fd-bf27-2dba344faff8"},{"type":"single","resource":"c92061de-10c2-467d-9e99-e5bfa1fcab87"},{"type":"single","resource":"7ee8edca-ed4f-4f01-8898-d738c7c05b3c"},{"type":"single","resource":"a5ef087f-1300-4ead-b5d1-00ee51507652"},{"type":"single","resource":"a6303f79-bcad-4609-8539-1ad619782c2a"},{"type":"single","resource":"0f8b804a-d381-4a1b-b60c-e4d47766232f"},{"type":"single","resource":"a69815fc-609b-48b4-b8f3-ec9d77ec8487"},{"type":"single","resource":"345e869d-e025-423b-9280-3cc8f7382eca"},{"type":"single","resource":"50b332a9-6368-4d30-9e4a-2dcba55d572a"},{"type":"single","resource":"1c2f1829-a31a-49e6-90f2-8ddf4ccc654c"},{"type":"single","resource":"18c218e3-07eb-4515-8531-4c0e35c529b5"},{"type":"single","resource":"cd35e548-9922-4345-be38-512db6694b8b"},{"type":"single","resource":"51d620c3-2e46-46be-b5fa-e7abafc5d9de"},{"type":"single","resource":"6886965f-ef1a-43a8-a32c-2a97b79e9f14"},{"type":"single","resource":"bowsbundle/wind_bow_1"},{"type":"single","resource":"bowsbundle/wind_bow_2"},{"type":"single","resource":"8bc44c02-95d7-4294-b8e0-eb551b1c4432"},{"type":"single","resource":"hmccosmetics:25d7a035-399b-4315-92e6-b096618fb0e1"},{"type":"single","resource":"90ef1199-c75e-4a7c-a5d2-1f1f95692cc5"},{"type":"single","resource":"6602f389-9b2e-4682-8a41-1552779f1cee"},{"type":"single","resource":"e39f2a58-fe4b-4c9b-8e37-b6f838a6677a"},{"type":"single","resource":"fb79eaad-c433-4df4-b3a7-e4bcdfa2729e"},{"type":"single","resource":"7855cf94-dd2d-445a-b15a-9d72a77986b2"},{"type":"single","resource":"64c863c4-e810-4560-84d0-da618714428f"},{"type":"single","resource":"52b600f2-453c-480b-9087-72f486c2653d"},{"type":"single","resource":"94b677b6-b81d-484b-be67-ecfe4416e713"},{"type":"single","resource":"b476290b-7474-4a50-9c6a-b7a50a24b9b1"},{"type":"single","resource":"e777bcfc-c432-4e5a-a69d-7e07df1d8a07"},{"type":"single","resource":"8e6f44b4-5d3f-49b8-84d9-692ba7eb9569"},{"type":"single","resource":"97cb18a2-722b-49e9-a43d-7d4f4e4746c2"},{"type":"single","resource":"7ed5bd5c-ddb9-430b-8e1f-fee8880a9aff"},{"type":"single","resource":"c0d5939f-8446-4fb3-ab4b-3ea6977aff65"},{"type":"single","resource":"62ee4f92-7b27-46db-a0e3-3b62799114c5"},{"type":"single","resource":"607bc72a-7e2c-43b1-8da8-82df22059f99"},{"type":"single","resource":"34626c59-6ba1-4912-b3f1-011c1e2bcfa0"},{"type":"single","resource":"ccfafdcd-223c-4145-8708-b942f8d9ac01"},{"type":"single","resource":"18ebd1f7-1a48-4f29-9d8a-e385b59e797c"},{"type":"single","resource":"416828eb-b5f8-4986-8561-c521088d7498"},{"type":"single","resource":"7b37ea79-6b5a-4b91-8e62-7c0e46b7ff77"},{"type":"single","resource":"b8f37310-e6a8-4d45-a22b-fafb0c624df6"},{"type":"single","resource":"b530e107-f251-41ee-a79d-873c9e537ade"},{"type":"single","resource":"85ad4d64-a4ed-4f2f-97f8-bcb344ec8310"},{"type":"single","resource":"94118381-0cd7-46bd-bb49-52dcc2089ebe"},{"type":"single","resource":"be204e9c-7eee-481e-a2df-5c919995318d"},{"type":"single","resource":"ff40b9de-3520-4c87-9ab8-a16c81b9abfb"},{"type":"single","resource":"982b8771-90c8-4436-8324-d88b52982cfa"},{"type":"single","resource":"cutiecatpack:cutiecatpack/catpickaxe"},{"type":"single","resource":"2239232e-0a90-4d19-bed8-15de19ce3f8a"},{"type":"single","resource":"cutiecatpack:cutiecatpack/catshovel"},{"type":"single","resource":"88d7f41e-e4f6-4519-9dfd-26faa2a35717"},{"type":"single","resource":"cutiecatpack:cutiecatpack/catstaff"},{"type":"single","resource":"c42b2347-d167-437e-90e7-0b2de3e53fa3"},{"type":"single","resource":"cutiecatpack:cutiecatpack/catsword"},{"type":"single","resource":"8f45fc2c-4e0e-4fce-a261-bbacaddb4c5b"},{"type":"single","resource":"e7f457da-d2f9-45f2-b618-dd1b1540fc00"},{"type":"single","resource":"cbe93c85-f71a-496f-b18f-9ad2e882c7ee"},{"type":"single","resource":"1dba8f6a-d826-458a-9b72-fabd906c6d7c"},{"type":"single","resource":"8747899f-591f-461d-acfe-548a5e62597e"},{"type":"single","resource":"560bffe9-d15b-40ea-a5e8-d2b96b17c978"},{"type":"single","resource":"e16ec3c8-9e2a-485c-a661-0493ed64347d"},{"type":"single","resource":"6276c357-e4e7-4138-89eb-1ad69e6a7b17"},{"type":"single","resource":"9bd49fbe-1a3e-4b07-a4b0-2572a077c00b"},{"type":"single","resource":"9038410b-4183-4c5c-9044-aecceadbd432"},{"type":"single","resource":"fad8e2a3-6fa5-4d32-b524-f4425564e70a"},{"type":"single","resource":"f9c7b8b7-0ff7-4062-aac0-a0e0ab61b4a6"},{"type":"single","resource":"8fb72ad8-5a81-4b5b-824a-b97e125b765f"},{"type":"single","resource":"d57cfb7d-1d21-4da2-a201-f4cf75cc886f"},{"type":"single","resource":"9f0ea99d-b313-4179-848c-bf3ba0961496"},{"type":"single","resource":"f62a8489-449b-40b8-8307-7bd2610beadc"},{"type":"single","resource":"a2730549-24b9-4255-8a65-ae9836c53706"},{"type":"single","resource":"ecdd96cc-1801-4723-83a5-2e942884c3f6"},{"type":"single","resource":"d27e9e94-2fc7-4f72-8558-6c223da0eb8e"},{"type":"single","resource":"390bb6c8-acde-4e86-8f31-144fdb574972"},{"type":"single","resource":"49bbddcf-1de1-467a-91df-7c626b46fcdb"},{"type":"single","resource":"d4727763-e501-41a1-9839-d8a458405a36"},{"type":"single","resource":"08dd0540-f2f1-40e6-b432-cf87343cb171"},{"type":"single","resource":"7b173e42-814c-4c28-9e8c-3c72bd3bced1"},{"type":"single","resource":"bbd1f3e0-5eed-440b-b175-829ebea3413b"},{"type":"single","resource":"7b5543e1-40c5-4390-82e7-3592435d9f4e"},{"type":"single","resource":"5b568645-677a-451e-941b-000757acc795"},{"type":"single","resource":"d0bc64d2-cedb-446e-80b3-82508a7e5b73"},{"type":"single","resource":"7337765b-46ce-4cfb-af43-707a7cc71219"},{"type":"single","resource":"3c4c641c-9573-4a2d-bf9c-195326b33d9a"},{"type":"single","resource":"ad6d0bff-63ac-4d4e-9f35-5001aa16d88b"},{"type":"single","resource":"6741e7c2-0f1b-4e1b-8cef-751f3e31726b"},{"type":"single","resource":"3efbbb67-6db3-4332-93ca-4a7e88f581ae"},{"type":"single","resource":"d232899d-9845-42ce-a0f3-411923e340bb"},{"type":"single","resource":"119b2571-a1bb-4c88-9bc3-8effb272de15"},{"type":"single","resource":"296cb456-8914-4eb2-a908-c38ddffeae41"},{"type":"single","resource":"cd59e000-6865-4e69-93a5-3e50f9d7eb6e"},{"type":"single","resource":"cf51fcad-c70c-4dab-afbf-cbeb3241bf3c"},{"type":"single","resource":"f866984c-5ff7-45eb-9435-9fc4b166a55e"},{"type":"single","resource":"d3e277f5-c6d7-4a0c-81cf-8ea0f926d353"},{"type":"single","resource":"d7093574-060b-4bcc-8de4-57e241901ea0"},{"type":"single","resource":"66e79dfa-43be-4f20-953b-f86e99d280e5"},{"type":"single","resource":"94affca2-caae-48bb-a5e7-e09721944e31"},{"type":"single","resource":"7f1db5c6-10f7-4d75-bdd9-1b62c511ce30"},{"type":"single","resource":"f23bd099-4934-46b9-a5eb-0a00f57759b7"},{"type":"single","resource":"6f401d41-3cb3-4573-8857-0cf1f1ccf755"},{"type":"single","resource":"c812b5fd-37c8-40d6-8a13-b25693adfe3a"},{"type":"single","resource":"2bd27c31-415d-49d4-a7a3-7cbf786b63ce"},{"type":"single","resource":"62b2149b-7423-413d-9056-c23aa9bcd7b6"},{"type":"single","resource":"6cfd8c67-f045-4038-8b78-a9f56863c56a"},{"type":"single","resource":"4ec06a11-2507-454d-ad1d-80ae7bdfd0c9"},{"type":"single","resource":"2ac98340-96e6-4e1e-8ca6-7c974a8f4ce9"},{"type":"single","resource":"be63f9dc-4bfd-4aba-9213-97de13e17245"},{"type":"single","resource":"4d50f44f-b591-4017-aa1b-2b9ed025b5f9"},{"type":"single","resource":"714e6615-bd1a-4fee-ade9-5384a4de01aa"},{"type":"single","resource":"63e7be5e-c755-4ea0-9c4f-45d85617d249"},{"type":"single","resource":"a7a59ab1-35b0-4ffd-bfb9-353420544481"},{"type":"single","resource":"f2690906-6aa3-42c8-83e8-874f6931d9ef"},{"type":"single","resource":"ba4945bf-89e8-4f85-acb0-cbe8efb3016f"},{"type":"single","resource":"1de9fbed-b4e6-4d46-8449-fb1bf391451d"},{"type":"single","resource":"33e18cee-0101-4006-8d72-589cecb5aadd"},{"type":"single","resource":"1c326dca-1512-46a1-b332-359efef69eee"},{"type":"single","resource":"c395ed74-ba6b-4e14-80eb-c7259a7cd937"},{"type":"single","resource":"f42e65ef-bee5-4561-a14a-3523c95b0883"},{"type":"single","resource":"35aad68e-f50e-4191-9d73-e5e31cd5e162"},{"type":"single","resource":"92cef571-de9f-4127-85fb-c32a733790b7"},{"type":"single","resource":"994394b0-384b-49b0-8d7d-9f1d2ec8d6ff"},{"type":"single","resource":"f927e05a-4034-4e79-995d-b781afaa7a21"},{"type":"single","resource":"c27b703c-eeb9-49ab-8a61-3586612e52a4"},{"type":"single","resource":"7498a900-b90a-49ae-8dd5-96dba7eb0d04"},{"type":"single","resource":"66ca1a4d-8459-4ec1-9fb5-b96451cd48e5"},{"type":"single","resource":"b633ba3c-1033-4fba-8b21-f0ec52616c44"},{"type":"single","resource":"429c79bd-abd7-4074-99f3-66e1111d7aa8"},{"type":"single","resource":"7153bda0-78ce-4088-8898-f6c98f78b94f"},{"type":"single","resource":"2831a082-3890-4c12-b317-1cf827005e60"},{"type":"single","resource":"6b95241f-c1ed-45b0-a5a4-5104825f88c6"},{"type":"single","resource":"de71d074-e1c3-48a6-bc9c-77dc9b04343b"},{"type":"single","resource":"dd7d5bd4-a1bf-4ea0-a777-121c26d7d5dc"},{"type":"single","resource":"d9c5993f-12ec-436a-bffa-8d4ac008d1dc"},{"type":"single","resource":"591b2332-ddf8-4649-af2a-671da4c73f1e"},{"type":"single","resource":"d24c2ab5-8759-4cf3-b2ef-879ced844414"},{"type":"single","resource":"1015b2d6-bd2c-42bb-b03b-d8829284d219"},{"type":"single","resource":"b6e716d1-bd06-442e-aedd-0a92779f13b3"},{"type":"single","resource":"7aad546e-c4b1-4571-9f09-c17d07108f45"},{"type":"single","resource":"8cb62031-8414-42da-9fea-96cb7434fbb1"},{"type":"single","resource":"1c8e5e3e-0157-473d-a014-653ba7ac30b9"},{"type":"single","resource":"0da51931-77a2-4b22-a63d-3dc40012ed02"},{"type":"single","resource":"f706f5a3-22c4-4e21-b957-3812d243dd1d"},{"type":"single","resource":"3790a680-d5de-41f0-ac1d-c3fa88c95e47"},{"type":"single","resource":"6d0484ed-0906-4ef4-8dde-b0d2410f4f18"},{"type":"single","resource":"f5f222b9-2619-4832-9c16-8d8ace87356b"},{"type":"single","resource":"018b414c-8d1e-4969-8869-472ccebc2315"},{"type":"single","resource":"8f24448f-50c3-41b5-a45b-493cc9478aed"},{"type":"single","resource":"bc31d1f7-c0e7-4b38-963d-752502f8b155"},{"type":"single","resource":"b247aefc-e0e6-4e5d-85cf-5c071711a9b1"},{"type":"single","resource":"e8041351-c1f1-4f99-89fd-f49b83c10d69"},{"type":"single","resource":"cd47076f-01a7-410b-a44e-b4891b136b7b"},{"type":"single","resource":"hmccosmetics:387b94a5-1d7e-4aaa-8f8d-caed4861f3f6"},{"type":"single","resource":"af0ae314-f5f6-4ff0-a55e-42ab798f18b7"},{"type":"single","resource":"4f6f00ba-6353-4ff0-ae07-94b6a884701b"},{"type":"single","resource":"f04784eb-a2be-4649-b71e-735d0aa2eefe"},{"type":"single","resource":"328a786b-85c0-4f22-a754-8663404fed8b"},{"type":"single","resource":"7ffc4847-e327-4ba4-92e3-9d5fa972265a"},{"type":"single","resource":"e6c2522b-23c1-4207-ae3e-2d6433fc1cbc"},{"type":"single","resource":"62d6e342-fb51-44e3-88bc-a6e045068b5b"},{"type":"single","resource":"5b253d62-0a75-4a2c-a984-8bb2f91edc6d"},{"type":"single","resource":"6f4a0be7-5349-484d-b176-888d2fc46976"},{"type":"single","resource":"f08e5cac-3dd7-4638-ab33-bb5739a96f58"},{"type":"single","resource":"df2c3f7a-aff4-49b8-ab35-a4d60ba074c2"},{"type":"single","resource":"3b913c06-8b04-4e63-8b16-240be4831732"},{"type":"single","resource":"0d5fa639-31f8-4b32-be07-cd5a90d8d146"},{"type":"single","resource":"eaea213b-1a55-441c-b81d-b16a061fb7a7"},{"type":"single","resource":"a9d19cad-a2f2-4f88-9658-e6f8fbb24e08"},{"type":"single","resource":"f00b0350-e808-48aa-b1e4-70f53de0408a"},{"type":"single","resource":"a76ce582-3cb3-4556-92ed-d794d6901b4f"},{"type":"single","resource":"9f8f9927-c01b-4149-a70d-a4c7133f98d9"},{"type":"single","resource":"ed040150-07b6-4f67-98b2-1a98b9923bde"},{"type":"single","resource":"82fc9d29-1171-48bc-bed1-76eb6aee93e8"},{"type":"single","resource":"7e6aecbb-cd45-48ef-931a-5ea8acadc183"},{"type":"single","resource":"d195ccff-8a7a-4ef6-9422-7a7520ce6c8c"},{"type":"single","resource":"03403e57-0315-49d2-89b1-4a3f707cabb8"},{"type":"single","resource":"462ee6fd-75bb-490f-89f4-081c870d979e"},{"type":"single","resource":"a09e65b6-393d-4a24-978a-03606782d3eb"},{"type":"single","resource":"d560298d-b296-4449-8176-87202b3a7992"},{"type":"single","resource":"e6ad8908-9dad-49c3-8ab7-f8154829fcad"},{"type":"single","resource":"enderdragon_set_armor/enderdragon_boots"},{"type":"single","resource":"enderdragon_set_armor/enderdragon_chestplate"},{"type":"single","resource":"enderdragon_set_armor/enderdragon_helmet"},{"type":"single","resource":"enderdragon_set_armor/enderdragon_leggings"},{"type":"single","resource":"hmccosmetics:4ce77819-a199-4f5b-860b-1f9fe1df04ea"},{"type":"single","resource":"hmccosmetics:08f397c8-d2ed-4ab5-a189-e537bf68f9ac"},{"type":"single","resource":"hmccosmetics:bb889064-28c6-417d-82d9-554230973fd6"},{"type":"single","resource":"hmccosmetics:8002e1c7-8119-4d3b-9e98-29dbc3a83cf4"},{"type":"single","resource":"a009057b-8f10-4f37-b39b-4af7fdfef3f6"},{"type":"single","resource":"20a80e50-10c9-4b13-a2ca-5056d77ce30d"},{"type":"single","resource":"cec57cf3-fefb-4658-8645-dea0f052f3ce"},{"type":"single","resource":"aabf99e3-dc29-41b3-9362-229348fe27f5"},{"type":"single","resource":"42616724-a419-4bcd-a755-4b11338fbb9a"},{"type":"single","resource":"5342c1b9-691d-4dc3-a8d4-cc3d113bf084"},{"type":"single","resource":"7eca7f24-f093-45be-bf1e-5a4ec4e83361"},{"type":"single","resource":"605b262f-f214-4c33-b48b-13857363e92e"},{"type":"single","resource":"418e1eae-1198-4b7c-a6c2-1c8b3312b5ee"},{"type":"single","resource":"adae5f7c-6501-4f5b-ba7f-cced22d4d275"},{"type":"single","resource":"6e18d7f7-a647-4fc6-9fc4-038bd513f805"},{"type":"single","resource":"48fe3de5-41b3-4d78-9c5b-7af7c171bdf6"},{"type":"single","resource":"50c48592-2eb4-4e34-b853-acb388552147"},{"type":"single","resource":"5838f52e-3ad3-40f5-b6be-f0bdef808f21"},{"type":"single","resource":"e0306758-5b2a-4b7e-993c-0b998ca2dae3"},{"type":"single","resource":"dd9a4a8c-24db-439c-a2fb-ff6fc5d4351d"},{"type":"single","resource":"3b1a0c8d-b0fe-461d-b144-7f7f9b6473b5"},{"type":"single","resource":"21858c29-f105-4fbf-a8c1-cbd896163845"},{"type":"single","resource":"3d5fc7f0-9ea4-41bd-b426-bc22838bc3bb"},{"type":"single","resource":"45e40e77-8e5a-4ebf-b23b-0d1a78727196"},{"type":"single","resource":"13aec994-7c38-435b-b5f9-121688aa8cda"},{"type":"single","resource":"bf08bd8b-abcd-49e7-89a9-bef5b72b7e0c"},{"type":"single","resource":"a1b9361a-b5e6-47e6-9e3a-09891952c751"},{"type":"single","resource":"8b5d7af9-6517-4c98-85b0-f7d39fade3c8"},{"type":"single","resource":"7b1eb9f3-a3fc-4ae8-924f-797cc32d5fd6"},{"type":"single","resource":"917df45c-b0e7-4f52-b55b-13ae7ff8d7d4"},{"type":"single","resource":"e573278e-be39-4fff-9e29-b9005e3a58d8"},{"type":"single","resource":"7995229b-4a27-4315-aa1a-efe48e205d5e"},{"type":"single","resource":"f16a45fc-bc7c-4388-beef-9a9a498f6b8a"},{"type":"single","resource":"hmccosmetics:3db228d4-3668-41df-9f51-48a67a3ac5e6"},{"type":"single","resource":"hmccosmetics:d7511b98-a0c8-40f5-a214-4db9895e6a39"},{"type":"single","resource":"hmccosmetics:f76e38b5-1e8c-4a03-87ab-a99098a7e72c"},{"type":"single","resource":"hmccosmetics:1200eed5-30ec-4f50-a921-cac1e289b830"},{"type":"single","resource":"item/apple"},{"type":"single","resource":"customfishing:c95e84d4-b8c1-4f96-b4a6-d529f202a2ee"},{"type":"single","resource":"customfishing:dd28bb3a-8aaa-4010-ae19-12c1df058fb1"},{"type":"single","resource":"customfishing:a8b5c5a9-31a6-4525-8e00-d998766cfcc6"},{"type":"single","resource":"09585230-6db2-4d3d-9e80-f3d4281e0275"},{"type":"single","resource":"d8536de2-1898-486a-8e9f-963e61115508"},{"type":"single","resource":"f9b9d3b0-3e73-4903-8fd8-fcf1d23d8338"},{"type":"single","resource":"8bbfd9e5-1b39-4c78-965b-16df6b25e574"},{"type":"single","resource":"f0509a38-e38b-46d1-ae6f-8db5d0f6a9c1"},{"type":"single","resource":"d9bf88a7-758b-4e90-bfc1-fee58b37262b"},{"type":"single","resource":"f08ea29a-4bdf-444f-b19a-ed50d5d665a2"},{"type":"single","resource":"item/bow"},{"type":"single","resource":"item/chainmail_boots"},{"type":"single","resource":"item/chainmail_chestplate"},{"type":"single","resource":"item/chainmail_helmet"},{"type":"single","resource":"item/chainmail_leggings"},{"type":"single","resource":"item/cod"},{"type":"single","resource":"item/cooked_beef"},{"type":"single","resource":"363e1c12-ed40-400e-a4cc-374a57fb9209"},{"type":"single","resource":"82b52cc2-cd8b-417c-9d36-e09a8fbaa1d5"},{"type":"single","resource":"07a822d0-2b3e-42de-a80d-bfc1945031c2"},{"type":"single","resource":"dec4b6b8-2131-41c1-ae77-34a75e8996bd"},{"type":"single","resource":"4af7ce8c-2177-445d-9aa5-31600b6223b6"},{"type":"single","resource":"5014d68f-56ad-46e7-8afe-8f7b61c39891"},{"type":"single","resource":"0f3075dc-7da0-43f0-a747-2185d9fd2665"},{"type":"single","resource":"0dfee438-b233-4c59-8c3a-b3684518165c"},{"type":"single","resource":"f260a5ec-09f7-4754-8dca-81000634a3ad"},{"type":"single","resource":"6c248847-3aa5-40ff-8c15-c04c5a6d2f48"},{"type":"single","resource":"31961153-e21c-462d-98c6-70009ecd7222"},{"type":"single","resource":"46d36d09-041b-4e64-adc8-c923e071380d"},{"type":"single","resource":"371a62f7-c798-4bf1-ae94-46ca01486004"},{"type":"single","resource":"fed731fa-5f71-4281-b9ed-f65169864d0b"},{"type":"single","resource":"74138dcb-0f54-4e81-be16-cb9bcc060330"},{"type":"single","resource":"d1b32130-314f-480e-896f-7bfc7d971344"},{"type":"single","resource":"ba005132-33ca-4d19-a10b-3f5bf551fe70"},{"type":"single","resource":"26a29f75-79c0-4c32-b5a0-3d25e9b959ae"},{"type":"single","resource":"9887d4ff-5344-46eb-854c-ab0802d0e6ce"},{"type":"single","resource":"922485fe-da1f-421e-bce3-a3a313666090"},{"type":"single","resource":"63c21a70-44f4-49c2-b875-e9a8ec8bf215"},{"type":"single","resource":"e75d1a34-5b75-41c3-9c5d-e8fd1a1264e2"},{"type":"single","resource":"ded9f79b-ddfa-493e-9044-08689860784c"},{"type":"single","resource":"a53b6e45-4b24-4b2d-88ad-62786dc0e0bf"},{"type":"single","resource":"3ef40de7-146e-406d-aeab-bb457aa40327"},{"type":"single","resource":"b7678414-f3aa-4bf5-a19a-bcd136438313"},{"type":"single","resource":"016748c4-8efc-4fd2-b77b-1c0c2a95631c"},{"type":"single","resource":"787ab955-ebfa-4fe2-a606-b29dd660eadd"},{"type":"single","resource":"5b75e05f-fa06-4464-941b-a6f205d49439"},{"type":"single","resource":"1105d369-4d71-43c0-96c7-01734c73d848"},{"type":"single","resource":"51be6cdb-95f0-4583-986a-2f330a4a4cfd"},{"type":"single","resource":"a8b97b88-c579-4004-9ce9-0183b21b9539"},{"type":"single","resource":"a47874cb-4e45-44b8-9b5b-85d5cd6d0629"},{"type":"single","resource":"f7c91a34-fe48-4233-ab09-0df9c949b656"},{"type":"single","resource":"7cff0942-42be-4e53-b80c-a2f91438ca23"},{"type":"single","resource":"ba940ab0-3f8c-400f-a380-c7d310e9486d"},{"type":"single","resource":"2e4a21aa-f877-4407-ba17-51e9a9a4a600"},{"type":"single","resource":"0ca821a0-bfae-495b-bb9a-2dbd730929f2"},{"type":"single","resource":"46237453-ef02-425c-870d-a1865c443880"},{"type":"single","resource":"842b019d-5261-47f9-b285-adb0888f7d0f"},{"type":"single","resource":"11938a07-7d45-4c1b-827f-59e762a6bbb0"},{"type":"single","resource":"cd201c0e-3b28-4a18-a133-dd6fa8807603"},{"type":"single","resource":"fa1aa813-0443-4fb6-8836-ab5f070ce453"},{"type":"single","resource":"496340de-825a-439c-aa27-be821666bb1a"},{"type":"single","resource":"af6e7a8f-c2d4-4f3e-adb4-8d24f99f3315"},{"type":"single","resource":"49a94a41-7154-41e0-80fe-eba08f961d10"},{"type":"single","resource":"2e28758d-7576-4080-a18a-85299971475e"},{"type":"single","resource":"e44460ae-1ef5-4ee5-bf9b-627944511dfd"},{"type":"single","resource":"c484475b-3231-4fcd-93bf-73d3d2de460f"},{"type":"single","resource":"41209eb4-2320-4c0f-ba1a-3af0e547d379"},{"type":"single","resource":"eca9b772-7dc6-49a3-87a4-b20d297d9cad"},{"type":"single","resource":"4106bb04-606c-4869-8188-afadf42def66"},{"type":"single","resource":"ccac0a5c-c30c-4dce-b064-bf0117426232"},{"type":"single","resource":"6b4c2c9d-254b-4594-8c2d-4a49c0fc926e"},{"type":"single","resource":"f8bbfbd6-61f7-40cb-85a9-48fd45c1622c"},{"type":"single","resource":"572b92f3-2da9-4b28-af6f-199628ebf288"},{"type":"single","resource":"082ba7d0-2bc6-4259-940d-fc322f03420c"},{"type":"single","resource":"0600f2ef-18e1-4908-8e45-2d91456fc0ea"},{"type":"single","resource":"838e508d-2265-416f-b0b1-deb1d5190a41"},{"type":"single","resource":"61173914-e046-45fe-a0b1-882f4165f4b9"},{"type":"single","resource":"dba8fdaf-f3a5-4289-af22-de287989a9df"},{"type":"single","resource":"afcb93d6-ed63-4f40-ab2c-6ae41017adbc"},{"type":"single","resource":"5bddc6e9-7651-4833-b774-096eb21ab74a"},{"type":"single","resource":"8a1901be-b280-46f1-9813-a77d673d52c7"},{"type":"single","resource":"aca212f9-ecf2-4dff-a14d-77a7bd0b878e"},{"type":"single","resource":"f39111da-3549-4707-b4c7-189db3f2526b"},{"type":"single","resource":"8cc058e0-1df3-4b9d-a4cd-e10ab605277f"},{"type":"single","resource":"5541420b-74fe-413f-b67e-eb305286a56d"},{"type":"single","resource":"59ff7afb-b386-4c55-9cca-bc53cafb25b9"},{"type":"single","resource":"b8204104-0c20-455e-be05-9a35c7fe3428"},{"type":"single","resource":"33e8ca10-00dc-4dc3-9070-b8d1ea0603ce"},{"type":"single","resource":"efc473dc-f22e-4326-9c47-45d8c246371b"},{"type":"single","resource":"b577dea8-6a28-4c89-810d-ed20baef2fab"},{"type":"single","resource":"b0db1ea0-af89-473d-8a2c-28a7984760f6"},{"type":"single","resource":"cc53b97d-0c28-4430-8d66-b8e2cd5c89f0"},{"type":"single","resource":"8b38c047-edff-471e-ae72-190fe81f530e"},{"type":"single","resource":"f23f6e5b-0351-4505-9c70-3c9f3f0b175b"},{"type":"single","resource":"9f512d9c-cf78-42b2-ab62-7143fef3d749"},{"type":"single","resource":"7a3a17f6-376d-4ab6-9a61-3f47430108d8"},{"type":"single","resource":"78707be3-ae8f-403b-a8bd-b0b60b421ee6"},{"type":"single","resource":"f3da6457-fe96-4d80-9b13-b6d61f4addbb"},{"type":"single","resource":"f2ec8ba0-82ca-4b2c-9b4c-83114c55c459"},{"type":"single","resource":"9a6d5f17-41cc-48a3-8fef-007d8828d0a0"},{"type":"single","resource":"243932f9-81fd-4da6-94b3-63d0ac207d79"},{"type":"single","resource":"d39129b7-d5c2-476c-8de4-750b9556997d"},{"type":"single","resource":"64e8b7cf-e96c-41b3-ba94-86252d37fd72"},{"type":"single","resource":"acb7c7f0-09da-446c-a270-dc81dfa74cc4"},{"type":"single","resource":"dee5a917-6ea6-4d38-9020-bb55a5a8e1db"},{"type":"single","resource":"item/crossbow_standby"},{"type":"single","resource":"item/diamond_axe"},{"type":"single","resource":"item/diamond_horse_armor"},{"type":"single","resource":"item/diamond_pickaxe"},{"type":"single","resource":"item/diamond_sword"},{"type":"single","resource":"item/elytra"},{"type":"single","resource":"universeprofiles:391cd2cc-1729-464d-a18e-f43c44b054fc"},{"type":"single","resource":"c82d8b47-aa27-4747-abdf-8596777357eb"},{"type":"single","resource":"0aa204a2-8d4e-4444-9560-8500f03f6e2a"},{"type":"single","resource":"6fa8b3fa-4b18-4c39-93ef-2314a20f5d62"},{"type":"single","resource":"449c5211-1eee-47e3-80fc-b59865b1cec9"},{"type":"single","resource":"a1b46c5d-d207-41ad-8598-60c1258cf565"},{"type":"single","resource":"50f9e450-2a60-4b6c-881b-2ac437a0c3fa"},{"type":"single","resource":"2f410900-2802-47b7-b117-36a1f3e935ae"},{"type":"single","resource":"a5459237-0f50-4c69-8b3a-c4d8d0466799"},{"type":"single","resource":"77bf162d-c643-4eff-b0db-cd2dc3dc27c2"},{"type":"single","resource":"6a8b6259-c847-4bc3-8beb-77adc33d6e3c"},{"type":"single","resource":"cdcedbdd-aeb6-49d1-9d30-c2ac874e877d"},{"type":"single","resource":"8e12bd13-b5a0-4910-9875-436903ab9d50"},{"type":"single","resource":"c83000b1-f9eb-4235-ad88-63cf8bc0cc99"},{"type":"single","resource":"45e28a3b-2d91-4c43-a352-e75745cee2f0"},{"type":"single","resource":"1936046d-7a0f-4ae5-bc74-33ee7fed7336"},{"type":"single","resource":"incendium:item/firestorm/arrow"},{"type":"single","resource":"incendium:item/firestorm/pulling_0"},{"type":"single","resource":"incendium:item/firestorm/pulling_1"},{"type":"single","resource":"incendium:item/firestorm/pulling_2"},{"type":"single","resource":"customfishing:65091249-9d05-4efd-8e14-6eb4b70839e0"},{"type":"single","resource":"customfishing:a266b20e-5205-4c56-aca4-84d15e1ca123"},{"type":"single","resource":"customfishing:2e09a772-b848-4b2e-8a85-f710d3c10f90"},{"type":"single","resource":"customfishing:7d5220e8-f22d-4709-8fd5-c18b2cd5d3b6"},{"type":"single","resource":"customfishing:7500cf24-aa53-4977-a024-15c829446842"},{"type":"single","resource":"customfishing:d118d9f8-ff59-4ce9-8d31-e87af98aada0"},{"type":"single","resource":"customfishing:eb07245a-d944-4dfc-a125-b89810467423"},{"type":"single","resource":"customfishing:de48226e-787d-456e-aaaa-cbb564c650fb"},{"type":"single","resource":"customfishing:23950aea-21c9-40e8-b83e-a47a61568e08"},{"type":"single","resource":"customfishing:2751459a-1a78-4f21-808b-5026e5fc88d2"},{"type":"single","resource":"customfishing:30805ccf-5ded-41e6-b1bb-7c07a8d6453f"},{"type":"single","resource":"customfishing:d0bdd9a5-6e04-4ada-8dd0-8d03f2f5e862"},{"type":"single","resource":"customfishing:671eca54-d02a-4f99-a3d5-1fc560a9b6e1"},{"type":"single","resource":"customfishing:979507d3-4358-45eb-b8ea-dfc400dcb6da"},{"type":"single","resource":"customfishing:9495c0b3-8df4-4272-94d4-d3e957fed89c"},{"type":"single","resource":"customfishing:53eb327b-df0a-4ab0-868d-07c28fba0eaa"},{"type":"single","resource":"customfishing:75e950e1-ad1c-4763-8075-943f477688ed"},{"type":"single","resource":"customfishing:42cc465b-b0bb-4dda-ac6c-098be926d685"},{"type":"single","resource":"customfishing:35d6853d-a4ee-4bf6-b311-435a10e54700"},{"type":"single","resource":"customfishing:9367c8c1-b230-4fc0-85ad-a32403d47b76"},{"type":"single","resource":"customfishing:91d32ad2-7322-4cb0-836d-04b275de0303"},{"type":"single","resource":"customfishing:cbc95fe6-6107-46c3-9790-dfd40c2f3d07"},{"type":"single","resource":"customfishing:6eea4076-4f82-4af1-b7cc-3ceceff2c2e8"},{"type":"single","resource":"customfishing:9ebc4c68-ce15-4fc7-81bf-54ea3e996d00"},{"type":"single","resource":"customfishing:d4b1fd33-b81c-484f-8610-8ead61c0b356"},{"type":"single","resource":"customfishing:949d48bd-77e6-420c-bcf2-0ff27cfa6a8f"},{"type":"single","resource":"customfishing:008fd58d-4b2d-4f2f-8a43-7eb01887347d"},{"type":"single","resource":"customfishing:8ce53d66-41b0-451b-819b-d451ee84801e"},{"type":"single","resource":"customfishing:3c94d29b-75f3-4e70-a261-f92dad6a3ff8"},{"type":"single","resource":"customfishing:8dc03f0d-4ec2-4652-82c0-58c394f3bd69"},{"type":"single","resource":"customfishing:dfed762f-fdee-4e8c-9575-e5bc4813000f"},{"type":"single","resource":"customfishing:84da8037-8535-4d46-924e-960cb7e3bb7a"},{"type":"single","resource":"customfishing:bd7fdedd-5633-4b3d-aaf0-a3b2fa1aa350"},{"type":"single","resource":"customfishing:6775f230-4c24-4c87-877b-597c610ded89"},{"type":"single","resource":"customfishing:c1cec9a7-21ec-4d99-8e6a-9ad02b78ca86"},{"type":"single","resource":"customfishing:5e5509bf-bd1f-402a-86ee-cfb6b523dea3"},{"type":"single","resource":"customfishing:c024176d-d469-4914-b51b-7b40f2c2b9bb"},{"type":"single","resource":"customfishing:48f95ea6-8ff9-4c4e-9b1f-2bc719052f26"},{"type":"single","resource":"customfishing:e91057a2-0f51-43e7-8bf1-14acc963f934"},{"type":"single","resource":"customfishing:67b3093e-4ca1-4a89-b70f-ab524b6328a2"},{"type":"single","resource":"customfishing:530a21e3-114a-4fb5-ba9f-e4777735adbf"},{"type":"single","resource":"customfishing:9b6db44e-ccaf-4b9e-ac7f-5ef13aaaf368"},{"type":"single","resource":"customfishing:107cf8bd-5e2d-4159-be10-f27fc874e830"},{"type":"single","resource":"customfishing:099943ba-af11-4116-8646-f236d23a2be5"},{"type":"single","resource":"customfishing:52975e16-987c-4c7d-b692-cf77ffc3bc4a"},{"type":"single","resource":"customfishing:fe5afb38-170a-4091-be64-070617580f3c"},{"type":"single","resource":"customfishing:c0776caa-8d0f-471a-9a77-b27822b08468"},{"type":"single","resource":"customfishing:07409606-b95c-456d-831e-046bca714d0b"},{"type":"single","resource":"customfishing:9b46012c-4096-496e-9b55-51e68e66a905"},{"type":"single","resource":"customfishing:4e16cf34-4e30-4e85-a0e8-af29a954e8c9"},{"type":"single","resource":"item/fishing_rod"},{"type":"single","resource":"item/golden_horse_armor"},{"type":"single","resource":"customfishing:23d17b2e-dd0d-4d56-9838-3d57a0c1a042"},{"type":"single","resource":"item/iron_axe"},{"type":"single","resource":"item/iron_hoe"},{"type":"single","resource":"item/iron_pickaxe"},{"type":"single","resource":"item/iron_shovel"},{"type":"single","resource":"item/iron_sword"},{"type":"single","resource":"item/kelp"},{"type":"single","resource":"item/leather_boots"},{"type":"single","resource":"item/leather_boots_overlay"},{"type":"single","resource":"item/leather_chestplate"},{"type":"single","resource":"item/leather_chestplate_overlay"},{"type":"single","resource":"item/leather_helmet"},{"type":"single","resource":"item/leather_helmet_overlay"},{"type":"single","resource":"item/leather_horse_armor"},{"type":"single","resource":"item/leather_leggings"},{"type":"single","resource":"item/leather_leggings_overlay"},{"type":"single","resource":"item/mace"},{"type":"single","resource":"incendium:item/multiplex/arrow"},{"type":"single","resource":"incendium:item/multiplex/pulling_0"},{"type":"single","resource":"incendium:item/multiplex/pulling_1"},{"type":"single","resource":"incendium:item/multiplex/pulling_2"},{"type":"single","resource":"item/netherite_axe"},{"type":"single","resource":"item/netherite_hoe"},{"type":"single","resource":"item/netherite_pickaxe"},{"type":"single","resource":"item/netherite_shovel"},{"type":"single","resource":"item/netherite_sword"},{"type":"single","resource":"nexo:2dd40ae6-29b1-484b-91d6-e17630733a3d"},{"type":"single","resource":"nexo:17a3361d-34f4-467b-af98-bf459e83d6bd"},{"type":"single","resource":"nexo:fe549c47-4dbc-4d8b-a43b-ae70cf957ba1"},{"type":"single","resource":"nexo:c9e879fe-b5b5-4d44-8fd8-940c6109f214"},{"type":"single","resource":"nexo:028e8bc1-c7e4-4326-85ba-38a46acd6961"},{"type":"single","resource":"nexo:f92b8b97-32de-4a03-b535-0ef2b414c7a2"},{"type":"single","resource":"nexo:89ca22c1-caa6-464e-bab6-0b3235c4a42d"},{"type":"single","resource":"nexo:4d6d9cd7-e1dc-4cca-8af8-54eb834326c6"},{"type":"single","resource":"nexo:5f0c27d6-28f0-47dc-81a3-17a2a6b07751"},{"type":"single","resource":"nexo:288327bc-7f55-485b-bed8-35c2806e8b34"},{"type":"single","resource":"nexo:aa8e61b2-98a3-4ada-80a5-3f9f0112294d"},{"type":"single","resource":"nexo:7465e6d9-fe4e-441c-ae38-5d30b2d728ee"},{"type":"single","resource":"nexo:779382ed-0952-44c4-87eb-b96a99e15cca"},{"type":"single","resource":"nexo:37f37d87-35b1-44f7-8939-9ab4a0636243"},{"type":"single","resource":"nexo:d8052814-ea15-44d3-84c6-9a3e15e2f7ff"},{"type":"single","resource":"nexo:ac7264bb-c576-417e-8f6e-d88b884cf1fa"},{"type":"single","resource":"nexo:774b490f-0152-4c7c-925b-a96ed41b9224"},{"type":"single","resource":"nexo:5dedd0e6-634b-457a-aacf-bc6b5b73fb13"},{"type":"single","resource":"nexo:48bcd442-8223-4b79-b3b5-b1d8bc998e22"},{"type":"single","resource":"nexo:4bc30bd4-a1d0-4938-ad0f-8d05443b11be"},{"type":"single","resource":"nexo:5b78d151-4d54-44b5-b1ca-15370c13c892"},{"type":"single","resource":"nexo:35560a62-cede-4e7f-8cce-303eb0fbdbce"},{"type":"single","resource":"nexo:c5a53f61-ff99-4191-984d-375a54284ed8"},{"type":"single","resource":"nexo:552cbbaa-5838-4493-a76e-c8cffdb0affb"},{"type":"single","resource":"nexo:0097efc7-329d-4bdd-a147-d2051c0145f6"},{"type":"single","resource":"nexo:d77de45e-18f8-490e-a0f8-7016c6c770fb"},{"type":"single","resource":"nexo:bea07513-72dd-44cd-b686-bff73d34accd"},{"type":"single","resource":"nexo:3af7a22e-b6fe-4689-a180-f61092871bd8"},{"type":"single","resource":"nexo:d35fa2c3-ebd1-4653-b59b-9c552efbe6fb"},{"type":"single","resource":"nexo:26d39de7-219f-40f9-a9b7-a8a3ca9ade65"},{"type":"single","resource":"nexo:e2416b17-3bca-48cb-8e03-95c661e00c4d"},{"type":"single","resource":"nexo:71c1a65d-d0a3-4281-82ce-76ba6574e977"},{"type":"single","resource":"nexo:e14a8c85-12d0-4443-89ff-95cc38e9f839"},{"type":"single","resource":"nexo:22ca996f-4f57-466b-8bd8-1f94fb860cd6"},{"type":"single","resource":"nexo:e4275fd8-8611-4e3b-adc0-52597922e349"},{"type":"single","resource":"nexo:f40009f4-3990-4d51-824d-d79ca10cf3fa"},{"type":"single","resource":"nexo:86b27fc7-d5ef-49a0-8468-251779222eea"},{"type":"single","resource":"nexo:e5c4ad38-3e40-4f44-8b09-ddf03cfc7354"},{"type":"single","resource":"item/paper"},{"type":"single","resource":"incendium:item/patron/holy_wrath/arrow"},{"type":"single","resource":"incendium:item/patron/holy_wrath/pulling_0"},{"type":"single","resource":"incendium:item/patron/holy_wrath/pulling_1"},{"type":"single","resource":"incendium:item/patron/holy_wrath/pulling_2"},{"type":"single","resource":"item/potion"},{"type":"single","resource":"item/potion_overlay"},{"type":"single","resource":"incendium:item/ragnarok/pulling_0"},{"type":"single","resource":"incendium:item/ragnarok/pulling_1"},{"type":"single","resource":"incendium:item/ragnarok/pulling_2"},{"type":"single","resource":"customfishing:82209bc0-3ba9-4ed1-803f-505ac4e39bbe"},{"type":"single","resource":"customfishing:3c70f7ce-02fb-4b08-8485-fe4eae62cad3"},{"type":"single","resource":"customfishing:4fca389a-6510-4637-b332-3be59e257802"},{"type":"single","resource":"customfishing:57c0231e-c724-4693-a6c1-a94ce1814353"},{"type":"single","resource":"customfishing:0e708819-29e2-43d5-add9-70b2312a5a28"},{"type":"single","resource":"customfishing:110291bf-f737-489f-921a-fc405c9facc7"},{"type":"single","resource":"customfishing:9acbd62b-676d-4ae4-8c37-8aac17df3370"},{"type":"single","resource":"customfishing:1978edaa-d59e-4365-a0c0-0d2952e223b7"},{"type":"single","resource":"customfishing:7c172284-c986-4087-8e25-dbd859bada5f"},{"type":"single","resource":"customfishing:6bd8dd8d-996a-4ca4-826e-3134631ddda2"},{"type":"single","resource":"customfishing:28c59499-7cc9-4872-9bbb-82598fe3f71a"},{"type":"single","resource":"customfishing:2aadd5d5-0bd1-413b-b438-61e40404f98f"},{"type":"single","resource":"customfishing:5a52d6c0-8227-4e70-8b24-88354776dc18"},{"type":"single","resource":"customfishing:2220e66a-6e34-4c0b-881c-3693ffc073b8"},{"type":"single","resource":"incendium:item/sentrys_wrath/arrow"},{"type":"single","resource":"incendium:item/sentrys_wrath/pulling_0"},{"type":"single","resource":"incendium:item/sentrys_wrath/pulling_1"},{"type":"single","resource":"incendium:item/sentrys_wrath/pulling_2"},{"type":"single","resource":"item/shears"},{"type":"single","resource":"item/splash_potion"},{"type":"single","resource":"91a748a7-d2f0-4baa-a6d1-f380940a6de3"},{"type":"single","resource":"e3cbfafe-680e-4262-8afe-ed5ba21a90f2"},{"type":"single","resource":"e01128b0-adee-439b-9a7b-31f104b30991"},{"type":"single","resource":"ebbc4103-c05f-4a27-a81c-6c339e2be330"},{"type":"single","resource":"88948447-3544-4db1-9872-0ce82bb30046"},{"type":"single","resource":"3cbed404-f03d-40be-85c9-8792980214b5"},{"type":"single","resource":"81a4f90f-9b78-40ed-b7b2-802d5ae6cc9a"},{"type":"single","resource":"item/stone_pickaxe"},{"type":"single","resource":"item/sugar"},{"type":"single","resource":"incendium:item/trailblazer/pulling_0"},{"type":"single","resource":"incendium:item/trailblazer/pulling_1"},{"type":"single","resource":"incendium:item/trailblazer/pulling_2"},{"type":"single","resource":"item/trident"},{"type":"single","resource":"customfishing:5b14afca-a891-473f-bde4-3b2dc14e4b47"},{"type":"single","resource":"customfishing:9d52e7a7-a910-4598-b55e-09e08ac8d34d"},{"type":"single","resource":"customfishing:7835964a-0e7d-45ea-a574-96eacdc17f0b"},{"type":"single","resource":"298fd4c2-30ab-4e27-b294-0b4a74cedcb5"},{"type":"single","resource":"476bf8a3-0618-41a8-be9e-4e68628d2e35"},{"type":"single","resource":"083ab27f-bc8e-4c08-b2f1-c362e15975f4"},{"type":"single","resource":"f8a7b733-4cbd-4d55-9c54-514a5694537d"},{"type":"single","resource":"item/wolf_armor"},{"type":"single","resource":"item/wooden_hoe"},{"type":"single","resource":"item/wooden_sword"},{"type":"single","resource":"christmas_quest:1b5a2e0d-2090-46d7-8633-3c7d1de71bc8"},{"type":"single","resource":"christmas_quest:7caa10b3-5b0a-4089-a8e0-de708e0e5e17"},{"type":"single","resource":"c43fd139-51eb-402d-8e09-f924c4a7197e"},{"type":"single","resource":"6dafa027-6c57-4609-8f79-20d8372e37b4"},{"type":"single","resource":"814bf7f3-49f3-4093-8bfe-c1e0189cf491"},{"type":"single","resource":"4a49c6c1-5210-4243-8755-47636d9dcb9b"},{"type":"single","resource":"741f9bd5-0b91-4bca-8a68-4215d691ca0b"},{"type":"single","resource":"c604f69f-b282-4e6e-b30e-1b8e4b9d51f3"},{"type":"single","resource":"b8577f1c-34bc-4c5a-b191-5328fe8794c6"},{"type":"single","resource":"09bb2714-b066-4bca-b7d1-0066e24d6a2b"},{"type":"single","resource":"hmccosmetics:33d6a0c0-456e-4c0b-a4f8-2e8d38c18cd0"},{"type":"single","resource":"hmccosmetics:e83f9282-0ad9-4cac-9962-95599dfddff6"},{"type":"single","resource":"hmccosmetics:411c2509-595e-4303-ac0c-d58c1d4f386c"},{"type":"single","resource":"hmccosmetics:186d4b70-f285-4dbe-ace2-f025fd98d6c1"},{"type":"single","resource":"hmccosmetics:504226a8-189b-4c39-87a4-b448e6489bed"},{"type":"single","resource":"6e6906eb-fcf6-47d4-bfc1-dba42ce1b41e"},{"type":"single","resource":"cd812b2f-4c40-4003-8688-a6a5594eba3c"},{"type":"single","resource":"f7968959-8e79-4163-b090-fa1154c2e0b1"},{"type":"single","resource":"7c774016-866d-428d-aff4-dec266f5c2c7"},{"type":"single","resource":"1c3b6d17-4859-490a-a3a4-defb5f464a8e"},{"type":"single","resource":"adfa9acc-6782-4873-8733-14407c755e69"},{"type":"single","resource":"bd9fcb73-4a13-40d6-819b-a33318d97f27"},{"type":"single","resource":"86490378-4863-48a9-ac83-e941a42e5dae"},{"type":"single","resource":"766a30b4-660a-4b02-9991-3f28d7a15e90"},{"type":"single","resource":"a1b8511d-8027-48eb-8679-1bc39e0e48ae"},{"type":"single","resource":"e44cae07-16de-42d5-a845-f0b46f5c26bc"},{"type":"single","resource":"205570a6-655b-4b81-8084-d1c58489afca"},{"type":"single","resource":"18f8ae0a-aed6-436c-a4c7-fb2f5175e081"},{"type":"single","resource":"ab759254-b66b-42d9-bc80-c82fa307f410"},{"type":"single","resource":"19e89b8b-8ef3-448b-99f1-a3f6cabf9bd3"},{"type":"single","resource":"43706347-7cac-445c-bc63-82c3c4447b4f"},{"type":"single","resource":"e6caf853-8bdf-46fe-958c-673639b4e1f0"},{"type":"single","resource":"fec71c46-3bf3-452e-8fe6-defd93bcab15"},{"type":"single","resource":"fd8cc13a-9b6e-444a-999f-9c65da89d509"},{"type":"single","resource":"c8e64e13-5978-4e7d-8cae-169887f604f7"},{"type":"single","resource":"4819633c-f66d-4fb2-b3d0-f12d291d0b17"},{"type":"single","resource":"3f5acac1-3e88-4ce5-b4d5-39e0ca6cfdc6"},{"type":"single","resource":"c2a341eb-c939-4e38-9ab3-de18ac45c513"},{"type":"single","resource":"e89827d9-6071-40f9-bc55-46a15d093978"},{"type":"single","resource":"ea55a77b-a065-408c-8ae8-8bfcf555b7d2"},{"type":"single","resource":"771f430d-6ea9-4d38-ad35-67a458018bd0"},{"type":"single","resource":"c0d78ab4-87d3-4cda-b1b7-e112e595703e"},{"type":"single","resource":"a29f58f2-3270-49e0-9479-d9a6947fb534"},{"type":"single","resource":"35a6a0b4-d9b7-45c7-9e16-e6646a80d806"},{"type":"single","resource":"47e217f6-4134-40d7-afa0-c9e15efc33c1"},{"type":"single","resource":"a93d2a0e-77ce-4f60-93b6-e82d0a2a4cdf"},{"type":"single","resource":"30d88c88-393f-4833-8ef6-754d8e00a006"},{"type":"single","resource":"5101010d-362a-40ea-8752-252fabad61f3"},{"type":"single","resource":"c44b5575-b360-42a6-a365-66b2abad917b"},{"type":"single","resource":"a40b7760-a1a8-4a7a-9617-7c41228c7e56"},{"type":"single","resource":"35b72dee-3a6c-43a7-8876-61b4440749e5"},{"type":"single","resource":"3591af73-f582-4b84-816f-741b05bf6c38"},{"type":"single","resource":"12033a8e-6841-4cfe-a16b-71a7dbdc95df"},{"type":"single","resource":"feb01bc8-c7b5-4d47-b422-445daee4ed6b"},{"type":"single","resource":"d97e12a1-a3d5-4d53-bbfb-a35bb4eb19cd"},{"type":"single","resource":"4229a5dc-63f2-4fd4-aa5b-6346c8bd1e75"},{"type":"single","resource":"3f4af536-d326-4a31-8e62-819d6a4bf782"},{"type":"single","resource":"5d64302b-d473-4a0d-b5ea-e133241e06d2"},{"type":"single","resource":"fcd08bb8-c612-44f3-827d-37c3728fa959"},{"type":"single","resource":"9d6be237-b025-4bab-a558-30e15ee8d4b8"},{"type":"single","resource":"be3be17b-802a-41e8-bd47-bbb6645d8272"},{"type":"single","resource":"7cb5bd95-3292-4176-a584-9e98d11f061d"},{"type":"single","resource":"3606b30a-b86a-46e6-84f4-5b5f4fbf0b98"},{"type":"single","resource":"23d98a36-d8bf-427d-9c37-2cf05e150106"},{"type":"single","resource":"6fe69f31-79ce-4cbf-bdf4-29b4c0488d6b"},{"type":"single","resource":"2bef5333-d855-4e99-9a7e-06ae0314e2b9"},{"type":"single","resource":"b0888e14-ecaa-4469-ba5f-cd4dd9649adf"},{"type":"single","resource":"9beead90-12d1-4cd9-bff5-b38d0004a203"},{"type":"single","resource":"14f1b6dc-8185-4108-85c5-fd829e3289e9"},{"type":"single","resource":"5ae37715-68c3-4b3f-ab85-50ca1c6b6611"},{"type":"single","resource":"f21e7f35-79fe-46ec-b62b-6ac4acea9ab3"},{"type":"single","resource":"5a66b300-cad2-4154-869d-0cb9431d60e0"},{"type":"single","resource":"53194c09-d711-49d8-94d8-e32cfe5630e6"},{"type":"single","resource":"30963ff4-c535-41b9-aee1-195bf7a1bd9c"},{"type":"single","resource":"a4d6171b-5474-4772-a3a2-670cda69848f"},{"type":"single","resource":"b6cd1ee4-e912-4e8c-b3b3-2ec5ab1d4166"},{"type":"single","resource":"2cf41426-8753-41d0-9639-5dc8ef73a16f"},{"type":"single","resource":"ffa067db-9c51-48dc-b286-2f5eec8f9ffc"},{"type":"single","resource":"ada0bd99-860d-4c6a-a403-e519e39e5a09"},{"type":"single","resource":"d3aa9fce-9a4b-4e12-856f-03378189add6"},{"type":"single","resource":"104484ad-f306-4343-a578-b44fc6d666cb"},{"type":"single","resource":"19666fca-7384-4943-8fda-34839de58cd7"},{"type":"single","resource":"4f100a9d-9267-4718-90a6-078b74f4fe9b"},{"type":"single","resource":"c437fc31-b3ee-441a-be51-c3109f79b6c1"},{"type":"single","resource":"55c378df-5468-4899-abb9-ac0140cdaf3e"},{"type":"single","resource":"602cd159-4f6d-4a91-84be-89c9f375cd4a"},{"type":"single","resource":"faf730f4-4cdb-4adc-9423-07650c8d928a"},{"type":"single","resource":"6986da0c-7130-4808-bd45-ecc583f464bb"},{"type":"single","resource":"0faaf5aa-195a-449e-8895-542b0e5dab77"},{"type":"single","resource":"3143117f-8f36-4dc9-a1a6-88381ad45fe1"},{"type":"single","resource":"f4b2a204-cc0e-426e-acd8-125455fe2bd1"},{"type":"single","resource":"6b0896e2-6c84-4b5f-9c24-cd59a264e237"},{"type":"single","resource":"7479ae3e-e081-47ef-83cf-b44131dd0c08"},{"type":"single","resource":"93f0d028-0fdb-42c1-b3bd-4d29881a5f15"},{"type":"single","resource":"90343690-7a5c-4116-a46d-bd2e93c7bb1e"},{"type":"single","resource":"ba2b682d-7d31-4422-999b-6f8ab229cf2f"},{"type":"single","resource":"1cb1b946-027a-46ea-a4a9-ed31d47d79de"},{"type":"single","resource":"296a9b35-e9d4-4777-89ad-5303856120ca"},{"type":"single","resource":"c9ec70e8-f612-4687-8f21-6dda3f8eb239"},{"type":"single","resource":"af129e1b-6a20-47fb-afa0-24254e89b33b"},{"type":"single","resource":"29ec9a54-9457-4d3a-8acc-f6fac4916d63"},{"type":"single","resource":"elitecreatures:8da3aa40-5323-4a5b-94c1-a7c7bf42cd96"},{"type":"single","resource":"elitecreatures:1af28264-a2ad-4810-a411-948cd87bd4da"},{"type":"single","resource":"elitecreatures:cd26b93c-a774-44e4-baae-5d14f6403c53"},{"type":"single","resource":"elitecreatures:e3105b2a-ef0e-4dca-8aee-39b559240d7f"},{"type":"single","resource":"elitecreatures:0b698d5b-936e-482c-b341-fe5ca07b13c4"},{"type":"single","resource":"elitecreatures:3b5f8e36-9db3-4311-839c-43496619e8bc"},{"type":"single","resource":"elitecreatures:dc647625-ed1b-4192-96f4-e837c608b794"},{"type":"single","resource":"elitecreatures:9864f805-be91-4d03-a7ec-b9fa92da8344"},{"type":"single","resource":"elitecreatures:55d15137-4d7d-44ff-b3cf-c8d325552701"},{"type":"single","resource":"hmccosmetics:7c069a7b-68e8-4e50-b0f9-1d707769b41c"},{"type":"single","resource":"hmccosmetics:4a82ae1c-7966-4987-a618-37cb2ae7cf91"},{"type":"single","resource":"96b44ef4-aedb-4ec2-a670-2e99a8b3a0e3"},{"type":"single","resource":"fb44fb94-69ff-4507-a2c7-8f41736b18e6"},{"type":"single","resource":"afe43af6-48d0-4f66-8587-1c1617e41541"},{"type":"single","resource":"77894712-54f9-45dd-b0d3-eae9fb8b0715"},{"type":"single","resource":"e522abba-5cf1-4380-8fb0-19abf572860e"},{"type":"single","resource":"c8ac2b47-c73f-4891-862f-b4be856b469f"},{"type":"single","resource":"bc216875-74d5-4707-a371-89ec37471d8a"},{"type":"single","resource":"0f595ebf-5894-4dda-8108-50afcc82fabc"},{"type":"single","resource":"d2980090-7739-4a8b-a86c-4f6d1e09208b"},{"type":"single","resource":"3de968a8-c5fd-4e81-accc-7294675b908d"},{"type":"single","resource":"52e795f4-1fe0-4173-8a7a-cce23a52ff25"},{"type":"single","resource":"3c35cf35-a553-455c-b61e-20862ddd2d03"},{"type":"single","resource":"660c1cba-a26d-4f8e-a49f-abad8ced5a5d"},{"type":"single","resource":"edeaeb6a-d2a0-4252-b987-3fb869542be7"},{"type":"single","resource":"shizuart_furnitures:e5804f06-e9e1-4dc6-b93f-17dc9ca26fba"},{"type":"single","resource":"shizuart_furnitures:3c93ea5d-80da-44ab-9d13-2d65045a9f93"},{"type":"single","resource":"75cb2b2d-85ca-4358-8dbd-89388c5e7c79"},{"type":"single","resource":"a5d45dbc-0289-4fef-b86b-4b6774bb19b7"},{"type":"single","resource":"3f90c27b-e4f7-44b8-b7ec-df7c125e4c93"},{"type":"single","resource":"7ebaddb6-a349-41c3-8ba9-a3ee4a380479"},{"type":"single","resource":"62b4f276-8b94-4fce-8fd1-9d3ff45e996b"},{"type":"single","resource":"c5456b86-c6ff-40d1-bac6-fbde3d72cb0d"},{"type":"single","resource":"843fab08-f5ae-4fac-8f77-b8cde9c0bfcf"},{"type":"single","resource":"e2e75c41-398c-442b-af70-57e78dc7c2e2"},{"type":"single","resource":"6cf114f3-71e2-476c-98ad-9360925e5331"},{"type":"single","resource":"fb25ef11-5595-4497-ba2f-720be07eee7a"},{"type":"single","resource":"43833ae7-9a9a-4d7a-a046-0caacfb8f564"},{"type":"single","resource":"18b1f2a4-1ac5-45c2-b938-72aea6b5169e"},{"type":"single","resource":"43b05e7e-e3fe-44ee-9925-7603a19de7b1"},{"type":"single","resource":"3aa31845-317a-44a5-83ac-ef4fc9680b8e"},{"type":"single","resource":"940cbe4f-d209-44b5-add1-1ead94a60033"},{"type":"single","resource":"313905f0-f6c5-486d-8c38-f4a19c8ff436"},{"type":"single","resource":"aaa62398-2c19-462a-ada1-87eea62e32b5"},{"type":"single","resource":"7b9567bc-a754-425c-b688-1319e60e4a16"},{"type":"single","resource":"9da5e033-bfb1-4253-8170-9ef050a2ca07"},{"type":"single","resource":"924e46c2-09e1-49a5-91db-590e1ad0d7ca"},{"type":"single","resource":"baebee5c-c01b-48ea-ab66-e383e68e0aea"},{"type":"single","resource":"586b9b35-dcc3-4fd1-ae6b-6785844f6504"},{"type":"single","resource":"21a8b9ce-0bbf-4baf-bbec-e602f03dd396"},{"type":"single","resource":"779d4919-28f7-4f1e-8262-117a8e600abc"},{"type":"single","resource":"a47ba0ab-73c1-4160-a7ef-c6417d2a705e"},{"type":"single","resource":"a6cb6308-2af4-4c2c-985c-86286565149c"},{"type":"single","resource":"29f3553e-7166-4e64-bb55-0a0f89b340f0"},{"type":"single","resource":"265b6d4c-2859-482d-8797-29ec2ab85671"},{"type":"single","resource":"ec2b403a-0ca0-41fb-9d35-38c1ec149d77"},{"type":"single","resource":"00cc30b4-d90f-4fe2-9237-8ea6062d8db2"},{"type":"single","resource":"812a961c-01a4-423d-aebb-cf52cf29314d"},{"type":"single","resource":"fe85aaae-c43e-49c5-a4c8-469311f91c47"},{"type":"single","resource":"6043c5cd-9bd7-4d8a-abcc-7d20ce611932"},{"type":"single","resource":"c36cee0d-106e-4fa6-8305-076d61608c94"},{"type":"single","resource":"984f1c64-79bd-4b37-9509-9e565aba0dca"},{"type":"single","resource":"afdee355-37e9-4147-bcfa-ccf6af32f1cc"},{"type":"single","resource":"4927f22e-96f6-4ebf-b5cc-cbc06158d1f7"},{"type":"single","resource":"863d55f4-9721-462a-84e2-36303526bec3"},{"type":"single","resource":"37328cf6-a132-43fe-b8a0-042b37d50c18"},{"type":"single","resource":"144cfa21-96e5-48f9-8044-10be85992a11"},{"type":"single","resource":"3fdb5fda-d4cc-4524-a6ce-6df0d8aa4816"},{"type":"single","resource":"a981e09a-a017-4fe5-ae75-d6fa957c32c1"},{"type":"single","resource":"24fe7ced-94ee-44d4-b10f-40cf7190511d"},{"type":"single","resource":"592b464d-46a7-4172-b7fa-5db419eb83a7"},{"type":"single","resource":"abc2ab39-37f7-448c-b9f6-79a2731667f7"},{"type":"single","resource":"fadf03cc-d2cc-4b6c-ad83-3016b5e52abf"},{"type":"single","resource":"f243ce47-6f0b-45bd-9737-05882b194024"},{"type":"single","resource":"443130c9-56d9-4348-9aa1-9a91717f10ee"},{"type":"single","resource":"58d2ad5a-bca8-48de-a552-eae5a0269f00"},{"type":"single","resource":"41816f29-1794-4800-b5fb-3388baac104f"},{"type":"single","resource":"1f7a4513-a368-425e-9b5e-e94ab249e51a"},{"type":"single","resource":"b2c51396-81df-4d8d-bcfe-6dadd9470b58"},{"type":"single","resource":"e28831bf-3f34-424b-b278-2b2da68f2ee0"},{"type":"single","resource":"d56585d3-bdce-411c-a467-c0f3961d2f0a"},{"type":"single","resource":"e41f9c63-01ae-4b8a-a294-64f5bc1478ec"},{"type":"single","resource":"73f906e6-481e-409e-ab12-d530af45c2aa"},{"type":"single","resource":"9ccc13f8-3211-437b-a91d-5c24dd01d2f8"},{"type":"single","resource":"9ef99f09-dd5d-49fa-ad06-5ccf789f88ab"},{"type":"single","resource":"0287f197-6f8b-4f58-a825-f4767d3df75f"},{"type":"single","resource":"44a72f11-866a-4641-9aa7-0465a5a7ea00"},{"type":"single","resource":"dc8b679b-ceff-4ef4-bf8d-4de82d8bf1a6"},{"type":"single","resource":"4a4622b4-3def-4ea5-9dc3-76207597faf3"},{"type":"single","resource":"eb656793-2d3f-49c8-9ca5-1aaf8c07e1a9"},{"type":"single","resource":"f6351a65-c63e-4cba-bd8d-0fa0a5dc66ba"},{"type":"single","resource":"23cdbcb8-5de1-4d76-a6f9-f68c92252f29"},{"type":"single","resource":"0820b9b2-d999-4bba-8b62-e7dd0299c353"},{"type":"single","resource":"3b1946df-eea6-4564-a495-01bf8fd505c8"}]}