{"parent":"item/generated","display":{"thirdperson_righthand":{"rotation":[-80.0,260.0,-40.0],"translation":[-1.0,-2.0,2.5],"scale":[0.9,0.9,0.9]},"thirdperson_lefthand":{"rotation":[-80.0,-280.0,40.0],"translation":[-1.0,-2.0,2.5],"scale":[0.9,0.9,0.9]},"firstperson_righthand":{"rotation":[0.0,-90.0,25.0],"translation":[1.13,3.2,1.13],"scale":[0.68,0.68,0.68]},"firstperson_lefthand":{"rotation":[0.0,90.0,-25.0],"translation":[1.13,3.2,1.13],"scale":[0.68,0.68,0.68]}},"textures":{"layer0":"incendium:item/trailblazer/pulling_1"}}