{"display":{"thirdperson_righthand":{"rotation":[75.0,45.0,0.0],"translation":[0.0,2.75,2.25],"scale":[0.375,0.375,0.375]},"thirdperson_lefthand":{"rotation":[75.0,45.0,0.0],"translation":[0.0,3.0,2.0],"scale":[0.375,0.375,0.375]},"firstperson_righthand":{"rotation":[0.0,75.75,0.0],"translation":[5.25,2.75,1.5],"scale":[0.4,0.4,0.4]},"firstperson_lefthand":{"rotation":[0.0,75.75,0.0],"translation":[5.25,2.75,2.0],"scale":[0.4,0.4,0.4]},"ground":{"translation":[0.0,3.0,0.0],"scale":[0.25,0.25,0.25]},"gui":{"rotation":[30.0,-135.0,0.0],"translation":[0.0,3.25,0.0],"scale":[0.91602,0.91602,0.91602]},"head":{"translation":[0.0,12.75,0.0],"scale":[0.79492,0.79492,0.79492]},"fixed":{"rotation":[-90.0,0.0,0.0],"translation":[0.0,0.0,-16.0],"scale":[2.00195,2.00195,2.00195]}},"elements":[{"from":[2.5,0.0,2.5],"to":[13.5,6.0,13.5],"rotation":{"origin":[4.5,0.0,2.5],"axis":"y","angle":0.0},"faces":{"north":{"uv":[12.25,11.0,12.9375,11.375],"texture":"#0"},"east":{"uv":[12.25,11.0,12.9375,11.375],"texture":"#0"},"south":{"uv":[12.25,11.0,12.9375,11.375],"texture":"#0"},"west":{"uv":[12.25,11.0,12.9375,11.375],"texture":"#0"},"up":{"uv":[13.0,11.4375,13.6875,12.125],"texture":"#0"},"down":{"uv":[12.25,11.4375,12.9375,12.125],"texture":"#0"}}},{"from":[12.5,6.0,12.5],"to":[3.5,4.0,3.5],"rotation":{"origin":[8.0,5.0,8.0],"axis":"y","angle":0.0},"faces":{"north":{"uv":[12.3125,12.3125,12.875,12.1875],"texture":"#0"},"east":{"uv":[12.3125,12.3125,12.875,12.1875],"texture":"#0"},"south":{"uv":[12.3125,12.3125,12.875,12.1875],"texture":"#0"},"west":{"uv":[12.3125,12.3125,12.875,12.1875],"texture":"#0"},"up":{"uv":[13.5625,12.1875,13.0,12.75],"texture":"#0","rotation":180}}},{"from":[3.5,4.0,8.5],"to":[7.5,8.0,12.5],"rotation":{"origin":[5.5,4.0,10.5],"axis":"y","angle":0.0},"faces":{"north":{"uv":[14.0625,11.4375,14.3125,11.6875],"texture":"#0"},"east":{"uv":[14.0625,11.75,14.3125,12.0],"texture":"#0"},"south":{"uv":[14.3125,11.75,14.0625,12.0],"texture":"#0"},"west":{"uv":[14.3125,11.4375,14.0625,11.6875],"texture":"#0"},"up":{"uv":[13.75,11.4375,14.0,11.6875],"texture":"#0","rotation":270},"down":{"uv":[13.75,11.75,14.0,12.0],"texture":"#0"}}},{"from":[5.0,8.02344,10.0],"to":[6.0,8.02344,11.0],"rotation":{"origin":[4.0,8.02344,9.0],"axis":"y","angle":0.0},"faces":{"up":{"uv":[14.4375,11.5,14.5,11.5625],"texture":"#0"}}},{"from":[4.83984,8.0,10.83594],"to":[6.83984,10.0,10.83594],"rotation":{"origin":[5.83984,9.0,10.83594],"axis":"y","angle":-45.0},"faces":{"north":{"uv":[14.5625,11.3125,14.4375,11.4375],"texture":"#0"},"south":{"uv":[14.4375,11.3125,14.5625,11.4375],"texture":"#0"}}},{"from":[4.5,3.0,4.0],"to":[8.5,7.0,8.0],"rotation":{"origin":[6.5,3.0,6.0],"axis":"y","angle":0.0},"faces":{"north":{"uv":[14.0625,11.4375,14.3125,11.6875],"texture":"#0"},"east":{"uv":[14.0625,11.75,14.3125,12.0],"texture":"#0"},"south":{"uv":[14.3125,11.75,14.0625,12.0],"texture":"#0"},"west":{"uv":[14.3125,11.4375,14.0625,11.6875],"texture":"#0"},"up":{"uv":[13.75,11.4375,14.0,11.6875],"texture":"#0","rotation":270},"down":{"uv":[13.75,11.75,14.0,12.0],"texture":"#0"}}},{"from":[6.0,7.02344,5.5],"to":[7.0,7.02344,6.5],"rotation":{"origin":[5.0,7.02344,4.5],"axis":"y","angle":0.0},"faces":{"up":{"uv":[14.4375,11.5,14.5,11.5625],"texture":"#0"}}},{"from":[5.83984,7.0,6.33594],"to":[7.83984,9.0,6.33594],"rotation":{"origin":[6.83984,8.0,6.33594],"axis":"y","angle":-45.0},"faces":{"north":{"uv":[14.5625,11.3125,14.4375,11.4375],"texture":"#0"},"south":{"uv":[14.4375,11.3125,14.5625,11.4375],"texture":"#0"}}},{"from":[8.5,3.0,7.0],"to":[12.5,7.0,11.0],"rotation":{"origin":[10.5,3.0,9.0],"axis":"y","angle":0.0},"faces":{"north":{"uv":[14.0625,11.4375,14.3125,11.6875],"texture":"#0"},"east":{"uv":[14.0625,11.75,14.3125,12.0],"texture":"#0"},"south":{"uv":[14.3125,11.75,14.0625,12.0],"texture":"#0"},"west":{"uv":[14.3125,11.4375,14.0625,11.6875],"texture":"#0"},"up":{"uv":[13.75,11.4375,14.0,11.6875],"texture":"#0","rotation":270},"down":{"uv":[13.75,11.75,14.0,12.0],"texture":"#0"}}},{"from":[10.0,7.02344,8.5],"to":[11.0,7.02344,9.5],"rotation":{"origin":[9.0,7.02344,7.5],"axis":"y","angle":0.0},"faces":{"up":{"uv":[14.4375,11.5,14.5,11.5625],"texture":"#0"}}},{"from":[9.83984,7.0,9.33594],"to":[11.83984,9.0,9.33594],"rotation":{"origin":[10.83984,8.0,9.33594],"axis":"y","angle":-45.0},"faces":{"north":{"uv":[14.5625,11.3125,14.4375,11.4375],"texture":"#0"},"south":{"uv":[14.4375,11.3125,14.5625,11.4375],"texture":"#0"}}}],"textures":{"particle":"shizuart_furnitures:3c93ea5d-80da-44ab-9d13-2d65045a9f93","0":"shizuart_furnitures:3c93ea5d-80da-44ab-9d13-2d65045a9f93"},"gui_light":"front"}