{"display":{"thirdperson_righthand":{"rotation":[46.5,45.0,0.0],"translation":[0.0,4.75,3.25],"scale":[0.66797,0.66797,0.66797]},"thirdperson_lefthand":{"rotation":[46.5,45.0,0.0],"translation":[0.0,4.75,3.25],"scale":[0.66797,0.66797,0.66797]},"firstperson_righthand":{"rotation":[0.0,75.75,0.0],"translation":[5.25,2.75,0.5],"scale":[0.57969,0.57969,0.57969]},"firstperson_lefthand":{"rotation":[0.0,75.75,0.0],"translation":[5.25,2.75,0.5],"scale":[0.57969,0.57969,0.57969]},"ground":{"translation":[0.0,3.0,0.0],"scale":[0.25,0.25,0.25]},"gui":{"rotation":[30.0,-135.0,0.0],"translation":[0.25,3.25,0.0],"scale":[1.10938,1.10938,1.10938]},"head":{"translation":[0.0,12.75,0.0],"scale":[0.79492,0.79492,0.79492]},"fixed":{"rotation":[-90.0,0.0,0.0],"translation":[0.0,0.0,-16.0],"scale":[2.00195,2.00195,2.00195]}},"elements":[{"from":[5.0,0.0,5.0],"to":[11.0,7.0,11.0],"rotation":{"origin":[5.0,0.0,5.0],"axis":"y","angle":0.0},"faces":{"north":{"uv":[14.6875,11.3125,15.0625,11.75],"texture":"#0"},"east":{"uv":[15.0625,11.3125,14.6875,11.75],"texture":"#0"},"south":{"uv":[14.6875,11.3125,15.0625,11.75],"texture":"#0"},"west":{"uv":[15.0625,11.3125,14.6875,11.75],"texture":"#0"},"up":{"uv":[14.6875,11.3125,15.0625,11.6875],"texture":"#0"},"down":{"uv":[14.5,12.25,14.875,12.625],"texture":"#0","rotation":90}}},{"from":[11.0,7.0,11.0],"to":[5.0,0.11719,5.0],"rotation":{"origin":[5.0,0.0,5.0],"axis":"y","angle":0.0},"faces":{"north":{"uv":[14.6875,11.75,15.0625,11.3125],"texture":"#0"},"east":{"uv":[15.0625,11.75,14.6875,11.3125],"texture":"#0"},"south":{"uv":[14.6875,11.75,15.0625,11.3125],"texture":"#0"},"west":{"uv":[15.0625,11.75,14.6875,11.3125],"texture":"#0"},"up":{"uv":[14.5,12.625,14.875,12.25],"texture":"#0","rotation":90},"down":{"uv":[15.0625,11.3125,14.6875,11.6875],"texture":"#0"}}},{"from":[5.1,0.06094,5.1],"to":[10.9,6.86094,10.9],"rotation":{"origin":[5.0,-0.03906,5.0],"axis":"y","angle":0.0},"faces":{"north":{"uv":[14.9375,11.8125,15.3125,12.25],"texture":"#0"},"east":{"uv":[15.3125,11.8125,14.9375,12.25],"texture":"#0"},"south":{"uv":[14.9375,11.8125,15.3125,12.25],"texture":"#0"},"west":{"uv":[15.3125,11.8125,14.9375,12.25],"texture":"#0"},"up":{"uv":[14.9375,11.84375,15.3125,12.21875],"texture":"#0"},"down":{"uv":[14.9375,11.84375,15.3125,12.21875],"texture":"#0","rotation":90}}},{"from":[5.0,7.0,5.0],"to":[11.0,9.0,11.0],"rotation":{"origin":[5.0,7.0,5.0],"axis":"y","angle":0.0},"faces":{"north":{"uv":[15.375,12.25,15.75,12.375],"texture":"#0"},"east":{"uv":[15.375,12.25,15.75,12.375],"texture":"#0"},"south":{"uv":[15.375,12.25,15.75,12.375],"texture":"#0"},"west":{"uv":[15.375,12.25,15.75,12.375],"texture":"#0"},"up":{"uv":[15.375,11.8125,15.75,12.1875],"texture":"#0"},"down":{"uv":[15.375,11.8125,15.75,12.1875],"texture":"#0"}}},{"from":[4.9,6.9,4.9],"to":[11.1,8.1,11.1],"rotation":{"origin":[5.0,7.0,5.0],"axis":"y","angle":0.0},"faces":{"north":{"uv":[15.375,12.4375,15.75,12.5],"texture":"#0"},"east":{"uv":[15.375,12.4375,15.75,12.5],"texture":"#0"},"south":{"uv":[15.375,12.4375,15.75,12.5],"texture":"#0"},"west":{"uv":[15.375,12.4375,15.75,12.5],"texture":"#0"}}},{"from":[5.1,3.9,4.9],"to":[11.1,6.9,4.9],"rotation":{"origin":[8.1,6.9,4.9],"axis":"x","angle":22.5},"faces":{"north":{"uv":[15.8125,12.1875,16.0,12.5625],"texture":"#0","rotation":90},"south":{"uv":[15.8125,12.5625,16.0,12.1875],"texture":"#0","rotation":90}}},{"from":[6.0,1.0,8.0],"to":[8.0,4.0,10.0],"rotation":{"origin":[7.0,2.5,9.0],"axis":"x","angle":-22.5},"faces":{"north":{"uv":[14.75,11.875,14.875,12.0625],"texture":"#0"},"east":{"uv":[14.75,11.875,14.8125,12.0625],"texture":"#0"},"south":{"uv":[14.75,11.875,14.8125,12.0625],"texture":"#0"},"west":{"uv":[14.875,11.875,14.75,12.0625],"texture":"#0"},"up":{"uv":[14.75,11.875,14.875,12.0],"texture":"#0","rotation":270},"down":{"uv":[14.5625,12.0625,14.6875,12.1875],"texture":"#0"}}},{"from":[8.55078,1.0,6.0],"to":[10.55078,4.0,8.0],"rotation":{"origin":[9.55078,2.5,7.0],"axis":"x","angle":0.0},"faces":{"north":{"uv":[14.75,11.875,14.875,12.0625],"texture":"#0"},"east":{"uv":[14.75,11.875,14.8125,12.0625],"texture":"#0"},"south":{"uv":[14.75,11.875,14.8125,12.0625],"texture":"#0"},"west":{"uv":[14.875,11.875,14.75,12.0625],"texture":"#0"},"up":{"uv":[14.75,11.875,14.875,12.0],"texture":"#0","rotation":270},"down":{"uv":[14.5625,12.0625,14.6875,12.1875],"texture":"#0"}}},{"from":[6.55078,4.5,7.0],"to":[9.55078,6.5,9.0],"rotation":{"origin":[8.05078,5.5,8.0],"axis":"z","angle":-22.5},"faces":{"north":{"uv":[14.75,11.875,14.875,12.0625],"texture":"#0","rotation":90},"east":{"uv":[14.5625,12.0625,14.6875,12.1875],"texture":"#0","rotation":270},"south":{"uv":[14.75,11.875,14.8125,12.0625],"texture":"#0","rotation":270},"west":{"uv":[14.75,11.875,14.875,12.0],"texture":"#0","rotation":180},"up":{"uv":[14.75,11.875,14.8125,12.0625],"texture":"#0","rotation":270},"down":{"uv":[14.875,11.875,14.75,12.0625],"texture":"#0","rotation":270}}}],"textures":{"particle":"shizuart_furnitures:3c93ea5d-80da-44ab-9d13-2d65045a9f93","0":"shizuart_furnitures:3c93ea5d-80da-44ab-9d13-2d65045a9f93"},"gui_light":"front"}