{"display":{"thirdperson_righthand":{"translation":[0.0,6.5,1.0],"scale":[0.90039,0.90039,0.90039]},"thirdperson_lefthand":{"translation":[0.0,6.5,1.0],"scale":[0.90039,0.90039,0.90039]},"firstperson_righthand":{"rotation":[0.0,75.75,0.0],"translation":[3.5,5.25,1.5],"scale":[0.59531,0.59531,0.59531]},"firstperson_lefthand":{"rotation":[0.0,75.75,0.0],"translation":[3.5,5.25,1.5],"scale":[0.59531,0.59531,0.59531]},"ground":{"translation":[0.0,3.5,0.0],"scale":[0.54492,0.54492,0.54492]},"gui":{"rotation":[30.0,-135.0,0.0],"translation":[0.25,8.5,0.0],"scale":[1.79687,1.79687,1.79687]},"head":{"translation":[0.0,12.75,0.0],"scale":[0.79492,0.79492,0.79492]},"fixed":{"rotation":[-90.0,0.0,0.0],"translation":[0.0,0.0,-16.0],"scale":[2.00195,2.00195,2.00195]}},"elements":[{"from":[5.60938,0.0,6.54489],"to":[10.60938,4.0,9.54489],"rotation":{"origin":[8.10938,3.75,7.54489],"axis":"y","angle":0.0},"faces":{"north":{"uv":[13.9375,7.625,14.25,7.875],"texture":"#0"},"east":{"uv":[13.9375,7.0,14.125,7.25],"texture":"#0"},"south":{"uv":[13.9375,7.3125,14.25,7.5625],"texture":"#0"},"west":{"uv":[14.5,7.625,14.3125,7.875],"texture":"#0"},"up":{"uv":[13.9375,8.125,14.25,7.9375],"texture":"#0","rotation":180},"down":{"uv":[13.9375,8.1875,14.25,8.375],"texture":"#0"}}},{"from":[5.50938,0.9,6.44489],"to":[10.70938,3.1,7.64489],"rotation":{"origin":[8.10938,3.75,7.54489],"axis":"y","angle":0.0},"faces":{"north":{"uv":[14.3125,7.9375,14.625,8.0625],"texture":"#0"},"east":{"uv":[14.3125,7.9375,14.375,8.0625],"texture":"#0"},"west":{"uv":[14.3125,7.9375,14.375,8.0625],"texture":"#0"}}},{"from":[7.10938,4.0,7.04489],"to":[9.10938,6.0,9.04489],"rotation":{"origin":[8.10938,3.75,7.54489],"axis":"y","angle":0.0},"faces":{"north":{"uv":[14.5,8.125,14.625,8.25],"texture":"#0"},"east":{"uv":[14.3125,8.125,14.4375,8.25],"texture":"#0"},"south":{"uv":[14.3125,8.125,14.4375,8.25],"texture":"#0"},"west":{"uv":[14.625,8.125,14.5,8.25],"texture":"#0"},"up":{"uv":[14.6875,8.125,14.8125,8.25],"texture":"#0"}}},{"from":[7.05938,4.95,6.99489],"to":[9.15937,6.05,9.09489],"rotation":{"origin":[8.10938,3.75,7.54489],"axis":"y","angle":0.0},"faces":{"north":{"uv":[14.5,8.125,14.625,8.1875],"texture":"#0"},"east":{"uv":[14.3125,8.125,14.4375,8.1875],"texture":"#0"},"south":{"uv":[14.3125,8.125,14.4375,8.1875],"texture":"#0"},"west":{"uv":[14.625,8.125,14.5,8.1875],"texture":"#0"},"up":{"uv":[14.6875,8.125,14.8125,8.25],"texture":"#0"}}}],"textures":{"particle":"shizuart_furnitures:82571230-e9df-4c52-864e-1ddb958e1dd5","0":"shizuart_furnitures:82571230-e9df-4c52-864e-1ddb958e1dd5"},"gui_light":"front"}