{"display":{"thirdperson_righthand":{"rotation":[75.0,45.0,0.0],"translation":[1.25,2.25,3.0],"scale":[0.375,0.375,0.375]},"thirdperson_lefthand":{"rotation":[75.0,45.0,0.0],"translation":[2.0,1.75,3.25],"scale":[0.375,0.375,0.375]},"firstperson_righthand":{"rotation":[0.0,75.75,0.0],"translation":[5.25,2.75,1.5],"scale":[0.4,0.4,0.4]},"firstperson_lefthand":{"rotation":[0.0,75.75,0.0],"translation":[5.25,2.75,2.0],"scale":[0.4,0.4,0.4]},"ground":{"translation":[0.0,3.0,0.0],"scale":[0.25,0.25,0.25]},"gui":{"rotation":[30.0,-135.0,0.0],"translation":[-0.25,4.75,0.0],"scale":[1.01953,1.01953,1.01953]},"head":{"translation":[0.0,12.75,0.0],"scale":[0.79492,0.79492,0.79492]},"fixed":{"rotation":[-90.0,0.0,0.0],"translation":[0.0,0.0,-16.0],"scale":[2.00195,2.00195,2.00195]}},"elements":[{"from":[3.5,4.5,6.5],"to":[4.5,7.5,8.5],"rotation":{"origin":[4.0,6.25,7.25],"axis":"y","angle":0.0},"faces":{"north":{"uv":[10.25,6.875,10.3125,7.0625],"texture":"#0"},"east":{"uv":[10.1875,6.875,10.3125,7.0625],"texture":"#0"},"south":{"uv":[10.1875,6.875,10.25,7.0625],"texture":"#0"},"west":{"uv":[10.3125,6.875,10.1875,7.0625],"texture":"#0"},"up":{"uv":[10.1875,7.125,10.3125,7.1875],"texture":"#0","rotation":270},"down":{"uv":[10.1875,7.0,10.3125,7.0625],"texture":"#0","rotation":90}}},{"from":[2.51563,7.5,6.5],"to":[5.5,8.5,9.5],"rotation":{"origin":[2.5,6.5,6.5],"axis":"y","angle":0.0},"faces":{"north":{"uv":[10.1875,7.125,10.37402,7.1875],"texture":"#0"},"east":{"uv":[10.1875,7.125,10.25,7.3125],"texture":"#0","rotation":90},"south":{"uv":[10.1875,7.25,10.37402,7.3125],"texture":"#0"},"west":{"uv":[10.3125,7.125,10.375,7.3125],"texture":"#0","rotation":90},"up":{"uv":[10.1875,7.125,10.37402,7.3125],"texture":"#0"},"down":{"uv":[10.37402,7.3125,10.1875,7.125],"texture":"#0"}}},{"from":[4.5,7.5,7.5],"to":[3.5,5.5,6.5],"rotation":{"origin":[4.0,6.25,7.25],"axis":"y","angle":0.0},"faces":{"north":{"uv":[10.1875,7.0,10.25,6.875],"texture":"#0"},"up":{"uv":[10.3125,7.0,10.25,7.0625],"texture":"#0","rotation":270}}},{"from":[1.0,-0.5,4.5],"to":[7.0,4.5,9.5],"rotation":{"origin":[4.25,3.75,7.0],"axis":"z","angle":22.5},"faces":{"north":{"uv":[10.8125,8.625,11.125,9.0],"texture":"#0","rotation":270},"east":{"uv":[11.1875,9.0625,11.5,9.375],"texture":"#0","rotation":90},"south":{"uv":[10.8125,8.625,11.125,9.0],"texture":"#0","rotation":90},"west":{"uv":[10.8125,9.0625,11.125,9.375],"texture":"#0","rotation":90},"up":{"uv":[10.8125,8.625,11.125,9.0],"texture":"#0","rotation":90},"down":{"uv":[10.8125,8.625,11.125,9.0],"texture":"#0","rotation":90}}},{"from":[2.0,4.5,7.0],"to":[6.0,6.5,7.0],"rotation":{"origin":[4.25,3.75,7.0],"axis":"z","angle":22.5},"faces":{"north":{"uv":[11.1875,8.6875,11.3125,8.9375],"texture":"#0","rotation":270},"south":{"uv":[11.3125,8.6875,11.1875,8.9375],"texture":"#0","rotation":90}}},{"from":[7.0,3.5,8.5],"to":[2.0,0.5,5.5],"rotation":{"origin":[4.25,3.75,7.0],"axis":"z","angle":22.5},"faces":{"north":{"uv":[11.4375,8.9375,11.625,8.625],"texture":"#0","rotation":270},"east":{"uv":[11.0625,9.125,10.875,9.3125],"texture":"#0","rotation":90},"south":{"uv":[11.4375,8.9375,11.625,8.625],"texture":"#0","rotation":90},"up":{"uv":[11.4375,8.9375,11.625,8.625],"texture":"#0","rotation":90},"down":{"uv":[11.4375,8.9375,11.625,8.625],"texture":"#0","rotation":90}}},{"from":[11.5,4.5,6.5],"to":[12.5,7.5,8.5],"rotation":{"origin":[12.0,6.25,7.25],"axis":"y","angle":0.0},"faces":{"north":{"uv":[10.25,6.875,10.3125,7.0625],"texture":"#0"},"east":{"uv":[10.1875,6.875,10.3125,7.0625],"texture":"#0"},"south":{"uv":[10.1875,6.875,10.25,7.0625],"texture":"#0"},"west":{"uv":[10.3125,6.875,10.1875,7.0625],"texture":"#0"},"up":{"uv":[10.1875,7.125,10.3125,7.1875],"texture":"#0","rotation":270},"down":{"uv":[10.1875,7.0,10.3125,7.0625],"texture":"#0","rotation":90}}},{"from":[10.51563,7.5,6.5],"to":[13.5,8.5,9.5],"rotation":{"origin":[10.5,6.5,6.5],"axis":"y","angle":0.0},"faces":{"north":{"uv":[10.1875,7.125,10.37402,7.1875],"texture":"#0"},"east":{"uv":[10.1875,7.125,10.25,7.3125],"texture":"#0","rotation":90},"south":{"uv":[10.1875,7.25,10.37402,7.3125],"texture":"#0"},"west":{"uv":[10.3125,7.125,10.375,7.3125],"texture":"#0","rotation":90},"up":{"uv":[10.1875,7.125,10.37402,7.3125],"texture":"#0"},"down":{"uv":[10.37402,7.3125,10.1875,7.125],"texture":"#0"}}},{"from":[12.5,7.5,7.5],"to":[11.5,5.5,6.5],"rotation":{"origin":[12.0,6.25,7.25],"axis":"y","angle":0.0},"faces":{"north":{"uv":[10.1875,7.0,10.25,6.875],"texture":"#0"},"up":{"uv":[10.3125,7.0,10.25,7.0625],"texture":"#0","rotation":270}}},{"from":[9.0,-0.5,4.5],"to":[15.0,4.5,9.5],"rotation":{"origin":[12.25,3.75,7.0],"axis":"z","angle":22.5},"faces":{"north":{"uv":[11.75,8.625,12.0625,9.0],"texture":"#0","rotation":270},"east":{"uv":[12.125,9.0625,12.4375,9.375],"texture":"#0","rotation":90},"south":{"uv":[11.75,8.625,12.0625,9.0],"texture":"#0","rotation":90},"west":{"uv":[11.75,9.0625,12.0625,9.375],"texture":"#0","rotation":90},"up":{"uv":[11.75,8.625,12.0625,9.0],"texture":"#0","rotation":90},"down":{"uv":[11.75,8.625,12.0625,9.0],"texture":"#0","rotation":90}}},{"from":[10.0,4.5,7.0],"to":[14.0,6.5,7.0],"rotation":{"origin":[12.25,3.75,7.0],"axis":"z","angle":22.5},"faces":{"north":{"uv":[11.1875,8.6875,11.3125,8.9375],"texture":"#0","rotation":270},"south":{"uv":[11.3125,8.6875,11.1875,8.9375],"texture":"#0","rotation":90}}},{"from":[15.0,3.5,8.5],"to":[10.0,0.5,5.5],"rotation":{"origin":[12.25,3.75,7.0],"axis":"z","angle":22.5},"faces":{"north":{"uv":[12.375,8.9375,12.5625,8.625],"texture":"#0","rotation":270},"east":{"uv":[12.0,9.125,11.8125,9.3125],"texture":"#0","rotation":90},"south":{"uv":[12.375,8.9375,12.5625,8.625],"texture":"#0","rotation":90},"up":{"uv":[12.375,8.9375,12.5625,8.625],"texture":"#0","rotation":90},"down":{"uv":[12.375,8.9375,12.5625,8.625],"texture":"#0","rotation":90}}}],"textures":{"particle":"shizuart_furnitures:de6e3b21-159e-40d0-9197-3665f87be742","0":"shizuart_furnitures:de6e3b21-159e-40d0-9197-3665f87be742"},"gui_light":"front"}