{"display":{"thirdperson_righthand":{"rotation":[75.0,45.0,0.0],"translation":[0.25,10.5,0.0],"scale":[0.375,0.375,0.375]},"thirdperson_lefthand":{"rotation":[75.0,45.0,0.0],"translation":[-3.75,6.25,1.75],"scale":[0.375,0.375,0.375]},"firstperson_righthand":{"rotation":[0.0,75.75,0.0],"translation":[5.25,2.75,-1.0],"scale":[0.4,0.4,0.4]},"firstperson_lefthand":{"rotation":[0.0,75.75,0.0],"translation":[5.25,2.75,2.0],"scale":[0.4,0.4,0.4]},"ground":{"translation":[2.0,3.0,-1.75],"scale":[0.25,0.25,0.25]},"gui":{"rotation":[30.0,-135.0,0.0],"translation":[0.25,-4.0,0.0],"scale":[0.31641,0.31641,0.31641]},"head":{"translation":[0.0,12.75,0.0],"scale":[0.79492,0.79492,0.79492]},"fixed":{"rotation":[-90.0,0.0,0.0],"translation":[0.0,0.0,-16.0],"scale":[2.00195,2.00195,2.00195]}},"elements":[{"from":[-11.5,5.0,30.0],"to":[11.5,28.0,32.0],"rotation":{"origin":[5.0,11.5,10.0],"axis":"x","angle":0.0},"faces":{"east":{"uv":[12.75,14.3125,14.1875,14.4375],"texture":"#0","rotation":90},"south":{"uv":[12.75,14.3125,14.1875,15.75],"texture":"#0"},"west":{"uv":[12.75,14.3125,14.1875,14.4375],"texture":"#0","rotation":270},"up":{"uv":[12.75,14.3125,14.1875,14.4375],"texture":"#0"},"down":{"uv":[12.75,14.3125,14.1875,14.4375],"texture":"#0","rotation":180}}},{"from":[-11.5,5.0,2.0],"to":[11.5,28.0,4.0],"rotation":{"origin":[5.0,11.5,10.0],"axis":"x","angle":0.0},"faces":{"north":{"uv":[14.5,14.3125,15.9375,12.875],"texture":"#0","rotation":180},"east":{"uv":[14.5,12.875,14.625,14.3125],"texture":"#0"},"south":{"uv":[5.1875,13.125,6.625,14.5625],"texture":"#0"},"west":{"uv":[15.8125,12.875,15.9375,14.3125],"texture":"#0","rotation":180},"up":{"uv":[14.5,12.875,15.9375,13.0],"texture":"#0"},"down":{"uv":[14.5,14.1875,15.9375,14.3125],"texture":"#0","rotation":180}}},{"from":[-12.5,4.0,4.0],"to":[12.5,29.0,30.0],"rotation":{"origin":[5.0,11.5,10.0],"axis":"x","angle":0.0},"faces":{"north":{"uv":[6.125,13.6875,7.6875,15.25],"texture":"#0","rotation":180},"east":{"uv":[16.0,16.0,14.375,14.4375],"texture":"#0"},"south":{"uv":[9.4375,13.6875,11.0,15.25],"texture":"#0"},"west":{"uv":[16.0,16.0,14.375,14.4375],"texture":"#0","rotation":180},"up":{"uv":[14.375,14.4375,16.0,16.0],"texture":"#0","rotation":90},"down":{"uv":[14.375,16.0,16.0,14.4375],"texture":"#0","rotation":270}}},{"from":[-12.7,3.8,3.8],"to":[12.7,29.2,30.2],"rotation":{"origin":[5.0,11.5,10.0],"axis":"x","angle":0.0},"faces":{"north":{"uv":[11.0625,12.625,12.625,14.1875],"texture":"#0","rotation":180},"east":{"uv":[5.0625,16.0,3.4375,14.4375],"texture":"#0"},"south":{"uv":[11.0625,14.25,12.625,15.8125],"texture":"#0"},"west":{"uv":[5.0625,16.0,3.4375,14.4375],"texture":"#0","rotation":180},"up":{"uv":[3.4375,14.4375,5.0625,16.0],"texture":"#0","rotation":90},"down":{"uv":[3.4375,16.0,5.0625,14.4375],"texture":"#0","rotation":270}}},{"from":[11.0,1.0,3.0],"to":[13.0,3.0,31.0],"rotation":{"origin":[11.0,1.0,3.0],"axis":"y","angle":0.0},"faces":{"north":{"uv":[5.25,15.8125,5.3125,15.9375],"texture":"#0"},"east":{"uv":[5.25,15.8125,7.0,15.9375],"texture":"#0"},"south":{"uv":[5.25,15.8125,5.3125,15.9375],"texture":"#0"},"west":{"uv":[5.25,15.8125,7.0,15.9375],"texture":"#0"},"up":{"uv":[5.25,15.8125,7.0,15.875],"texture":"#0","rotation":90},"down":{"uv":[5.25,15.875,7.0,15.9375],"texture":"#0","rotation":90}}},{"from":[-13.0,1.0,3.0],"to":[-11.0,3.0,31.0],"rotation":{"origin":[-13.0,1.0,3.0],"axis":"y","angle":0.0},"faces":{"north":{"uv":[5.25,15.8125,5.3125,15.9375],"texture":"#0"},"east":{"uv":[5.25,15.8125,7.0,15.9375],"texture":"#0"},"south":{"uv":[5.25,15.8125,5.3125,15.9375],"texture":"#0"},"west":{"uv":[5.25,15.8125,7.0,15.9375],"texture":"#0"},"up":{"uv":[5.25,15.8125,7.0,15.875],"texture":"#0","rotation":90},"down":{"uv":[5.25,15.875,7.0,15.9375],"texture":"#0","rotation":90}}},{"from":[-14.0,0.0,4.5],"to":[14.0,5.0,7.5],"rotation":{"origin":[9.0,0.0,4.5],"axis":"y","angle":0.0},"faces":{"north":{"uv":[5.25,15.375,7.0,15.6875],"texture":"#0"},"east":{"uv":[5.25,15.375,5.3125,15.6875],"texture":"#0"},"south":{"uv":[5.25,15.375,7.0,15.6875],"texture":"#0"},"west":{"uv":[5.25,15.375,5.3125,15.6875],"texture":"#0"},"up":{"uv":[5.25,15.375,7.0,15.4375],"texture":"#0"},"down":{"uv":[5.25,15.625,7.0,15.6875],"texture":"#0"}}},{"from":[10.0,2.0,7.5],"to":[-10.0,0.0,4.5],"rotation":{"origin":[-10.0,0.0,4.5],"axis":"y","angle":0.0},"faces":{"east":{"uv":[5.4375,15.6875,5.5,15.5625],"texture":"#0"},"west":{"uv":[5.4375,15.6875,5.5,15.5625],"texture":"#0"},"down":{"uv":[6.75,15.5,5.5,15.5625],"texture":"#0"}}},{"from":[14.0,5.0,7.5],"to":[-14.0,0.0,4.5],"rotation":{"origin":[9.0,0.0,4.5],"axis":"y","angle":0.0},"faces":{"north":{"uv":[5.25,15.6875,7.0,15.375],"texture":"#0"},"east":{"uv":[5.25,15.6875,5.3125,15.375],"texture":"#0"},"south":{"uv":[5.25,15.6875,7.0,15.375],"texture":"#0"},"west":{"uv":[5.25,15.6875,5.3125,15.375],"texture":"#0"},"up":{"uv":[7.0,15.625,5.25,15.6875],"texture":"#0"},"down":{"uv":[7.0,15.375,5.25,15.4375],"texture":"#0"}}},{"from":[-14.0,0.0,26.5],"to":[14.0,5.0,29.5],"rotation":{"origin":[9.0,0.0,26.5],"axis":"y","angle":0.0},"faces":{"north":{"uv":[5.25,15.375,7.0,15.6875],"texture":"#0"},"east":{"uv":[5.25,15.375,5.3125,15.6875],"texture":"#0"},"south":{"uv":[5.25,15.375,7.0,15.6875],"texture":"#0"},"west":{"uv":[5.25,15.375,5.3125,15.6875],"texture":"#0"},"up":{"uv":[5.25,15.375,7.0,15.4375],"texture":"#0"},"down":{"uv":[5.25,15.625,7.0,15.6875],"texture":"#0"}}},{"from":[14.0,5.0,29.5],"to":[-14.0,0.0,26.5],"rotation":{"origin":[9.0,0.0,26.5],"axis":"y","angle":0.0},"faces":{"north":{"uv":[5.25,15.6875,7.0,15.375],"texture":"#0"},"east":{"uv":[5.25,15.6875,5.3125,15.375],"texture":"#0"},"south":{"uv":[5.25,15.6875,7.0,15.375],"texture":"#0"},"west":{"uv":[5.25,15.6875,5.3125,15.375],"texture":"#0"},"up":{"uv":[7.0,15.625,5.25,15.6875],"texture":"#0"},"down":{"uv":[7.0,15.375,5.25,15.4375],"texture":"#0"}}},{"from":[10.0,2.0,29.5],"to":[-10.0,0.0,26.5],"rotation":{"origin":[-10.0,0.0,26.5],"axis":"y","angle":0.0},"faces":{"east":{"uv":[5.4375,15.6875,5.5,15.5625],"texture":"#0"},"west":{"uv":[5.4375,15.6875,5.5,15.5625],"texture":"#0"},"down":{"uv":[6.75,15.5,5.5,15.5625],"texture":"#0"}}}],"textures":{"particle":"shizuart_furnitures:3c93ea5d-80da-44ab-9d13-2d65045a9f93","0":"shizuart_furnitures:3c93ea5d-80da-44ab-9d13-2d65045a9f93"},"gui_light":"front"}