{"display":{"thirdperson_righthand":{"rotation":[75.0,45.0,0.0],"translation":[0.0,2.5,3.25],"scale":[0.375,0.375,0.375]},"thirdperson_lefthand":{"rotation":[75.0,45.0,0.0],"translation":[0.0,2.75,3.25],"scale":[0.375,0.375,0.375]},"firstperson_righthand":{"rotation":[0.0,75.75,0.0],"translation":[5.25,2.75,1.5],"scale":[0.4,0.4,0.4]},"firstperson_lefthand":{"rotation":[0.0,75.75,0.0],"translation":[5.25,2.75,2.0],"scale":[0.4,0.4,0.4]},"ground":{"translation":[0.0,3.0,0.0],"scale":[0.25,0.25,0.25]},"gui":{"rotation":[30.0,-135.0,0.0],"translation":[0.25,1.25,0.0],"scale":[0.81836,0.81836,0.81836]},"head":{"translation":[0.0,12.75,0.0],"scale":[0.79492,0.79492,0.79492]},"fixed":{"rotation":[-90.0,0.0,0.0],"translation":[0.0,0.0,-16.0],"scale":[2.00195,2.00195,2.00195]}},"elements":[{"from":[10.5,0.0,3.5],"to":[12.5,9.0,5.5],"rotation":{"origin":[10.5,0.0,3.5],"axis":"y","angle":0.0},"faces":{"north":{"uv":[7.25,2.5,7.375,3.0625],"texture":"#0"},"east":{"uv":[7.375,2.5,7.25,3.0625],"texture":"#0"},"south":{"uv":[7.1875,2.5,7.0625,3.0625],"texture":"#0"},"west":{"uv":[7.0625,2.5,7.1875,3.0625],"texture":"#0"}}},{"from":[10.4,-0.1,3.4],"to":[12.6,2.1,5.6],"rotation":{"origin":[10.5,0.0,3.5],"axis":"y","angle":0.0},"faces":{"north":{"uv":[7.0625,3.125,7.1875,3.25],"texture":"#0"},"east":{"uv":[7.0625,3.125,7.1875,3.25],"texture":"#0"},"south":{"uv":[7.1875,3.125,7.0625,3.25],"texture":"#0"},"west":{"uv":[7.0625,3.125,7.1875,3.25],"texture":"#0"},"down":{"uv":[7.0625,3.1875,7.1875,3.25],"texture":"#0"}}},{"from":[3.4,-0.1,3.4],"to":[5.6,2.1,5.6],"rotation":{"origin":[5.5,0.0,3.5],"axis":"y","angle":0.0},"faces":{"north":{"uv":[7.1875,3.125,7.0625,3.25],"texture":"#0"},"east":{"uv":[7.1875,3.125,7.0625,3.25],"texture":"#0"},"south":{"uv":[7.0625,3.125,7.1875,3.25],"texture":"#0"},"west":{"uv":[7.1875,3.125,7.0625,3.25],"texture":"#0"},"down":{"uv":[7.1875,3.1875,7.0625,3.25],"texture":"#0"}}},{"from":[3.5,0.0,3.5],"to":[5.5,9.0,5.5],"rotation":{"origin":[5.5,0.0,3.5],"axis":"y","angle":0.0},"faces":{"north":{"uv":[7.375,2.5,7.25,3.0625],"texture":"#0"},"east":{"uv":[7.1875,2.5,7.0625,3.0625],"texture":"#0"},"south":{"uv":[7.0625,2.5,7.1875,3.0625],"texture":"#0"},"west":{"uv":[7.25,2.5,7.375,3.0625],"texture":"#0"}}},{"from":[3.4,-0.1,10.4],"to":[5.6,2.1,12.6],"rotation":{"origin":[5.5,0.0,12.5],"axis":"y","angle":0.0},"faces":{"north":{"uv":[7.1875,3.125,7.0625,3.25],"texture":"#0"},"east":{"uv":[7.0625,3.125,7.1875,3.25],"texture":"#0"},"south":{"uv":[7.0625,3.125,7.1875,3.25],"texture":"#0"},"west":{"uv":[7.0625,3.125,7.1875,3.25],"texture":"#0"},"down":{"uv":[7.1875,3.25,7.0625,3.1875],"texture":"#0"}}},{"from":[3.5,0.0,10.5],"to":[5.5,9.0,12.5],"rotation":{"origin":[5.5,0.0,12.5],"axis":"y","angle":0.0},"faces":{"north":{"uv":[7.1875,2.5,7.0625,3.0625],"texture":"#0"},"east":{"uv":[7.0625,2.5,7.1875,3.0625],"texture":"#0"},"south":{"uv":[7.25,2.5,7.375,3.0625],"texture":"#0"},"west":{"uv":[7.375,2.5,7.25,3.0625],"texture":"#0"}}},{"from":[10.4,-0.1,10.4],"to":[12.6,2.1,12.6],"rotation":{"origin":[10.5,0.0,12.5],"axis":"y","angle":0.0},"faces":{"north":{"uv":[7.0625,3.125,7.1875,3.25],"texture":"#0"},"east":{"uv":[7.1875,3.125,7.0625,3.25],"texture":"#0"},"south":{"uv":[7.1875,3.125,7.0625,3.25],"texture":"#0"},"west":{"uv":[7.1875,3.125,7.0625,3.25],"texture":"#0"},"down":{"uv":[7.0625,3.25,7.1875,3.1875],"texture":"#0"}}},{"from":[10.5,0.0,10.5],"to":[12.5,9.0,12.5],"rotation":{"origin":[10.5,0.0,12.5],"axis":"y","angle":0.0},"faces":{"north":{"uv":[7.0625,2.5,7.1875,3.0625],"texture":"#0"},"east":{"uv":[7.25,2.5,7.375,3.0625],"texture":"#0"},"south":{"uv":[7.375,2.5,7.25,3.0625],"texture":"#0"},"west":{"uv":[7.1875,2.5,7.0625,3.0625],"texture":"#0"}}},{"from":[3.0,9.0,3.0],"to":[13.0,11.0,13.0],"rotation":{"origin":[8.5,10.0,3.0],"axis":"y","angle":0.0},"faces":{"north":{"uv":[6.0625,1.875,5.4375,1.75],"texture":"#0"},"east":{"uv":[6.8125,1.75,6.9375,2.375],"texture":"#0","rotation":90},"south":{"uv":[6.125,1.875,6.75,1.75],"texture":"#0"},"west":{"uv":[6.8125,2.375,6.9375,1.75],"texture":"#0","rotation":90},"up":{"uv":[6.3125,1.0625,6.9375,1.6875],"texture":"#0"},"down":{"uv":[5.625,1.0625,6.25,1.6875],"texture":"#0"}}},{"from":[4.5,0.0,4.5],"to":[11.5,9.0,11.5],"rotation":{"origin":[4.5,0.0,4.5],"axis":"y","angle":0.0},"faces":{"north":{"uv":[5.4375,0.0,5.875,0.5625],"texture":"#0"},"east":{"uv":[5.4375,0.0,5.875,0.5625],"texture":"#0"},"south":{"uv":[5.4375,0.0,5.875,0.5625],"texture":"#0"},"west":{"uv":[5.4375,0.0,5.875,0.5625],"texture":"#0"}}},{"from":[11.5,9.0,11.5],"to":[4.5,0.0,4.5],"rotation":{"origin":[4.5,0.0,4.5],"axis":"y","angle":0.0},"faces":{"north":{"uv":[5.4375,0.5625,5.875,0.0],"texture":"#0"},"east":{"uv":[5.4375,0.5625,5.875,0.0],"texture":"#0"},"south":{"uv":[5.4375,0.5625,5.875,0.0],"texture":"#0"},"west":{"uv":[5.4375,0.5625,5.875,0.0],"texture":"#0"}}}],"textures":{"particle":"shizuart_furnitures:82571230-e9df-4c52-864e-1ddb958e1dd5","0":"shizuart_furnitures:82571230-e9df-4c52-864e-1ddb958e1dd5"}}