{"display":{"thirdperson_righthand":{"rotation":[75.0,45.0,0.0],"translation":[4.25,6.25,-3.0],"scale":[0.375,0.375,0.375]},"thirdperson_lefthand":{"rotation":[75.0,45.0,0.0],"translation":[0.25,3.25,-2.25],"scale":[0.375,0.375,0.375]},"firstperson_righthand":{"rotation":[0.0,75.75,0.0],"translation":[5.25,-1.25,1.5],"scale":[0.4,0.4,0.4]},"firstperson_lefthand":{"rotation":[0.0,75.75,0.0],"translation":[5.25,-1.0,2.0],"scale":[0.4,0.4,0.4]},"ground":{"translation":[0.0,3.0,0.0],"scale":[0.25,0.25,0.25]},"gui":{"rotation":[30.0,-135.0,0.0],"translation":[-2.5,-1.0,0.0],"scale":[0.44727,0.44727,0.44727]},"head":{"translation":[0.0,12.75,0.0],"scale":[0.79492,0.79492,0.79492]},"fixed":{"rotation":[-90.0,0.0,0.0],"translation":[0.0,0.0,-16.0],"scale":[2.00195,2.00195,2.00195]}},"elements":[{"from":[-16.0,14.0,1.0],"to":[16.0,16.0,16.0],"rotation":{"origin":[14.0,14.0,0.0],"axis":"y","angle":0.0},"faces":{"north":{"uv":[6.125,13.5,8.5,13.625],"texture":"#0"},"east":{"uv":[8.1875,11.4375,8.3125,12.375],"texture":"#0","rotation":90},"south":{"uv":[6.125,13.5,8.5,13.625],"texture":"#0"},"west":{"uv":[8.1875,11.4375,8.3125,12.375],"texture":"#0","rotation":90},"up":{"uv":[6.125,12.375,8.125,11.4375],"texture":"#0"},"down":{"uv":[6.125,12.5,8.125,13.4375],"texture":"#0"}}},{"from":[10.0,4.0,7.0],"to":[11.0,14.0,7.0],"rotation":{"origin":[10.5,9.0,7.0],"axis":"y","angle":-45.0},"faces":{"north":{"uv":[11.1875,9.4375,11.25,10.0625],"texture":"#0"},"south":{"uv":[11.1875,9.4375,11.25,10.0625],"texture":"#0"}}},{"from":[10.5,4.0,6.5],"to":[10.5,14.0,7.5],"rotation":{"origin":[10.5,9.0,7.0],"axis":"y","angle":-45.0},"faces":{"east":{"uv":[11.1875,9.4375,11.25,10.0625],"texture":"#0"},"west":{"uv":[11.1875,9.4375,11.25,10.0625],"texture":"#0"}}},{"from":[1.5,-9.0,7.0],"to":[2.5,14.0,7.0],"rotation":{"origin":[2.0,9.0,7.0],"axis":"y","angle":-45.0},"faces":{"north":{"uv":[11.1875,9.4375,11.25,10.875],"texture":"#0"},"south":{"uv":[11.1875,9.4375,11.25,10.875],"texture":"#0"}}},{"from":[2.0,-9.0,6.5],"to":[2.0,14.0,7.5],"rotation":{"origin":[2.0,9.0,7.0],"axis":"y","angle":-45.0},"faces":{"east":{"uv":[11.1875,9.4375,11.25,10.875],"texture":"#0"},"west":{"uv":[11.1875,9.4375,11.25,10.875],"texture":"#0"}}},{"from":[-10.0,8.0,6.5],"to":[-10.0,14.0,7.5],"rotation":{"origin":[-10.0,9.0,7.0],"axis":"y","angle":-45.0},"faces":{"east":{"uv":[11.1875,9.4375,11.25,9.8125],"texture":"#0"},"west":{"uv":[11.1875,9.4375,11.25,9.8125],"texture":"#0"}}},{"from":[-10.5,8.0,7.0],"to":[-9.5,14.0,7.0],"rotation":{"origin":[-10.0,9.0,7.0],"axis":"y","angle":-45.0},"faces":{"north":{"uv":[11.1875,9.4375,11.25,9.8125],"texture":"#0"},"south":{"uv":[11.1875,9.4375,11.25,9.8125],"texture":"#0"}}},{"from":[8.0,-4.0,7.0],"to":[13.0,4.0,7.0],"rotation":{"origin":[10.5,0.0,7.0],"axis":"y","angle":45.0},"faces":{"north":{"uv":[10.75,9.4375,11.0625,9.9375],"texture":"#0"},"south":{"uv":[10.75,9.4375,11.0625,9.9375],"texture":"#0"}}},{"from":[10.5,-4.0,4.5],"to":[10.5,4.0,9.5],"rotation":{"origin":[10.5,0.0,7.0],"axis":"y","angle":45.0},"faces":{"east":{"uv":[10.75,9.4375,11.0625,9.9375],"texture":"#0"},"west":{"uv":[10.75,9.4375,11.0625,9.9375],"texture":"#0"}}},{"from":[-11.5,-12.0,5.5],"to":[-8.5,4.0,8.5],"rotation":{"origin":[-10.5,2.0,6.5],"axis":"y","angle":0.0},"faces":{"north":{"uv":[11.875,10.125,12.0625,11.125],"texture":"#0"},"east":{"uv":[11.875,10.125,12.0625,11.125],"texture":"#0"},"south":{"uv":[11.875,10.125,12.0625,11.125],"texture":"#0"},"west":{"uv":[11.875,10.125,12.0625,11.125],"texture":"#0"},"up":{"uv":[11.875,10.125,12.0625,10.1875],"texture":"#0"},"down":{"uv":[11.875,11.0625,12.0625,11.125],"texture":"#0"}}},{"from":[-15.0,-11.0,2.0],"to":[-5.0,2.0,12.0],"rotation":{"origin":[-11.0,-2.0,6.0],"axis":"y","angle":0.0},"faces":{"north":{"uv":[12.125,9.4375,12.75,10.25],"texture":"#0"},"east":{"uv":[12.125,9.4375,12.75,10.25],"texture":"#0"},"south":{"uv":[12.125,9.4375,12.75,10.25],"texture":"#0"},"west":{"uv":[12.125,9.4375,12.75,10.25],"texture":"#0"},"up":{"uv":[12.8125,10.3125,13.4375,10.9375],"texture":"#0"},"down":{"uv":[12.125,10.3125,12.75,10.9375],"texture":"#0"}}},{"from":[-11.5,4.0,7.0],"to":[-8.5,9.0,7.0],"rotation":{"origin":[-10.5,4.0,7.0],"axis":"y","angle":0.0},"faces":{"north":{"uv":[11.8125,9.75,12.0,10.0625],"texture":"#0"},"south":{"uv":[11.8125,9.75,12.0,10.0625],"texture":"#0"}}},{"from":[1.0,6.5,6.0],"to":[3.0,11.5,8.0],"rotation":{"origin":[2.0,9.0,7.0],"axis":"x","angle":0.0},"faces":{"north":{"uv":[11.5625,10.25,11.25,10.3125],"texture":"#0","rotation":270},"east":{"uv":[11.25,10.25,11.5625,10.375],"texture":"#0","rotation":90},"south":{"uv":[11.25,10.3125,11.5625,10.375],"texture":"#0","rotation":270},"west":{"uv":[11.5625,10.25,11.25,10.375],"texture":"#0","rotation":270},"up":{"uv":[11.25,10.25,11.375,10.375],"texture":"#0"},"down":{"uv":[11.25,10.25,11.375,10.375],"texture":"#0","rotation":180}}},{"from":[1.0,-0.5,6.0],"to":[3.0,4.5,8.0],"rotation":{"origin":[2.0,2.0,7.0],"axis":"x","angle":0.0},"faces":{"north":{"uv":[11.5625,10.25,11.25,10.3125],"texture":"#0","rotation":270},"east":{"uv":[11.25,10.25,11.5625,10.375],"texture":"#0","rotation":90},"south":{"uv":[11.25,10.3125,11.5625,10.375],"texture":"#0","rotation":270},"west":{"uv":[11.5625,10.25,11.25,10.375],"texture":"#0","rotation":270},"up":{"uv":[11.25,10.25,11.375,10.375],"texture":"#0"},"down":{"uv":[11.25,10.25,11.375,10.375],"texture":"#0","rotation":180}}},{"from":[1.0,-7.5,6.0],"to":[3.0,-2.5,8.0],"rotation":{"origin":[2.0,-5.0,7.0],"axis":"x","angle":0.0},"faces":{"north":{"uv":[11.5625,10.25,11.25,10.3125],"texture":"#0","rotation":270},"east":{"uv":[11.25,10.25,11.5625,10.375],"texture":"#0","rotation":90},"south":{"uv":[11.25,10.3125,11.5625,10.375],"texture":"#0","rotation":270},"west":{"uv":[11.5625,10.25,11.25,10.375],"texture":"#0","rotation":270},"up":{"uv":[11.25,10.25,11.375,10.375],"texture":"#0"},"down":{"uv":[11.25,10.25,11.375,10.375],"texture":"#0","rotation":180}}}],"textures":{"particle":"shizuart_furnitures:de6e3b21-159e-40d0-9197-3665f87be742","0":"shizuart_furnitures:de6e3b21-159e-40d0-9197-3665f87be742"},"gui_light":"front"}