{"display":{"thirdperson_righthand":{"translation":[0.0,6.5,1.0],"scale":[0.90039,0.90039,0.90039]},"thirdperson_lefthand":{"translation":[0.0,6.5,1.0],"scale":[0.90039,0.90039,0.90039]},"firstperson_righthand":{"rotation":[0.0,75.75,0.0],"translation":[3.5,5.25,1.5],"scale":[0.59531,0.59531,0.59531]},"firstperson_lefthand":{"rotation":[0.0,75.75,0.0],"translation":[3.5,5.25,1.5],"scale":[0.59531,0.59531,0.59531]},"ground":{"translation":[0.0,3.5,0.0],"scale":[0.54492,0.54492,0.54492]},"gui":{"rotation":[30.0,-135.0,0.0],"translation":[0.25,4.5,0.0],"scale":[1.39453,1.39453,1.39453]},"head":{"translation":[0.0,12.75,0.0],"scale":[0.79492,0.79492,0.79492]},"fixed":{"rotation":[-90.0,0.0,0.0],"translation":[0.0,0.0,-16.0],"scale":[2.00195,2.00195,2.00195]}},"elements":[{"from":[6.5,0.0,6.5],"to":[9.5,7.0,9.5],"rotation":{"origin":[8.0,5.5,8.0],"axis":"y","angle":0.0},"faces":{"north":{"uv":[15.0625,7.125,14.875,7.5625],"texture":"#0"},"east":{"uv":[15.375,7.625,15.5625,8.0625],"texture":"#0"},"south":{"uv":[15.375,7.625,15.5625,8.0625],"texture":"#0"},"west":{"uv":[14.875,7.125,15.0625,7.5625],"texture":"#0"},"up":{"uv":[15.125,7.125,15.3125,7.3125],"texture":"#0"},"down":{"uv":[14.875,7.5,15.0625,7.5625],"texture":"#0"}}},{"from":[6.45,2.45,6.45],"to":[9.55,4.55,7.55],"rotation":{"origin":[8.1,6.1,8.1],"axis":"y","angle":0.0},"faces":{"north":{"uv":[15.125,7.375,15.3125,7.5],"texture":"#0"},"east":{"uv":[15.125,7.375,15.1875,7.5],"texture":"#0"},"south":{"uv":[15.125,7.375,15.3125,7.5],"texture":"#0"},"west":{"uv":[15.125,7.375,15.1875,7.5],"texture":"#0"}}},{"from":[7.0,7.0,7.0],"to":[9.0,9.0,9.0],"rotation":{"origin":[8.5,5.5,8.5],"axis":"y","angle":0.0},"faces":{"north":{"uv":[14.875,7.625,15.0,7.75],"texture":"#0"},"east":{"uv":[14.6875,7.625,14.8125,7.75],"texture":"#0"},"south":{"uv":[14.6875,7.625,14.8125,7.75],"texture":"#0"},"west":{"uv":[15.0,7.625,14.875,7.75],"texture":"#0"},"up":{"uv":[15.0625,7.625,15.1875,7.75],"texture":"#0"}}},{"from":[6.9,7.9,6.9],"to":[9.1,9.1,9.1],"rotation":{"origin":[8.5,5.5,8.5],"axis":"y","angle":0.0},"faces":{"north":{"uv":[14.875,7.625,15.0,7.6875],"texture":"#0"},"east":{"uv":[14.6875,7.625,14.8125,7.6875],"texture":"#0"},"south":{"uv":[14.6875,7.625,14.8125,7.6875],"texture":"#0"},"west":{"uv":[15.0,7.625,14.875,7.6875],"texture":"#0"},"up":{"uv":[15.0625,7.625,15.1875,7.75],"texture":"#0"}}}],"textures":{"particle":"shizuart_furnitures:82571230-e9df-4c52-864e-1ddb958e1dd5","0":"shizuart_furnitures:82571230-e9df-4c52-864e-1ddb958e1dd5"},"gui_light":"front"}