{"display":{"thirdperson_righthand":{"translation":[0.0,6.5,1.0],"scale":[0.90039,0.90039,0.90039]},"thirdperson_lefthand":{"translation":[0.0,6.5,1.0],"scale":[0.90039,0.90039,0.90039]},"firstperson_righthand":{"rotation":[0.0,75.75,0.0],"translation":[3.5,5.25,1.5],"scale":[0.59531,0.59531,0.59531]},"firstperson_lefthand":{"rotation":[0.0,75.75,0.0],"translation":[3.5,5.25,1.5],"scale":[0.59531,0.59531,0.59531]},"ground":{"translation":[0.0,3.5,0.0],"scale":[0.54492,0.54492,0.54492]},"gui":{"rotation":[30.0,-135.0,0.0],"translation":[0.25,-0.75,0.0],"scale":[0.77734,0.77734,0.77734]},"head":{"translation":[0.0,12.75,0.0],"scale":[0.79492,0.79492,0.79492]},"fixed":{"rotation":[-90.0,0.0,0.0],"translation":[0.0,0.0,-16.0],"scale":[2.00195,2.00195,2.00195]}},"elements":[{"from":[6.5,0.0,6.5],"to":[9.5,7.0,9.5],"rotation":{"origin":[8.0,5.5,8.0],"axis":"y","angle":0.0},"faces":{"north":{"uv":[14.125,6.125,13.9375,6.5625],"texture":"#0"},"east":{"uv":[14.4375,6.625,14.625,7.0625],"texture":"#0"},"south":{"uv":[14.4375,6.625,14.625,7.0625],"texture":"#0"},"west":{"uv":[13.9375,6.125,14.125,6.5625],"texture":"#0"},"up":{"uv":[14.1875,6.125,14.375,6.3125],"texture":"#0"},"down":{"uv":[13.9375,6.5,14.125,6.5625],"texture":"#0"}}},{"from":[6.4,2.9,6.4],"to":[9.6,7.1,9.6],"rotation":{"origin":[8.0,5.5,8.0],"axis":"y","angle":0.0},"faces":{"north":{"uv":[14.875,10.25,14.6875,10.5],"texture":"#0"},"east":{"uv":[14.6875,10.25,14.875,10.5],"texture":"#0"},"south":{"uv":[14.875,10.25,14.6875,10.5],"texture":"#0"},"west":{"uv":[14.6875,10.25,14.875,10.5],"texture":"#0"},"up":{"uv":[14.6875,10.5625,14.875,10.75],"texture":"#0"},"down":{"uv":[14.6875,10.625,14.875,10.8125],"texture":"#0"}}},{"from":[6.45,2.45,6.45],"to":[9.55,4.55,7.55],"rotation":{"origin":[8.1,6.1,8.1],"axis":"y","angle":0.0},"faces":{"north":{"uv":[14.1875,6.375,14.375,6.5],"texture":"#0"},"east":{"uv":[14.1875,6.375,14.25,6.5],"texture":"#0"},"south":{"uv":[14.1875,6.375,14.375,6.5],"texture":"#0"},"west":{"uv":[14.1875,6.375,14.25,6.5],"texture":"#0"}}},{"from":[7.0,8.0,7.0],"to":[9.0,11.0,9.0],"rotation":{"origin":[8.0,8.5,8.0],"axis":"y","angle":0.0},"faces":{"north":{"uv":[14.5,10.3125,14.625,10.5],"texture":"#0"},"east":{"uv":[14.625,10.3125,14.5,10.5],"texture":"#0"},"south":{"uv":[14.5,10.8125,14.625,11.0],"texture":"#0"},"west":{"uv":[14.625,10.8125,14.5,11.0],"texture":"#0"},"up":{"uv":[14.3125,10.625,14.4375,10.75],"texture":"#0"}}},{"from":[7.0,7.0,7.0],"to":[9.0,8.0,9.0],"rotation":{"origin":[8.0,8.5,8.0],"axis":"y","angle":0.0},"faces":{"north":{"uv":[14.9375,10.25,15.0625,10.3125],"texture":"#0"},"east":{"uv":[14.8125,10.9375,14.6875,11.0],"texture":"#0"},"south":{"uv":[15.0625,10.25,14.9375,10.3125],"texture":"#0"},"west":{"uv":[15.0625,10.5,14.9375,10.5625],"texture":"#0"}}},{"from":[6.0,10.0,8.0],"to":[10.0,17.0,8.0],"rotation":{"origin":[8.0,13.5,8.0],"axis":"y","angle":45.0},"faces":{"north":{"uv":[6.0,5.0,10.0,12.0],"texture":"#1"},"south":{"uv":[10.0,5.0,6.0,12.0],"texture":"#1"}}},{"from":[8.0,10.0,6.0],"to":[8.0,17.0,10.0],"rotation":{"origin":[8.0,13.5,8.0],"axis":"y","angle":45.0},"faces":{"east":{"uv":[10.0,5.0,6.0,12.0],"texture":"#1"},"west":{"uv":[6.0,5.0,10.0,12.0],"texture":"#1"}}}],"textures":{"particle":"shizuart_furnitures:de6e3b21-159e-40d0-9197-3665f87be742","0":"shizuart_furnitures:de6e3b21-159e-40d0-9197-3665f87be742","1":"shizuart_furnitures:d344d34e-f603-4111-a07e-f50731f180a6"},"gui_light":"front"}