{"display":{"thirdperson_righthand":{"rotation":[75.0,45.0,0.0],"translation":[0.0,3.75,3.25],"scale":[0.375,0.375,0.375]},"thirdperson_lefthand":{"rotation":[75.0,45.0,0.0],"translation":[0.0,4.0,3.25],"scale":[0.375,0.375,0.375]},"firstperson_righthand":{"rotation":[0.0,75.75,0.0],"translation":[5.25,2.75,1.5],"scale":[0.4,0.4,0.4]},"firstperson_lefthand":{"rotation":[0.0,75.75,0.0],"translation":[5.25,2.75,2.0],"scale":[0.4,0.4,0.4]},"ground":{"translation":[0.0,3.0,0.0],"scale":[0.25,0.25,0.25]},"gui":{"rotation":[30.0,-135.0,0.0],"translation":[0.25,-0.25,0.0],"scale":[0.625,0.625,0.625]},"head":{"translation":[0.0,12.75,0.0],"scale":[0.79492,0.79492,0.79492]},"fixed":{"rotation":[-90.0,0.0,0.0],"translation":[0.0,0.0,-16.0],"scale":[2.00195,2.00195,2.00195]}},"elements":[{"from":[0.0,0.0,2.0],"to":[16.0,14.0,15.0],"rotation":{"origin":[0.0,0.0,1.0],"axis":"y","angle":0.0},"faces":{"north":{"uv":[8.3125,0.9375,9.3125,1.8125],"texture":"#0"},"east":{"uv":[12.4375,1.375,13.25,2.25],"texture":"#0"},"south":{"uv":[10.3125,0.0,11.3125,0.875],"texture":"#0"},"west":{"uv":[13.25,1.375,12.4375,2.25],"texture":"#0"},"down":{"uv":[8.3125,2.1875,9.3125,3.0625],"texture":"#0"}}},{"from":[0.0,2.0,1.0],"to":[16.0,3.0,2.0],"rotation":{"origin":[0.0,0.0,-13.0],"axis":"y","angle":0.0},"faces":{"north":{"uv":[8.3125,1.875,9.3125,1.9375],"texture":"#0"},"east":{"uv":[8.3125,1.875,8.375,1.9375],"texture":"#0"},"west":{"uv":[8.3125,1.875,8.375,1.9375],"texture":"#0"},"up":{"uv":[9.3125,1.875,8.3125,1.9375],"texture":"#0"},"down":{"uv":[9.3125,1.875,8.3125,1.9375],"texture":"#0"}}},{"from":[0.0,14.0,0.0],"to":[16.0,16.0,16.0],"rotation":{"origin":[8.0,15.0,8.0],"axis":"y","angle":0.0},"faces":{"north":{"uv":[8.0625,1.0625,7.0625,1.1875],"texture":"#0"},"east":{"uv":[8.125,1.0,8.25,0.0],"texture":"#0","rotation":90},"south":{"uv":[8.0625,1.0625,7.0625,1.1875],"texture":"#0"},"west":{"uv":[8.125,0.0,8.25,1.0],"texture":"#0","rotation":90},"up":{"uv":[5.9375,1.0,6.9375,0.0],"texture":"#0"},"down":{"uv":[7.0625,1.25,8.0625,2.25],"texture":"#0"}}},{"from":[7.5,1.5,0.5],"to":[8.5,3.5,2.5],"rotation":{"origin":[6.5,1.5,0.5],"axis":"y","angle":0.0},"faces":{"north":{"uv":[8.3125,2.0,8.375,2.125],"texture":"#0"},"east":{"uv":[8.3125,2.0,8.4375,2.125],"texture":"#0"},"west":{"uv":[8.3125,2.0,8.4375,2.125],"texture":"#0"},"up":{"uv":[8.3125,2.0,8.4375,2.0625],"texture":"#0"},"down":{"uv":[8.3125,2.0625,8.4375,2.125],"texture":"#0"}}},{"from":[15.0,7.0,15.0],"to":[1.0,1.0,3.0],"rotation":{"origin":[1.0,1.0,14.0],"axis":"y","angle":0.0},"faces":{"east":{"uv":[9.375,2.1875,10.1875,1.8125],"texture":"#0"},"south":{"uv":[10.3125,2.1875,11.1875,1.8125],"texture":"#0"},"west":{"uv":[10.1875,2.1875,9.375,1.8125],"texture":"#0"},"up":{"uv":[11.1875,1.75,10.3125,0.9375],"texture":"#0"},"down":{"uv":[10.25,0.9375,9.375,1.75],"texture":"#0"}}},{"from":[1.0,3.0,14.0],"to":[15.0,4.0,14.0],"rotation":{"origin":[1.0,1.0,14.0],"axis":"y","angle":0.0},"faces":{"north":{"uv":[9.375,2.25,10.25,2.3125],"texture":"#0"},"south":{"uv":[9.375,2.25,10.25,2.3125],"texture":"#0"}}}],"textures":{"particle":"shizuart_furnitures:82571230-e9df-4c52-864e-1ddb958e1dd5","0":"shizuart_furnitures:82571230-e9df-4c52-864e-1ddb958e1dd5"},"gui_light":"front"}