{"display":{"thirdperson_righthand":{"rotation":[84.0,45.0,0.0],"translation":[0.75,3.5,5.25],"scale":[0.66797,0.66797,0.66797]},"thirdperson_lefthand":{"rotation":[84.0,45.0,0.0],"translation":[0.75,3.5,5.25],"scale":[0.66797,0.66797,0.66797]},"firstperson_righthand":{"rotation":[0.0,75.75,0.0],"translation":[5.25,4.75,0.5],"scale":[0.57969,0.57969,0.57969]},"firstperson_lefthand":{"rotation":[0.0,75.75,0.0],"translation":[5.25,4.75,0.5],"scale":[0.57969,0.57969,0.57969]},"ground":{"translation":[0.0,3.0,0.0],"scale":[0.25,0.25,0.25]},"gui":{"rotation":[30.0,-135.0,0.0],"translation":[-1.25,6.25,0.0],"scale":[1.04883,1.04883,1.04883]},"head":{"translation":[0.0,12.75,0.0],"scale":[0.79492,0.79492,0.79492]},"fixed":{"rotation":[-90.0,0.0,0.0],"translation":[0.0,0.0,-16.0],"scale":[2.00195,2.00195,2.00195]}},"elements":[{"from":[2.5,0.0,2.0],"to":[12.5,1.0,12.0],"rotation":{"origin":[7.5,0.5,7.0],"axis":"y","angle":0.0},"faces":{"north":{"uv":[13.5625,10.5625,14.1875,10.625],"texture":"#0"},"east":{"uv":[13.5625,10.5625,14.1875,10.625],"texture":"#0"},"south":{"uv":[13.5625,10.5625,14.1875,10.625],"texture":"#0"},"west":{"uv":[13.5625,10.5625,14.1875,10.625],"texture":"#0"},"up":{"uv":[13.5625,10.5625,14.1875,11.1875],"texture":"#0","rotation":180},"down":{"uv":[14.1875,10.5625,13.5625,11.1875],"texture":"#0","rotation":180}}},{"from":[4.04688,1.0,2.70703],"to":[6.04688,3.0,5.70703],"rotation":{"origin":[5.04688,2.0,4.20703],"axis":"y","angle":-45.0},"faces":{"north":{"uv":[14.5625,12.0625,14.6875,12.1875],"texture":"#0"},"east":{"uv":[14.875,11.875,14.75,12.0625],"texture":"#0","rotation":270},"south":{"uv":[14.75,11.875,14.875,12.0],"texture":"#0","rotation":90},"west":{"uv":[14.75,11.875,14.8125,12.0625],"texture":"#0","rotation":90},"up":{"uv":[14.75,11.875,14.8125,12.0625],"texture":"#0","rotation":180},"down":{"uv":[14.75,11.875,14.875,12.0625],"texture":"#0"}}},{"from":[5.67188,1.12891,2.59375],"to":[13.67188,1.12891,9.59375],"rotation":{"origin":[9.67188,1.12891,6.09375],"axis":"y","angle":0.0},"faces":{"up":{"uv":[13.8125,12.0625,14.25,12.5625],"texture":"#0","rotation":90}}},{"from":[3.5,1.0,7.0],"to":[7.5,5.0,11.0],"rotation":{"origin":[5.5,1.0,9.0],"axis":"y","angle":0.0},"faces":{"north":{"uv":[14.0625,11.4375,14.3125,11.6875],"texture":"#0"},"east":{"uv":[14.0625,11.75,14.3125,12.0],"texture":"#0"},"south":{"uv":[14.3125,11.75,14.0625,12.0],"texture":"#0"},"west":{"uv":[14.3125,11.4375,14.0625,11.6875],"texture":"#0"},"up":{"uv":[13.75,11.4375,14.0,11.6875],"texture":"#0","rotation":270},"down":{"uv":[13.75,11.75,14.0,12.0],"texture":"#0"}}},{"from":[5.0,5.02344,8.5],"to":[6.0,5.02344,9.5],"rotation":{"origin":[4.0,5.02344,7.5],"axis":"y","angle":0.0},"faces":{"up":{"uv":[14.4375,11.5,14.5,11.5625],"texture":"#0"}}},{"from":[4.83984,5.0,9.33594],"to":[6.83984,7.0,9.33594],"rotation":{"origin":[5.83984,6.0,9.33594],"axis":"y","angle":-45.0},"faces":{"north":{"uv":[14.5625,11.3125,14.4375,11.4375],"texture":"#0"},"south":{"uv":[14.4375,11.3125,14.5625,11.4375],"texture":"#0"}}}],"textures":{"particle":"shizuart_furnitures:82571230-e9df-4c52-864e-1ddb958e1dd5","0":"shizuart_furnitures:82571230-e9df-4c52-864e-1ddb958e1dd5"},"gui_light":"front"}