{"display":{"thirdperson_righthand":{"rotation":[75.0,45.0,0.0],"translation":[4.5,6.75,1.75],"scale":[0.375,0.375,0.375]},"thirdperson_lefthand":{"rotation":[75.0,45.0,0.0],"translation":[0.75,3.0,2.5],"scale":[0.375,0.375,0.375]},"firstperson_righthand":{"rotation":[0.0,75.75,0.0],"translation":[5.25,2.75,1.5],"scale":[0.4,0.4,0.4]},"firstperson_lefthand":{"rotation":[0.0,75.75,0.0],"translation":[5.25,2.75,3.0],"scale":[0.4,0.4,0.4]},"ground":{"translation":[0.0,3.0,-0.25],"scale":[0.25,0.25,0.25]},"gui":{"rotation":[30.0,-135.0,0.0],"translation":[0.0,0.5,0.0],"scale":[0.37109,0.37109,0.37109]},"head":{"translation":[0.0,12.75,0.0],"scale":[0.79492,0.79492,0.79492]},"fixed":{"rotation":[-90.0,0.0,0.0],"translation":[0.0,0.0,-16.0],"scale":[2.00195,2.00195,2.00195]}},"elements":[{"from":[27.9,-0.1,3.4],"to":[30.1,2.1,5.6],"rotation":{"origin":[28.0,0.0,3.5],"axis":"y","angle":0.0},"faces":{"north":{"uv":[7.0625,3.125,7.1875,3.25],"texture":"#0"},"east":{"uv":[7.0625,3.125,7.1875,3.25],"texture":"#0"},"south":{"uv":[7.1875,3.125,7.0625,3.25],"texture":"#0"},"west":{"uv":[7.0625,3.125,7.1875,3.25],"texture":"#0"},"down":{"uv":[7.0625,3.1875,7.1875,3.25],"texture":"#0"}}},{"from":[28.0,0.0,3.5],"to":[30.0,6.0,5.5],"rotation":{"origin":[28.0,0.0,3.5],"axis":"y","angle":0.0},"faces":{"north":{"uv":[7.25,2.5,7.375,2.875],"texture":"#0"},"east":{"uv":[7.375,2.5,7.25,2.875],"texture":"#0"},"south":{"uv":[7.1875,2.5,7.0625,2.875],"texture":"#0"},"west":{"uv":[7.0625,2.5,7.1875,2.875],"texture":"#0"},"up":{"uv":[7.0625,2.5,7.1875,2.625],"texture":"#0"},"down":{"uv":[7.0625,2.5,7.1875,2.625],"texture":"#0"}}},{"from":[27.9,-0.1,10.4],"to":[30.1,2.1,12.6],"rotation":{"origin":[28.0,0.0,10.5],"axis":"y","angle":0.0},"faces":{"north":{"uv":[7.0625,3.125,7.1875,3.25],"texture":"#0"},"east":{"uv":[7.0625,3.125,7.1875,3.25],"texture":"#0"},"south":{"uv":[7.1875,3.125,7.0625,3.25],"texture":"#0"},"west":{"uv":[7.0625,3.125,7.1875,3.25],"texture":"#0"},"down":{"uv":[7.0625,3.1875,7.1875,3.25],"texture":"#0"}}},{"from":[28.0,0.0,10.5],"to":[30.0,6.0,12.5],"rotation":{"origin":[28.0,0.0,10.5],"axis":"y","angle":0.0},"faces":{"north":{"uv":[7.25,2.5,7.375,2.875],"texture":"#0"},"east":{"uv":[7.375,2.5,7.25,2.875],"texture":"#0"},"south":{"uv":[7.1875,2.5,7.0625,2.875],"texture":"#0"},"west":{"uv":[7.0625,2.5,7.1875,2.875],"texture":"#0"},"up":{"uv":[7.0625,2.5,7.1875,2.625],"texture":"#0"},"down":{"uv":[7.0625,2.5,7.1875,2.625],"texture":"#0"}}},{"from":[-14.1,-0.1,3.4],"to":[-11.9,2.1,5.6],"rotation":{"origin":[-12.0,0.0,3.5],"axis":"y","angle":0.0},"faces":{"north":{"uv":[7.1875,3.125,7.0625,3.25],"texture":"#0"},"east":{"uv":[7.1875,3.125,7.0625,3.25],"texture":"#0"},"south":{"uv":[7.0625,3.125,7.1875,3.25],"texture":"#0"},"west":{"uv":[7.1875,3.125,7.0625,3.25],"texture":"#0"},"down":{"uv":[7.1875,3.1875,7.0625,3.25],"texture":"#0"}}},{"from":[-14.0,0.0,3.5],"to":[-12.0,6.0,5.5],"rotation":{"origin":[-12.0,0.0,3.5],"axis":"y","angle":0.0},"faces":{"north":{"uv":[7.375,2.5,7.25,2.875],"texture":"#0"},"east":{"uv":[7.1875,2.5,7.0625,2.875],"texture":"#0"},"south":{"uv":[7.0625,2.5,7.1875,2.875],"texture":"#0"},"west":{"uv":[7.25,2.5,7.375,2.875],"texture":"#0"},"up":{"uv":[7.1875,2.5,7.0625,2.625],"texture":"#0"},"down":{"uv":[7.1875,2.5,7.0625,2.625],"texture":"#0"}}},{"from":[-14.0,0.0,10.5],"to":[-12.0,6.0,12.5],"rotation":{"origin":[-12.0,0.0,10.5],"axis":"y","angle":0.0},"faces":{"north":{"uv":[7.375,2.5,7.25,2.875],"texture":"#0"},"east":{"uv":[7.1875,2.5,7.0625,2.875],"texture":"#0"},"south":{"uv":[7.0625,2.5,7.1875,2.875],"texture":"#0"},"west":{"uv":[7.25,2.5,7.375,2.875],"texture":"#0"},"up":{"uv":[7.1875,2.5,7.0625,2.625],"texture":"#0"},"down":{"uv":[7.1875,2.5,7.0625,2.625],"texture":"#0"}}},{"from":[-14.1,-0.1,10.4],"to":[-11.9,2.1,12.6],"rotation":{"origin":[-12.0,0.0,10.5],"axis":"y","angle":0.0},"faces":{"north":{"uv":[7.1875,3.125,7.0625,3.25],"texture":"#0"},"east":{"uv":[7.1875,3.125,7.0625,3.25],"texture":"#0"},"south":{"uv":[7.0625,3.125,7.1875,3.25],"texture":"#0"},"west":{"uv":[7.1875,3.125,7.0625,3.25],"texture":"#0"},"down":{"uv":[7.1875,3.1875,7.0625,3.25],"texture":"#0"}}},{"from":[-15.0,6.0,3.0],"to":[31.0,8.0,13.0],"rotation":{"origin":[10.5,7.0,3.0],"axis":"y","angle":0.0},"faces":{"north":{"uv":[13.6875,8.375,10.8125,8.5],"texture":"#0"},"east":{"uv":[13.875,6.8125,13.75,7.4375],"texture":"#0","rotation":90},"south":{"uv":[10.8125,8.1875,13.6875,8.3125],"texture":"#0"},"west":{"uv":[13.875,7.4375,13.75,6.8125],"texture":"#0","rotation":90},"up":{"uv":[10.8125,6.8125,13.6875,7.4375],"texture":"#0"},"down":{"uv":[10.8125,7.5,13.6875,8.125],"texture":"#0"}}},{"from":[29.0,-1.02344,2.0],"to":[29.0,4.97656,8.0],"rotation":{"origin":[29.0,-1.02344,8.0],"axis":"x","angle":45.0},"faces":{"east":{"uv":[13.6875,4.3125,13.3125,4.6875],"texture":"#0","rotation":90},"west":{"uv":[13.3125,4.6875,13.6875,4.3125],"texture":"#0","rotation":180}}},{"from":[-13.0,-1.02344,2.0],"to":[-13.0,4.97656,8.0],"rotation":{"origin":[-13.0,-1.02344,8.0],"axis":"x","angle":45.0},"faces":{"east":{"uv":[13.6875,4.3125,13.3125,4.6875],"texture":"#0","rotation":90},"west":{"uv":[13.3125,4.6875,13.6875,4.3125],"texture":"#0","rotation":180}}}],"textures":{"particle":"shizuart_furnitures:de6e3b21-159e-40d0-9197-3665f87be742","0":"shizuart_furnitures:de6e3b21-159e-40d0-9197-3665f87be742"},"gui_light":"front"}