{"display":{"thirdperson_righthand":{"rotation":[80.19,65.16,-6.24],"translation":[1.5,4.0,3.25],"scale":[0.16602,0.16602,0.16602]},"thirdperson_lefthand":{"rotation":[80.19,65.16,-6.24],"translation":[1.5,4.0,3.25],"scale":[0.16602,0.16602,0.16602]},"firstperson_righthand":{"rotation":[0.0,75.75,0.0],"translation":[5.25,2.75,1.5],"scale":[0.4,0.4,0.4]},"firstperson_lefthand":{"rotation":[0.0,75.75,0.0],"translation":[5.25,2.75,2.0],"scale":[0.4,0.4,0.4]},"ground":{"translation":[0.0,4.25,0.0],"scale":[0.15625,0.15625,0.15625]},"gui":{"rotation":[30.0,-135.0,0.0],"translation":[0.25,0.0,0.0],"scale":[0.23633,0.23633,0.23633]},"head":{"translation":[0.0,12.75,0.0],"scale":[0.79492,0.79492,0.79492]},"fixed":{"rotation":[-90.0,0.0,0.0],"translation":[0.0,0.0,-16.0],"scale":[2.00195,2.00195,2.00195]}},"elements":[{"from":[-16.0,-2.0,0.0],"to":[32.0,0.0,16.0],"faces":{"north":{"uv":[0.0,6.4375,3.0,6.5625],"texture":"#0"},"east":{"uv":[3.125,7.1875,4.125,7.3125],"texture":"#0"},"west":{"uv":[4.125,7.1875,3.125,7.3125],"texture":"#0"},"up":{"uv":[1.0,8.5,4.0,7.5],"texture":"#0"},"down":{"uv":[1.0,8.5625,4.0,9.5625],"texture":"#0"}}},{"from":[-16.0,-16.0,1.0],"to":[32.0,28.0,16.0],"rotation":{"origin":[0.0,-18.0,0.0],"axis":"y","angle":0.0},"faces":{"north":{"uv":[0.0,4.6875,3.0,7.4375],"texture":"#0"},"east":{"uv":[0.0,10.3125,0.9375,13.0625],"texture":"#0"},"south":{"uv":[4.0625,7.5625,7.0625,10.3125],"texture":"#0"},"west":{"uv":[0.9375,7.5,0.0,10.25],"texture":"#0"},"down":{"uv":[1.0,8.5625,4.0,9.5],"texture":"#0"}}},{"from":[28.0,28.0,15.55859],"to":[-12.0,0.0,1.0],"rotation":{"origin":[0.0,-18.0,0.0],"axis":"y","angle":0.0},"faces":{"north":{"uv":[7.375,8.625,9.875,6.875],"texture":"#0"},"east":{"uv":[7.125,8.625,8.0625,6.875],"texture":"#0"},"west":{"uv":[8.0625,8.625,7.125,6.875],"texture":"#0"},"down":{"uv":[6.5625,9.4375,4.0625,9.5],"texture":"#0"}}},{"from":[28.0,28.0,0.0],"to":[32.0,32.0,16.0],"rotation":{"origin":[0.0,24.0,0.0],"axis":"y","angle":0.0},"faces":{"north":{"uv":[3.0625,6.5625,3.3125,6.8125],"texture":"#0"},"east":{"uv":[4.375,7.1875,5.375,7.4375],"texture":"#0"},"south":{"uv":[3.3125,6.5625,3.0625,6.8125],"texture":"#0"},"west":{"uv":[5.4375,7.375,6.4375,7.4375],"texture":"#0"},"up":{"uv":[5.4375,7.1875,6.4375,7.4375],"texture":"#0","rotation":90},"down":{"uv":[4.375,7.375,5.375,7.4375],"texture":"#0","rotation":90}}},{"from":[-16.0,28.0,0.0],"to":[-12.0,32.0,16.0],"rotation":{"origin":[-44.0,24.0,0.0],"axis":"y","angle":0.0},"faces":{"north":{"uv":[3.3125,6.5625,3.0625,6.8125],"texture":"#0"},"east":{"uv":[5.4375,7.375,6.4375,7.4375],"texture":"#0"},"south":{"uv":[3.0625,6.5625,3.3125,6.8125],"texture":"#0"},"west":{"uv":[4.375,7.1875,5.375,7.4375],"texture":"#0"},"up":{"uv":[5.4375,7.4375,6.4375,7.1875],"texture":"#0","rotation":90},"down":{"uv":[4.375,7.375,5.375,7.4375],"texture":"#0","rotation":90}}},{"from":[-12.0,28.0,1.0],"to":[28.0,32.0,16.0],"rotation":{"origin":[0.0,24.0,0.0],"axis":"y","angle":0.0},"faces":{"north":{"uv":[3.3125,6.875,5.8125,7.125],"texture":"#0"},"east":{"uv":[0.0,0.0,0.9375,2.875],"texture":"#0"},"south":{"uv":[6.1875,6.375,8.6875,6.625],"texture":"#0"},"west":{"uv":[0.0,0.0,0.9375,2.875],"texture":"#0"},"up":{"uv":[6.1875,5.375,8.6875,6.3125],"texture":"#0"}}},{"from":[-12.0,6.0,3.0],"to":[28.0,8.0,16.0],"rotation":{"origin":[0.0,6.0,14.0],"axis":"y","angle":0.0},"faces":{"north":{"uv":[1.0,11.375,3.5,11.5],"texture":"#0"},"up":{"uv":[1.0,9.625,3.5,10.4375],"texture":"#0"},"down":{"uv":[1.0,10.5,3.5,11.3125],"texture":"#0"}}},{"from":[-12.0,15.0,3.0],"to":[28.0,17.0,16.0],"rotation":{"origin":[0.0,15.0,14.0],"axis":"y","angle":0.0},"faces":{"north":{"uv":[1.0,11.375,3.5,11.5],"texture":"#0"},"up":{"uv":[1.0,9.625,3.5,10.4375],"texture":"#0"},"down":{"uv":[1.0,10.5,3.5,11.3125],"texture":"#0"}}},{"from":[23.5,21.24609,4.5],"to":[26.5,24.24609,11.5],"rotation":{"origin":[25.0,22.74609,6.0],"axis":"z","angle":-45.0},"faces":{"north":{"uv":[14.1875,6.125,14.375,6.3125],"texture":"#0","rotation":180},"east":{"uv":[14.4375,7.125,14.625,7.5625],"texture":"#0","rotation":90},"west":{"uv":[14.4375,6.125,14.625,6.5625],"texture":"#0","rotation":270},"up":{"uv":[14.4375,7.125,14.625,7.5625],"texture":"#0"},"down":{"uv":[14.625,6.125,14.4375,6.5625],"texture":"#0","rotation":180}}},{"from":[17.42188,21.21094,4.5],"to":[20.42188,24.21094,11.5],"rotation":{"origin":[18.92188,22.71094,6.0],"axis":"z","angle":-45.0},"faces":{"north":{"uv":[14.1875,6.125,14.375,6.3125],"texture":"#0","rotation":180},"east":{"uv":[14.4375,7.125,14.625,7.5625],"texture":"#0","rotation":90},"west":{"uv":[14.4375,6.125,14.625,6.5625],"texture":"#0","rotation":270},"up":{"uv":[14.4375,7.125,14.625,7.5625],"texture":"#0"},"down":{"uv":[14.625,6.125,14.4375,6.5625],"texture":"#0","rotation":180}}},{"from":[20.42188,18.21094,4.5],"to":[23.42188,21.21094,11.5],"rotation":{"origin":[21.92188,19.71094,6.0],"axis":"z","angle":-45.0},"faces":{"north":{"uv":[14.1875,6.125,14.375,6.3125],"texture":"#0","rotation":180},"east":{"uv":[14.4375,7.125,14.625,7.5625],"texture":"#0","rotation":90},"west":{"uv":[14.4375,6.125,14.625,6.5625],"texture":"#0","rotation":270},"up":{"uv":[14.4375,7.125,14.625,7.5625],"texture":"#0"},"down":{"uv":[14.625,6.125,14.4375,6.5625],"texture":"#0","rotation":180}}},{"from":[20.45703,24.30859,4.5],"to":[23.45703,27.30859,11.5],"rotation":{"origin":[21.95703,25.80859,6.0],"axis":"z","angle":-45.0},"faces":{"north":{"uv":[14.1875,6.125,14.375,6.3125],"texture":"#0","rotation":180},"east":{"uv":[14.4375,7.125,14.625,7.5625],"texture":"#0","rotation":90},"west":{"uv":[14.4375,6.125,14.625,6.5625],"texture":"#0","rotation":270},"up":{"uv":[14.4375,7.125,14.625,7.5625],"texture":"#0"},"down":{"uv":[14.625,6.125,14.4375,6.5625],"texture":"#0","rotation":180}}},{"from":[21.17969,24.30859,2.5],"to":[23.17969,26.30859,4.5],"rotation":{"origin":[22.67969,25.80859,6.0],"axis":"z","angle":-45.0},"faces":{"north":{"uv":[14.125,6.625,14.25,6.75],"texture":"#0","rotation":180},"east":{"uv":[13.75,6.625,13.875,6.75],"texture":"#0","rotation":90},"west":{"uv":[13.9375,6.625,14.0625,6.75],"texture":"#0","rotation":270},"up":{"uv":[13.75,6.625,13.875,6.75],"texture":"#0"},"down":{"uv":[13.9375,6.625,14.0625,6.75],"texture":"#0","rotation":180}}},{"from":[21.07969,24.20859,2.4],"to":[23.27969,26.40859,3.6],"rotation":{"origin":[22.67969,25.80859,6.0],"axis":"z","angle":-45.0},"faces":{"north":{"uv":[14.125,6.625,14.25,6.75],"texture":"#0","rotation":180},"east":{"uv":[13.75,6.625,13.875,6.6875],"texture":"#0","rotation":90},"west":{"uv":[14.0625,6.625,13.9375,6.6875],"texture":"#0","rotation":270},"up":{"uv":[13.75,6.625,13.875,6.6875],"texture":"#0"},"down":{"uv":[13.9375,6.625,14.0625,6.6875],"texture":"#0","rotation":180}}},{"from":[18.14453,21.17969,2.5],"to":[20.14453,23.17969,4.5],"rotation":{"origin":[19.64453,22.67969,6.0],"axis":"z","angle":-45.0},"faces":{"north":{"uv":[14.125,6.625,14.25,6.75],"texture":"#0","rotation":180},"east":{"uv":[13.75,6.625,13.875,6.75],"texture":"#0","rotation":90},"west":{"uv":[13.9375,6.625,14.0625,6.75],"texture":"#0","rotation":270},"up":{"uv":[13.75,6.625,13.875,6.75],"texture":"#0"},"down":{"uv":[13.9375,6.625,14.0625,6.75],"texture":"#0","rotation":180}}},{"from":[18.04453,21.07969,2.4],"to":[20.24453,23.27969,3.6],"rotation":{"origin":[19.64453,22.67969,6.0],"axis":"z","angle":-45.0},"faces":{"north":{"uv":[14.125,6.625,14.25,6.75],"texture":"#0","rotation":180},"east":{"uv":[13.75,6.625,13.875,6.6875],"texture":"#0","rotation":90},"west":{"uv":[14.0625,6.625,13.9375,6.6875],"texture":"#0","rotation":270},"up":{"uv":[13.75,6.625,13.875,6.6875],"texture":"#0"},"down":{"uv":[13.9375,6.625,14.0625,6.6875],"texture":"#0","rotation":180}}},{"from":[24.14453,21.17969,2.5],"to":[26.14453,23.17969,4.5],"rotation":{"origin":[25.64453,22.67969,6.0],"axis":"z","angle":-45.0},"faces":{"north":{"uv":[14.125,6.625,14.25,6.75],"texture":"#0","rotation":180},"east":{"uv":[13.75,6.625,13.875,6.75],"texture":"#0","rotation":90},"west":{"uv":[13.9375,6.625,14.0625,6.75],"texture":"#0","rotation":270},"up":{"uv":[13.75,6.625,13.875,6.75],"texture":"#0"},"down":{"uv":[13.9375,6.625,14.0625,6.75],"texture":"#0","rotation":180}}},{"from":[24.04453,21.07969,2.4],"to":[26.24453,23.27969,3.6],"rotation":{"origin":[25.64453,22.67969,6.0],"axis":"z","angle":-45.0},"faces":{"north":{"uv":[14.125,6.625,14.25,6.75],"texture":"#0","rotation":180},"east":{"uv":[13.75,6.625,13.875,6.6875],"texture":"#0","rotation":90},"west":{"uv":[14.0625,6.625,13.9375,6.6875],"texture":"#0","rotation":270},"up":{"uv":[13.75,6.625,13.875,6.6875],"texture":"#0"},"down":{"uv":[13.9375,6.625,14.0625,6.6875],"texture":"#0","rotation":180}}},{"from":[21.14453,18.17969,2.5],"to":[23.14453,20.17969,4.5],"rotation":{"origin":[22.64453,19.67969,6.0],"axis":"z","angle":-45.0},"faces":{"north":{"uv":[14.125,6.625,14.25,6.75],"texture":"#0","rotation":180},"east":{"uv":[13.75,6.625,13.875,6.75],"texture":"#0","rotation":90},"west":{"uv":[13.9375,6.625,14.0625,6.75],"texture":"#0","rotation":270},"up":{"uv":[13.75,6.625,13.875,6.75],"texture":"#0"},"down":{"uv":[13.9375,6.625,14.0625,6.75],"texture":"#0","rotation":180}}},{"from":[21.04453,18.07969,2.4],"to":[23.24453,20.27969,3.6],"rotation":{"origin":[22.64453,19.67969,6.0],"axis":"z","angle":-45.0},"faces":{"north":{"uv":[14.125,6.625,14.25,6.75],"texture":"#0","rotation":180},"east":{"uv":[13.75,6.625,13.875,6.6875],"texture":"#0","rotation":90},"west":{"uv":[14.0625,6.625,13.9375,6.6875],"texture":"#0","rotation":270},"up":{"uv":[13.75,6.625,13.875,6.6875],"texture":"#0"},"down":{"uv":[13.9375,6.625,14.0625,6.6875],"texture":"#0","rotation":180}}},{"from":[21.0,14.0,6.0],"to":[22.0,31.0,16.0],"rotation":{"origin":[21.5,22.5,11.0],"axis":"z","angle":-45.0},"faces":{"north":{"uv":[7.125,8.75,8.1875,8.8125],"texture":"#0","rotation":90},"east":{"uv":[7.125,8.75,8.1875,9.375],"texture":"#0","rotation":90},"west":{"uv":[7.125,8.75,8.1875,9.375],"texture":"#0","rotation":90},"up":{"uv":[7.125,8.75,7.75,8.8125],"texture":"#0","rotation":90},"down":{"uv":[7.125,8.75,7.75,8.8125],"texture":"#0","rotation":90}}},{"from":[15.0,21.0,6.0],"to":[16.0,31.0,16.0],"rotation":{"origin":[15.5,22.5,11.0],"axis":"z","angle":-45.0},"faces":{"north":{"uv":[7.125,8.75,7.1875,9.375],"texture":"#0"},"east":{"uv":[7.125,8.75,7.75,9.375],"texture":"#0"},"west":{"uv":[7.125,8.75,7.75,9.375],"texture":"#0"},"up":{"uv":[7.125,8.75,7.1875,9.375],"texture":"#0"},"down":{"uv":[7.125,8.75,7.1875,9.375],"texture":"#0"}}},{"from":[27.22656,14.0,6.0],"to":[28.22656,24.0,16.0],"rotation":{"origin":[27.72656,22.5,11.0],"axis":"z","angle":-45.0},"faces":{"north":{"uv":[7.125,8.75,7.1875,9.375],"texture":"#0"},"east":{"uv":[7.125,8.75,7.75,9.375],"texture":"#0"},"west":{"uv":[7.125,8.75,7.75,9.375],"texture":"#0"},"up":{"uv":[7.125,8.75,7.1875,9.375],"texture":"#0"},"down":{"uv":[7.125,8.75,7.1875,9.375],"texture":"#0"}}},{"from":[16.4519,15.7019,6.0],"to":[17.4519,26.7019,16.0],"rotation":{"origin":[19.25,22.5,11.0],"axis":"z","angle":45.0},"faces":{"north":{"uv":[7.125,8.75,7.8125,8.8125],"texture":"#0","rotation":90},"east":{"uv":[7.125,8.75,7.8125,9.375],"texture":"#0","rotation":90},"west":{"uv":[7.125,8.75,7.8125,9.375],"texture":"#0","rotation":90},"up":{"uv":[7.125,8.75,7.75,8.8125],"texture":"#0","rotation":90},"down":{"uv":[7.125,8.75,7.75,8.8125],"texture":"#0","rotation":90}}},{"from":[23.76294,13.3606,6.0],"to":[24.76294,30.3606,16.0],"rotation":{"origin":[21.96484,19.5625,11.0],"axis":"z","angle":45.0},"faces":{"north":{"uv":[7.125,8.75,8.1875,8.8125],"texture":"#0","rotation":90},"east":{"uv":[7.125,8.75,8.1875,9.375],"texture":"#0","rotation":90},"west":{"uv":[7.125,8.75,8.1875,9.375],"texture":"#0","rotation":90},"up":{"uv":[7.125,8.75,7.75,8.8125],"texture":"#0","rotation":90},"down":{"uv":[7.125,8.75,7.75,8.8125],"texture":"#0","rotation":90}}},{"from":[25.76294,17.3606,6.0],"to":[26.76294,29.3606,16.0],"rotation":{"origin":[23.96484,23.5625,11.0],"axis":"z","angle":45.0},"faces":{"north":{"uv":[7.125,8.75,7.875,8.8125],"texture":"#0","rotation":90},"east":{"uv":[7.125,8.75,7.875,9.375],"texture":"#0","rotation":90},"west":{"uv":[7.125,8.75,7.875,9.375],"texture":"#0","rotation":90},"up":{"uv":[7.125,8.75,7.75,8.8125],"texture":"#0","rotation":90},"down":{"uv":[7.125,8.75,7.75,8.8125],"texture":"#0","rotation":90}}},{"from":[13.5,17.0,4.0],"to":[15.5,28.0,16.0],"rotation":{"origin":[13.5,17.0,4.0],"axis":"y","angle":0.0},"faces":{"north":{"uv":[9.0625,8.75,9.1875,9.4375],"texture":"#0"},"east":{"uv":[10.0,8.75,9.25,9.4375],"texture":"#0"},"west":{"uv":[9.25,8.75,10.0,9.4375],"texture":"#0"}}},{"from":[8.5,17.0,6.5],"to":[11.5,24.0,9.5],"rotation":{"origin":[10.0,22.5,8.0],"axis":"y","angle":0.0},"faces":{"north":{"uv":[14.125,6.125,13.9375,6.5625],"texture":"#0"},"east":{"uv":[14.4375,6.625,14.625,7.0625],"texture":"#0"},"south":{"uv":[14.4375,6.625,14.625,7.0625],"texture":"#0"},"west":{"uv":[13.9375,6.125,14.125,6.5625],"texture":"#0"},"up":{"uv":[14.1875,6.125,14.375,6.3125],"texture":"#0"}}},{"from":[8.45,19.45,6.45],"to":[11.55,21.55,7.55],"rotation":{"origin":[10.1,23.1,8.1],"axis":"y","angle":0.0},"faces":{"north":{"uv":[14.1875,6.375,14.375,6.5],"texture":"#0"},"east":{"uv":[14.1875,6.375,14.25,6.5],"texture":"#0"},"south":{"uv":[14.1875,6.375,14.375,6.5],"texture":"#0"},"west":{"uv":[14.1875,6.375,14.25,6.5],"texture":"#0"}}},{"from":[9.0,24.0,7.0],"to":[11.0,26.0,9.0],"rotation":{"origin":[10.5,22.5,8.5],"axis":"y","angle":0.0},"faces":{"north":{"uv":[13.9375,6.625,14.0625,6.75],"texture":"#0"},"east":{"uv":[13.75,6.625,13.875,6.75],"texture":"#0"},"south":{"uv":[13.75,6.625,13.875,6.75],"texture":"#0"},"west":{"uv":[14.0625,6.625,13.9375,6.75],"texture":"#0"},"up":{"uv":[14.125,6.625,14.25,6.75],"texture":"#0"}}},{"from":[8.9,24.9,6.9],"to":[11.1,26.1,9.1],"rotation":{"origin":[10.5,22.5,8.5],"axis":"y","angle":0.0},"faces":{"north":{"uv":[13.9375,6.625,14.0625,6.6875],"texture":"#0"},"east":{"uv":[13.75,6.625,13.875,6.6875],"texture":"#0"},"south":{"uv":[13.75,6.625,13.875,6.6875],"texture":"#0"},"west":{"uv":[14.0625,6.625,13.9375,6.6875],"texture":"#0"},"up":{"uv":[14.125,6.625,14.25,6.75],"texture":"#0"}}},{"from":[3.5,17.0,11.5],"to":[6.5,24.0,14.5],"rotation":{"origin":[5.0,22.5,13.0],"axis":"y","angle":0.0},"faces":{"north":{"uv":[15.0625,6.125,14.875,6.5625],"texture":"#0"},"east":{"uv":[15.375,6.625,15.5625,7.0625],"texture":"#0"},"south":{"uv":[15.375,6.625,15.5625,7.0625],"texture":"#0"},"west":{"uv":[14.875,6.125,15.0625,6.5625],"texture":"#0"},"up":{"uv":[15.125,6.125,15.3125,6.3125],"texture":"#0"}}},{"from":[3.45,19.45,11.45],"to":[6.55,21.55,12.55],"rotation":{"origin":[5.1,23.1,13.1],"axis":"y","angle":0.0},"faces":{"north":{"uv":[15.125,6.375,15.3125,6.5],"texture":"#0"},"east":{"uv":[15.125,6.375,15.1875,6.5],"texture":"#0"},"south":{"uv":[15.125,6.375,15.3125,6.5],"texture":"#0"},"west":{"uv":[15.125,6.375,15.1875,6.5],"texture":"#0"}}},{"from":[4.0,24.0,12.0],"to":[6.0,26.0,14.0],"rotation":{"origin":[5.5,22.5,13.5],"axis":"y","angle":0.0},"faces":{"north":{"uv":[14.875,6.625,15.0,6.75],"texture":"#0"},"east":{"uv":[14.6875,6.625,14.8125,6.75],"texture":"#0"},"south":{"uv":[14.6875,6.625,14.8125,6.75],"texture":"#0"},"west":{"uv":[15.0,6.625,14.875,6.75],"texture":"#0"},"up":{"uv":[15.0625,6.625,15.1875,6.75],"texture":"#0"}}},{"from":[3.9,24.9,11.9],"to":[6.1,26.1,14.1],"rotation":{"origin":[5.5,22.5,13.5],"axis":"y","angle":0.0},"faces":{"north":{"uv":[14.875,6.625,15.0,6.6875],"texture":"#0"},"east":{"uv":[14.6875,6.625,14.8125,6.6875],"texture":"#0"},"south":{"uv":[14.6875,6.625,14.8125,6.6875],"texture":"#0"},"west":{"uv":[15.0,6.625,14.875,6.6875],"texture":"#0"},"up":{"uv":[15.0625,6.625,15.1875,6.75],"texture":"#0"}}},{"from":[-3.5,17.0,11.5],"to":[-0.5,24.0,14.5],"rotation":{"origin":[-2.0,22.5,13.0],"axis":"y","angle":0.0},"faces":{"north":{"uv":[15.0625,6.125,14.875,6.5625],"texture":"#0"},"east":{"uv":[15.375,6.625,15.5625,7.0625],"texture":"#0"},"south":{"uv":[15.375,6.625,15.5625,7.0625],"texture":"#0"},"west":{"uv":[14.875,6.125,15.0625,6.5625],"texture":"#0"},"up":{"uv":[15.125,6.125,15.3125,6.3125],"texture":"#0"}}},{"from":[-3.55,19.45,11.45],"to":[-0.45,21.55,12.55],"rotation":{"origin":[-1.9,23.1,13.1],"axis":"y","angle":0.0},"faces":{"north":{"uv":[15.125,6.375,15.3125,6.5],"texture":"#0"},"east":{"uv":[15.125,6.375,15.1875,6.5],"texture":"#0"},"south":{"uv":[15.125,6.375,15.3125,6.5],"texture":"#0"},"west":{"uv":[15.125,6.375,15.1875,6.5],"texture":"#0"}}},{"from":[-3.0,24.0,12.0],"to":[-1.0,26.0,14.0],"rotation":{"origin":[-1.5,22.5,13.5],"axis":"y","angle":0.0},"faces":{"north":{"uv":[14.875,6.625,15.0,6.75],"texture":"#0"},"east":{"uv":[14.6875,6.625,14.8125,6.75],"texture":"#0"},"south":{"uv":[14.6875,6.625,14.8125,6.75],"texture":"#0"},"west":{"uv":[15.0,6.625,14.875,6.75],"texture":"#0"},"up":{"uv":[15.0625,6.625,15.1875,6.75],"texture":"#0"}}},{"from":[-3.1,24.9,11.9],"to":[-0.9,26.1,14.1],"rotation":{"origin":[-1.5,22.5,13.5],"axis":"y","angle":0.0},"faces":{"north":{"uv":[14.875,6.625,15.0,6.6875],"texture":"#0"},"east":{"uv":[14.6875,6.625,14.8125,6.6875],"texture":"#0"},"south":{"uv":[14.6875,6.625,14.8125,6.6875],"texture":"#0"},"west":{"uv":[15.0,6.625,14.875,6.6875],"texture":"#0"},"up":{"uv":[15.0625,6.625,15.1875,6.75],"texture":"#0"}}},{"from":[0.5,17.0,5.5],"to":[3.5,24.0,8.5],"rotation":{"origin":[2.0,22.5,7.0],"axis":"y","angle":0.0},"faces":{"north":{"uv":[15.0625,7.125,14.875,7.5625],"texture":"#0"},"east":{"uv":[15.375,7.625,15.5625,8.0625],"texture":"#0"},"south":{"uv":[15.375,7.625,15.5625,8.0625],"texture":"#0"},"west":{"uv":[14.875,7.125,15.0625,7.5625],"texture":"#0"},"up":{"uv":[15.125,7.125,15.3125,7.3125],"texture":"#0"}}},{"from":[0.45,19.45,5.45],"to":[3.55,21.55,6.55],"rotation":{"origin":[2.1,23.1,7.1],"axis":"y","angle":0.0},"faces":{"north":{"uv":[15.125,7.375,15.3125,7.5],"texture":"#0"},"east":{"uv":[15.125,7.375,15.1875,7.5],"texture":"#0"},"south":{"uv":[15.125,7.375,15.3125,7.5],"texture":"#0"},"west":{"uv":[15.125,7.375,15.1875,7.5],"texture":"#0"}}},{"from":[1.0,24.0,6.0],"to":[3.0,26.0,8.0],"rotation":{"origin":[2.5,22.5,7.5],"axis":"y","angle":0.0},"faces":{"north":{"uv":[14.875,7.625,15.0,7.75],"texture":"#0"},"east":{"uv":[14.6875,7.625,14.8125,7.75],"texture":"#0"},"south":{"uv":[14.6875,7.625,14.8125,7.75],"texture":"#0"},"west":{"uv":[15.0,7.625,14.875,7.75],"texture":"#0"},"up":{"uv":[15.0625,7.625,15.1875,7.75],"texture":"#0"}}},{"from":[0.9,24.9,5.9],"to":[3.1,26.1,8.1],"rotation":{"origin":[2.5,22.5,7.5],"axis":"y","angle":0.0},"faces":{"north":{"uv":[14.875,7.625,15.0,7.6875],"texture":"#0"},"east":{"uv":[14.6875,7.625,14.8125,7.6875],"texture":"#0"},"south":{"uv":[14.6875,7.625,14.8125,7.6875],"texture":"#0"},"west":{"uv":[15.0,7.625,14.875,7.6875],"texture":"#0"},"up":{"uv":[15.0625,7.625,15.1875,7.75],"texture":"#0"}}},{"from":[9.5,17.0,11.5],"to":[12.5,24.0,14.5],"rotation":{"origin":[11.0,22.5,13.0],"axis":"y","angle":0.0},"faces":{"north":{"uv":[15.0625,7.125,14.875,7.5625],"texture":"#0"},"east":{"uv":[15.375,7.625,15.5625,8.0625],"texture":"#0"},"south":{"uv":[15.375,7.625,15.5625,8.0625],"texture":"#0"},"west":{"uv":[14.875,7.125,15.0625,7.5625],"texture":"#0"},"up":{"uv":[15.125,7.125,15.3125,7.3125],"texture":"#0"}}},{"from":[9.45,19.45,11.45],"to":[12.55,21.55,12.55],"rotation":{"origin":[11.1,23.1,13.1],"axis":"y","angle":0.0},"faces":{"north":{"uv":[15.125,7.375,15.3125,7.5],"texture":"#0"},"east":{"uv":[15.125,7.375,15.1875,7.5],"texture":"#0"},"south":{"uv":[15.125,7.375,15.3125,7.5],"texture":"#0"},"west":{"uv":[15.125,7.375,15.1875,7.5],"texture":"#0"}}},{"from":[10.0,24.0,12.0],"to":[12.0,26.0,14.0],"rotation":{"origin":[11.5,22.5,13.5],"axis":"y","angle":0.0},"faces":{"north":{"uv":[14.875,7.625,15.0,7.75],"texture":"#0"},"east":{"uv":[14.6875,7.625,14.8125,7.75],"texture":"#0"},"south":{"uv":[14.6875,7.625,14.8125,7.75],"texture":"#0"},"west":{"uv":[15.0,7.625,14.875,7.75],"texture":"#0"},"up":{"uv":[15.0625,7.625,15.1875,7.75],"texture":"#0"}}},{"from":[9.9,24.9,11.9],"to":[12.1,26.1,14.1],"rotation":{"origin":[11.5,22.5,13.5],"axis":"y","angle":0.0},"faces":{"north":{"uv":[14.875,7.625,15.0,7.6875],"texture":"#0"},"east":{"uv":[14.6875,7.625,14.8125,7.6875],"texture":"#0"},"south":{"uv":[14.6875,7.625,14.8125,7.6875],"texture":"#0"},"west":{"uv":[15.0,7.625,14.875,7.6875],"texture":"#0"},"up":{"uv":[15.0625,7.625,15.1875,7.75],"texture":"#0"}}},{"from":[-6.25,17.0,6.39645],"to":[-1.25,21.0,9.39645],"rotation":{"origin":[-3.75,20.75,7.39645],"axis":"y","angle":-45.0},"faces":{"north":{"uv":[13.9375,7.625,14.25,7.875],"texture":"#0"},"east":{"uv":[13.9375,7.0,14.125,7.25],"texture":"#0"},"south":{"uv":[13.9375,7.3125,14.25,7.5625],"texture":"#0"},"west":{"uv":[14.5,7.625,14.3125,7.875],"texture":"#0"},"up":{"uv":[13.9375,8.125,14.25,7.9375],"texture":"#0","rotation":180},"down":{"uv":[13.9375,8.1875,14.25,8.375],"texture":"#0"}}},{"from":[-6.35,17.9,6.29645],"to":[-1.15,20.1,7.49645],"rotation":{"origin":[-3.75,20.75,7.39645],"axis":"y","angle":-45.0},"faces":{"north":{"uv":[14.3125,7.9375,14.625,8.0625],"texture":"#0"},"east":{"uv":[14.3125,7.9375,14.375,8.0625],"texture":"#0"},"west":{"uv":[14.3125,7.9375,14.375,8.0625],"texture":"#0"}}},{"from":[-4.75,21.0,6.89645],"to":[-2.75,23.0,8.89645],"rotation":{"origin":[-3.75,20.75,7.39645],"axis":"y","angle":-45.0},"faces":{"north":{"uv":[14.5,8.125,14.625,8.25],"texture":"#0"},"east":{"uv":[14.3125,8.125,14.4375,8.25],"texture":"#0"},"south":{"uv":[14.3125,8.125,14.4375,8.25],"texture":"#0"},"west":{"uv":[14.625,8.125,14.5,8.25],"texture":"#0"},"up":{"uv":[14.6875,8.125,14.8125,8.25],"texture":"#0"}}},{"from":[-4.8,21.95,6.84645],"to":[-2.7,23.05,8.94645],"rotation":{"origin":[-3.75,20.75,7.39645],"axis":"y","angle":-45.0},"faces":{"north":{"uv":[14.5,8.125,14.625,8.1875],"texture":"#0"},"east":{"uv":[14.3125,8.125,14.4375,8.1875],"texture":"#0"},"south":{"uv":[14.3125,8.125,14.4375,8.1875],"texture":"#0"},"west":{"uv":[14.625,8.125,14.5,8.1875],"texture":"#0"},"up":{"uv":[14.6875,8.125,14.8125,8.25],"texture":"#0"}}},{"from":[-10.25,17.0,10.39645],"to":[-5.25,21.0,13.39645],"rotation":{"origin":[-7.75,20.75,11.39645],"axis":"y","angle":0.0},"faces":{"north":{"uv":[14.9375,8.5,15.25,8.75],"texture":"#0"},"east":{"uv":[14.9375,7.875,15.125,8.125],"texture":"#0"},"south":{"uv":[14.9375,8.1875,15.25,8.4375],"texture":"#0"},"west":{"uv":[15.5,8.5,15.3125,8.75],"texture":"#0"},"up":{"uv":[14.9375,9.0,15.25,8.8125],"texture":"#0","rotation":180},"down":{"uv":[14.9375,9.0625,15.25,9.25],"texture":"#0"}}},{"from":[-10.35,17.9,10.29645],"to":[-5.15,20.1,11.49645],"rotation":{"origin":[-7.75,20.75,11.39645],"axis":"y","angle":0.0},"faces":{"north":{"uv":[14.3125,7.9375,14.625,8.0625],"texture":"#0"},"east":{"uv":[14.3125,7.9375,14.375,8.0625],"texture":"#0"},"west":{"uv":[14.3125,7.9375,14.375,8.0625],"texture":"#0"}}},{"from":[-8.75,21.0,10.89645],"to":[-6.75,23.0,12.89645],"rotation":{"origin":[-7.75,20.75,11.39645],"axis":"y","angle":0.0},"faces":{"north":{"uv":[15.5,9.0,15.625,9.125],"texture":"#0"},"east":{"uv":[15.3125,9.0,15.4375,9.125],"texture":"#0"},"south":{"uv":[15.3125,9.0,15.4375,9.125],"texture":"#0"},"west":{"uv":[15.625,9.0,15.5,9.125],"texture":"#0"},"up":{"uv":[15.6875,9.0,15.8125,9.125],"texture":"#0"}}},{"from":[-8.8,21.95,10.84645],"to":[-6.7,23.05,12.94645],"rotation":{"origin":[-7.75,20.75,11.39645],"axis":"y","angle":0.0},"faces":{"north":{"uv":[15.5,9.0,15.625,9.0625],"texture":"#0"},"east":{"uv":[15.3125,9.0,15.4375,9.0625],"texture":"#0"},"south":{"uv":[15.3125,9.0,15.4375,9.0625],"texture":"#0"},"west":{"uv":[15.625,9.0,15.5,9.0625],"texture":"#0"},"up":{"uv":[15.6875,9.0,15.8125,9.125],"texture":"#0"}}},{"from":[19.25,8.0,6.75],"to":[24.25,14.0,11.75],"rotation":{"origin":[21.75,11.25,7.5],"axis":"y","angle":45.0},"faces":{"north":{"uv":[10.8125,8.625,11.125,9.0],"texture":"#0"},"east":{"uv":[10.8125,8.625,11.125,9.0],"texture":"#0"},"south":{"uv":[10.8125,8.625,11.125,9.0],"texture":"#0"},"west":{"uv":[10.8125,8.625,11.125,9.0],"texture":"#0"},"up":{"uv":[11.1875,9.0625,11.5,9.375],"texture":"#0","rotation":90},"down":{"uv":[10.8125,9.0625,11.125,9.375],"texture":"#0","rotation":270}}},{"from":[21.75,9.0,4.75],"to":[21.75,13.0,6.75],"rotation":{"origin":[21.75,11.25,7.5],"axis":"y","angle":45.0},"faces":{"east":{"uv":[11.1875,8.6875,11.3125,8.9375],"texture":"#0"},"west":{"uv":[11.3125,8.6875,11.1875,8.9375],"texture":"#0"}}},{"from":[23.25,14.0,10.75],"to":[20.25,9.0,7.75],"rotation":{"origin":[21.75,11.25,7.5],"axis":"y","angle":45.0},"faces":{"north":{"uv":[11.4375,8.9375,11.625,8.625],"texture":"#0"},"east":{"uv":[11.4375,8.9375,11.625,8.625],"texture":"#0"},"south":{"uv":[11.4375,8.9375,11.625,8.625],"texture":"#0"},"west":{"uv":[11.4375,8.9375,11.625,8.625],"texture":"#0"},"up":{"uv":[11.0625,9.125,10.875,9.3125],"texture":"#0","rotation":90}}},{"from":[3.0,8.0,9.0],"to":[8.0,14.0,14.0],"rotation":{"origin":[3.75,11.25,11.5],"axis":"y","angle":0.0},"faces":{"north":{"uv":[10.8125,8.625,11.125,9.0],"texture":"#0"},"east":{"uv":[10.8125,8.625,11.125,9.0],"texture":"#0"},"south":{"uv":[10.8125,8.625,11.125,9.0],"texture":"#0"},"west":{"uv":[10.8125,8.625,11.125,9.0],"texture":"#0"},"up":{"uv":[11.1875,9.0625,11.5,9.375],"texture":"#0"},"down":{"uv":[10.8125,9.0625,11.125,9.375],"texture":"#0"}}},{"from":[1.0,9.0,11.5],"to":[3.0,13.0,11.5],"rotation":{"origin":[3.75,11.25,11.5],"axis":"y","angle":0.0},"faces":{"north":{"uv":[11.1875,8.6875,11.3125,8.9375],"texture":"#0"},"south":{"uv":[11.3125,8.6875,11.1875,8.9375],"texture":"#0"}}},{"from":[7.0,14.0,13.0],"to":[4.0,9.0,10.0],"rotation":{"origin":[3.75,11.25,11.5],"axis":"y","angle":0.0},"faces":{"north":{"uv":[11.4375,8.9375,11.625,8.625],"texture":"#0"},"east":{"uv":[11.4375,8.9375,11.625,8.625],"texture":"#0"},"south":{"uv":[11.4375,8.9375,11.625,8.625],"texture":"#0"},"west":{"uv":[11.4375,8.9375,11.625,8.625],"texture":"#0"},"up":{"uv":[11.0625,9.125,10.875,9.3125],"texture":"#0"}}},{"from":[10.25,8.0,6.75],"to":[15.25,14.0,11.75],"rotation":{"origin":[12.75,11.25,7.5],"axis":"y","angle":45.0},"faces":{"north":{"uv":[11.75,8.625,12.0625,9.0],"texture":"#0"},"east":{"uv":[11.75,8.625,12.0625,9.0],"texture":"#0"},"south":{"uv":[11.75,8.625,12.0625,9.0],"texture":"#0"},"west":{"uv":[11.75,8.625,12.0625,9.0],"texture":"#0"},"up":{"uv":[12.125,9.0625,12.4375,9.375],"texture":"#0","rotation":90},"down":{"uv":[11.75,9.0625,12.0625,9.375],"texture":"#0","rotation":270}}},{"from":[12.75,9.0,4.75],"to":[12.75,13.0,6.75],"rotation":{"origin":[12.75,11.25,7.5],"axis":"y","angle":45.0},"faces":{"east":{"uv":[12.125,8.6875,12.25,8.9375],"texture":"#0"},"west":{"uv":[12.25,8.6875,12.125,8.9375],"texture":"#0"}}},{"from":[14.25,14.0,10.75],"to":[11.25,9.0,7.75],"rotation":{"origin":[12.75,11.25,7.5],"axis":"y","angle":45.0},"faces":{"north":{"uv":[12.375,8.9375,12.5625,8.625],"texture":"#0"},"east":{"uv":[12.375,8.9375,12.5625,8.625],"texture":"#0"},"south":{"uv":[12.375,8.9375,12.5625,8.625],"texture":"#0"},"west":{"uv":[12.375,8.9375,12.5625,8.625],"texture":"#0"},"up":{"uv":[12.0,9.125,11.8125,9.3125],"texture":"#0","rotation":90}}},{"from":[-7.5,8.0,7.0],"to":[-2.5,14.0,12.0],"rotation":{"origin":[-3.25,11.25,9.5],"axis":"y","angle":22.5},"faces":{"north":{"uv":[11.75,8.625,12.0625,9.0],"texture":"#0"},"east":{"uv":[11.75,8.625,12.0625,9.0],"texture":"#0"},"south":{"uv":[11.75,8.625,12.0625,9.0],"texture":"#0"},"west":{"uv":[11.75,8.625,12.0625,9.0],"texture":"#0"},"up":{"uv":[12.125,9.0625,12.4375,9.375],"texture":"#0","rotation":180},"down":{"uv":[11.75,9.0625,12.0625,9.375],"texture":"#0","rotation":180}}},{"from":[-2.5,9.0,9.5],"to":[-0.5,13.0,9.5],"rotation":{"origin":[-3.25,11.25,9.5],"axis":"y","angle":22.5},"faces":{"north":{"uv":[12.25,8.6875,12.125,8.9375],"texture":"#0"},"south":{"uv":[12.125,8.6875,12.25,8.9375],"texture":"#0"}}},{"from":[-3.5,14.0,11.0],"to":[-6.5,9.0,8.0],"rotation":{"origin":[-3.25,11.25,9.5],"axis":"y","angle":22.5},"faces":{"north":{"uv":[12.375,8.9375,12.5625,8.625],"texture":"#0"},"east":{"uv":[12.375,8.9375,12.5625,8.625],"texture":"#0"},"south":{"uv":[12.375,8.9375,12.5625,8.625],"texture":"#0"},"west":{"uv":[12.375,8.9375,12.5625,8.625],"texture":"#0"},"up":{"uv":[12.0,9.125,11.8125,9.3125],"texture":"#0","rotation":180}}},{"from":[22.0,0.0,7.0],"to":[26.0,5.0,11.0],"rotation":{"origin":[22.5,2.5,9.0],"axis":"y","angle":-22.5},"faces":{"north":{"uv":[12.6875,8.625,12.9375,8.9375],"texture":"#0"},"east":{"uv":[12.9375,8.625,12.6875,8.9375],"texture":"#0"},"south":{"uv":[13.0,8.9375,13.25,9.25],"texture":"#0"},"west":{"uv":[13.0,8.9375,13.25,9.25],"texture":"#0"},"up":{"uv":[13.1875,8.625,13.4375,8.875],"texture":"#0","rotation":90},"down":{"uv":[12.6875,9.0,12.9375,9.25],"texture":"#0"}}},{"from":[20.0,1.0,9.0],"to":[22.0,4.0,9.0],"rotation":{"origin":[22.5,2.5,9.0],"axis":"y","angle":-22.5},"faces":{"north":{"uv":[13.0,8.6875,13.125,8.875],"texture":"#0"},"south":{"uv":[13.125,8.6875,13.0,8.875],"texture":"#0"}}},{"from":[15.0,0.0,7.0],"to":[19.0,5.0,11.0],"rotation":{"origin":[15.5,2.5,9.0],"axis":"y","angle":-45.0},"faces":{"north":{"uv":[12.6875,8.625,12.9375,8.9375],"texture":"#0"},"east":{"uv":[12.9375,8.625,12.6875,8.9375],"texture":"#0"},"south":{"uv":[13.0,8.9375,13.25,9.25],"texture":"#0"},"west":{"uv":[13.0,8.9375,13.25,9.25],"texture":"#0"},"up":{"uv":[13.1875,8.625,13.4375,8.875],"texture":"#0","rotation":90},"down":{"uv":[12.6875,9.0,12.9375,9.25],"texture":"#0"}}},{"from":[13.0,1.0,9.0],"to":[15.0,4.0,9.0],"rotation":{"origin":[15.5,2.5,9.0],"axis":"y","angle":-45.0},"faces":{"north":{"uv":[13.0,8.6875,13.125,8.875],"texture":"#0"},"south":{"uv":[13.125,8.6875,13.0,8.875],"texture":"#0"}}},{"from":[0.0,0.0,3.0],"to":[10.0,5.0,13.0],"rotation":{"origin":[5.0,2.5,8.0],"axis":"y","angle":22.5},"faces":{"north":{"uv":[14.1875,9.3125,14.8125,9.625],"texture":"#0"},"east":{"uv":[14.1875,8.625,14.5,9.25],"texture":"#0","rotation":90},"south":{"uv":[14.5625,8.625,14.875,9.25],"texture":"#0","rotation":90},"west":{"uv":[14.125,9.3125,13.5,9.625],"texture":"#0"},"up":{"uv":[13.5,8.625,14.125,9.25],"texture":"#0"}}},{"from":[-7.0,0.0,3.0],"to":[-5.0,2.0,8.0],"rotation":{"origin":[-6.0,1.0,8.0],"axis":"y","angle":45.0},"faces":{"north":{"uv":[13.3125,9.875,13.4375,9.9375],"texture":"#0"},"east":{"uv":[13.3125,9.9375,13.4375,9.625],"texture":"#0","rotation":90},"south":{"uv":[13.3125,9.625,13.4375,9.6875],"texture":"#0"},"west":{"uv":[13.4375,9.625,13.3125,9.9375],"texture":"#0","rotation":90},"up":{"uv":[13.3125,9.9375,13.4375,9.625],"texture":"#0"}}},{"from":[-7.0,1.0,8.0],"to":[-5.0,1.0,13.0],"rotation":{"origin":[-6.0,1.0,8.0],"axis":"y","angle":45.0},"faces":{"up":{"uv":[13.4375,9.625,13.3125,9.3125],"texture":"#0"},"down":{"uv":[13.4375,9.3125,13.3125,9.625],"texture":"#0"}}}],"textures":{"particle":"shizuart_furnitures:82571230-e9df-4c52-864e-1ddb958e1dd5","0":"shizuart_furnitures:82571230-e9df-4c52-864e-1ddb958e1dd5"},"gui_light":"front"}