{"display":{"thirdperson_righthand":{"rotation":[75.0,45.0,0.0],"translation":[3.75,7.5,1.5],"scale":[0.375,0.375,0.375]},"thirdperson_lefthand":{"rotation":[75.0,45.0,0.0],"translation":[0.5,4.0,3.25],"scale":[0.375,0.375,0.375]},"firstperson_righthand":{"rotation":[0.0,75.75,0.0],"translation":[5.25,2.75,1.5],"scale":[0.4,0.4,0.4]},"firstperson_lefthand":{"rotation":[0.0,75.75,0.0],"translation":[5.25,2.75,5.5],"scale":[0.4,0.4,0.4]},"ground":{"translation":[0.0,3.0,0.0],"scale":[0.25,0.25,0.25]},"gui":{"rotation":[30.0,-135.0,0.0],"translation":[-1.75,-1.25,0.0],"scale":[0.39648,0.39648,0.39648]},"head":{"translation":[0.0,12.75,0.0],"scale":[0.79492,0.79492,0.79492]},"fixed":{"rotation":[-90.0,0.0,0.0],"translation":[0.0,0.0,-16.0],"scale":[2.00195,2.00195,2.00195]}},"elements":[{"from":[-15.0,0.0,1.0],"to":[17.0,14.0,16.0],"rotation":{"origin":[1.0,0.0,0.0],"axis":"y","angle":0.0},"faces":{"north":{"uv":[7.125,9.5,9.125,10.375],"texture":"#0"},"east":{"uv":[8.75,5.375,9.6875,6.25],"texture":"#0"},"south":{"uv":[7.125,10.4375,9.125,11.3125],"texture":"#0"},"west":{"uv":[9.6875,5.375,8.75,6.25],"texture":"#0"},"down":{"uv":[1.5625,8.5625,3.5625,9.5],"texture":"#0"}}},{"from":[0.3125,-1.72266,1.05078],"to":[19.3125,17.27734,1.05078],"rotation":{"origin":[8.3125,8.27734,1.05078],"axis":"z","angle":-45.0},"faces":{"north":{"uv":[9.1875,9.5,10.375,10.6875],"texture":"#0"}}},{"from":[-15.86321,-2.63687,1.05078],"to":[3.13679,16.36313,1.05078],"rotation":{"origin":[-6.36321,6.86313,1.05078],"axis":"z","angle":-45.0},"faces":{"north":{"uv":[9.1875,9.5,10.375,10.6875],"texture":"#0"}}},{"from":[-15.0,14.0,0.0],"to":[17.0,16.0,16.0],"rotation":{"origin":[1.0,14.0,0.0],"axis":"y","angle":0.0},"faces":{"north":{"uv":[4.0625,12.5,6.0625,12.625],"texture":"#0"},"east":{"uv":[4.0625,12.6875,5.0625,12.8125],"texture":"#0"},"south":{"uv":[4.0625,12.5,6.0625,12.625],"texture":"#0"},"west":{"uv":[4.0625,12.5,5.0625,12.625],"texture":"#0"},"up":{"uv":[4.0625,10.375,6.0625,11.375],"texture":"#0"},"down":{"uv":[4.0625,10.375,6.0625,11.375],"texture":"#0"}}},{"from":[16.0,14.0,15.0],"to":[-14.0,1.0,1.0],"rotation":{"origin":[1.0,0.0,0.0],"axis":"y","angle":0.0},"faces":{"north":{"uv":[7.1875,11.25,9.0625,10.4375],"texture":"#0"},"east":{"uv":[8.75,6.1875,9.625,5.375],"texture":"#0"},"south":{"uv":[7.125,10.375,9.125,9.5],"texture":"#0"},"west":{"uv":[9.625,6.1875,8.75,5.375],"texture":"#0"},"up":{"uv":[3.5625,8.5625,1.5625,9.5],"texture":"#0"}}},{"from":[10.5,2.0,6.5],"to":[13.5,9.0,9.5],"rotation":{"origin":[12.0,7.5,8.0],"axis":"y","angle":0.0},"faces":{"north":{"uv":[14.125,6.125,13.9375,6.5625],"texture":"#0"},"east":{"uv":[14.4375,6.625,14.625,7.0625],"texture":"#0"},"south":{"uv":[14.4375,6.625,14.625,7.0625],"texture":"#0"},"west":{"uv":[13.9375,6.125,14.125,6.5625],"texture":"#0"},"up":{"uv":[14.1875,6.125,14.375,6.3125],"texture":"#0"}}},{"from":[10.45,4.45,6.45],"to":[13.55,6.55,7.55],"rotation":{"origin":[12.1,8.1,8.1],"axis":"y","angle":0.0},"faces":{"north":{"uv":[14.1875,6.375,14.375,6.5],"texture":"#0"},"east":{"uv":[14.1875,6.375,14.25,6.5],"texture":"#0"},"south":{"uv":[14.1875,6.375,14.375,6.5],"texture":"#0"},"west":{"uv":[14.1875,6.375,14.25,6.5],"texture":"#0"}}},{"from":[11.0,9.0,7.0],"to":[13.0,11.0,9.0],"rotation":{"origin":[12.5,7.5,8.5],"axis":"y","angle":0.0},"faces":{"north":{"uv":[13.9375,6.625,14.0625,6.75],"texture":"#0"},"east":{"uv":[13.75,6.625,13.875,6.75],"texture":"#0"},"south":{"uv":[13.75,6.625,13.875,6.75],"texture":"#0"},"west":{"uv":[14.0625,6.625,13.9375,6.75],"texture":"#0"},"up":{"uv":[14.125,6.625,14.25,6.75],"texture":"#0"}}},{"from":[10.9,9.9,6.9],"to":[13.1,11.1,9.1],"rotation":{"origin":[12.5,7.5,8.5],"axis":"y","angle":0.0},"faces":{"north":{"uv":[13.9375,6.625,14.0625,6.6875],"texture":"#0"},"east":{"uv":[13.75,6.625,13.875,6.6875],"texture":"#0"},"south":{"uv":[13.75,6.625,13.875,6.6875],"texture":"#0"},"west":{"uv":[14.0625,6.625,13.9375,6.6875],"texture":"#0"},"up":{"uv":[14.125,6.625,14.25,6.75],"texture":"#0"}}},{"from":[5.5,2.0,11.5],"to":[8.5,9.0,14.5],"rotation":{"origin":[7.0,7.5,13.0],"axis":"y","angle":0.0},"faces":{"north":{"uv":[15.0625,6.125,14.875,6.5625],"texture":"#0"},"east":{"uv":[15.375,6.625,15.5625,7.0625],"texture":"#0"},"south":{"uv":[15.375,6.625,15.5625,7.0625],"texture":"#0"},"west":{"uv":[14.875,6.125,15.0625,6.5625],"texture":"#0"},"up":{"uv":[15.125,6.125,15.3125,6.3125],"texture":"#0"}}},{"from":[5.45,4.45,11.45],"to":[8.55,6.55,12.55],"rotation":{"origin":[7.1,8.1,13.1],"axis":"y","angle":0.0},"faces":{"north":{"uv":[15.125,6.375,15.3125,6.5],"texture":"#0"},"east":{"uv":[15.125,6.375,15.1875,6.5],"texture":"#0"},"south":{"uv":[15.125,6.375,15.3125,6.5],"texture":"#0"},"west":{"uv":[15.125,6.375,15.1875,6.5],"texture":"#0"}}},{"from":[6.0,9.0,12.0],"to":[8.0,11.0,14.0],"rotation":{"origin":[7.5,7.5,13.5],"axis":"y","angle":0.0},"faces":{"north":{"uv":[14.875,6.625,15.0,6.75],"texture":"#0"},"east":{"uv":[14.6875,6.625,14.8125,6.75],"texture":"#0"},"south":{"uv":[14.6875,6.625,14.8125,6.75],"texture":"#0"},"west":{"uv":[15.0,6.625,14.875,6.75],"texture":"#0"},"up":{"uv":[15.0625,6.625,15.1875,6.75],"texture":"#0"}}},{"from":[5.9,9.9,11.9],"to":[8.1,11.1,14.1],"rotation":{"origin":[7.5,7.5,13.5],"axis":"y","angle":0.0},"faces":{"north":{"uv":[14.875,6.625,15.0,6.6875],"texture":"#0"},"east":{"uv":[14.6875,6.625,14.8125,6.6875],"texture":"#0"},"south":{"uv":[14.6875,6.625,14.8125,6.6875],"texture":"#0"},"west":{"uv":[15.0,6.625,14.875,6.6875],"texture":"#0"},"up":{"uv":[15.0625,6.625,15.1875,6.75],"texture":"#0"}}},{"from":[-11.5,2.0,11.5],"to":[-8.5,9.0,14.5],"rotation":{"origin":[-10.0,7.5,13.0],"axis":"y","angle":0.0},"faces":{"north":{"uv":[15.0625,6.125,14.875,6.5625],"texture":"#0"},"east":{"uv":[15.375,6.625,15.5625,7.0625],"texture":"#0"},"south":{"uv":[15.375,6.625,15.5625,7.0625],"texture":"#0"},"west":{"uv":[14.875,6.125,15.0625,6.5625],"texture":"#0"},"up":{"uv":[15.125,6.125,15.3125,6.3125],"texture":"#0"}}},{"from":[-11.55,4.45,11.45],"to":[-8.45,6.55,12.55],"rotation":{"origin":[-9.9,8.1,13.1],"axis":"y","angle":0.0},"faces":{"north":{"uv":[15.125,6.375,15.3125,6.5],"texture":"#0"},"east":{"uv":[15.125,6.375,15.1875,6.5],"texture":"#0"},"south":{"uv":[15.125,6.375,15.3125,6.5],"texture":"#0"},"west":{"uv":[15.125,6.375,15.1875,6.5],"texture":"#0"}}},{"from":[-11.0,9.0,12.0],"to":[-9.0,11.0,14.0],"rotation":{"origin":[-9.5,7.5,13.5],"axis":"y","angle":0.0},"faces":{"north":{"uv":[14.875,6.625,15.0,6.75],"texture":"#0"},"east":{"uv":[14.6875,6.625,14.8125,6.75],"texture":"#0"},"south":{"uv":[14.6875,6.625,14.8125,6.75],"texture":"#0"},"west":{"uv":[15.0,6.625,14.875,6.75],"texture":"#0"},"up":{"uv":[15.0625,6.625,15.1875,6.75],"texture":"#0"}}},{"from":[-11.1,9.9,11.9],"to":[-8.9,11.1,14.1],"rotation":{"origin":[-9.5,7.5,13.5],"axis":"y","angle":0.0},"faces":{"north":{"uv":[14.875,6.625,15.0,6.6875],"texture":"#0"},"east":{"uv":[14.6875,6.625,14.8125,6.6875],"texture":"#0"},"south":{"uv":[14.6875,6.625,14.8125,6.6875],"texture":"#0"},"west":{"uv":[15.0,6.625,14.875,6.6875],"texture":"#0"},"up":{"uv":[15.0625,6.625,15.1875,6.75],"texture":"#0"}}},{"from":[-6.5,2.0,5.5],"to":[-3.5,9.0,8.5],"rotation":{"origin":[-5.0,7.5,7.0],"axis":"y","angle":0.0},"faces":{"north":{"uv":[15.0625,7.125,14.875,7.5625],"texture":"#0"},"east":{"uv":[15.375,7.625,15.5625,8.0625],"texture":"#0"},"south":{"uv":[15.375,7.625,15.5625,8.0625],"texture":"#0"},"west":{"uv":[14.875,7.125,15.0625,7.5625],"texture":"#0"},"up":{"uv":[15.125,7.125,15.3125,7.3125],"texture":"#0"}}},{"from":[-6.55,4.45,5.45],"to":[-3.45,6.55,6.55],"rotation":{"origin":[-4.9,8.1,7.1],"axis":"y","angle":0.0},"faces":{"north":{"uv":[15.125,7.375,15.3125,7.5],"texture":"#0"},"east":{"uv":[15.125,7.375,15.1875,7.5],"texture":"#0"},"south":{"uv":[15.125,7.375,15.3125,7.5],"texture":"#0"},"west":{"uv":[15.125,7.375,15.1875,7.5],"texture":"#0"}}},{"from":[-6.0,9.0,6.0],"to":[-4.0,11.0,8.0],"rotation":{"origin":[-4.5,7.5,7.5],"axis":"y","angle":0.0},"faces":{"north":{"uv":[14.875,7.625,15.0,7.75],"texture":"#0"},"east":{"uv":[14.6875,7.625,14.8125,7.75],"texture":"#0"},"south":{"uv":[14.6875,7.625,14.8125,7.75],"texture":"#0"},"west":{"uv":[15.0,7.625,14.875,7.75],"texture":"#0"},"up":{"uv":[15.0625,7.625,15.1875,7.75],"texture":"#0"}}},{"from":[-6.1,9.9,5.9],"to":[-3.9,11.1,8.1],"rotation":{"origin":[-4.5,7.5,7.5],"axis":"y","angle":0.0},"faces":{"north":{"uv":[14.875,7.625,15.0,7.6875],"texture":"#0"},"east":{"uv":[14.6875,7.625,14.8125,7.6875],"texture":"#0"},"south":{"uv":[14.6875,7.625,14.8125,7.6875],"texture":"#0"},"west":{"uv":[15.0,7.625,14.875,7.6875],"texture":"#0"},"up":{"uv":[15.0625,7.625,15.1875,7.75],"texture":"#0"}}},{"from":[3.5,2.0,3.5],"to":[6.5,9.0,6.5],"rotation":{"origin":[5.0,7.5,5.0],"axis":"y","angle":0.0},"faces":{"north":{"uv":[15.0625,7.125,14.875,7.5625],"texture":"#0"},"east":{"uv":[15.375,7.625,15.5625,8.0625],"texture":"#0"},"south":{"uv":[15.375,7.625,15.5625,8.0625],"texture":"#0"},"west":{"uv":[14.875,7.125,15.0625,7.5625],"texture":"#0"},"up":{"uv":[15.125,7.125,15.3125,7.3125],"texture":"#0"}}},{"from":[3.45,4.45,3.45],"to":[6.55,6.55,4.55],"rotation":{"origin":[5.1,8.1,5.1],"axis":"y","angle":0.0},"faces":{"north":{"uv":[15.125,7.375,15.3125,7.5],"texture":"#0"},"east":{"uv":[15.125,7.375,15.1875,7.5],"texture":"#0"},"south":{"uv":[15.125,7.375,15.3125,7.5],"texture":"#0"},"west":{"uv":[15.125,7.375,15.1875,7.5],"texture":"#0"}}},{"from":[4.0,9.0,4.0],"to":[6.0,11.0,6.0],"rotation":{"origin":[5.5,7.5,5.5],"axis":"y","angle":0.0},"faces":{"north":{"uv":[14.875,7.625,15.0,7.75],"texture":"#0"},"east":{"uv":[14.6875,7.625,14.8125,7.75],"texture":"#0"},"south":{"uv":[14.6875,7.625,14.8125,7.75],"texture":"#0"},"west":{"uv":[15.0,7.625,14.875,7.75],"texture":"#0"},"up":{"uv":[15.0625,7.625,15.1875,7.75],"texture":"#0"}}},{"from":[3.9,9.9,3.9],"to":[6.1,11.1,6.1],"rotation":{"origin":[5.5,7.5,5.5],"axis":"y","angle":0.0},"faces":{"north":{"uv":[14.875,7.625,15.0,7.6875],"texture":"#0"},"east":{"uv":[14.6875,7.625,14.8125,7.6875],"texture":"#0"},"south":{"uv":[14.6875,7.625,14.8125,7.6875],"texture":"#0"},"west":{"uv":[15.0,7.625,14.875,7.6875],"texture":"#0"},"up":{"uv":[15.0625,7.625,15.1875,7.75],"texture":"#0"}}},{"from":[-13.25,2.0,4.39645],"to":[-8.25,6.0,7.39645],"rotation":{"origin":[-10.75,5.75,5.39645],"axis":"y","angle":-45.0},"faces":{"north":{"uv":[13.9375,7.625,14.25,7.875],"texture":"#0"},"east":{"uv":[13.9375,7.0,14.125,7.25],"texture":"#0"},"south":{"uv":[13.9375,7.3125,14.25,7.5625],"texture":"#0"},"west":{"uv":[14.5,7.625,14.3125,7.875],"texture":"#0"},"up":{"uv":[13.9375,8.125,14.25,7.9375],"texture":"#0","rotation":180},"down":{"uv":[13.9375,8.1875,14.25,8.375],"texture":"#0"}}},{"from":[-13.35,2.9,4.29645],"to":[-8.15,5.1,5.49645],"rotation":{"origin":[-10.75,5.75,5.39645],"axis":"y","angle":-45.0},"faces":{"north":{"uv":[14.3125,7.9375,14.625,8.0625],"texture":"#0"},"east":{"uv":[14.3125,7.9375,14.375,8.0625],"texture":"#0"},"west":{"uv":[14.3125,7.9375,14.375,8.0625],"texture":"#0"}}},{"from":[-11.75,6.0,4.89645],"to":[-9.75,8.0,6.89645],"rotation":{"origin":[-10.75,5.75,5.39645],"axis":"y","angle":-45.0},"faces":{"north":{"uv":[14.5,8.125,14.625,8.25],"texture":"#0"},"east":{"uv":[14.3125,8.125,14.4375,8.25],"texture":"#0"},"south":{"uv":[14.3125,8.125,14.4375,8.25],"texture":"#0"},"west":{"uv":[14.625,8.125,14.5,8.25],"texture":"#0"},"up":{"uv":[14.6875,8.125,14.8125,8.25],"texture":"#0"}}},{"from":[-11.8,6.95,4.84645],"to":[-9.7,8.05,6.94645],"rotation":{"origin":[-10.75,5.75,5.39645],"axis":"y","angle":-45.0},"faces":{"north":{"uv":[14.5,8.125,14.625,8.1875],"texture":"#0"},"east":{"uv":[14.3125,8.125,14.4375,8.1875],"texture":"#0"},"south":{"uv":[14.3125,8.125,14.4375,8.1875],"texture":"#0"},"west":{"uv":[14.625,8.125,14.5,8.1875],"texture":"#0"},"up":{"uv":[14.6875,8.125,14.8125,8.25],"texture":"#0"}}},{"from":[-2.75,2.0,3.39645],"to":[2.25,6.0,6.39645],"rotation":{"origin":[-0.25,5.75,4.39645],"axis":"y","angle":0.0},"faces":{"north":{"uv":[14.9375,8.5,15.25,8.75],"texture":"#0"},"east":{"uv":[14.9375,7.875,15.125,8.125],"texture":"#0"},"south":{"uv":[14.9375,8.1875,15.25,8.4375],"texture":"#0"},"west":{"uv":[15.5,8.5,15.3125,8.75],"texture":"#0"},"up":{"uv":[14.9375,9.0,15.25,8.8125],"texture":"#0","rotation":180},"down":{"uv":[14.9375,9.0625,15.25,9.25],"texture":"#0"}}},{"from":[-2.85,2.9,3.29645],"to":[2.35,5.1,4.49645],"rotation":{"origin":[-0.25,5.75,4.39645],"axis":"y","angle":0.0},"faces":{"north":{"uv":[14.3125,7.9375,14.625,8.0625],"texture":"#0"},"east":{"uv":[14.3125,7.9375,14.375,8.0625],"texture":"#0"},"west":{"uv":[14.3125,7.9375,14.375,8.0625],"texture":"#0"}}},{"from":[-1.25,6.0,3.89645],"to":[0.75,8.0,5.89645],"rotation":{"origin":[-0.25,5.75,4.39645],"axis":"y","angle":0.0},"faces":{"north":{"uv":[15.5,9.0,15.625,9.125],"texture":"#0"},"east":{"uv":[15.3125,9.0,15.4375,9.125],"texture":"#0"},"south":{"uv":[15.3125,9.0,15.4375,9.125],"texture":"#0"},"west":{"uv":[15.625,9.0,15.5,9.125],"texture":"#0"},"up":{"uv":[15.6875,9.0,15.8125,9.125],"texture":"#0"}}},{"from":[-1.3,6.95,3.84645],"to":[0.8,8.05,5.94645],"rotation":{"origin":[-0.25,5.75,4.39645],"axis":"y","angle":0.0},"faces":{"north":{"uv":[15.5,9.0,15.625,9.0625],"texture":"#0"},"east":{"uv":[15.3125,9.0,15.4375,9.0625],"texture":"#0"},"south":{"uv":[15.3125,9.0,15.4375,9.0625],"texture":"#0"},"west":{"uv":[15.625,9.0,15.5,9.0625],"texture":"#0"},"up":{"uv":[15.6875,9.0,15.8125,9.125],"texture":"#0"}}}],"textures":{"particle":"shizuart_furnitures:3c93ea5d-80da-44ab-9d13-2d65045a9f93","0":"shizuart_furnitures:3c93ea5d-80da-44ab-9d13-2d65045a9f93"},"gui_light":"front"}