{"display":{"thirdperson_righthand":{"rotation":[75.0,45.0,0.0],"translation":[0.0,3.75,3.25],"scale":[0.375,0.375,0.375]},"thirdperson_lefthand":{"rotation":[75.0,45.0,0.0],"translation":[0.0,4.0,3.25],"scale":[0.375,0.375,0.375]},"firstperson_righthand":{"rotation":[0.0,75.75,0.0],"translation":[5.25,2.75,1.5],"scale":[0.4,0.4,0.4]},"firstperson_lefthand":{"rotation":[0.0,75.75,0.0],"translation":[5.25,2.75,2.0],"scale":[0.4,0.4,0.4]},"ground":{"translation":[0.0,3.0,0.0],"scale":[0.25,0.25,0.25]},"gui":{"rotation":[30.0,-135.0,0.0],"translation":[0.25,0.0,0.0],"scale":[0.625,0.625,0.625]},"head":{"translation":[0.0,12.75,0.0],"scale":[0.79492,0.79492,0.79492]},"fixed":{"rotation":[-90.0,0.0,0.0],"translation":[0.0,0.0,-16.0],"scale":[2.00195,2.00195,2.00195]}},"elements":[{"from":[1.5,1.0,14.0],"to":[14.5,14.0,16.0],"rotation":{"origin":[8.0,7.5,8.0],"axis":"x","angle":0.0},"faces":{"east":{"uv":[5.1875,13.0625,6.0,13.1875],"texture":"#0","rotation":90},"south":{"uv":[5.1875,13.125,6.0,13.9375],"texture":"#0"},"west":{"uv":[5.1875,13.0625,6.0,13.1875],"texture":"#0","rotation":270},"up":{"uv":[5.1875,13.0625,6.0,13.1875],"texture":"#0"},"down":{"uv":[5.1875,13.0625,6.0,13.1875],"texture":"#0","rotation":180}}},{"from":[1.5,1.0,0.0],"to":[14.5,14.0,2.0],"rotation":{"origin":[8.0,7.5,8.0],"axis":"x","angle":0.0},"faces":{"north":{"uv":[5.1875,14.9375,6.0,14.125],"texture":"#0","rotation":180},"east":{"uv":[4.1875,14.25,5.0,14.375],"texture":"#0","rotation":90},"south":{"uv":[5.1875,13.125,6.0,13.9375],"texture":"#0"},"west":{"uv":[4.1875,14.25,5.0,14.375],"texture":"#0","rotation":270},"up":{"uv":[4.1875,14.25,5.0,14.375],"texture":"#0"},"down":{"uv":[4.1875,14.25,5.0,14.375],"texture":"#0","rotation":180}}},{"from":[0.4,-0.1,11.75938],"to":[15.6,15.1,13.95937],"rotation":{"origin":[8.0,7.5,8.0],"axis":"x","angle":0.0},"faces":{"east":{"uv":[4.125,14.0625,5.0625,14.1875],"texture":"#0","rotation":90},"west":{"uv":[4.125,14.0625,5.0625,14.1875],"texture":"#0","rotation":270},"up":{"uv":[4.125,14.0625,5.0625,14.1875],"texture":"#0"},"down":{"uv":[4.125,14.0625,5.0625,14.1875],"texture":"#0","rotation":180}}},{"from":[0.5,0.0,2.0],"to":[15.5,15.0,14.0],"rotation":{"origin":[8.0,7.5,8.0],"axis":"x","angle":0.0},"faces":{"north":{"uv":[5.125,14.0625,6.0625,15.0],"texture":"#0","rotation":180},"east":{"uv":[4.125,13.1875,5.0625,13.9375],"texture":"#0","rotation":90},"south":{"uv":[5.125,13.0625,6.0625,14.0],"texture":"#0"},"west":{"uv":[4.125,13.1875,5.0625,13.9375],"texture":"#0","rotation":270},"up":{"uv":[4.125,13.1875,5.0625,13.9375],"texture":"#0"},"down":{"uv":[4.125,13.1875,5.0625,13.9375],"texture":"#0","rotation":180}}}],"textures":{"particle":"shizuart_furnitures:de6e3b21-159e-40d0-9197-3665f87be742","0":"shizuart_furnitures:de6e3b21-159e-40d0-9197-3665f87be742"},"gui_light":"front"}