{"display":{"thirdperson_righthand":{"rotation":[75.0,45.0,0.0],"translation":[-0.75,3.0,2.75],"scale":[0.375,0.375,0.375]},"thirdperson_lefthand":{"rotation":[75.0,45.0,0.0],"translation":[0.0,3.25,3.25],"scale":[0.375,0.375,0.375]},"firstperson_righthand":{"rotation":[0.0,75.75,0.0],"translation":[5.25,2.75,1.5],"scale":[0.4,0.4,0.4]},"firstperson_lefthand":{"rotation":[0.0,75.75,0.0],"translation":[5.25,2.75,2.0],"scale":[0.4,0.4,0.4]},"ground":{"translation":[0.0,3.0,0.0],"scale":[0.25,0.25,0.25]},"gui":{"rotation":[30.0,-135.0,0.0],"translation":[-0.25,2.0,0.0],"scale":[0.81055,0.81055,0.81055]},"head":{"translation":[0.0,12.75,0.0],"scale":[0.79492,0.79492,0.79492]},"fixed":{"rotation":[-90.0,0.0,0.0],"translation":[0.0,0.0,-16.0],"scale":[2.00195,2.00195,2.00195]}},"elements":[{"from":[8.5,0.03125,5.0],"to":[11.5,3.03125,12.0],"rotation":{"origin":[8.0,7.53125,6.0],"axis":"x","angle":0.0},"faces":{"north":{"uv":[15.125,6.125,15.3125,6.3125],"texture":"#0"},"east":{"uv":[14.875,6.125,15.0625,6.5625],"texture":"#0","rotation":90},"south":{"uv":[14.875,6.5,15.0625,6.5625],"texture":"#0","rotation":180},"west":{"uv":[15.375,6.625,15.5625,7.0625],"texture":"#0","rotation":270},"up":{"uv":[15.0625,6.125,14.875,6.5625],"texture":"#0"},"down":{"uv":[15.375,6.625,15.5625,7.0625],"texture":"#0","rotation":180}}},{"from":[8.45,1.98125,7.45],"to":[11.55,3.08125,9.55],"rotation":{"origin":[8.0,7.53125,6.0],"axis":"x","angle":0.0},"faces":{"east":{"uv":[15.125,6.375,15.1875,6.5],"texture":"#0","rotation":90},"west":{"uv":[15.125,6.375,15.1875,6.5],"texture":"#0","rotation":270},"up":{"uv":[15.125,6.375,15.3125,6.5],"texture":"#0"},"down":{"uv":[15.125,6.375,15.3125,6.5],"texture":"#0","rotation":180}}},{"from":[9.0,0.53125,3.0],"to":[11.0,2.53125,5.0],"rotation":{"origin":[8.0,7.53125,6.0],"axis":"x","angle":0.0},"faces":{"north":{"uv":[15.0625,6.625,15.1875,6.75],"texture":"#0"},"east":{"uv":[15.0,6.625,14.875,6.75],"texture":"#0","rotation":90},"west":{"uv":[14.6875,6.625,14.8125,6.75],"texture":"#0","rotation":270},"up":{"uv":[14.875,6.625,15.0,6.75],"texture":"#0"},"down":{"uv":[14.6875,6.625,14.8125,6.75],"texture":"#0","rotation":180}}},{"from":[8.9,0.43125,2.9],"to":[11.1,2.63125,4.1],"rotation":{"origin":[8.0,7.53125,6.0],"axis":"x","angle":0.0},"faces":{"north":{"uv":[15.0625,6.625,15.1875,6.75],"texture":"#0"},"east":{"uv":[15.0,6.625,14.875,6.6875],"texture":"#0","rotation":90},"west":{"uv":[14.6875,6.625,14.8125,6.6875],"texture":"#0","rotation":270},"up":{"uv":[14.875,6.625,15.0,6.6875],"texture":"#0"},"down":{"uv":[14.6875,6.625,14.8125,6.6875],"texture":"#0","rotation":180}}},{"from":[2.5,3.03125,5.0],"to":[5.5,6.03125,12.0],"rotation":{"origin":[2.0,10.53125,6.0],"axis":"x","angle":0.0},"faces":{"north":{"uv":[15.125,6.125,15.3125,6.3125],"texture":"#0"},"east":{"uv":[14.875,6.125,15.0625,6.5625],"texture":"#0","rotation":90},"south":{"uv":[14.875,6.5,15.0625,6.5625],"texture":"#0","rotation":180},"west":{"uv":[15.375,6.625,15.5625,7.0625],"texture":"#0","rotation":270},"up":{"uv":[15.0625,6.125,14.875,6.5625],"texture":"#0"},"down":{"uv":[15.375,6.625,15.5625,7.0625],"texture":"#0","rotation":180}}},{"from":[2.45,4.98125,7.45],"to":[5.55,6.08125,9.55],"rotation":{"origin":[2.0,10.53125,6.0],"axis":"x","angle":0.0},"faces":{"east":{"uv":[15.125,6.375,15.1875,6.5],"texture":"#0","rotation":90},"west":{"uv":[15.125,6.375,15.1875,6.5],"texture":"#0","rotation":270},"up":{"uv":[15.125,6.375,15.3125,6.5],"texture":"#0"},"down":{"uv":[15.125,6.375,15.3125,6.5],"texture":"#0","rotation":180}}},{"from":[3.0,3.53125,3.0],"to":[5.0,5.53125,5.0],"rotation":{"origin":[2.0,10.53125,6.0],"axis":"x","angle":0.0},"faces":{"north":{"uv":[15.0625,6.625,15.1875,6.75],"texture":"#0"},"east":{"uv":[15.0,6.625,14.875,6.75],"texture":"#0","rotation":90},"west":{"uv":[14.6875,6.625,14.8125,6.75],"texture":"#0","rotation":270},"up":{"uv":[14.875,6.625,15.0,6.75],"texture":"#0"},"down":{"uv":[14.6875,6.625,14.8125,6.75],"texture":"#0","rotation":180}}},{"from":[2.9,3.43125,2.9],"to":[5.1,5.63125,4.1],"rotation":{"origin":[2.0,10.53125,6.0],"axis":"x","angle":0.0},"faces":{"north":{"uv":[15.0625,6.625,15.1875,6.75],"texture":"#0"},"east":{"uv":[15.0,6.625,14.875,6.6875],"texture":"#0","rotation":90},"west":{"uv":[14.6875,6.625,14.8125,6.6875],"texture":"#0","rotation":270},"up":{"uv":[14.875,6.625,15.0,6.6875],"texture":"#0"},"down":{"uv":[14.6875,6.625,14.8125,6.6875],"texture":"#0","rotation":180}}},{"from":[8.5,6.03125,5.0],"to":[11.5,9.03125,12.0],"rotation":{"origin":[8.0,13.53125,6.0],"axis":"x","angle":0.0},"faces":{"north":{"uv":[15.125,6.125,15.3125,6.3125],"texture":"#0"},"east":{"uv":[14.875,6.125,15.0625,6.5625],"texture":"#0","rotation":90},"south":{"uv":[14.875,6.5,15.0625,6.5625],"texture":"#0","rotation":180},"west":{"uv":[15.375,6.625,15.5625,7.0625],"texture":"#0","rotation":270},"up":{"uv":[15.0625,6.125,14.875,6.5625],"texture":"#0"},"down":{"uv":[15.375,6.625,15.5625,7.0625],"texture":"#0","rotation":180}}},{"from":[8.45,7.98125,7.45],"to":[11.55,9.08125,9.55],"rotation":{"origin":[8.0,13.53125,6.0],"axis":"x","angle":0.0},"faces":{"east":{"uv":[15.125,6.375,15.1875,6.5],"texture":"#0","rotation":90},"west":{"uv":[15.125,6.375,15.1875,6.5],"texture":"#0","rotation":270},"up":{"uv":[15.125,6.375,15.3125,6.5],"texture":"#0"},"down":{"uv":[15.125,6.375,15.3125,6.5],"texture":"#0","rotation":180}}},{"from":[9.0,6.53125,3.0],"to":[11.0,8.53125,5.0],"rotation":{"origin":[8.0,13.53125,6.0],"axis":"x","angle":0.0},"faces":{"north":{"uv":[15.0625,6.625,15.1875,6.75],"texture":"#0"},"east":{"uv":[15.0,6.625,14.875,6.75],"texture":"#0","rotation":90},"west":{"uv":[14.6875,6.625,14.8125,6.75],"texture":"#0","rotation":270},"up":{"uv":[14.875,6.625,15.0,6.75],"texture":"#0"},"down":{"uv":[14.6875,6.625,14.8125,6.75],"texture":"#0","rotation":180}}},{"from":[8.9,6.43125,2.9],"to":[11.1,8.63125,4.1],"rotation":{"origin":[8.0,13.53125,6.0],"axis":"x","angle":0.0},"faces":{"north":{"uv":[15.0625,6.625,15.1875,6.75],"texture":"#0"},"east":{"uv":[15.0,6.625,14.875,6.6875],"texture":"#0","rotation":90},"west":{"uv":[14.6875,6.625,14.8125,6.6875],"texture":"#0","rotation":270},"up":{"uv":[14.875,6.625,15.0,6.6875],"texture":"#0"},"down":{"uv":[14.6875,6.625,14.8125,6.6875],"texture":"#0","rotation":180}}},{"from":[12.5,0.03125,5.0],"to":[15.5,3.03125,12.0],"rotation":{"origin":[9.0,-3.46875,6.0],"axis":"x","angle":0.0},"faces":{"north":{"uv":[14.1875,6.125,14.375,6.3125],"texture":"#0"},"east":{"uv":[13.9375,6.125,14.125,6.5625],"texture":"#0","rotation":90},"south":{"uv":[14.9375,8.0625,15.125,8.125],"texture":"#0","rotation":180},"west":{"uv":[14.4375,6.625,14.625,7.0625],"texture":"#0","rotation":270},"up":{"uv":[14.125,6.125,13.9375,6.5625],"texture":"#0"},"down":{"uv":[14.4375,6.625,14.625,7.0625],"texture":"#0","rotation":180}}},{"from":[12.45,1.98125,7.45],"to":[15.55,3.08125,9.55],"rotation":{"origin":[9.0,-3.46875,6.0],"axis":"x","angle":0.0},"faces":{"east":{"uv":[14.1875,6.375,14.25,6.5],"texture":"#0","rotation":90},"west":{"uv":[14.1875,6.375,14.25,6.5],"texture":"#0","rotation":270},"up":{"uv":[14.1875,6.375,14.375,6.5],"texture":"#0"},"down":{"uv":[14.1875,6.375,14.375,6.5],"texture":"#0","rotation":180}}},{"from":[13.0,0.53125,3.0],"to":[15.0,2.53125,5.0],"rotation":{"origin":[9.0,-3.46875,6.0],"axis":"x","angle":0.0},"faces":{"north":{"uv":[14.125,6.625,14.25,6.75],"texture":"#0"},"east":{"uv":[14.0625,6.625,13.9375,6.75],"texture":"#0","rotation":90},"west":{"uv":[13.75,6.625,13.875,6.75],"texture":"#0","rotation":270},"up":{"uv":[13.9375,6.625,14.0625,6.75],"texture":"#0"},"down":{"uv":[13.75,6.625,13.875,6.75],"texture":"#0","rotation":180}}},{"from":[12.9,0.43125,2.9],"to":[15.1,2.63125,4.1],"rotation":{"origin":[9.0,-3.46875,6.0],"axis":"x","angle":0.0},"faces":{"north":{"uv":[14.125,6.625,14.25,6.75],"texture":"#0"},"east":{"uv":[14.0625,6.625,13.9375,6.6875],"texture":"#0","rotation":90},"west":{"uv":[13.75,6.625,13.875,6.6875],"texture":"#0","rotation":270},"up":{"uv":[13.9375,6.625,14.0625,6.6875],"texture":"#0"},"down":{"uv":[13.75,6.625,13.875,6.6875],"texture":"#0","rotation":180}}},{"from":[0.5,0.03125,5.0],"to":[3.5,3.03125,12.0],"rotation":{"origin":[-3.0,-3.46875,6.0],"axis":"x","angle":0.0},"faces":{"north":{"uv":[14.1875,6.125,14.375,6.3125],"texture":"#0"},"east":{"uv":[13.9375,6.125,14.125,6.5625],"texture":"#0","rotation":90},"south":{"uv":[14.9375,8.0625,15.125,8.125],"texture":"#0","rotation":180},"west":{"uv":[14.4375,6.625,14.625,7.0625],"texture":"#0","rotation":270},"up":{"uv":[14.125,6.125,13.9375,6.5625],"texture":"#0"},"down":{"uv":[14.4375,6.625,14.625,7.0625],"texture":"#0","rotation":180}}},{"from":[0.45,1.98125,7.45],"to":[3.55,3.08125,9.55],"rotation":{"origin":[-3.0,-3.46875,6.0],"axis":"x","angle":0.0},"faces":{"east":{"uv":[14.1875,6.375,14.25,6.5],"texture":"#0","rotation":90},"west":{"uv":[14.1875,6.375,14.25,6.5],"texture":"#0","rotation":270},"up":{"uv":[14.1875,6.375,14.375,6.5],"texture":"#0"},"down":{"uv":[14.1875,6.375,14.375,6.5],"texture":"#0","rotation":180}}},{"from":[1.0,0.53125,3.0],"to":[3.0,2.53125,5.0],"rotation":{"origin":[-3.0,-3.46875,6.0],"axis":"x","angle":0.0},"faces":{"north":{"uv":[14.125,6.625,14.25,6.75],"texture":"#0"},"east":{"uv":[14.0625,6.625,13.9375,6.75],"texture":"#0","rotation":90},"west":{"uv":[13.75,6.625,13.875,6.75],"texture":"#0","rotation":270},"up":{"uv":[13.9375,6.625,14.0625,6.75],"texture":"#0"},"down":{"uv":[13.75,6.625,13.875,6.75],"texture":"#0","rotation":180}}},{"from":[0.9,0.43125,2.9],"to":[3.1,2.63125,4.1],"rotation":{"origin":[-3.0,-3.46875,6.0],"axis":"x","angle":0.0},"faces":{"north":{"uv":[14.125,6.625,14.25,6.75],"texture":"#0"},"east":{"uv":[14.0625,6.625,13.9375,6.6875],"texture":"#0","rotation":90},"west":{"uv":[13.75,6.625,13.875,6.6875],"texture":"#0","rotation":270},"up":{"uv":[13.9375,6.625,14.0625,6.6875],"texture":"#0"},"down":{"uv":[13.75,6.625,13.875,6.6875],"texture":"#0","rotation":180}}},{"from":[6.5,3.03125,5.0],"to":[9.5,6.03125,12.0],"rotation":{"origin":[3.0,-0.46875,6.0],"axis":"x","angle":0.0},"faces":{"north":{"uv":[14.1875,6.125,14.375,6.3125],"texture":"#0"},"east":{"uv":[13.9375,6.125,14.125,6.5625],"texture":"#0","rotation":90},"south":{"uv":[14.9375,8.0625,15.125,8.125],"texture":"#0","rotation":180},"west":{"uv":[14.4375,6.625,14.625,7.0625],"texture":"#0","rotation":270},"up":{"uv":[14.125,6.125,13.9375,6.5625],"texture":"#0"},"down":{"uv":[14.4375,6.625,14.625,7.0625],"texture":"#0","rotation":180}}},{"from":[6.45,4.98125,7.45],"to":[9.55,6.08125,9.55],"rotation":{"origin":[3.0,-0.46875,6.0],"axis":"x","angle":0.0},"faces":{"east":{"uv":[14.1875,6.375,14.25,6.5],"texture":"#0","rotation":90},"west":{"uv":[14.1875,6.375,14.25,6.5],"texture":"#0","rotation":270},"up":{"uv":[14.1875,6.375,14.375,6.5],"texture":"#0"},"down":{"uv":[14.1875,6.375,14.375,6.5],"texture":"#0","rotation":180}}},{"from":[7.0,3.53125,3.0],"to":[9.0,5.53125,5.0],"rotation":{"origin":[3.0,-0.46875,6.0],"axis":"x","angle":0.0},"faces":{"north":{"uv":[14.125,6.625,14.25,6.75],"texture":"#0"},"east":{"uv":[14.0625,6.625,13.9375,6.75],"texture":"#0","rotation":90},"west":{"uv":[13.75,6.625,13.875,6.75],"texture":"#0","rotation":270},"up":{"uv":[13.9375,6.625,14.0625,6.75],"texture":"#0"},"down":{"uv":[13.75,6.625,13.875,6.75],"texture":"#0","rotation":180}}},{"from":[6.9,3.43125,2.9],"to":[9.1,5.63125,4.1],"rotation":{"origin":[3.0,-0.46875,6.0],"axis":"x","angle":0.0},"faces":{"north":{"uv":[14.125,6.625,14.25,6.75],"texture":"#0"},"east":{"uv":[14.0625,6.625,13.9375,6.6875],"texture":"#0","rotation":90},"west":{"uv":[13.75,6.625,13.875,6.6875],"texture":"#0","rotation":270},"up":{"uv":[13.9375,6.625,14.0625,6.6875],"texture":"#0"},"down":{"uv":[13.75,6.625,13.875,6.6875],"texture":"#0","rotation":180}}},{"from":[4.5,0.03125,5.0],"to":[7.5,3.03125,12.0],"rotation":{"origin":[11.0,5.53125,6.0],"axis":"x","angle":0.0},"faces":{"north":{"uv":[15.125,7.125,15.3125,7.3125],"texture":"#0"},"east":{"uv":[14.875,7.125,15.0625,7.5625],"texture":"#0","rotation":90},"south":{"uv":[14.875,7.5,15.0625,7.5625],"texture":"#0","rotation":180},"west":{"uv":[15.375,7.625,15.5625,8.0625],"texture":"#0","rotation":270},"up":{"uv":[15.0625,7.125,14.875,7.5625],"texture":"#0"},"down":{"uv":[15.375,7.625,15.5625,8.0625],"texture":"#0","rotation":180}}},{"from":[4.45,1.98125,7.45],"to":[7.55,3.08125,9.55],"rotation":{"origin":[11.0,5.53125,6.0],"axis":"x","angle":0.0},"faces":{"east":{"uv":[15.125,7.375,15.1875,7.5],"texture":"#0","rotation":90},"west":{"uv":[15.125,7.375,15.1875,7.5],"texture":"#0","rotation":270},"up":{"uv":[15.125,7.375,15.3125,7.5],"texture":"#0"},"down":{"uv":[15.125,7.375,15.3125,7.5],"texture":"#0","rotation":180}}},{"from":[5.0,0.53125,3.0],"to":[7.0,2.53125,5.0],"rotation":{"origin":[11.0,5.53125,6.0],"axis":"x","angle":0.0},"faces":{"north":{"uv":[15.0625,7.625,15.1875,7.75],"texture":"#0"},"east":{"uv":[15.0,7.625,14.875,7.75],"texture":"#0","rotation":90},"west":{"uv":[14.6875,7.625,14.8125,7.75],"texture":"#0","rotation":270},"up":{"uv":[14.875,7.625,15.0,7.75],"texture":"#0"},"down":{"uv":[14.6875,7.625,14.8125,7.75],"texture":"#0","rotation":180}}},{"from":[4.9,0.43125,2.9],"to":[7.1,2.63125,4.1],"rotation":{"origin":[11.0,5.53125,6.0],"axis":"x","angle":0.0},"faces":{"north":{"uv":[15.0625,7.625,15.1875,7.75],"texture":"#0"},"east":{"uv":[15.0,7.625,14.875,7.6875],"texture":"#0","rotation":90},"west":{"uv":[14.6875,7.625,14.8125,7.6875],"texture":"#0","rotation":270},"up":{"uv":[14.875,7.625,15.0,7.6875],"texture":"#0"},"down":{"uv":[14.6875,7.625,14.8125,7.6875],"texture":"#0","rotation":180}}},{"from":[4.5,6.03125,5.0],"to":[7.5,9.03125,12.0],"rotation":{"origin":[11.0,11.53125,6.0],"axis":"x","angle":0.0},"faces":{"north":{"uv":[15.125,7.125,15.3125,7.3125],"texture":"#0"},"east":{"uv":[14.875,7.125,15.0625,7.5625],"texture":"#0","rotation":90},"south":{"uv":[14.875,7.5,15.0625,7.5625],"texture":"#0","rotation":180},"west":{"uv":[15.375,7.625,15.5625,8.0625],"texture":"#0","rotation":270},"up":{"uv":[15.0625,7.125,14.875,7.5625],"texture":"#0"},"down":{"uv":[15.375,7.625,15.5625,8.0625],"texture":"#0","rotation":180}}},{"from":[4.45,7.98125,7.45],"to":[7.55,9.08125,9.55],"rotation":{"origin":[11.0,11.53125,6.0],"axis":"x","angle":0.0},"faces":{"east":{"uv":[15.125,7.375,15.1875,7.5],"texture":"#0","rotation":90},"west":{"uv":[15.125,7.375,15.1875,7.5],"texture":"#0","rotation":270},"up":{"uv":[15.125,7.375,15.3125,7.5],"texture":"#0"},"down":{"uv":[15.125,7.375,15.3125,7.5],"texture":"#0","rotation":180}}},{"from":[5.0,6.53125,3.0],"to":[7.0,8.53125,5.0],"rotation":{"origin":[11.0,11.53125,6.0],"axis":"x","angle":0.0},"faces":{"north":{"uv":[15.0625,7.625,15.1875,7.75],"texture":"#0"},"east":{"uv":[15.0,7.625,14.875,7.75],"texture":"#0","rotation":90},"west":{"uv":[14.6875,7.625,14.8125,7.75],"texture":"#0","rotation":270},"up":{"uv":[14.875,7.625,15.0,7.75],"texture":"#0"},"down":{"uv":[14.6875,7.625,14.8125,7.75],"texture":"#0","rotation":180}}},{"from":[4.9,6.43125,2.9],"to":[7.1,8.63125,4.1],"rotation":{"origin":[11.0,11.53125,6.0],"axis":"x","angle":0.0},"faces":{"north":{"uv":[15.0625,7.625,15.1875,7.75],"texture":"#0"},"east":{"uv":[15.0,7.625,14.875,7.6875],"texture":"#0","rotation":90},"west":{"uv":[14.6875,7.625,14.8125,7.6875],"texture":"#0","rotation":270},"up":{"uv":[14.875,7.625,15.0,7.6875],"texture":"#0"},"down":{"uv":[14.6875,7.625,14.8125,7.6875],"texture":"#0","rotation":180}}},{"from":[10.5,3.03125,5.0],"to":[13.5,6.03125,12.0],"rotation":{"origin":[17.0,8.53125,6.0],"axis":"x","angle":0.0},"faces":{"north":{"uv":[15.125,7.125,15.3125,7.3125],"texture":"#0"},"east":{"uv":[14.875,7.125,15.0625,7.5625],"texture":"#0","rotation":90},"south":{"uv":[14.875,7.5,15.0625,7.5625],"texture":"#0","rotation":180},"west":{"uv":[15.375,7.625,15.5625,8.0625],"texture":"#0","rotation":270},"up":{"uv":[15.0625,7.125,14.875,7.5625],"texture":"#0"},"down":{"uv":[15.375,7.625,15.5625,8.0625],"texture":"#0","rotation":180}}},{"from":[10.45,4.98125,7.45],"to":[13.55,6.08125,9.55],"rotation":{"origin":[17.0,8.53125,6.0],"axis":"x","angle":0.0},"faces":{"east":{"uv":[15.125,7.375,15.1875,7.5],"texture":"#0","rotation":90},"west":{"uv":[15.125,7.375,15.1875,7.5],"texture":"#0","rotation":270},"up":{"uv":[15.125,7.375,15.3125,7.5],"texture":"#0"},"down":{"uv":[15.125,7.375,15.3125,7.5],"texture":"#0","rotation":180}}},{"from":[11.0,3.53125,3.0],"to":[13.0,5.53125,5.0],"rotation":{"origin":[17.0,8.53125,6.0],"axis":"x","angle":0.0},"faces":{"north":{"uv":[15.0625,7.625,15.1875,7.75],"texture":"#0"},"east":{"uv":[15.0,7.625,14.875,7.75],"texture":"#0","rotation":90},"west":{"uv":[14.6875,7.625,14.8125,7.75],"texture":"#0","rotation":270},"up":{"uv":[14.875,7.625,15.0,7.75],"texture":"#0"},"down":{"uv":[14.6875,7.625,14.8125,7.75],"texture":"#0","rotation":180}}},{"from":[10.9,3.43125,2.9],"to":[13.1,5.63125,4.1],"rotation":{"origin":[17.0,8.53125,6.0],"axis":"x","angle":0.0},"faces":{"north":{"uv":[15.0625,7.625,15.1875,7.75],"texture":"#0"},"east":{"uv":[15.0,7.625,14.875,7.6875],"texture":"#0","rotation":90},"west":{"uv":[14.6875,7.625,14.8125,7.6875],"texture":"#0","rotation":270},"up":{"uv":[14.875,7.625,15.0,7.6875],"texture":"#0"},"down":{"uv":[14.6875,7.625,14.8125,7.6875],"texture":"#0","rotation":180}}}],"textures":{"particle":"shizuart_furnitures:3c93ea5d-80da-44ab-9d13-2d65045a9f93","0":"shizuart_furnitures:3c93ea5d-80da-44ab-9d13-2d65045a9f93"},"gui_light":"front"}