{"display":{"thirdperson_righthand":{"rotation":[75.0,45.0,0.0],"translation":[3.0,3.0,1.75],"scale":[0.375,0.375,0.375]},"thirdperson_lefthand":{"rotation":[75.0,45.0,0.0],"translation":[0.75,0.75,1.5],"scale":[0.375,0.375,0.375]},"firstperson_righthand":{"rotation":[0.0,75.75,0.0],"translation":[5.0,1.25,0.0],"scale":[0.4,0.4,0.4]},"firstperson_lefthand":{"rotation":[0.0,75.75,0.0],"translation":[5.25,0.5,1.25],"scale":[0.4,0.4,0.4]},"ground":{"translation":[0.0,3.0,0.0],"scale":[0.25,0.25,0.25]},"gui":{"rotation":[30.0,-135.0,0.0],"translation":[-2.0,-3.5,0.0],"scale":[0.73242,0.73242,0.73242]},"head":{"translation":[0.0,12.75,0.0],"scale":[0.79492,0.79492,0.79492]},"fixed":{"rotation":[-90.0,0.0,0.0],"translation":[0.0,0.0,-16.0],"scale":[2.00195,2.00195,2.00195]}},"elements":[{"from":[-4.0,4.0,7.0],"to":[12.0,20.0,9.0],"rotation":{"origin":[4.0,4.0,7.5],"axis":"y","angle":0.0},"faces":{"north":{"uv":[0.0,2.375,2.0,4.375],"texture":"#0"},"east":{"uv":[0.0,2.375,0.0625,4.375],"texture":"#0"},"south":{"uv":[0.0,2.375,2.0,4.375],"texture":"#0"},"west":{"uv":[1.9375,2.375,2.0,4.375],"texture":"#0"},"up":{"uv":[0.0,2.375,2.0,2.4375],"texture":"#0"},"down":{"uv":[0.0,4.3125,2.0,4.375],"texture":"#0"}}},{"from":[10.0,18.0,9.0],"to":[-2.0,6.0,7.0],"rotation":{"origin":[4.0,4.0,7.5],"axis":"y","angle":0.0},"faces":{"east":{"uv":[0.75,1.75,0.8125,0.25],"texture":"#0"},"west":{"uv":[0.1875,1.75,0.25,0.25],"texture":"#0"},"up":{"uv":[1.75,2.5625,0.25,2.625],"texture":"#0"},"down":{"uv":[1.75,4.125,0.25,4.1875],"texture":"#0"}}},{"from":[-4.49084,3.5,8.0],"to":[12.50916,20.5,8.0],"rotation":{"origin":[4.00916,12.0,8.0],"axis":"z","angle":45.0},"faces":{"north":{"uv":[2.1875,2.25,4.3125,4.375],"texture":"#0","rotation":90},"south":{"uv":[2.1875,2.25,4.3125,4.375],"texture":"#0"}}},{"from":[-4.49084,3.5,8.0],"to":[12.50916,20.5,8.0],"rotation":{"origin":[4.00916,12.0,8.0],"axis":"z","angle":45.0},"faces":{"north":{"uv":[4.4375,2.25,6.5625,4.375],"texture":"#0","rotation":90},"south":{"uv":[4.4375,2.25,6.5625,4.375],"texture":"#0"}}}],"textures":{"particle":"shizuart_furnitures:3c93ea5d-80da-44ab-9d13-2d65045a9f93","0":"shizuart_furnitures:3c93ea5d-80da-44ab-9d13-2d65045a9f93"},"gui_light":"front"}