{"display":{"thirdperson_righthand":{"rotation":[75.0,45.0,0.0],"translation":[-0.75,3.0,2.75],"scale":[0.375,0.375,0.375]},"thirdperson_lefthand":{"rotation":[75.0,45.0,0.0],"translation":[0.0,3.25,3.25],"scale":[0.375,0.375,0.375]},"firstperson_righthand":{"rotation":[0.0,75.75,0.0],"translation":[5.25,2.75,1.5],"scale":[0.4,0.4,0.4]},"firstperson_lefthand":{"rotation":[0.0,75.75,0.0],"translation":[5.25,2.75,2.0],"scale":[0.4,0.4,0.4]},"ground":{"translation":[0.0,3.0,0.0],"scale":[0.25,0.25,0.25]},"gui":{"rotation":[30.0,-135.0,0.0],"translation":[-0.25,2.0,0.0],"scale":[0.81055,0.81055,0.81055]},"head":{"translation":[0.0,12.75,0.0],"scale":[0.79492,0.79492,0.79492]},"fixed":{"rotation":[-90.0,0.0,0.0],"translation":[0.0,0.0,-16.0],"scale":[2.00195,2.00195,2.00195]}},"elements":[{"from":[4.5,0.0,12.5],"to":[7.5,7.0,15.5],"rotation":{"origin":[6.0,5.5,14.0],"axis":"y","angle":0.0},"faces":{"north":{"uv":[15.0625,6.125,14.875,6.5625],"texture":"#0"},"east":{"uv":[15.375,6.625,15.5625,7.0625],"texture":"#0"},"south":{"uv":[15.375,6.625,15.5625,7.0625],"texture":"#0"},"west":{"uv":[14.875,6.125,15.0625,6.5625],"texture":"#0"},"up":{"uv":[15.125,6.125,15.3125,6.3125],"texture":"#0"},"down":{"uv":[14.875,6.5,15.0625,6.5625],"texture":"#0"}}},{"from":[4.45,2.45,12.45],"to":[7.55,4.55,13.55],"rotation":{"origin":[6.1,6.1,14.1],"axis":"y","angle":0.0},"faces":{"north":{"uv":[15.125,6.375,15.3125,6.5],"texture":"#0"},"east":{"uv":[15.125,6.375,15.1875,6.5],"texture":"#0"},"south":{"uv":[15.125,6.375,15.3125,6.5],"texture":"#0"},"west":{"uv":[15.125,6.375,15.1875,6.5],"texture":"#0"}}},{"from":[5.0,7.0,13.0],"to":[7.0,9.0,15.0],"rotation":{"origin":[6.5,5.5,14.5],"axis":"y","angle":0.0},"faces":{"north":{"uv":[14.875,6.625,15.0,6.75],"texture":"#0"},"east":{"uv":[14.6875,6.625,14.8125,6.75],"texture":"#0"},"south":{"uv":[14.6875,6.625,14.8125,6.75],"texture":"#0"},"west":{"uv":[15.0,6.625,14.875,6.75],"texture":"#0"},"up":{"uv":[15.0625,6.625,15.1875,6.75],"texture":"#0"}}},{"from":[4.9,7.9,12.9],"to":[7.1,9.1,15.1],"rotation":{"origin":[6.5,5.5,14.5],"axis":"y","angle":0.0},"faces":{"north":{"uv":[14.875,6.625,15.0,6.6875],"texture":"#0"},"east":{"uv":[14.6875,6.625,14.8125,6.6875],"texture":"#0"},"south":{"uv":[14.6875,6.625,14.8125,6.6875],"texture":"#0"},"west":{"uv":[15.0,6.625,14.875,6.6875],"texture":"#0"},"up":{"uv":[15.0625,6.625,15.1875,6.75],"texture":"#0"}}},{"from":[11.10938,0.0,2.04489],"to":[14.10938,4.0,7.04489],"rotation":{"origin":[12.10938,3.75,4.54489],"axis":"y","angle":-45.0},"faces":{"north":{"uv":[13.9375,7.0,14.125,7.25],"texture":"#0"},"east":{"uv":[13.9375,7.3125,14.25,7.5625],"texture":"#0"},"south":{"uv":[14.5,7.625,14.3125,7.875],"texture":"#0"},"west":{"uv":[13.9375,7.625,14.25,7.875],"texture":"#0"},"up":{"uv":[13.9375,8.125,14.25,7.9375],"texture":"#0","rotation":90},"down":{"uv":[13.9375,8.1875,14.25,8.375],"texture":"#0","rotation":90}}},{"from":[11.00938,0.9,1.94489],"to":[12.20938,3.1,7.14489],"rotation":{"origin":[12.10938,3.75,4.54489],"axis":"y","angle":-45.0},"faces":{"north":{"uv":[14.3125,7.9375,14.375,8.0625],"texture":"#0"},"south":{"uv":[14.3125,7.9375,14.375,8.0625],"texture":"#0"},"west":{"uv":[14.3125,7.9375,14.625,8.0625],"texture":"#0"}}},{"from":[11.60938,4.0,3.54489],"to":[13.60938,6.0,5.54489],"rotation":{"origin":[12.10938,3.75,4.54489],"axis":"y","angle":-45.0},"faces":{"north":{"uv":[14.3125,8.125,14.4375,8.25],"texture":"#0"},"east":{"uv":[14.3125,8.125,14.4375,8.25],"texture":"#0"},"south":{"uv":[14.625,8.125,14.5,8.25],"texture":"#0"},"west":{"uv":[14.5,8.125,14.625,8.25],"texture":"#0"},"up":{"uv":[14.6875,8.125,14.8125,8.25],"texture":"#0","rotation":270}}},{"from":[11.55938,4.95,3.4949],"to":[13.65938,6.05,5.59489],"rotation":{"origin":[12.10938,3.75,4.54489],"axis":"y","angle":-45.0},"faces":{"north":{"uv":[14.3125,8.125,14.4375,8.1875],"texture":"#0"},"east":{"uv":[14.3125,8.125,14.4375,8.1875],"texture":"#0"},"south":{"uv":[14.625,8.125,14.5,8.1875],"texture":"#0"},"west":{"uv":[14.5,8.125,14.625,8.1875],"texture":"#0"},"up":{"uv":[14.6875,8.125,14.8125,8.25],"texture":"#0","rotation":270}}},{"from":[1.5,0.0,1.5],"to":[4.5,7.0,4.5],"rotation":{"origin":[3.0,6.0,2.5],"axis":"y","angle":-45.0},"faces":{"north":{"uv":[14.125,6.125,13.9375,6.5625],"texture":"#0"},"east":{"uv":[14.4375,6.625,14.625,7.0625],"texture":"#0"},"south":{"uv":[14.4375,6.625,14.625,7.0625],"texture":"#0"},"west":{"uv":[13.9375,6.125,14.125,6.5625],"texture":"#0"},"up":{"uv":[14.1875,6.125,14.375,6.3125],"texture":"#0"},"down":{"uv":[14.9375,8.0625,15.125,8.125],"texture":"#0"}}},{"from":[1.45,2.45,1.45],"to":[4.55,4.55,2.55],"rotation":{"origin":[3.0,6.0,2.5],"axis":"y","angle":-45.0},"faces":{"north":{"uv":[14.1875,6.375,14.375,6.5],"texture":"#0"},"east":{"uv":[14.1875,6.375,14.25,6.5],"texture":"#0"},"south":{"uv":[14.1875,6.375,14.375,6.5],"texture":"#0"},"west":{"uv":[14.1875,6.375,14.25,6.5],"texture":"#0"}}},{"from":[2.0,7.0,2.0],"to":[4.0,9.0,4.0],"rotation":{"origin":[3.0,6.0,2.5],"axis":"y","angle":-45.0},"faces":{"north":{"uv":[13.9375,6.625,14.0625,6.75],"texture":"#0"},"east":{"uv":[13.75,6.625,13.875,6.75],"texture":"#0"},"south":{"uv":[13.75,6.625,13.875,6.75],"texture":"#0"},"west":{"uv":[14.0625,6.625,13.9375,6.75],"texture":"#0"},"up":{"uv":[14.125,6.625,14.25,6.75],"texture":"#0"}}},{"from":[1.9,7.9,1.9],"to":[4.1,9.1,4.1],"rotation":{"origin":[3.0,6.0,2.5],"axis":"y","angle":-45.0},"faces":{"north":{"uv":[13.9375,6.625,14.0625,6.6875],"texture":"#0"},"east":{"uv":[13.75,6.625,13.875,6.6875],"texture":"#0"},"south":{"uv":[13.75,6.625,13.875,6.6875],"texture":"#0"},"west":{"uv":[14.0625,6.625,13.9375,6.6875],"texture":"#0"},"up":{"uv":[14.125,6.625,14.25,6.75],"texture":"#0"}}},{"from":[11.5,0.0,10.5],"to":[14.5,7.0,13.5],"rotation":{"origin":[13.0,5.5,12.0],"axis":"y","angle":0.0},"faces":{"north":{"uv":[15.0625,7.125,14.875,7.5625],"texture":"#0"},"east":{"uv":[15.375,7.625,15.5625,8.0625],"texture":"#0"},"south":{"uv":[15.375,7.625,15.5625,8.0625],"texture":"#0"},"west":{"uv":[14.875,7.125,15.0625,7.5625],"texture":"#0"},"up":{"uv":[15.125,7.125,15.3125,7.3125],"texture":"#0"},"down":{"uv":[14.875,7.5,15.0625,7.5625],"texture":"#0"}}},{"from":[11.45,2.45,10.45],"to":[14.55,4.55,11.55],"rotation":{"origin":[13.1,6.1,12.1],"axis":"y","angle":0.0},"faces":{"north":{"uv":[15.125,7.375,15.3125,7.5],"texture":"#0"},"east":{"uv":[15.125,7.375,15.1875,7.5],"texture":"#0"},"south":{"uv":[15.125,7.375,15.3125,7.5],"texture":"#0"},"west":{"uv":[15.125,7.375,15.1875,7.5],"texture":"#0"}}},{"from":[12.0,7.0,11.0],"to":[14.0,9.0,13.0],"rotation":{"origin":[13.5,5.5,12.5],"axis":"y","angle":0.0},"faces":{"north":{"uv":[14.875,7.625,15.0,7.75],"texture":"#0"},"east":{"uv":[14.6875,7.625,14.8125,7.75],"texture":"#0"},"south":{"uv":[14.6875,7.625,14.8125,7.75],"texture":"#0"},"west":{"uv":[15.0,7.625,14.875,7.75],"texture":"#0"},"up":{"uv":[15.0625,7.625,15.1875,7.75],"texture":"#0"}}},{"from":[11.9,7.9,10.9],"to":[14.1,9.1,13.1],"rotation":{"origin":[13.5,5.5,12.5],"axis":"y","angle":0.0},"faces":{"north":{"uv":[14.875,7.625,15.0,7.6875],"texture":"#0"},"east":{"uv":[14.6875,7.625,14.8125,7.6875],"texture":"#0"},"south":{"uv":[14.6875,7.625,14.8125,7.6875],"texture":"#0"},"west":{"uv":[15.0,7.625,14.875,7.6875],"texture":"#0"},"up":{"uv":[15.0625,7.625,15.1875,7.75],"texture":"#0"}}},{"from":[3.60938,0.0,6.54489],"to":[8.60938,4.0,9.54489],"rotation":{"origin":[6.10938,3.75,7.54489],"axis":"y","angle":0.0},"faces":{"north":{"uv":[14.9375,8.5,15.25,8.75],"texture":"#0"},"east":{"uv":[14.9375,7.875,15.125,8.125],"texture":"#0"},"south":{"uv":[14.9375,8.1875,15.25,8.4375],"texture":"#0"},"west":{"uv":[15.5,8.5,15.3125,8.75],"texture":"#0"},"up":{"uv":[14.9375,9.0,15.25,8.8125],"texture":"#0","rotation":180},"down":{"uv":[14.9375,9.0625,15.25,9.25],"texture":"#0"}}},{"from":[3.50938,0.9,6.44489],"to":[8.70938,3.1,7.64489],"rotation":{"origin":[6.10938,3.75,7.54489],"axis":"y","angle":0.0},"faces":{"north":{"uv":[14.3125,7.9375,14.625,8.0625],"texture":"#0"},"east":{"uv":[14.3125,7.9375,14.375,8.0625],"texture":"#0"},"west":{"uv":[14.3125,7.9375,14.375,8.0625],"texture":"#0"}}},{"from":[5.10938,4.0,7.04489],"to":[7.10938,6.0,9.04489],"rotation":{"origin":[6.10938,3.75,7.54489],"axis":"y","angle":0.0},"faces":{"north":{"uv":[15.5,9.0,15.625,9.125],"texture":"#0"},"east":{"uv":[15.3125,9.0,15.4375,9.125],"texture":"#0"},"south":{"uv":[15.3125,9.0,15.4375,9.125],"texture":"#0"},"west":{"uv":[15.625,9.0,15.5,9.125],"texture":"#0"},"up":{"uv":[15.6875,9.0,15.8125,9.125],"texture":"#0"}}},{"from":[5.05938,4.95,6.99489],"to":[7.15937,6.05,9.09489],"rotation":{"origin":[6.10938,3.75,7.54489],"axis":"y","angle":0.0},"faces":{"north":{"uv":[15.5,9.0,15.625,9.0625],"texture":"#0"},"east":{"uv":[15.3125,9.0,15.4375,9.0625],"texture":"#0"},"south":{"uv":[15.3125,9.0,15.4375,9.0625],"texture":"#0"},"west":{"uv":[15.625,9.0,15.5,9.0625],"texture":"#0"},"up":{"uv":[15.6875,9.0,15.8125,9.125],"texture":"#0"}}}],"textures":{"particle":"shizuart_furnitures:3c93ea5d-80da-44ab-9d13-2d65045a9f93","0":"shizuart_furnitures:3c93ea5d-80da-44ab-9d13-2d65045a9f93"},"gui_light":"front"}