{"display":{"thirdperson_righthand":{"rotation":[75.0,45.0,0.0],"translation":[4.25,6.25,-3.0],"scale":[0.375,0.375,0.375]},"thirdperson_lefthand":{"rotation":[75.0,45.0,0.0],"translation":[0.25,3.25,-2.25],"scale":[0.375,0.375,0.375]},"firstperson_righthand":{"rotation":[0.0,75.75,0.0],"translation":[5.25,-1.25,1.5],"scale":[0.4,0.4,0.4]},"firstperson_lefthand":{"rotation":[0.0,75.75,0.0],"translation":[5.25,-1.0,2.0],"scale":[0.4,0.4,0.4]},"ground":{"translation":[0.0,3.0,0.0],"scale":[0.25,0.25,0.25]},"gui":{"rotation":[30.0,-135.0,0.0],"translation":[-2.5,-3.0,0.0],"scale":[0.44727,0.44727,0.44727]},"head":{"translation":[0.0,12.75,0.0],"scale":[0.79492,0.79492,0.79492]},"fixed":{"rotation":[-90.0,0.0,0.0],"translation":[0.0,0.0,-16.0],"scale":[2.00195,2.00195,2.00195]}},"elements":[{"from":[-16.0,14.0,1.0],"to":[16.0,16.0,16.0],"rotation":{"origin":[14.0,14.0,0.0],"axis":"y","angle":0.0},"faces":{"north":{"uv":[6.125,13.5,8.5,13.625],"texture":"#0"},"east":{"uv":[8.1875,11.4375,8.3125,12.375],"texture":"#0","rotation":90},"south":{"uv":[6.125,13.5,8.5,13.625],"texture":"#0"},"west":{"uv":[8.1875,11.4375,8.3125,12.375],"texture":"#0","rotation":90},"up":{"uv":[6.125,12.375,8.125,11.4375],"texture":"#0"},"down":{"uv":[6.125,12.5,8.125,13.4375],"texture":"#0"}}},{"from":[10.0,10.0,0.0],"to":[14.0,14.0,16.0],"rotation":{"origin":[-18.0,6.0,0.0],"axis":"y","angle":0.0},"faces":{"north":{"uv":[3.0625,6.5625,3.3125,6.8125],"texture":"#0"},"east":{"uv":[4.375,7.1875,5.375,7.4375],"texture":"#0"},"south":{"uv":[3.3125,6.5625,3.0625,6.8125],"texture":"#0"},"west":{"uv":[5.4375,7.375,6.4375,7.4375],"texture":"#0"},"up":{"uv":[5.4375,7.1875,6.4375,7.4375],"texture":"#0","rotation":90},"down":{"uv":[4.375,7.375,5.375,7.4375],"texture":"#0","rotation":90}}},{"from":[-14.0,10.0,0.0],"to":[-10.0,14.0,16.0],"rotation":{"origin":[-42.0,6.0,0.0],"axis":"y","angle":0.0},"faces":{"north":{"uv":[3.3125,6.5625,3.0625,6.8125],"texture":"#0"},"east":{"uv":[5.4375,7.375,6.4375,7.4375],"texture":"#0"},"south":{"uv":[3.0625,6.5625,3.3125,6.8125],"texture":"#0"},"west":{"uv":[4.375,7.1875,5.375,7.4375],"texture":"#0"},"up":{"uv":[5.4375,7.4375,6.4375,7.1875],"texture":"#0","rotation":90},"down":{"uv":[4.375,7.375,5.375,7.4375],"texture":"#0","rotation":90}}}],"textures":{"particle":"shizuart_furnitures:3c93ea5d-80da-44ab-9d13-2d65045a9f93","0":"shizuart_furnitures:3c93ea5d-80da-44ab-9d13-2d65045a9f93"},"gui_light":"front"}