{"parent":"item/generated","textures":{"layer0":"item/apple"},"overrides":[{"predicate":{"custom_model_data":1000},"model":"aa29b5d5-162f-474f-a74f-eb5a46925ef5"},{"predicate":{"custom_model_data":1001},"model":"9fbc3f60-ad27-4cb8-a5c1-817812d59fcc"},{"predicate":{"custom_model_data":1002},"model":"ca288ee0-5beb-4d64-8db8-e32e215f60f1"},{"predicate":{"custom_model_data":1003},"model":"4ee73b7d-4a3e-40e9-bbe5-31effda875fb"},{"predicate":{"custom_model_data":1004},"model":"d707dba9-4858-4a0b-b586-e998b94b516d"},{"predicate":{"custom_model_data":1005},"model":"21184358-77b0-4b2c-b598-56bde62ac11d"},{"predicate":{"custom_model_data":1006},"model":"7baae834-24aa-41d2-9ad6-32db8ed323c6"},{"predicate":{"custom_model_data":1007},"model":"47ad5d72-cae9-45fe-a9a7-959b3d06daf3"},{"predicate":{"custom_model_data":1008},"model":"5f480b99-0787-4980-80b8-2cbb6ef546fa"},{"predicate":{"custom_model_data":1009},"model":"7d09a1a9-0562-4000-a5b7-1af4123899ae"},{"predicate":{"custom_model_data":1010},"model":"d7bf271a-30d3-4f3f-87f8-2e4999f5bc82"},{"predicate":{"custom_model_data":1011},"model":"c1dbaa2a-fa52-4036-99eb-cf9151a26a14"},{"predicate":{"custom_model_data":1012},"model":"055e30b1-021a-4bc4-bd3a-15f1c588b141"},{"predicate":{"custom_model_data":1013},"model":"9f0d5a87-c3e2-4138-a68a-e116da0c7d10"},{"predicate":{"custom_model_data":1014},"model":"17a4f9c4-9903-47d6-90fe-6df64c55a78e"},{"predicate":{"custom_model_data":1015},"model":"44fdd5b9-6cdf-4cec-a4f6-119c1cbd21f9"},{"predicate":{"custom_model_data":1016},"model":"2a51f625-4ece-46c1-9054-bbaec6a9d8b0"},{"predicate":{"custom_model_data":1017},"model":"340430ee-c9c8-42a5-9a66-b1ac913c687c"},{"predicate":{"custom_model_data":1018},"model":"0bc23ecd-350e-46ae-8e1c-6caf5c0b6e32"},{"predicate":{"custom_model_data":1019},"model":"da24ffc9-29e7-49fe-acab-e76c99ca0532"},{"predicate":{"custom_model_data":1020},"model":"cd3c3956-65b8-41d9-bc1c-d7d131a6b986"},{"predicate":{"custom_model_data":1021},"model":"9bbf702c-9acc-45cf-86ee-c583dd726b7f"},{"predicate":{"custom_model_data":1022},"model":"abe6854e-dcd8-456c-a501-f7ba599d2f35"},{"predicate":{"custom_model_data":1023},"model":"ef999c99-c900-445b-a5a7-8c535479362d"},{"predicate":{"custom_model_data":1024},"model":"b412cc01-4ceb-4baa-a337-cfc725771b49"},{"predicate":{"custom_model_data":1025},"model":"953519de-09b8-4a50-a8b5-b19eed525fa7"},{"predicate":{"custom_model_data":1026},"model":"b0f7a466-8438-43d6-a151-170f10c17edd"},{"predicate":{"custom_model_data":1027},"model":"7f7007da-0dbd-40eb-8363-2cdfd2f7e5b6"},{"predicate":{"custom_model_data":1028},"model":"fca6aab4-7d19-4231-b2e9-40be05ef5091"},{"predicate":{"custom_model_data":1029},"model":"7341ad25-1b1b-40c2-9266-97c1a1b202ba"},{"predicate":{"custom_model_data":1030},"model":"f69ea6dd-f036-4be8-86fa-c98712795712"},{"predicate":{"custom_model_data":1031},"model":"53d4c3b0-6b04-4bfd-a585-603fc6092fa2"},{"predicate":{"custom_model_data":1032},"model":"32d2e447-02ad-4ce0-b3c0-b8e1ac452b9c"},{"predicate":{"custom_model_data":7054},"model":"0d3faa71-3939-4924-846d-5c2cdef0013a"}]}