{"parent":"item/generated","textures":{"layer0":"item/apple"},"overrides":[{"predicate":{"custom_model_data":1000},"model":"257e8e42-613f-4b82-ac09-fe129da77924"},{"predicate":{"custom_model_data":1001},"model":"143907c6-c1e7-43af-84ce-2666560672e9"},{"predicate":{"custom_model_data":1002},"model":"87d5d94f-7bd8-40e3-b530-b8284f631e38"},{"predicate":{"custom_model_data":1003},"model":"5784eea4-0721-435a-8d46-78b2455da06f"},{"predicate":{"custom_model_data":1004},"model":"a5c3777d-218c-4d59-92e0-57bc2681b4db"},{"predicate":{"custom_model_data":1005},"model":"82a70643-a16e-4202-9111-cec346c29a4b"},{"predicate":{"custom_model_data":1006},"model":"c3d37e95-f896-4b7d-b7f8-d1ebc387ec51"},{"predicate":{"custom_model_data":1007},"model":"e407067e-1ed2-4e95-b6cb-915d8a692163"},{"predicate":{"custom_model_data":1008},"model":"de8c806f-6b7f-499a-9367-c93c91aa02ec"},{"predicate":{"custom_model_data":1009},"model":"e1b2d0bd-465c-418d-be3d-2fde70ff8df2"},{"predicate":{"custom_model_data":1010},"model":"15b97d4a-2e54-4061-85d5-cd31e70093e2"},{"predicate":{"custom_model_data":1011},"model":"44ba8bbe-321b-4be9-a665-edaf79b79e1f"},{"predicate":{"custom_model_data":1012},"model":"ef64ae13-9a29-4895-befd-1e3319e72e9c"},{"predicate":{"custom_model_data":1013},"model":"72e1a05f-235d-40a7-b97f-ee4b12611657"},{"predicate":{"custom_model_data":1014},"model":"5e3b0111-bb71-4461-ac97-f7a8aae3eb68"},{"predicate":{"custom_model_data":1015},"model":"f9285e7d-29b6-4062-be88-8938bc2a0be9"},{"predicate":{"custom_model_data":1016},"model":"0a964197-20bf-4e9a-9975-ba64e82d8af6"},{"predicate":{"custom_model_data":1017},"model":"6659df9e-68fb-4e9b-ac61-1c82c66ed9da"},{"predicate":{"custom_model_data":1018},"model":"59bd9e60-a1e3-4c1e-88ba-fc61a5fe15a3"},{"predicate":{"custom_model_data":1019},"model":"7009def8-9127-4efb-bb7a-614b3cb6d38d"},{"predicate":{"custom_model_data":1020},"model":"993004d1-667d-468d-b324-9ebb9e83918f"},{"predicate":{"custom_model_data":1021},"model":"c606cbc7-ab20-41a4-8ff0-0aa15f2b400c"},{"predicate":{"custom_model_data":1022},"model":"b8f59372-8663-4494-b740-a83ae2d40a6d"},{"predicate":{"custom_model_data":1023},"model":"19fc6e87-d5c3-4b1f-b840-c4611d5f5cfb"},{"predicate":{"custom_model_data":1024},"model":"17b0133f-7115-466a-bc4d-cc02f1370e4b"},{"predicate":{"custom_model_data":1025},"model":"b024843f-93d6-493c-91f3-5cf4fb999d51"},{"predicate":{"custom_model_data":1026},"model":"040689f2-7489-4b59-92ff-caf04993bad6"},{"predicate":{"custom_model_data":1027},"model":"abfa92d0-3ecc-43f4-87e4-2f3159d2a4f5"},{"predicate":{"custom_model_data":1028},"model":"51c0e934-8140-49a8-8aa8-599826a6779a"},{"predicate":{"custom_model_data":1029},"model":"98e4329b-a3de-4ff3-b82e-f63acf3fde72"},{"predicate":{"custom_model_data":1030},"model":"c4379c25-41c1-453a-8109-ec54869bddf8"},{"predicate":{"custom_model_data":1031},"model":"de3c792d-6d04-4edf-aaba-935a68ca7e8b"},{"predicate":{"custom_model_data":1032},"model":"93d85e1a-f630-4310-a07f-737a34379a8d"},{"predicate":{"custom_model_data":7054},"model":"144a435f-e3dc-4ef5-b45f-147a78ed723d"}]}