{"parent":"item/generated","textures":{"layer0":"item/cooked_beef"},"overrides":[{"predicate":{"custom_model_data":1000},"model":"ce5b1946-3669-4b98-a82b-3a532e1e8080"},{"predicate":{"custom_model_data":1001},"model":"f1c36226-dc9d-4a3c-bc85-3a0fd39532d2"},{"predicate":{"custom_model_data":1002},"model":"924c333f-2d1c-4465-b5b9-ed428f66c340"},{"predicate":{"custom_model_data":7010},"model":"e840c7f8-67eb-4a06-8ee7-eb4122d07fc2"},{"predicate":{"custom_model_data":7011},"model":"23eb7d64-fdc4-46bf-9a37-2abdee007f57"},{"predicate":{"custom_model_data":7012},"model":"f69e1849-d636-4370-ab57-08f59ecfa5cd"},{"predicate":{"custom_model_data":7014},"model":"6503193c-c359-4699-ad4f-caf8786e2991"},{"predicate":{"custom_model_data":7015},"model":"fa021cfa-928f-46ba-84e3-b1279745a3cf"},{"predicate":{"custom_model_data":7016},"model":"6b85a010-84a9-4ea1-8225-210d5037b139"},{"predicate":{"custom_model_data":7017},"model":"04573c2d-f79c-4337-a52b-98a039e47565"},{"predicate":{"custom_model_data":7018},"model":"3eb00b81-216d-4ac3-aa58-97fe3cc53f57"},{"predicate":{"custom_model_data":7019},"model":"d77132ac-ad4e-499e-97f7-30b180f5681b"},{"predicate":{"custom_model_data":7020},"model":"7297cc5c-2307-4773-81bb-e9f878ecb13a"},{"predicate":{"custom_model_data":7022},"model":"2ea123f8-0baf-451e-a24f-725133bb9578"},{"predicate":{"custom_model_data":7023},"model":"6c80797f-28b1-44b7-974a-c728a3b98060"},{"predicate":{"custom_model_data":7024},"model":"2ca371fc-40dd-4e7c-a421-232617a10689"},{"predicate":{"custom_model_data":7026},"model":"539053f4-dcc3-406c-bf52-01cf46a17501"},{"predicate":{"custom_model_data":7027},"model":"a28881b1-58d3-458a-bdc8-e749bec96468"},{"predicate":{"custom_model_data":7028},"model":"e448d439-f155-420a-b2da-5efb6b93c51a"},{"predicate":{"custom_model_data":7029},"model":"992bc083-8c01-404c-a827-484acf0d9152"},{"predicate":{"custom_model_data":7030},"model":"ded7e2a5-853f-4479-9898-44ab056acfc5"},{"predicate":{"custom_model_data":7031},"model":"290cffe6-90f0-4627-806d-5f6a42c2858e"},{"predicate":{"custom_model_data":7032},"model":"f3b84292-94ca-4945-a5cf-6641280df3ba"},{"predicate":{"custom_model_data":7033},"model":"e1f618b5-09d0-4791-9a4f-d2e712d1157b"},{"predicate":{"custom_model_data":7034},"model":"47c06bf1-2dc1-4c69-bd7c-075e912ba894"},{"predicate":{"custom_model_data":7035},"model":"434cd56c-649d-419b-b0c5-afb3600776f0"},{"predicate":{"custom_model_data":7036},"model":"921e6833-72a1-4c33-aad8-53912c870835"},{"predicate":{"custom_model_data":7037},"model":"d76fec0d-59a5-49d9-b539-3f59f15d52e9"},{"predicate":{"custom_model_data":7038},"model":"507e6c12-be4f-42f3-83ba-fb347e45a97e"},{"predicate":{"custom_model_data":7039},"model":"d46ca08f-c879-404c-8ac5-935553de0a02"},{"predicate":{"custom_model_data":7041},"model":"ceff3553-f974-4ee4-bee6-a25e34c6270b"},{"predicate":{"custom_model_data":7042},"model":"acb81ed7-d4e5-4738-9598-1dec71809f8e"},{"predicate":{"custom_model_data":7043},"model":"62f434e9-4411-4263-9e5e-5446acc3a5f7"},{"predicate":{"custom_model_data":7044},"model":"c5f1e54b-4288-4428-bbc0-3698bb7ffb91"},{"predicate":{"custom_model_data":7045},"model":"80c7ca46-8238-4b6b-a5d0-6eb0990098bb"},{"predicate":{"custom_model_data":7046},"model":"568e1c99-2a26-46c8-b778-7995d434a3b1"},{"predicate":{"custom_model_data":7048},"model":"52e2f166-2736-4ac4-ac6d-8068d3bdb5b3"},{"predicate":{"custom_model_data":7049},"model":"65d77692-7bab-408e-85a9-78b32445c877"},{"predicate":{"custom_model_data":7050},"model":"a75e6a82-7d76-4f62-9256-1aa5adef5179"},{"predicate":{"custom_model_data":7051},"model":"b3147e43-fe9d-4d5d-ae88-3b3a33fe9be0"},{"predicate":{"custom_model_data":7052},"model":"29c4d518-9148-46c5-b3ad-08bd06998bf5"},{"predicate":{"custom_model_data":7053},"model":"0441514e-af12-4375-b056-514fc810d25c"},{"predicate":{"custom_model_data":7054},"model":"de09595c-5768-4447-ad68-81e244c8498d"},{"predicate":{"custom_model_data":7055},"model":"811ffb2d-e776-4c2a-b6fd-221623d5118f"}]}