{"parent":"item/generated","display":{"thirdperson_righthand":{"rotation":[-90.0,0.0,-60.0],"translation":[2.0,0.1,-3.0],"scale":[0.9,0.9,0.9]},"thirdperson_lefthand":{"rotation":[-90.0,0.0,30.0],"translation":[2.0,0.1,-3.0],"scale":[0.9,0.9,0.9]},"firstperson_righthand":{"rotation":[-90.0,0.0,-55.0],"translation":[1.13,3.2,1.13],"scale":[0.68,0.68,0.68]},"firstperson_lefthand":{"rotation":[-90.0,0.0,35.0],"translation":[1.13,3.2,1.13],"scale":[0.68,0.68,0.68]}},"textures":{"layer0":"item/crossbow_standby"},"overrides":[{"predicate":{"pulling":1},"model":"item/crossbow_pulling_0"},{"predicate":{"pulling":1,"pull":0.58},"model":"item/crossbow_pulling_1"},{"predicate":{"pulling":1,"pull":1.0},"model":"item/crossbow_pulling_2"},{"predicate":{"charged":1},"model":"item/crossbow_arrow"},{"predicate":{"charged":1,"firework":1},"model":"item/crossbow_firework"},{"predicate":{"custom_model_data":1000},"model":"elitecreatures:3dea41cb-377f-4bbc-bf4c-90c3241c0f17"},{"predicate":{"charged":1.0,"custom_model_data":1000},"model":"elitecreatures:67d926da-3bc1-4f29-b76b-a9deb39e9a4e"},{"predicate":{"firework":1.0,"custom_model_data":1000},"model":"elitecreatures:67d926da-3bc1-4f29-b76b-a9deb39e9a4e"},{"predicate":{"pulling":1.0,"pull":0.0,"custom_model_data":1000},"model":"elitecreatures:2d3397b1-64c2-4561-969e-fff0f4e9072a"},{"predicate":{"pulling":1.0,"pull":0.65,"custom_model_data":1000},"model":"elitecreatures:953c997c-5d43-4975-bdb8-0806901b4168"},{"predicate":{"pulling":1.0,"pull":0.9,"custom_model_data":1000},"model":"elitecreatures:3a3d4389-ea21-44a2-bda8-99c7b5bb1d7c"},{"predicate":{"custom_model_data":1001},"model":"1d421e81-c228-49e9-86b8-e69846cef840"},{"predicate":{"charged":1.0,"custom_model_data":1001},"model":"19354b69-e18e-49ee-b5be-e6dbfef1503f"},{"predicate":{"firework":1.0,"custom_model_data":1001},"model":"3017a696-d2b6-4a2b-8fa4-69d583e35f53"},{"predicate":{"pulling":1.0,"pull":0.0,"custom_model_data":1001},"model":"d2d77372-9a4e-4309-9c6c-ab893d25c583"},{"predicate":{"pulling":1.0,"pull":0.65,"custom_model_data":1001},"model":"36ad63a9-ed4c-4a87-b2c5-bac50dbbe01a"},{"predicate":{"pulling":1.0,"pull":0.9,"custom_model_data":1001},"model":"b3d6a8cc-2418-4311-ad23-5b012f14eab5"},{"predicate":{"custom_model_data":1002},"model":"88e7b750-d824-4857-9ab6-28f57397c42d"},{"predicate":{"charged":1.0,"custom_model_data":1002},"model":"b70e4826-1a26-40d2-8b9a-1d262d15a481"},{"predicate":{"firework":1.0,"custom_model_data":1002},"model":"48ddac8c-db32-4b26-8b84-7955478dc2d0"},{"predicate":{"pulling":1.0,"pull":0.0,"custom_model_data":1002},"model":"37e7abe2-b74e-492e-96d4-34779666a7ee"},{"predicate":{"pulling":1.0,"pull":0.65,"custom_model_data":1002},"model":"a7d15da7-610e-4ab9-9426-729dc3421d4c"},{"predicate":{"pulling":1.0,"pull":0.9,"custom_model_data":1002},"model":"ec1207b2-f942-45d0-aec0-701b4fbca492"},{"predicate":{"custom_model_data":20419},"model":"5dc42a1a-6932-452c-a9a1-3b0f4e20869f"},{"predicate":{"charged":1.0,"custom_model_data":20419},"model":"fab53fe1-cac0-4b20-9ad4-adb9467e1a08"},{"predicate":{"pulling":1.0,"pull":0.0,"custom_model_data":20419},"model":"e0656e59-11fa-4a39-84ba-d897bd63c612"},{"predicate":{"pulling":1.0,"pull":0.65,"custom_model_data":20419},"model":"eb9d4e02-f403-4a95-a44b-68c8ff98ac45"},{"predicate":{"pulling":1.0,"pull":0.9,"custom_model_data":20419},"model":"cae8b43d-67af-4a29-9f91-d608994b9abd"},{"predicate":{"custom_model_data":413004},"model":"c2f56159-9a2e-45e8-9221-c10debf4624f"},{"predicate":{"charged":1.0,"custom_model_data":413004},"model":"9fed26d6-dec4-4d7e-87b6-09ed85378b7e"},{"predicate":{"firework":1.0,"custom_model_data":413004},"model":"0e44aa61-5612-4b70-86e9-425a9b863eec"},{"predicate":{"pulling":1.0,"pull":0.0,"custom_model_data":413004},"model":"198f933e-aabc-4a89-9f1f-2359acf66003"},{"predicate":{"pulling":1.0,"pull":0.65,"custom_model_data":413004},"model":"13392cb3-d017-4843-99c4-508a025cd621"},{"predicate":{"pulling":1.0,"pull":0.9,"custom_model_data":413004},"model":"48ab23ae-3da3-43c4-8cbf-5621a9626950"},{"predicate":{"custom_model_data":1450100},"model":"incendium:item/patron/holy_wrath"},{"predicate":{"charged":1.0,"custom_model_data":1450100},"model":"incendium:cbda6a23-996e-4060-8c20-bf56b355a023"},{"predicate":{"pulling":1.0,"pull":0.0,"custom_model_data":1450100},"model":"incendium:dabaf3a5-2df1-4a26-ba87-27762d9f7c26"},{"predicate":{"pulling":1.0,"pull":0.65,"custom_model_data":1450100},"model":"incendium:5a709fb7-fb4d-41b6-a535-2a818cace02e"},{"predicate":{"pulling":1.0,"pull":0.9,"custom_model_data":1450100},"model":"incendium:5d6ca632-7211-4ba0-b0ef-5472f1d3e09f"},{"predicate":{"custom_model_data":1450101},"model":"incendium:item/firestorm"},{"predicate":{"charged":1.0,"custom_model_data":1450101},"model":"incendium:e8b17027-088d-4a5b-a0a4-2984dd799df9"},{"predicate":{"pulling":1.0,"pull":0.0,"custom_model_data":1450101},"model":"incendium:9c009be1-403f-47a9-bbcc-1afbaa1a16f8"},{"predicate":{"pulling":1.0,"pull":0.65,"custom_model_data":1450101},"model":"incendium:745ccc26-94a7-412d-b44d-e490c1ec80b3"},{"predicate":{"pulling":1.0,"pull":0.9,"custom_model_data":1450101},"model":"incendium:fa24ba27-8ea0-4f48-b21e-1a3e28bc04b5"},{"predicate":{"custom_model_data":1450102},"model":"incendium:item/multiplex"},{"predicate":{"charged":1.0,"custom_model_data":1450102},"model":"incendium:c350f74c-f3a8-4e32-a67b-239cb8229e47"},{"predicate":{"pulling":1.0,"pull":0.0,"custom_model_data":1450102},"model":"incendium:1650fc51-06ba-46d8-88ac-63c81b5e0117"},{"predicate":{"pulling":1.0,"pull":0.65,"custom_model_data":1450102},"model":"incendium:c9e77290-ad49-4f42-af08-d59935cc304f"},{"predicate":{"pulling":1.0,"pull":0.9,"custom_model_data":1450102},"model":"incendium:4ca34c05-da31-42ef-ab49-e80613256a83"},{"predicate":{"custom_model_data":1450103},"model":"incendium:item/sentrys_wrath"},{"predicate":{"charged":1.0,"custom_model_data":1450103},"model":"incendium:49768c74-77b6-4728-8eb4-ade1161cc7bf"},{"predicate":{"pulling":1.0,"pull":0.0,"custom_model_data":1450103},"model":"incendium:80a33370-ac43-40a9-82ce-a37df0daa21c"},{"predicate":{"pulling":1.0,"pull":0.65,"custom_model_data":1450103},"model":"incendium:56a00800-ec48-422c-857c-05263edcdfff"},{"predicate":{"pulling":1.0,"pull":0.9,"custom_model_data":1450103},"model":"incendium:cf318706-e6dc-4d57-b33a-a8a24ac91cd3"}]}