{"parent":"item/handheld","textures":{"layer0":"item/diamond_sword"},"overrides":[{"predicate":{"custom_model_data":1000},"model":"6deea85d-f07d-4a11-bdba-6173b64fe429"},{"predicate":{"custom_model_data":1001},"model":"74360355-9708-4dee-b735-4561146dc166"},{"predicate":{"custom_model_data":1002},"model":"105629fd-a921-483b-8fd0-88993d6e5935"},{"predicate":{"custom_model_data":1003},"model":"d76a56dc-fb49-4795-b564-a82be44a130a"},{"predicate":{"custom_model_data":1004},"model":"7ef6107a-4a6f-4ff1-80e0-00edb5dc243d"},{"predicate":{"custom_model_data":1005},"model":"83025d14-85ec-4619-ac9b-39b0646fe80a"},{"predicate":{"custom_model_data":1008},"model":"07b0d6f5-b753-495d-b664-c663c8485c75"},{"predicate":{"custom_model_data":1009},"model":"51dfea2a-f30b-49bc-a0f7-3252d19e7b34"},{"predicate":{"custom_model_data":1010},"model":"6a985346-eeed-4e82-8b95-0542eac81898"},{"predicate":{"custom_model_data":1011},"model":"10d9dc2a-2f2c-49ee-b345-729918985da7"},{"predicate":{"custom_model_data":1042},"model":"2be58942-0441-4bad-9c8e-952b3d48581d"},{"predicate":{"custom_model_data":1450003},"model":"incendium:item/chilling"}]}