{"parent":"item/handheld_rod","textures":{"layer0":"item/fishing_rod"},"overrides":[{"predicate":{"custom_model_data":1000},"model":"elitecreatures:bf48941c-7e72-41eb-a606-bb34965a49c7"},{"predicate":{"cast":1.0,"custom_model_data":1000},"model":"elitecreatures:20b56c8f-e840-43c8-814d-d7157aba01b1"},{"predicate":{"custom_model_data":1002},"model":"914834c2-e36b-4e61-a2b1-e2d575e52681"},{"predicate":{"cast":1.0,"custom_model_data":1002},"model":"ac69245e-78ae-4a01-8214-5f291a493c4a"},{"predicate":{"custom_model_data":1003},"model":"f42179cf-a849-4b9c-a50b-381fb7ad4cde"},{"predicate":{"cast":1.0,"custom_model_data":1003},"model":"382292da-4531-4451-b5b6-fe806631ce06"},{"predicate":{"custom_model_data":1004},"model":"a31747cf-2d33-407d-8b19-17e206d2b78b"},{"predicate":{"cast":1.0,"custom_model_data":1004},"model":"abbbfc20-105c-4033-aa83-893d9cb6465f"},{"predicate":{"custom_model_data":1006},"model":"458bc371-55c2-43ce-be1c-4492f3237d58"},{"predicate":{"cast":1.0,"custom_model_data":1006},"model":"981cea1b-809f-4467-9d9f-7ba770aecad0"},{"predicate":{"custom_model_data":3099},"model":"da1e72e9-53c2-49e1-be92-f299a1e54a5b"},{"predicate":{"cast":1.0,"custom_model_data":3099},"model":"34b5f832-7d14-43e1-b7e9-ccaf03565be2"},{"predicate":{"custom_model_data":18012},"model":"f5e1a770-87db-4e19-9863-472fe053c9fd"},{"predicate":{"cast":1.0,"custom_model_data":18012},"model":"642a2b9a-33ee-47ef-8076-c992038c2aa3"},{"predicate":{"custom_model_data":50001},"model":"customfishing:bcfc6a0d-42f1-47da-ae21-7d48e7b7120e"},{"predicate":{"cast":1.0,"custom_model_data":50001},"model":"customfishing:adc34214-b36b-4d9f-8dc2-9bc0ea5d516e"},{"predicate":{"custom_model_data":50002},"model":"customfishing:bee3d5af-5509-429b-842b-3eeb5ef539c6"},{"predicate":{"cast":1.0,"custom_model_data":50002},"model":"customfishing:985a5a65-bb99-4944-b732-4a79813d428b"},{"predicate":{"custom_model_data":50003},"model":"customfishing:3561a249-b284-4c03-bd6b-55ac1944b23e"},{"predicate":{"cast":1.0,"custom_model_data":50003},"model":"customfishing:f79b42a1-d2a4-40cd-9f38-8aea5a23738f"},{"predicate":{"custom_model_data":50004},"model":"customfishing:7b307915-a6b4-4537-a789-615ed24b57ef"},{"predicate":{"cast":1.0,"custom_model_data":50004},"model":"customfishing:5a2c0229-41ed-4660-8cf6-e8db579b337c"},{"predicate":{"custom_model_data":50005},"model":"customfishing:4c15171e-1027-4f66-b77e-f21a6ffe2428"},{"predicate":{"cast":1.0,"custom_model_data":50005},"model":"customfishing:2dbbba7c-c1a4-4d1d-94c8-9f3600ea92e1"},{"predicate":{"custom_model_data":50006},"model":"customfishing:bdd26fc2-be45-47cd-b4c8-cd4b7c4ad1c1"},{"predicate":{"cast":1.0,"custom_model_data":50006},"model":"customfishing:444c5f64-1255-4c92-8df9-fc45d66ad16a"},{"predicate":{"custom_model_data":50007},"model":"customfishing:567c3c83-d121-432d-9b90-74135c322276"},{"predicate":{"cast":1.0,"custom_model_data":50007},"model":"customfishing:6a2f21d0-9eb0-4cd0-a43d-01d0a2a9b169"},{"predicate":{"custom_model_data":413005},"model":"c75c6fd2-23d5-4b89-bb45-506fced3aae4"},{"predicate":{"cast":1.0,"custom_model_data":413005},"model":"7f8059f9-25eb-4b87-9521-ea60af3cddc0"}]}