{"parent":"item/generated","textures":{"layer0":"item/leather_leggings","layer1":"item/leather_leggings_overlay"},"overrides":[{"predicate":{"custom_model_data":1000},"model":"159f6fa5-9cbb-4714-9161-6bc49440947b"},{"predicate":{"custom_model_data":1001},"model":"bd4ef952-56e6-4959-a8d9-272228fb9299"},{"predicate":{"custom_model_data":1002},"model":"236d4341-9614-41fd-a62c-b7a1618442e4"},{"predicate":{"custom_model_data":1003},"model":"c686e37e-326c-4923-9658-a87705a2e958"},{"predicate":{"custom_model_data":1004},"model":"d1975d68-ba33-4dc6-a7bc-2d8eb01f7616"},{"predicate":{"custom_model_data":1005},"model":"b46383d8-2dc6-4fc0-b242-3fd5f0f359c0"},{"predicate":{"custom_model_data":1006},"model":"63883813-23a7-4b4d-a58b-3305875b219f"},{"predicate":{"custom_model_data":1007},"model":"f11825a2-82e2-4d8f-bad2-b766cc00cd68"},{"predicate":{"custom_model_data":1008},"model":"2d5b1fea-2aed-443d-9cc5-0ea712e82fed"},{"predicate":{"custom_model_data":413023},"model":"388b727e-354a-43fe-b222-ca2883748b02"}]}