{"parent":"item/generated","textures":{"layer0":"item/leather_horse_armor"},"overrides":[{"predicate":{"custom_model_data":1000},"model":"nexo:96b5452a-3380-4df3-9d4e-93ac2ff4c8b2"},{"predicate":{"custom_model_data":1001},"model":"nexo:61e9abbc-2518-4669-8b49-3b0e70c01e51"},{"predicate":{"custom_model_data":1002},"model":"nexo:a0508f96-7da2-4a63-ab78-421f50787285"},{"predicate":{"custom_model_data":1003},"model":"nexo:f8f972da-cd98-4173-bbae-03bf08d68522"},{"predicate":{"custom_model_data":1004},"model":"nexo:5ce0bb31-466c-44be-b107-6022f56404e0"},{"predicate":{"custom_model_data":1005},"model":"hmccosmetics:0a9d71af-ff10-4541-9852-3b633788b936"},{"predicate":{"custom_model_data":1006},"model":"hmccosmetics:f9e01ff5-2857-44bd-b3d8-8a4595bdb7f2"},{"predicate":{"custom_model_data":1007},"model":"hmccosmetics:258cc700-11bd-4cf1-8d24-c44b78b5f070"},{"predicate":{"custom_model_data":22539},"model":"34916c48-c338-4ecc-8f3d-248670e0c4a4"}]}