{"parent":"item/generated","textures":{"layer0":"item/leather_chestplate","layer1":"item/leather_chestplate_overlay"},"overrides":[{"predicate":{"custom_model_data":1000},"model":"1f97ea5b-b420-47e6-8f1f-80e06c56f522"},{"predicate":{"custom_model_data":1001},"model":"ca6d99e1-72bd-4bc2-9dfd-12a325ba3e5d"},{"predicate":{"custom_model_data":1002},"model":"660cb5c1-dd8a-4310-b94d-d2dec01c57b8"},{"predicate":{"custom_model_data":1003},"model":"84bead5a-7a14-4aae-9f94-18f16ea0f642"},{"predicate":{"custom_model_data":1004},"model":"eab6ceb2-9b51-49ac-9706-ab6b5245b584"},{"predicate":{"custom_model_data":1005},"model":"c8af9086-d796-47a3-85ef-77d8da2a0778"},{"predicate":{"custom_model_data":1006},"model":"044b5b17-d3bd-4191-8d56-d1954f173c4d"},{"predicate":{"custom_model_data":1007},"model":"375d5d48-8788-4341-8cad-bc98ced9b818"},{"predicate":{"custom_model_data":1008},"model":"6ac8c45b-bd17-4457-a878-ed945ad38d9d"},{"predicate":{"custom_model_data":413021},"model":"2ca9e21d-c6e0-41d2-b657-654b6126913d"}]}