{"parent":"item/generated","textures":{"layer0":"item/leather_helmet","layer1":"item/leather_helmet_overlay"},"overrides":[{"predicate":{"custom_model_data":1000},"model":"8a29317e-66bb-4780-bf5a-60165a24090d"},{"predicate":{"custom_model_data":1001},"model":"75fed286-282b-4da6-8081-8e4f580c1d7f"},{"predicate":{"custom_model_data":1002},"model":"e5468e4a-df0e-47de-8e43-26b8c31d8b79"},{"predicate":{"custom_model_data":1003},"model":"243119ef-0cb1-4c29-b2b3-2e41b0f9a468"},{"predicate":{"custom_model_data":1004},"model":"5a36b6c0-7c55-47f9-b6e0-5f67c107de9d"},{"predicate":{"custom_model_data":1005},"model":"f3c54b6c-7d9b-411f-9501-d6139c4851a7"},{"predicate":{"custom_model_data":1006},"model":"0ae509e3-6492-488d-8fe1-0785c7794e8c"},{"predicate":{"custom_model_data":1007},"model":"70200985-0233-4c7a-92ed-796e19568899"},{"predicate":{"custom_model_data":1008},"model":"25600719-2106-4b70-9c96-f98dfdaf9796"},{"predicate":{"custom_model_data":1009},"model":"christmas_quest:c24ea839-0afc-43ec-af9c-c6fdc26deaf5"},{"predicate":{"custom_model_data":413022},"model":"5f8efd89-b140-42a7-9f0c-7e666ca17bc5"}]}