{"parent":"item/generated","textures":{"layer0":"item/leather_helmet","layer1":"item/leather_helmet_overlay"},"overrides":[{"predicate":{"custom_model_data":1000},"model":"40dda8d8-15e3-4a05-9467-603d6105afdf"},{"predicate":{"custom_model_data":1001},"model":"6428ec61-b4bd-46e4-8b04-ace444beeaa8"},{"predicate":{"custom_model_data":1002},"model":"b6fa9caf-e8d3-4dc6-8675-8c0d779964d7"},{"predicate":{"custom_model_data":1003},"model":"29eea40f-22c7-45ab-8800-6c549724b043"},{"predicate":{"custom_model_data":1004},"model":"5d6abf25-2efd-4ae8-b3bb-164417084ba0"},{"predicate":{"custom_model_data":1005},"model":"1a8e54fa-155c-47d8-a6ec-08641b9517b0"},{"predicate":{"custom_model_data":1006},"model":"25e9bb73-690a-44ca-9919-17b89fa04d8f"},{"predicate":{"custom_model_data":1007},"model":"94abf7d2-ddc0-4b1b-b81d-b3ac39f94bc0"},{"predicate":{"custom_model_data":1008},"model":"8b473b9b-b123-4b55-be62-4635fb109058"},{"predicate":{"custom_model_data":1009},"model":"christmas_quest:a69d288d-f5a8-4e6b-99ee-f35509a7f8c4"},{"predicate":{"custom_model_data":413022},"model":"66b81822-c438-4355-ba28-b1d199d19abf"}]}