{"parent":"item/handheld","textures":{"layer0":"item/netherite_pickaxe"},"overrides":[{"predicate":{"custom_model_data":1000},"model":"959db60b-c2c8-496f-b461-bb3a4aa984c0"},{"predicate":{"custom_model_data":1001},"model":"a1c9fb9e-8f3f-42fd-b431-625115312637"},{"predicate":{"custom_model_data":1002},"model":"elitecreatures:842e67bf-6586-4625-a555-e7616291eadf"},{"predicate":{"custom_model_data":1003},"model":"nexo:7e04179f-c795-4125-9f7f-873e684c902e"},{"predicate":{"custom_model_data":1004},"model":"85e0815c-2325-4400-ac57-b8dfc621fd11"},{"predicate":{"custom_model_data":1005},"model":"ee4bd3f3-3748-442a-b3a5-726c39a8b1f9"},{"predicate":{"custom_model_data":1006},"model":"9f01eefe-3d25-43d5-ad98-fc8575790f72"},{"predicate":{"custom_model_data":1007},"model":"5af5fbc6-6e61-48a3-8648-c716458bf1ab"},{"predicate":{"custom_model_data":1008},"model":"e23e751c-706a-4891-997f-5a89f531612a"},{"predicate":{"custom_model_data":1009},"model":"07735436-30cd-41a4-882f-eac38633944e"},{"predicate":{"custom_model_data":2378},"model":"b664263c-efef-4ea8-b62b-ccdee7e79e12"},{"predicate":{"custom_model_data":5324},"model":"3406410b-ec65-4126-bf49-69469b772881"},{"predicate":{"custom_model_data":21877},"model":"e98cae48-38c2-413d-8c31-3db039a814ec"},{"predicate":{"custom_model_data":413011},"model":"c7a4c6c1-e084-404b-8486-fa1721b530bd"},{"predicate":{"custom_model_data":1450500},"model":"incendium:item/hefty"}]}