{"parent":"item/handheld","textures":{"layer0":"item/netherite_hoe"},"overrides":[{"predicate":{"custom_model_data":1000},"model":"f36c016a-8d45-46c6-a99e-2e032b170383"},{"predicate":{"custom_model_data":1001},"model":"3efde9fe-8a98-44f3-a689-45985dce435f"},{"predicate":{"custom_model_data":1002},"model":"elitecreatures:30200faf-6784-41c2-8e7f-082f63e9c59d"},{"predicate":{"custom_model_data":1003},"model":"nexo:ddad6a68-4b6a-4d53-8689-7ef5e49179ea"},{"predicate":{"custom_model_data":1004},"model":"1dcd5b49-a464-4e43-bd1a-a675b3a10004"},{"predicate":{"custom_model_data":1005},"model":"d7502bcb-16b9-45b1-adea-28701e200e2b"},{"predicate":{"custom_model_data":1006},"model":"45b55cd5-0f15-4dda-a056-28e9b7e8bc05"},{"predicate":{"custom_model_data":1212},"model":"41dfa4a9-0284-4fb1-b3d6-d2c31120eba0"},{"predicate":{"custom_model_data":2381},"model":"21451b6b-b2a3-4d95-8a65-199ed5de1327"},{"predicate":{"custom_model_data":5323},"model":"e4b80e15-c95b-45d2-af89-c4a9b21609ac"},{"predicate":{"custom_model_data":21332},"model":"3fbaeb50-3019-41bc-95be-681d5f848e83"},{"predicate":{"custom_model_data":413009},"model":"4a83bb69-96c0-4265-8a0e-02b5d0eb9986"}]}