{"parent":"item/handheld","textures":{"layer0":"item/netherite_axe"},"overrides":[{"predicate":{"custom_model_data":1000},"model":"elitecreatures:75d0861b-f87f-450c-a9fe-c2492b8a9553"},{"predicate":{"custom_model_data":1001},"model":"213a864e-31e2-4824-a084-dff1b048fa49"},{"predicate":{"custom_model_data":1002},"model":"f1ff5e87-47cf-4bfa-9d60-0646a0e5a9ee"},{"predicate":{"custom_model_data":1003},"model":"nexo:9f19337b-75cc-41a8-a125-6b6ce687a27b"},{"predicate":{"custom_model_data":1004},"model":"23401cb1-2b0a-41cc-9b9c-38d10a79961c"},{"predicate":{"custom_model_data":1005},"model":"bb74dfc3-c7d3-4f91-834a-a0fa1afea943"},{"predicate":{"custom_model_data":1006},"model":"d7ecbf4c-6b5a-4780-9773-b628dea8f58b"},{"predicate":{"custom_model_data":1007},"model":"c12d0322-946e-4376-83a7-e6ca8e9a2dba"},{"predicate":{"custom_model_data":1008},"model":"84037ce2-1f06-4194-84e1-37ae7e68c9d2"},{"predicate":{"custom_model_data":1009},"model":"a39768a5-492b-4738-a8ea-ea30d08899d9"},{"predicate":{"custom_model_data":2379},"model":"1f75681c-e916-4281-9b83-97f186efd30f"},{"predicate":{"custom_model_data":5322},"model":"af6d4b62-7a87-493a-a813-241a1dc806ef"},{"predicate":{"custom_model_data":21241},"model":"97f291fe-2474-48a3-839f-d1b355905638"},{"predicate":{"custom_model_data":413000},"model":"28645e52-9136-4027-b789-e21969c1451f"},{"predicate":{"custom_model_data":1450002},"model":"incendium:item/blazing"}]}