{"parent":"item/generated","textures":{"layer0":"item/potion_overlay","layer1":"item/potion"},"overrides":[{"predicate":{"custom_model_data":1000},"model":"b0e1c8c9-0bfe-44c6-b8f9-1ccb53e06760"},{"predicate":{"custom_model_data":1001},"model":"5fc3758a-6027-4a0b-a266-bd19bc48ae8d"},{"predicate":{"custom_model_data":1002},"model":"8ababcdb-77b8-4a82-b199-ecab166d4b51"},{"predicate":{"custom_model_data":1003},"model":"3eec31ef-8da9-4d8a-b648-c6e11807cdb1"},{"predicate":{"custom_model_data":1004},"model":"hmccosmetics:3234947d-bf62-451e-9fdd-968e320ee658"},{"predicate":{"custom_model_data":1005},"model":"hmccosmetics:d5aa0408-f7aa-42d8-b6db-a5f8e6e0f3de"},{"predicate":{"custom_model_data":7013},"model":"f417562c-926f-4547-8adc-f4f482a8ae6d"},{"predicate":{"custom_model_data":7021},"model":"5887a7cf-ed82-4fc7-8ebf-79e1329d9946"},{"predicate":{"custom_model_data":7025},"model":"0f416cea-2d91-49b1-9b95-78b3bb2e1236"},{"predicate":{"custom_model_data":7040},"model":"7b417cc0-756e-4f75-8138-f2ed839f55f6"},{"predicate":{"custom_model_data":7047},"model":"354b73c1-1a0b-4068-86a9-6b80e1603fb0"},{"predicate":{"custom_model_data":2500001},"model":"49e770d1-04ea-4cfa-9da5-5925a263933c"},{"predicate":{"custom_model_data":2500002},"model":"55aa248b-6833-43bd-9ad8-c8b10612096a"},{"predicate":{"custom_model_data":2500003},"model":"05a195e6-6d09-41d5-a67d-019bf96cc8dd"},{"predicate":{"custom_model_data":2500004},"model":"57cecbee-e183-4d30-ae31-d3f5cfe6a721"},{"predicate":{"custom_model_data":2500005},"model":"738ee5b2-ae0c-4416-9f11-6ad8b0f3f0a8"},{"predicate":{"custom_model_data":7740000},"model":"6a36f184-2d98-4c3b-9544-b33820aad97e"},{"predicate":{"custom_model_data":7740001},"model":"aa4673ac-e4ee-4831-a6f7-b8cfd3914b8d"},{"predicate":{"custom_model_data":7740002},"model":"ab8a1847-f4ca-4354-8e18-44ff64ffec21"},{"predicate":{"custom_model_data":7740003},"model":"734e03b2-fda8-413b-87ff-d3cb17bc335f"},{"predicate":{"custom_model_data":7740004},"model":"24f982ce-6df6-47bc-badf-0e7f19514a7b"},{"predicate":{"custom_model_data":7740005},"model":"ac5ed489-9866-4761-b2e1-b33c7d96e757"},{"predicate":{"custom_model_data":7740006},"model":"4bc1da27-0d75-4c32-ba95-4378df7156eb"},{"predicate":{"custom_model_data":7740007},"model":"f1bd4316-a0f2-4be9-ad73-878237187fd2"},{"predicate":{"custom_model_data":7740008},"model":"85c71c1c-8e0b-4a87-b355-fc46a0ca3269"}]}