{"display":{"thirdperson_righthand":{"rotation":[-6.0,0.0,0.0],"translation":[0.0,4.75,0.75],"scale":[0.5,0.5,0.5]},"thirdperson_lefthand":{"rotation":[-6.0,0.0,0.0],"translation":[0.0,4.75,0.75],"scale":[0.5,0.5,0.5]},"firstperson_righthand":{"rotation":[-47.56,-7.62,-8.24],"translation":[4.25,1.25,-3.5],"scale":[0.6,0.6,0.6]},"firstperson_lefthand":{"rotation":[-47.56,-7.62,-8.24],"translation":[4.25,1.25,-3.5],"scale":[0.6,0.6,0.6]},"ground":{"rotation":[0.0,0.0,88.0],"translation":[-2.0,2.5,0.25],"scale":[0.45,0.45,0.45]},"gui":{"rotation":[-90.0,-135.0,-90.0],"translation":[-0.5,0.25,-1.5],"scale":[0.5,0.5,0.5]},"head":{"rotation":[90.0,-156.0,90.0],"translation":[1.0,10.5,1.75],"scale":[0.6,0.6,0.6]},"fixed":{"rotation":[-90.0,-90.0,-90.0],"translation":[0.0,5.5,0.25],"scale":[1.2,1.2,1.2]}},"elements":[{"from":[6.15,-1.55,6.0],"to":[9.85,1.05,10.0],"rotation":{"origin":[0.0,-7.5,-9.5],"axis":"y","angle":0.0},"faces":{"north":{"uv":[1.0625,0.0,1.525,0.325],"texture":"#0"},"east":{"uv":[1.0625,0.0,0.5625,0.3125],"texture":"#0"},"south":{"uv":[1.0625,0.0,1.525,0.325],"texture":"#0"},"west":{"uv":[0.5625,0.0,1.0625,0.3125],"texture":"#0"},"up":{"uv":[0.5625,0.3125,1.0,0.8125],"texture":"#0"},"down":{"uv":[1.5625,0.625,2.025,1.125],"texture":"#0"}}},{"from":[6.75,-1.5,4.7],"to":[9.35,1.0,7.3],"rotation":{"origin":[8.0,3.0,6.05],"axis":"y","angle":45.0},"faces":{"north":{"uv":[1.3125,0.625,1.0,0.9375],"texture":"#0"},"east":{"uv":[1.0,0.625,1.3125,0.9375],"texture":"#0"},"south":{"uv":[1.3125,0.625,1.0,0.9375],"texture":"#0"},"west":{"uv":[1.25,0.3125,0.9375,0.625],"texture":"#0"},"up":{"uv":[1.5,0.3125,1.8125,0.0],"texture":"#0"},"down":{"uv":[1.5625,0.625,1.875,0.3125],"texture":"#0"}}},{"from":[6.75,-1.5,8.7],"to":[9.35,1.0,11.3],"rotation":{"origin":[8.0,3.0,9.95],"axis":"y","angle":-45.0},"faces":{"north":{"uv":[1.0,0.625,1.3125,0.9375],"texture":"#0"},"east":{"uv":[1.3125,0.625,1.0,0.9375],"texture":"#0"},"south":{"uv":[1.0,0.625,1.3125,0.9375],"texture":"#0"},"west":{"uv":[1.0,0.3125,1.3125,0.625],"texture":"#0"},"up":{"uv":[1.5,0.0,1.8125,0.3125],"texture":"#0"},"down":{"uv":[1.5625,0.3125,1.875,0.625],"texture":"#0"}}},{"from":[6.5,-12.55,7.25],"to":[9.5,-10.45,8.75],"rotation":{"origin":[0.0,-18.5,-9.0],"axis":"y","angle":0.0},"faces":{"north":{"uv":[0.9375,1.125,1.3125,1.375],"texture":"#0"},"east":{"uv":[0.9375,1.125,0.75,1.375],"texture":"#0"},"south":{"uv":[0.9375,1.125,1.3125,1.375],"texture":"#0"},"west":{"uv":[0.75,1.125,0.9375,1.375],"texture":"#0"},"up":{"uv":[0.875,0.9375,1.25,1.125],"texture":"#0"},"down":{"uv":[0.875,0.9375,1.25,1.125],"texture":"#0"}}},{"from":[7.0,-12.5,6.2],"to":[9.1,-10.5,8.3],"rotation":{"origin":[8.0,-12.5,7.3],"axis":"y","angle":45.0},"faces":{"north":{"uv":[1.5625,0.3125,1.3125,0.5625],"texture":"#0"},"east":{"uv":[1.3125,0.3125,1.5625,0.5625],"texture":"#0"},"south":{"uv":[1.5625,0.3125,1.3125,0.5625],"texture":"#0"},"west":{"uv":[2.0625,0.0,1.8125,0.25],"texture":"#0"},"up":{"uv":[1.3125,0.8125,1.5625,0.5625],"texture":"#0"},"down":{"uv":[1.3125,0.8125,1.5625,0.5625],"texture":"#0"}}},{"from":[7.0,-12.5,7.7],"to":[9.1,-10.5,9.8],"rotation":{"origin":[8.0,-12.5,8.7],"axis":"y","angle":-45.0},"faces":{"north":{"uv":[1.3125,0.3125,1.5625,0.5625],"texture":"#0"},"east":{"uv":[1.5625,0.3125,1.3125,0.5625],"texture":"#0"},"south":{"uv":[1.3125,0.3125,1.5625,0.5625],"texture":"#0"},"west":{"uv":[1.8125,0.0,2.0625,0.25],"texture":"#0"},"up":{"uv":[1.3125,0.5625,1.5625,0.8125],"texture":"#0"},"down":{"uv":[1.3125,0.5625,1.5625,0.8125],"texture":"#0"}}},{"from":[7.0,-12.0,7.0],"to":[9.0,-2.0,9.0],"rotation":{"origin":[8.0,-7.0,8.0],"axis":"y","angle":-45.0},"faces":{"north":{"uv":[0.5625,1.4375,0.8125,2.6875],"texture":"#0"},"east":{"uv":[0.5625,1.4375,0.8125,2.6875],"texture":"#0"},"south":{"uv":[0.5625,1.4375,0.8125,2.6875],"texture":"#0"},"west":{"uv":[0.5625,1.4375,0.8125,2.6875],"texture":"#0"},"up":{"uv":[0.5625,1.4375,0.8125,1.6875],"texture":"#0"},"down":{"uv":[0.5625,1.4375,0.8125,1.6875],"texture":"#0"}}},{"from":[6.9,-12.0,9.1],"to":[9.1,-2.0,9.1],"rotation":{"origin":[8.0,-7.0,8.0],"axis":"y","angle":-45.0},"faces":{"north":{"uv":[16.0,3.4375,15.75,4.6875],"texture":"#0"},"east":{"uv":[0.5625,1.4375,0.8125,2.6875],"texture":"#0"},"south":{"uv":[15.75,3.4375,16.0,4.6875],"texture":"#0"},"west":{"uv":[0.5625,1.4375,0.8125,2.6875],"texture":"#0"},"up":{"uv":[0.5625,1.4375,0.8125,1.6875],"texture":"#0"},"down":{"uv":[0.5625,1.4375,0.8125,1.6875],"texture":"#0"}}},{"from":[6.9,-12.0,6.9],"to":[9.1,-2.0,6.9],"rotation":{"origin":[8.0,-7.0,8.0],"axis":"y","angle":45.0},"faces":{"north":{"uv":[16.0,3.4375,15.75,4.6875],"texture":"#0"},"east":{"uv":[0.8125,1.4375,0.5625,2.6875],"texture":"#0"},"south":{"uv":[15.75,3.4375,16.0,4.6875],"texture":"#0"},"west":{"uv":[0.8125,1.4375,0.5625,2.6875],"texture":"#0"},"up":{"uv":[0.5625,1.6875,0.8125,1.4375],"texture":"#0"},"down":{"uv":[0.5625,1.6875,0.8125,1.4375],"texture":"#0"}}},{"from":[6.9,-12.0,6.9],"to":[9.1,-2.0,6.9],"rotation":{"origin":[8.0,-7.0,8.0],"axis":"y","angle":-45.0},"faces":{"north":{"uv":[15.75,3.4375,16.0,4.6875],"texture":"#0"},"east":{"uv":[0.5625,1.4375,0.8125,2.6875],"texture":"#0"},"south":{"uv":[16.0,3.4375,15.75,4.6875],"texture":"#0"},"west":{"uv":[0.5625,1.4375,0.8125,2.6875],"texture":"#0"},"up":{"uv":[0.8125,1.6875,0.5625,1.4375],"texture":"#0"},"down":{"uv":[0.8125,1.6875,0.5625,1.4375],"texture":"#0"}}},{"from":[6.9,-12.0,9.1],"to":[9.1,-2.0,9.1],"rotation":{"origin":[8.0,-7.0,8.0],"axis":"y","angle":45.0},"faces":{"north":{"uv":[15.75,3.4375,16.0,4.6875],"texture":"#0"},"east":{"uv":[0.8125,1.4375,0.5625,2.6875],"texture":"#0"},"south":{"uv":[16.0,3.4375,15.75,4.6875],"texture":"#0"},"west":{"uv":[0.8125,1.4375,0.5625,2.6875],"texture":"#0"},"up":{"uv":[0.8125,1.4375,0.5625,1.6875],"texture":"#0"},"down":{"uv":[0.8125,1.4375,0.5625,1.6875],"texture":"#0"}}},{"from":[6.75,-4.0,6.75],"to":[9.25,-1.5,9.25],"rotation":{"origin":[8.0,-2.25,8.0],"axis":"y","angle":-45.0},"faces":{"north":{"uv":[0.8125,1.375,1.125,1.6875],"texture":"#0"},"east":{"uv":[0.8125,1.375,1.125,1.6875],"texture":"#0"},"south":{"uv":[0.8125,1.375,1.125,1.6875],"texture":"#0"},"west":{"uv":[0.8125,1.375,1.125,1.6875],"texture":"#0"},"up":{"uv":[0.8125,1.6875,1.125,2.0],"texture":"#0"},"down":{"uv":[0.8125,1.6875,1.125,2.0],"texture":"#0"}}},{"from":[6.75,6.0,6.75],"to":[9.25,8.5,9.25],"rotation":{"origin":[8.0,-2.25,8.0],"axis":"y","angle":-45.0},"faces":{"north":{"uv":[0.8125,1.375,1.125,1.6875],"texture":"#0"},"east":{"uv":[0.8125,1.375,1.125,1.6875],"texture":"#0"},"south":{"uv":[0.8125,1.375,1.125,1.6875],"texture":"#0"},"west":{"uv":[0.8125,1.375,1.125,1.6875],"texture":"#0"},"up":{"uv":[0.8125,1.6875,1.125,2.0],"texture":"#0"},"down":{"uv":[0.8125,1.6875,1.125,2.0],"texture":"#0"}}},{"from":[3.9,-2.0,2.5],"to":[7.1,0.7,2.5],"rotation":{"origin":[8.0,-0.5,2.6],"axis":"y","angle":45.0},"faces":{"north":{"uv":[0.0,0.0,6.0,6.0],"texture":"#4"},"east":{"uv":[0.0,0.0,0.0,6.0],"texture":"#4"},"south":{"uv":[0.0,0.0,6.0,6.0],"texture":"#4"},"west":{"uv":[0.0,0.0,0.0,6.0],"texture":"#4"},"up":{"uv":[0.0,0.0,0.0,6.0],"texture":"#4","rotation":90},"down":{"uv":[0.0,6.0,0.0,0.0],"texture":"#4","rotation":270}}},{"from":[2.0,-7.0,2.6],"to":[8.0,5.0,2.6],"rotation":{"origin":[8.0,-0.5,2.6],"axis":"y","angle":45.0},"faces":{"north":{"uv":[14.5,0.0,13.75,1.875],"texture":"#0"},"east":{"uv":[0.0,0.0,0.0,120.0],"texture":"#missing"},"south":{"uv":[13.75,0.0,14.5,1.875],"texture":"#0"},"west":{"uv":[0.0,0.0,0.0,120.0],"texture":"#missing"},"up":{"uv":[0.0,0.0,0.0,48.0],"texture":"#missing","rotation":90},"down":{"uv":[0.0,0.0,0.0,48.0],"texture":"#missing","rotation":270}}},{"from":[8.9,-2.0,2.5],"to":[12.1,0.7,2.5],"rotation":{"origin":[8.0,-0.5,2.6],"axis":"y","angle":-45.0},"faces":{"north":{"uv":[6.0,0.0,0.0,6.0],"texture":"#4"},"east":{"uv":[0.0,0.0,0.0,6.0],"texture":"#4"},"south":{"uv":[6.0,0.0,0.0,6.0],"texture":"#4"},"west":{"uv":[0.0,0.0,0.0,6.0],"texture":"#4"},"up":{"uv":[0.0,6.0,0.0,0.0],"texture":"#4","rotation":90},"down":{"uv":[0.0,0.0,0.0,6.0],"texture":"#4","rotation":270}}},{"from":[8.0,-7.0,2.6],"to":[14.0,5.0,2.6],"rotation":{"origin":[8.0,-0.5,2.6],"axis":"y","angle":-45.0},"faces":{"north":{"uv":[13.75,0.0,14.5,1.875],"texture":"#0"},"east":{"uv":[0.0,0.0,0.0,120.0],"texture":"#missing"},"south":{"uv":[14.5,0.0,13.75,1.875],"texture":"#0"},"west":{"uv":[0.0,0.0,0.0,120.0],"texture":"#missing"},"up":{"uv":[0.0,48.0,0.0,0.0],"texture":"#missing","rotation":90},"down":{"uv":[0.0,48.0,0.0,0.0],"texture":"#missing","rotation":270}}},{"from":[6.75,12.0,6.75],"to":[9.25,14.5,9.25],"rotation":{"origin":[8.0,-2.25,8.0],"axis":"y","angle":-45.0},"faces":{"north":{"uv":[0.8125,1.375,1.125,1.6875],"texture":"#0"},"east":{"uv":[0.8125,1.375,1.125,1.6875],"texture":"#0"},"south":{"uv":[0.8125,1.375,1.125,1.6875],"texture":"#0"},"west":{"uv":[0.8125,1.375,1.125,1.6875],"texture":"#0"},"up":{"uv":[0.8125,1.6875,1.125,2.0],"texture":"#0"},"down":{"uv":[0.8125,1.6875,1.125,2.0],"texture":"#0"}}},{"from":[6.75,22.5,6.75],"to":[9.25,25.0,9.25],"rotation":{"origin":[8.0,18.25,8.0],"axis":"y","angle":-45.0},"faces":{"north":{"uv":[0.8125,1.6875,1.125,1.375],"texture":"#0"},"east":{"uv":[0.8125,1.6875,1.125,1.375],"texture":"#0"},"south":{"uv":[0.8125,1.6875,1.125,1.375],"texture":"#0"},"west":{"uv":[0.8125,1.6875,1.125,1.375],"texture":"#0"},"up":{"uv":[0.8125,2.0,1.125,1.6875],"texture":"#0"},"down":{"uv":[0.8125,2.0,1.125,1.6875],"texture":"#0"}}},{"from":[7.0,-14.4,7.0],"to":[9.0,-12.4,9.0],"rotation":{"origin":[8.0,-13.4,8.0],"axis":"y","angle":-45.0},"faces":{"north":{"uv":[1.3125,0.8125,1.5625,1.0625],"texture":"#0"},"east":{"uv":[1.3125,0.8125,1.5625,1.0625],"texture":"#0"},"south":{"uv":[1.3125,0.8125,1.5625,1.0625],"texture":"#0"},"west":{"uv":[1.3125,0.8125,1.5625,1.0625],"texture":"#0"},"up":{"uv":[1.3125,1.0625,1.5625,1.3125],"texture":"#0"},"down":{"uv":[1.3125,1.0625,1.5625,1.3125],"texture":"#0"}}},{"from":[7.25,-13.5,8.0],"to":[8.75,-11.0,10.0],"rotation":{"origin":[8.0,-10.0,9.5],"axis":"x","angle":-22.5},"faces":{"north":{"uv":[2.125,0.5625,2.3125,0.25],"texture":"#0"},"east":{"uv":[1.875,0.5625,2.125,0.25],"texture":"#0"},"south":{"uv":[2.125,0.5625,2.3125,0.25],"texture":"#0"},"west":{"uv":[1.875,0.5625,2.125,0.25],"texture":"#0"},"up":{"uv":[2.0625,0.25,2.25,0.0],"texture":"#0"},"down":{"uv":[2.0625,0.25,2.25,0.0],"texture":"#0"}}},{"from":[7.25,-13.5,6.0],"to":[8.75,-11.0,8.0],"rotation":{"origin":[8.0,-10.0,6.5],"axis":"x","angle":22.5},"faces":{"north":{"uv":[2.3125,0.5625,2.125,0.25],"texture":"#0"},"east":{"uv":[2.125,0.5625,1.875,0.25],"texture":"#0"},"south":{"uv":[2.3125,0.5625,2.125,0.25],"texture":"#0"},"west":{"uv":[2.125,0.5625,1.875,0.25],"texture":"#0"},"up":{"uv":[2.0625,0.0,2.25,0.25],"texture":"#0"},"down":{"uv":[2.0625,0.0,2.25,0.25],"texture":"#0"}}},{"from":[7.0,25.5,6.2],"to":[9.1,27.5,8.3],"rotation":{"origin":[8.0,27.5,7.3],"axis":"y","angle":45.0},"faces":{"north":{"uv":[1.5625,0.5625,1.3125,0.3125],"texture":"#0"},"east":{"uv":[1.3125,0.5625,1.5625,0.3125],"texture":"#0"},"south":{"uv":[1.5625,0.5625,1.3125,0.3125],"texture":"#0"},"west":{"uv":[2.0625,0.25,1.8125,0.0],"texture":"#0"},"up":{"uv":[1.3125,0.5625,1.5625,0.8125],"texture":"#0"},"down":{"uv":[1.3125,0.5625,1.5625,0.8125],"texture":"#0"}}},{"from":[6.5,25.45,7.25],"to":[9.5,27.55,8.75],"rotation":{"origin":[0.0,33.5,-9.0],"axis":"y","angle":0.0},"faces":{"north":{"uv":[0.9375,1.375,1.3125,1.125],"texture":"#0"},"east":{"uv":[0.9375,1.375,0.75,1.125],"texture":"#0"},"south":{"uv":[0.9375,1.375,1.3125,1.125],"texture":"#0"},"west":{"uv":[0.75,1.375,0.9375,1.125],"texture":"#0"},"up":{"uv":[0.875,1.125,1.25,0.9375],"texture":"#0"},"down":{"uv":[0.875,1.125,1.25,0.9375],"texture":"#0"}}},{"from":[7.0,25.5,7.7],"to":[9.1,27.5,9.8],"rotation":{"origin":[8.0,27.5,8.7],"axis":"y","angle":-45.0},"faces":{"north":{"uv":[1.3125,0.5625,1.5625,0.3125],"texture":"#0"},"east":{"uv":[1.5625,0.5625,1.3125,0.3125],"texture":"#0"},"south":{"uv":[1.3125,0.5625,1.5625,0.3125],"texture":"#0"},"west":{"uv":[1.8125,0.25,2.0625,0.0],"texture":"#0"},"up":{"uv":[1.3125,0.8125,1.5625,0.5625],"texture":"#0"},"down":{"uv":[1.3125,0.8125,1.5625,0.5625],"texture":"#0"}}},{"from":[7.25,26.0,8.0],"to":[8.75,28.5,10.0],"rotation":{"origin":[8.0,25.0,9.5],"axis":"x","angle":22.5},"faces":{"north":{"uv":[2.125,0.25,2.3125,0.5625],"texture":"#0"},"east":{"uv":[1.875,0.25,2.125,0.5625],"texture":"#0"},"south":{"uv":[2.125,0.25,2.3125,0.5625],"texture":"#0"},"west":{"uv":[1.875,0.25,2.125,0.5625],"texture":"#0"},"up":{"uv":[2.0625,0.0,2.25,0.25],"texture":"#0"},"down":{"uv":[2.0625,0.0,2.25,0.25],"texture":"#0"}}},{"from":[7.25,26.0,6.0],"to":[8.75,28.5,8.0],"rotation":{"origin":[8.0,25.0,6.5],"axis":"x","angle":-22.5},"faces":{"north":{"uv":[2.3125,0.25,2.125,0.5625],"texture":"#0"},"east":{"uv":[2.125,0.25,1.875,0.5625],"texture":"#0"},"south":{"uv":[2.3125,0.25,2.125,0.5625],"texture":"#0"},"west":{"uv":[2.125,0.25,1.875,0.5625],"texture":"#0"},"up":{"uv":[2.0625,0.25,2.25,0.0],"texture":"#0"},"down":{"uv":[2.0625,0.25,2.25,0.0],"texture":"#0"}}},{"from":[7.0,27.4,7.0],"to":[9.0,29.4,9.0],"rotation":{"origin":[8.0,28.4,8.0],"axis":"y","angle":-45.0},"faces":{"north":{"uv":[1.3125,1.0625,1.5625,0.8125],"texture":"#0"},"east":{"uv":[1.3125,1.0625,1.5625,0.8125],"texture":"#0"},"south":{"uv":[1.3125,1.0625,1.5625,0.8125],"texture":"#0"},"west":{"uv":[1.3125,1.0625,1.5625,0.8125],"texture":"#0"},"up":{"uv":[1.3125,1.3125,1.5625,1.0625],"texture":"#0"},"down":{"uv":[1.3125,1.3125,1.5625,1.0625],"texture":"#0"}}},{"from":[5.0,-0.4,8.5],"to":[11.0,1.6,10.5],"rotation":{"origin":[8.0,-0.9,8.0],"axis":"x","angle":-45.0},"faces":{"north":{"uv":[2.3125,1.125,1.5625,1.375],"texture":"#0"},"east":{"uv":[1.3125,1.3125,1.5625,1.5625],"texture":"#0"},"south":{"uv":[2.3125,1.125,1.5625,1.375],"texture":"#0"},"west":{"uv":[1.5625,1.3125,1.3125,1.5625],"texture":"#0"},"up":{"uv":[2.3125,1.125,1.5625,1.375],"texture":"#0"},"down":{"uv":[2.3125,1.125,1.5625,1.375],"texture":"#0"}}},{"from":[5.75,-1.0,9.0],"to":[10.25,2.0,12.0],"rotation":{"origin":[8.0,-2.0,8.0],"axis":"x","angle":-45.0},"faces":{"north":{"uv":[1.1875,2.375,0.8125,2.9375],"texture":"#0","rotation":90},"east":{"uv":[0.8125,2.0,1.1875,2.375],"texture":"#0","rotation":90},"south":{"uv":[1.1875,2.375,0.8125,2.9375],"texture":"#0","rotation":90},"west":{"uv":[0.8125,2.375,1.1875,2.0],"texture":"#0","rotation":90},"up":{"uv":[0.8125,2.375,1.1875,2.9375],"texture":"#0","rotation":90},"down":{"uv":[0.8125,2.375,1.1875,2.9375],"texture":"#0","rotation":90}}},{"from":[6.15,23.45,6.0],"to":[9.85,26.05,10.0],"rotation":{"origin":[0.0,17.5,-9.5],"axis":"y","angle":0.0},"faces":{"north":{"uv":[1.0625,0.0,1.525,0.325],"texture":"#0"},"east":{"uv":[1.0625,0.0,0.5625,0.3125],"texture":"#0"},"south":{"uv":[1.0625,0.0,1.525,0.325],"texture":"#0"},"west":{"uv":[0.5625,0.0,1.0625,0.3125],"texture":"#0"},"up":{"uv":[0.5625,0.3125,1.0,0.8125],"texture":"#0"},"down":{"uv":[1.5625,0.625,2.025,1.125],"texture":"#0"}}},{"from":[6.75,23.5,4.7],"to":[9.35,26.0,7.3],"rotation":{"origin":[8.0,28.0,6.05],"axis":"y","angle":45.0},"faces":{"north":{"uv":[1.3125,0.625,1.0,0.9375],"texture":"#0"},"east":{"uv":[1.0,0.625,1.3125,0.9375],"texture":"#0"},"south":{"uv":[1.3125,0.625,1.0,0.9375],"texture":"#0"},"west":{"uv":[1.25,0.3125,0.9375,0.625],"texture":"#0"},"up":{"uv":[1.5,0.3125,1.8125,0.0],"texture":"#0"},"down":{"uv":[1.5625,0.625,1.875,0.3125],"texture":"#0"}}},{"from":[5.0,23.6,8.5],"to":[11.0,25.6,10.5],"rotation":{"origin":[8.0,23.1,8.0],"axis":"x","angle":-45.0},"faces":{"north":{"uv":[2.3125,1.125,1.5625,1.375],"texture":"#0"},"east":{"uv":[1.3125,1.3125,1.5625,1.5625],"texture":"#0"},"south":{"uv":[2.3125,1.125,1.5625,1.375],"texture":"#0"},"west":{"uv":[1.5625,1.3125,1.3125,1.5625],"texture":"#0"},"up":{"uv":[2.3125,1.125,1.5625,1.375],"texture":"#0"},"down":{"uv":[2.3125,1.125,1.5625,1.375],"texture":"#0"}}},{"from":[5.75,23.0,9.0],"to":[10.25,26.0,12.0],"rotation":{"origin":[8.0,22.0,8.0],"axis":"x","angle":-45.0},"faces":{"north":{"uv":[1.1875,2.375,0.8125,2.9375],"texture":"#0","rotation":90},"east":{"uv":[0.8125,2.0,1.1875,2.375],"texture":"#0","rotation":90},"south":{"uv":[1.1875,2.375,0.8125,2.9375],"texture":"#0","rotation":90},"west":{"uv":[0.8125,2.375,1.1875,2.0],"texture":"#0","rotation":90},"up":{"uv":[0.8125,2.375,1.1875,2.9375],"texture":"#0","rotation":90},"down":{"uv":[0.8125,2.375,1.1875,2.9375],"texture":"#0","rotation":90}}},{"from":[6.75,23.5,8.7],"to":[9.35,26.0,11.3],"rotation":{"origin":[8.0,28.0,9.95],"axis":"y","angle":-45.0},"faces":{"north":{"uv":[1.0,0.625,1.3125,0.9375],"texture":"#0"},"east":{"uv":[1.3125,0.625,1.0,0.9375],"texture":"#0"},"south":{"uv":[1.0,0.625,1.3125,0.9375],"texture":"#0"},"west":{"uv":[1.0,0.3125,1.3125,0.625],"texture":"#0"},"up":{"uv":[1.5,0.0,1.8125,0.3125],"texture":"#0"},"down":{"uv":[1.5625,0.3125,1.875,0.625],"texture":"#0"}}},{"from":[7.3,0.8,8.5],"to":[7.3,4.8,12.5],"rotation":{"origin":[0.0,1.0,16.0],"axis":"y","angle":0.0},"faces":{"north":{"uv":[0.0,0.0,0.0,0.5],"texture":"#0"},"east":{"uv":[1.625,1.4375,2.125,1.9375],"texture":"#0"},"south":{"uv":[0.0,0.0,0.0,0.5],"texture":"#missing"},"west":{"uv":[2.125,1.4375,1.625,1.9375],"texture":"#0"},"up":{"uv":[0.0,0.5,0.0,0.0],"texture":"#missing"},"down":{"uv":[0.0,0.5,0.0,0.0],"texture":"#missing"}}},{"from":[7.3,0.8,3.5],"to":[7.3,4.8,7.5],"rotation":{"origin":[0.0,1.0,0.0],"axis":"y","angle":0.0},"faces":{"north":{"uv":[0.0,0.0,0.0,0.5],"texture":"#missing"},"east":{"uv":[2.125,1.4375,1.625,1.9375],"texture":"#0"},"south":{"uv":[0.0,0.0,0.0,0.5],"texture":"#0"},"west":{"uv":[1.625,1.4375,2.125,1.9375],"texture":"#0"},"up":{"uv":[0.0,0.0,0.0,0.5],"texture":"#missing"},"down":{"uv":[0.0,0.0,0.0,0.5],"texture":"#missing"}}},{"from":[8.7,0.8,3.5],"to":[8.7,4.8,7.5],"rotation":{"origin":[16.0,1.0,0.0],"axis":"y","angle":0.0},"faces":{"north":{"uv":[0.0,0.0,0.0,0.5],"texture":"#missing"},"east":{"uv":[2.125,1.4375,1.625,1.9375],"texture":"#0"},"south":{"uv":[0.0,0.0,0.0,0.5],"texture":"#0"},"west":{"uv":[1.625,1.4375,2.125,1.9375],"texture":"#0"},"up":{"uv":[0.0,0.0,0.0,0.5],"texture":"#missing"},"down":{"uv":[0.0,0.0,0.0,0.5],"texture":"#missing"}}},{"from":[8.7,0.8,8.5],"to":[8.7,4.8,12.5],"rotation":{"origin":[16.0,1.0,16.0],"axis":"y","angle":0.0},"faces":{"north":{"uv":[0.0,0.0,0.0,0.5],"texture":"#0"},"east":{"uv":[1.625,1.4375,2.125,1.9375],"texture":"#0"},"south":{"uv":[0.0,0.0,0.0,0.5],"texture":"#missing"},"west":{"uv":[2.125,1.4375,1.625,1.9375],"texture":"#0"},"up":{"uv":[0.0,0.5,0.0,0.0],"texture":"#missing"},"down":{"uv":[0.0,0.5,0.0,0.0],"texture":"#missing"}}},{"from":[6.75,-2.9,4.0],"to":[9.25,1.6,14.0],"rotation":{"origin":[8.0,9.86583,18.094],"axis":"y","angle":0.0},"faces":{"north":{"uv":[6.25,0.0,6.5625,0.5625],"texture":"#0"},"east":{"uv":[5.875,0.0,4.625,0.5625],"texture":"#0"},"south":{"uv":[6.25,0.0,6.5625,0.5625],"texture":"#0"},"west":{"uv":[4.625,0.0,5.875,0.5625],"texture":"#0"},"up":{"uv":[2.375,2.8125,2.6875,1.5625],"texture":"#0"},"down":{"uv":[2.375,2.8125,2.6875,1.5625],"texture":"#0"}}},{"from":[7.0,1.0,7.0],"to":[9.0,25.0,9.0],"rotation":{"origin":[8.0,5.0,8.0],"axis":"y","angle":-45.0},"faces":{"north":{"uv":[0.0,3.0,0.25,6.0],"texture":"#0"},"east":{"uv":[0.0,3.0,0.25,6.0],"texture":"#0"},"south":{"uv":[0.0,3.0,0.25,6.0],"texture":"#0"},"west":{"uv":[0.0,3.0,0.25,6.0],"texture":"#0"},"up":{"uv":[0.0,3.0,0.25,3.25],"texture":"#0"},"down":{"uv":[0.0,3.0,0.25,3.25],"texture":"#0"}}},{"from":[6.9,1.5,9.1],"to":[9.1,25.0,9.1],"rotation":{"origin":[8.0,6.5,8.0],"axis":"y","angle":45.0},"faces":{"north":{"uv":[0.25,3.0,0.5,5.9375],"texture":"#0"},"east":{"uv":[0.8125,1.4375,0.5625,2.6875],"texture":"#0"},"south":{"uv":[0.5,3.0,0.25,5.9375],"texture":"#0"},"west":{"uv":[0.8125,1.4375,0.5625,2.6875],"texture":"#0"},"up":{"uv":[0.8125,1.4375,0.5625,1.6875],"texture":"#0"},"down":{"uv":[0.8125,1.4375,0.5625,1.6875],"texture":"#0"}}},{"from":[6.9,1.5,9.1],"to":[9.1,25.0,9.1],"rotation":{"origin":[8.0,6.5,8.0],"axis":"y","angle":-45.0},"faces":{"north":{"uv":[0.5,3.0,0.25,5.9375],"texture":"#0"},"east":{"uv":[0.5625,1.4375,0.8125,2.6875],"texture":"#0"},"south":{"uv":[0.25,3.0,0.5,5.9375],"texture":"#0"},"west":{"uv":[0.5625,1.4375,0.8125,2.6875],"texture":"#0"},"up":{"uv":[0.5625,1.4375,0.8125,1.6875],"texture":"#0"},"down":{"uv":[0.5625,1.4375,0.8125,1.6875],"texture":"#0"}}},{"from":[6.9,1.5,6.9],"to":[9.1,25.0,6.9],"rotation":{"origin":[8.0,6.5,8.0],"axis":"y","angle":-45.0},"faces":{"north":{"uv":[0.25,3.0,0.5,5.9375],"texture":"#0"},"east":{"uv":[0.5625,1.4375,0.8125,2.6875],"texture":"#0"},"south":{"uv":[0.5,3.0,0.25,5.9375],"texture":"#0"},"west":{"uv":[0.5625,1.4375,0.8125,2.6875],"texture":"#0"},"up":{"uv":[0.8125,1.6875,0.5625,1.4375],"texture":"#0"},"down":{"uv":[0.8125,1.6875,0.5625,1.4375],"texture":"#0"}}},{"from":[6.9,1.5,6.9],"to":[9.1,25.0,6.9],"rotation":{"origin":[8.0,6.5,8.0],"axis":"y","angle":45.0},"faces":{"north":{"uv":[0.5,3.0,0.25,5.9375],"texture":"#0"},"east":{"uv":[0.8125,1.4375,0.5625,2.6875],"texture":"#0"},"south":{"uv":[0.25,3.0,0.5,5.9375],"texture":"#0"},"west":{"uv":[0.8125,1.4375,0.5625,2.6875],"texture":"#0"},"up":{"uv":[0.5625,1.6875,0.8125,1.4375],"texture":"#0"},"down":{"uv":[0.5625,1.6875,0.8125,1.4375],"texture":"#0"}}},{"from":[7.75,1.0,10.5],"to":[8.25,25.5,11.0],"rotation":{"origin":[8.0,22.25,15.75],"axis":"y","angle":0.0},"faces":{"north":{"uv":[0.0,6.0,0.0625,9.0625],"texture":"#0"},"east":{"uv":[0.0,6.0,0.0625,9.0625],"texture":"#0"},"south":{"uv":[0.0,6.0,0.0625,9.0625],"texture":"#0"},"west":{"uv":[0.0,6.0,0.0625,9.0625],"texture":"#0"},"up":{"uv":[0.0,6.0,0.0625,6.0625],"texture":"#0"},"down":{"uv":[0.0,6.0,0.0625,6.0625],"texture":"#0"}}},{"from":[7.6,-1.0,9.5],"to":[7.6,6.0,15.5],"rotation":{"origin":[7.9,18.1,10.7],"axis":"y","angle":0.0},"faces":{"north":{"uv":[0.0,0.0,0.0,0.5],"texture":"#0"},"east":{"uv":[1.625,1.9375,2.375,2.8125],"texture":"#0"},"south":{"uv":[0.0,0.0,0.0,0.5],"texture":"#missing"},"west":{"uv":[2.375,1.9375,1.625,2.8125],"texture":"#0"},"up":{"uv":[0.0,0.5,0.0,0.0],"texture":"#missing"},"down":{"uv":[0.0,0.5,0.0,0.0],"texture":"#missing"}}},{"from":[8.4,-1.0,9.5],"to":[8.4,6.0,15.5],"rotation":{"origin":[8.1,18.1,10.7],"axis":"y","angle":0.0},"faces":{"north":{"uv":[0.0,0.0,0.0,0.5],"texture":"#0"},"east":{"uv":[1.625,1.9375,2.375,2.8125],"texture":"#0"},"south":{"uv":[0.0,0.0,0.0,0.5],"texture":"#missing"},"west":{"uv":[2.375,1.9375,1.625,2.8125],"texture":"#0"},"up":{"uv":[0.0,0.5,0.0,0.0],"texture":"#missing"},"down":{"uv":[0.0,0.5,0.0,0.0],"texture":"#missing"}}},{"from":[7.0,7.0,8.5],"to":[9.0,7.0,12.0],"faces":{"north":{"uv":[0.0,0.0,0.25,0.0],"texture":"#missing"},"east":{"uv":[0.0,0.0,0.5,0.0],"texture":"#missing"},"south":{"uv":[0.0,0.0,0.25,0.0],"texture":"#missing"},"west":{"uv":[0.0,0.0,0.5,0.0],"texture":"#missing"},"up":{"uv":[2.8125,2.875,3.0625,3.3125],"texture":"#0"},"down":{"uv":[2.8125,3.3125,3.0625,2.875],"texture":"#0"}}},{"from":[7.0,13.0,8.5],"to":[9.0,13.0,12.0],"faces":{"north":{"uv":[0.0,0.0,0.25,0.0],"texture":"#missing"},"east":{"uv":[0.0,0.0,0.5,0.0],"texture":"#missing"},"south":{"uv":[0.0,0.0,0.25,0.0],"texture":"#missing"},"west":{"uv":[0.0,0.0,0.5,0.0],"texture":"#missing"},"up":{"uv":[2.8125,2.875,3.0625,3.3125],"texture":"#0"},"down":{"uv":[2.8125,3.3125,3.0625,2.875],"texture":"#0"}}},{"from":[7.0,23.0,8.5],"to":[9.0,23.0,12.0],"faces":{"north":{"uv":[0.0,0.0,0.25,0.0],"texture":"#missing"},"east":{"uv":[0.0,0.0,0.5,0.0],"texture":"#missing"},"south":{"uv":[0.0,0.0,0.25,0.0],"texture":"#missing"},"west":{"uv":[0.0,0.0,0.5,0.0],"texture":"#missing"},"up":{"uv":[2.8125,2.875,3.0625,3.3125],"texture":"#0"},"down":{"uv":[2.8125,3.3125,3.0625,2.875],"texture":"#0"}}},{"from":[6.4,-0.5,6.25],"to":[6.4,23.5,9.75],"rotation":{"origin":[0.0,-3.5,-0.5],"axis":"y","angle":0.0},"faces":{"north":{"uv":[0.0,0.0,0.0,12.0],"texture":"#1"},"east":{"uv":[1.75,0.0,0.0,12.0],"texture":"#1"},"south":{"uv":[0.0,0.0,0.0,12.0],"texture":"#1"},"west":{"uv":[0.0,0.0,1.75,12.0],"texture":"#1"},"up":{"uv":[0.0,1.75,0.0,0.0],"texture":"#1"},"down":{"uv":[0.0,0.0,0.0,1.75],"texture":"#1"}}},{"from":[9.6,-0.5,6.25],"to":[9.6,23.5,9.75],"rotation":{"origin":[16.0,-3.5,-0.5],"axis":"y","angle":0.0},"faces":{"north":{"uv":[0.0,0.0,0.0,12.0],"texture":"#1"},"east":{"uv":[1.75,0.0,0.0,12.0],"texture":"#1"},"south":{"uv":[0.0,0.0,0.0,12.0],"texture":"#1"},"west":{"uv":[0.0,0.0,1.75,12.0],"texture":"#1"},"up":{"uv":[0.0,1.75,0.0,0.0],"texture":"#1"},"down":{"uv":[0.0,0.0,0.0,1.75],"texture":"#1"}}},{"from":[7.0,4.0,9.0],"to":[7.0,12.0,17.0],"rotation":{"origin":[0.0,1.0,0.0],"axis":"y","angle":0.0},"faces":{"north":{"uv":[0.0,0.0,0.0,16.0],"texture":"#3"},"east":{"uv":[0.0,0.0,16.0,16.0],"texture":"#3"},"south":{"uv":[0.0,0.0,0.0,16.0],"texture":"#3"},"west":{"uv":[0.0,0.0,16.0,16.0],"texture":"#3"},"up":{"uv":[0.0,16.0,0.0,0.0],"texture":"#3"},"down":{"uv":[0.0,0.0,0.0,16.0],"texture":"#3"}}},{"from":[9.0,17.0,10.0],"to":[9.0,27.0,20.0],"rotation":{"origin":[16.0,1.0,0.0],"axis":"y","angle":0.0},"faces":{"north":{"uv":[0.5,1.0,0.5,11.0],"texture":"#2"},"east":{"uv":[10.5,1.0,0.5,11.0],"texture":"#2"},"south":{"uv":[0.5,1.0,0.5,11.0],"texture":"#2"},"west":{"uv":[10.5,1.0,0.5,11.0],"texture":"#2"},"up":{"uv":[0.5,11.0,0.5,1.0],"texture":"#2"},"down":{"uv":[0.5,1.0,0.5,11.0],"texture":"#2"}}},{"from":[7.0,6.0,-5.0],"to":[7.0,16.0,5.0],"rotation":{"origin":[0.0,1.0,0.0],"axis":"y","angle":0.0},"faces":{"north":{"uv":[0.0,0.0,0.0,12.0],"texture":"#2"},"east":{"uv":[0.5,1.0,10.5,11.0],"texture":"#2"},"south":{"uv":[0.0,0.0,0.0,12.0],"texture":"#2"},"west":{"uv":[0.5,1.0,10.5,11.0],"texture":"#2"},"up":{"uv":[0.0,12.0,0.0,0.0],"texture":"#2"},"down":{"uv":[0.0,0.0,0.0,12.0],"texture":"#2"}}}],"textures":{"particle":"elitecreatures:cddaaa98-c2df-45f1-a44e-031ad6061e50","0":"elitecreatures:cddaaa98-c2df-45f1-a44e-031ad6061e50","1":"elitecreatures:2fb54574-4e1c-4015-952f-b4edc50a7268","2":"elitecreatures:ae615ef4-5c5b-4d5f-a1d3-0bdb1c503dc7","3":"elitecreatures:d08bb099-a3c1-48ab-ab09-65de579101c5","4":"elitecreatures:9dc63c5a-f9ce-4a27-9645-bf1a273d9eb4"},"gui_light":"front"}