{"display":{"thirdperson_righthand":{"rotation":[68.0,66.0,0.0],"translation":[4.25,2.0,4.5],"scale":[0.76172,0.76172,0.76172]},"thirdperson_lefthand":{"rotation":[68.0,0.0,0.0],"translation":[-6.0,-11.0,5.75]},"firstperson_righthand":{"rotation":[-10.0,0.0,0.0],"translation":[1.25,7.5,0.0],"scale":[0.87539,0.87539,0.87539]},"firstperson_lefthand":{"rotation":[-10.0,0.0,0.0],"translation":[1.25,5.5,0.0],"scale":[0.0,0.0,0.0]},"ground":{"rotation":[-56.0,0.0,0.0],"translation":[0.0,5.0,-2.5],"scale":[0.76211,0.76211,0.76211]},"gui":{"rotation":[15.0,49.0,0.0],"translation":[1.75,2.5,-1.5],"scale":[1.02148,1.02148,1.02148]},"head":{"translation":[0.0,-52.5,12.25],"scale":[3.2,3.2,3.2]},"fixed":{"rotation":[0.0,90.0,0.0],"translation":[2.5,6.25,-2.75],"scale":[1.45117,1.45117,1.45117]}},"elements":[{"from":[7.375,-15.10671,6.74653],"to":[8.625,-13.60671,9.24653],"rotation":{"origin":[7.75,-13.995,7.21051],"axis":"x","angle":22.5},"faces":{"north":{"uv":[5.9375,7.0,5.625,6.625],"texture":"#0","rotation":180},"east":{"uv":[5.3125,6.625,5.9375,6.25],"texture":"#0","rotation":180},"south":{"uv":[5.9375,7.0,5.625,6.625],"texture":"#0","rotation":180},"west":{"uv":[5.9375,6.625,5.3125,6.25],"texture":"#0","rotation":180},"up":{"uv":[5.3125,6.625,5.625,7.25],"texture":"#0","rotation":180},"down":{"uv":[5.6875,7.0,6.0,7.625],"texture":"#0","rotation":180}}},{"from":[7.125,-15.52111,4.54603],"to":[8.875,-13.27111,7.54603],"rotation":{"origin":[7.75,-13.695,7.51051],"axis":"x","angle":45.0},"faces":{"north":{"uv":[5.25,7.8125,4.8125,7.25],"texture":"#0"},"east":{"uv":[4.25,7.125,5.0,6.5625],"texture":"#0"},"south":{"uv":[5.25,7.8125,4.8125,7.25],"texture":"#0"},"west":{"uv":[5.0,7.125,4.25,6.5625],"texture":"#0"},"up":{"uv":[4.375,7.125,4.8125,7.875],"texture":"#0"},"down":{"uv":[5.25,7.25,5.6875,8.0],"texture":"#0"}}},{"from":[6.875,-15.72111,3.54603],"to":[9.125,-12.97111,4.79603],"rotation":{"origin":[7.75,-13.695,7.51051],"axis":"x","angle":45.0},"faces":{"north":{"uv":[9.0625,5.5625,8.5,4.875],"texture":"#0"},"east":{"uv":[8.1875,6.0,8.5,5.3125],"texture":"#0"},"south":{"uv":[9.0625,5.5625,8.5,4.875],"texture":"#0"},"west":{"uv":[8.5,6.0,8.1875,5.3125],"texture":"#0"},"up":{"uv":[8.1875,6.0,8.75,6.3125],"texture":"#0"},"down":{"uv":[8.1875,6.0,8.75,6.3125],"texture":"#0"}}},{"from":[7.625,-15.48834,8.74538],"to":[8.375,-14.58834,10.24538],"rotation":{"origin":[7.75,-13.995,7.21051],"axis":"y","angle":0.0},"faces":{"north":{"uv":[6.3125,6.725,6.125,6.5],"texture":"#0","rotation":180},"east":{"uv":[6.6875,6.35,6.3125,6.125],"texture":"#0","rotation":180},"south":{"uv":[6.3125,6.725,6.125,6.5],"texture":"#0","rotation":180},"west":{"uv":[6.3125,6.35,6.6875,6.125],"texture":"#0","rotation":180},"up":{"uv":[5.9375,6.5,6.125,6.875],"texture":"#0","rotation":180},"down":{"uv":[6.0,6.875,6.1875,7.25],"texture":"#0","rotation":180}}},{"from":[7.75,-12.22111,6.04603],"to":[8.25,-11.47111,6.79603],"rotation":{"origin":[4.0,-14.72111,3.54603],"axis":"y","angle":0.0},"faces":{"north":{"uv":[7.6875,5.3125,7.8125,5.5],"texture":"#0"},"east":{"uv":[7.5625,5.3125,7.375,5.5],"texture":"#0"},"south":{"uv":[7.6875,5.3125,7.8125,5.5],"texture":"#0"},"west":{"uv":[7.375,5.3125,7.5625,5.5],"texture":"#0"},"up":{"uv":[7.5625,5.3125,7.6875,5.5],"texture":"#0"},"down":{"uv":[7.5625,5.3125,7.6875,5.5],"texture":"#0"}}},{"from":[7.75,-13.27111,7.09603],"to":[8.25,-12.52111,7.84603],"rotation":{"origin":[4.0,-14.72111,3.54603],"axis":"y","angle":0.0},"faces":{"north":{"uv":[7.6875,5.3125,7.8125,5.5],"texture":"#0"},"east":{"uv":[7.5625,5.3125,7.375,5.5],"texture":"#0"},"south":{"uv":[7.6875,5.3125,7.8125,5.5],"texture":"#0"},"west":{"uv":[7.375,5.3125,7.5625,5.5],"texture":"#0"},"up":{"uv":[7.5625,5.3125,7.6875,5.5],"texture":"#0"},"down":{"uv":[7.5625,5.3125,7.6875,5.5],"texture":"#0"}}},{"from":[7.75,-14.42111,8.24603],"to":[8.25,-13.67111,8.99603],"rotation":{"origin":[8.0,-14.04611,8.62103],"axis":"x","angle":-22.5},"faces":{"north":{"uv":[7.6875,5.3125,7.8125,5.5],"texture":"#0"},"east":{"uv":[7.5625,5.3125,7.375,5.5],"texture":"#0"},"south":{"uv":[7.6875,5.3125,7.8125,5.5],"texture":"#0"},"west":{"uv":[7.375,5.3125,7.5625,5.5],"texture":"#0"},"up":{"uv":[7.5625,5.3125,7.6875,5.5],"texture":"#0"},"down":{"uv":[7.5625,5.3125,7.6875,5.5],"texture":"#0"}}},{"from":[5.5,-10.97111,5.54603],"to":[8.0,-8.72111,5.54603],"rotation":{"origin":[-4.0,-14.72111,3.54603],"axis":"y","angle":0.0},"faces":{"north":{"uv":[2.25,1.9375,1.625,2.5],"texture":"#0"},"east":{"uv":[0.0,0.0,0.0,0.875],"texture":"#0"},"south":{"uv":[1.625,1.9375,2.25,2.5],"texture":"#0"},"west":{"uv":[0.0,0.0,0.0,0.875],"texture":"#missing"},"up":{"uv":[0.0,0.625,0.0,0.0],"texture":"#missing","rotation":90},"down":{"uv":[0.0,0.625,0.0,0.0],"texture":"#missing","rotation":270}}},{"from":[8.0,-10.97111,5.54603],"to":[10.5,-8.72111,5.54603],"rotation":{"origin":[4.0,-14.72111,3.54603],"axis":"y","angle":0.0},"faces":{"north":{"uv":[1.625,1.9375,2.25,2.5],"texture":"#0"},"east":{"uv":[0.0,0.0,0.0,0.875],"texture":"#missing"},"south":{"uv":[2.25,1.9375,1.625,2.5],"texture":"#0"},"west":{"uv":[0.0,0.0,0.0,0.875],"texture":"#0"},"up":{"uv":[0.0,0.0,0.0,0.625],"texture":"#missing","rotation":90},"down":{"uv":[0.0,0.0,0.0,0.625],"texture":"#missing","rotation":270}}}],"textures":{"particle":"elitecreatures:cddaaa98-c2df-45f1-a44e-031ad6061e50","0":"elitecreatures:cddaaa98-c2df-45f1-a44e-031ad6061e50"},"gui_light":"front"}