{"display":{"thirdperson_righthand":{"rotation":[0.0,-1.0,0.0],"translation":[-1.5,-1.5,2.25],"scale":[0.55,0.55,0.55]},"thirdperson_lefthand":{"rotation":[0.0,-1.0,0.0],"translation":[-1.5,-1.5,2.25],"scale":[0.55,0.55,0.55]},"firstperson_righthand":{"rotation":[21.0,38.0,3.0],"translation":[1.5,6.5,-3.0],"scale":[0.54883,0.54883,0.54883]},"firstperson_lefthand":{"rotation":[21.0,38.0,3.0],"translation":[1.5,6.5,-3.0],"scale":[0.54883,0.54883,0.54883]},"ground":{"rotation":[94.0,85.0,0.0],"translation":[0.0,0.0,1.5],"scale":[0.5,0.5,0.5]},"gui":{"rotation":[-88.0,139.0,90.0],"translation":[-1.5,2.0,0.0],"scale":[0.41539,0.41539,0.41539]},"head":{"rotation":[90.0,180.0,90.0],"translation":[2.25,12.0,0.25],"scale":[0.7,0.7,0.7]},"fixed":{"rotation":[-3.0,90.0,0.0],"translation":[-1.75,0.75,-3.5],"scale":[1.16,1.16,1.16]}},"elements":[{"from":[6.15,13.45,4.5],"to":[9.85,16.05,8.5],"rotation":{"origin":[0.0,7.5,-11.0],"axis":"y","angle":0.0},"faces":{"north":{"uv":[1.0625,0.0,1.525,0.325],"texture":"#0"},"east":{"uv":[1.0625,0.0,0.5625,0.3125],"texture":"#0"},"south":{"uv":[1.0625,0.0,1.525,0.325],"texture":"#0"},"west":{"uv":[0.5625,0.0,1.0625,0.3125],"texture":"#0"},"up":{"uv":[0.5625,0.3125,1.0,0.8125],"texture":"#0"},"down":{"uv":[1.5625,0.625,2.025,1.125],"texture":"#0"}}},{"from":[6.75,13.5,3.2],"to":[9.35,16.0,5.8],"rotation":{"origin":[8.0,18.0,4.55],"axis":"y","angle":45.0},"faces":{"north":{"uv":[1.3125,0.625,1.0,0.9375],"texture":"#0"},"east":{"uv":[1.0,0.625,1.3125,0.9375],"texture":"#0"},"south":{"uv":[1.3125,0.625,1.0,0.9375],"texture":"#0"},"west":{"uv":[1.25,0.3125,0.9375,0.625],"texture":"#0"},"up":{"uv":[1.5,0.3125,1.8125,0.0],"texture":"#0"},"down":{"uv":[1.5625,0.625,1.875,0.3125],"texture":"#0"}}},{"from":[6.75,13.5,7.2],"to":[9.35,16.0,9.8],"rotation":{"origin":[8.0,18.0,8.45],"axis":"y","angle":-45.0},"faces":{"north":{"uv":[1.0,0.625,1.3125,0.9375],"texture":"#0"},"east":{"uv":[1.3125,0.625,1.0,0.9375],"texture":"#0"},"south":{"uv":[1.0,0.625,1.3125,0.9375],"texture":"#0"},"west":{"uv":[1.0,0.3125,1.3125,0.625],"texture":"#0"},"up":{"uv":[1.5,0.0,1.8125,0.3125],"texture":"#0"},"down":{"uv":[1.5625,0.3125,1.875,0.625],"texture":"#0"}}},{"from":[6.5,-1.75,4.45],"to":[9.5,-0.25,6.55],"rotation":{"origin":[0.0,16.0,-1.5],"axis":"y","angle":0.0},"faces":{"north":{"uv":[0.875,0.9375,1.25,1.125],"texture":"#0","rotation":180},"east":{"uv":[0.9375,1.125,0.75,1.375],"texture":"#0","rotation":270},"south":{"uv":[0.875,0.9375,1.25,1.125],"texture":"#0"},"west":{"uv":[0.75,1.125,0.9375,1.375],"texture":"#0","rotation":90},"up":{"uv":[0.9375,1.125,1.3125,1.375],"texture":"#0","rotation":180},"down":{"uv":[0.9375,1.125,1.3125,1.375],"texture":"#0"}}},{"from":[7.0,-1.3,4.5],"to":[9.1,0.8,6.5],"rotation":{"origin":[8.0,-0.3,4.5],"axis":"z","angle":45.0},"faces":{"north":{"uv":[1.3125,0.8125,1.5625,0.5625],"texture":"#0","rotation":180},"east":{"uv":[1.3125,0.3125,1.5625,0.5625],"texture":"#0","rotation":270},"south":{"uv":[1.3125,0.8125,1.5625,0.5625],"texture":"#0"},"west":{"uv":[2.0625,0.0,1.8125,0.25],"texture":"#0","rotation":90},"up":{"uv":[1.5625,0.3125,1.3125,0.5625],"texture":"#0","rotation":180},"down":{"uv":[1.5625,0.3125,1.3125,0.5625],"texture":"#0"}}},{"from":[7.0,-2.8,4.5],"to":[9.1,-0.7,6.5],"rotation":{"origin":[8.0,-1.7,4.5],"axis":"z","angle":-45.0},"faces":{"north":{"uv":[1.3125,0.5625,1.5625,0.8125],"texture":"#0","rotation":180},"east":{"uv":[1.5625,0.3125,1.3125,0.5625],"texture":"#0","rotation":270},"south":{"uv":[1.3125,0.5625,1.5625,0.8125],"texture":"#0"},"west":{"uv":[1.8125,0.0,2.0625,0.25],"texture":"#0","rotation":90},"up":{"uv":[1.3125,0.3125,1.5625,0.5625],"texture":"#0","rotation":180},"down":{"uv":[1.3125,0.3125,1.5625,0.5625],"texture":"#0"}}},{"from":[6.75,11.5,5.25],"to":[9.25,14.0,7.75],"rotation":{"origin":[8.0,16.75,6.5],"axis":"y","angle":-45.0},"faces":{"north":{"uv":[0.8125,1.375,1.125,1.6875],"texture":"#0"},"east":{"uv":[0.8125,1.375,1.125,1.6875],"texture":"#0"},"south":{"uv":[0.8125,1.375,1.125,1.6875],"texture":"#0"},"west":{"uv":[0.8125,1.375,1.125,1.6875],"texture":"#0"},"up":{"uv":[0.8125,1.6875,1.125,2.0],"texture":"#0"},"down":{"uv":[0.8125,1.6875,1.125,2.0],"texture":"#0"}}},{"from":[6.75,2.0,5.25],"to":[9.25,4.5,7.75],"rotation":{"origin":[8.0,5.25,6.5],"axis":"y","angle":-45.0},"faces":{"north":{"uv":[0.8125,1.6875,1.125,1.375],"texture":"#0"},"east":{"uv":[0.8125,1.6875,1.125,1.375],"texture":"#0"},"south":{"uv":[0.8125,1.6875,1.125,1.375],"texture":"#0"},"west":{"uv":[0.8125,1.6875,1.125,1.375],"texture":"#0"},"up":{"uv":[0.8125,2.0,1.125,1.6875],"texture":"#0"},"down":{"uv":[0.8125,2.0,1.125,1.6875],"texture":"#0"}}},{"from":[7.0,-2.0,2.6],"to":[9.0,0.0,4.6],"rotation":{"origin":[8.0,-1.0,3.6],"axis":"z","angle":-45.0},"faces":{"north":{"uv":[1.3125,1.0625,1.5625,1.3125],"texture":"#0","rotation":180},"east":{"uv":[1.3125,0.8125,1.5625,1.0625],"texture":"#0","rotation":270},"south":{"uv":[1.3125,1.0625,1.5625,1.3125],"texture":"#0"},"west":{"uv":[1.3125,0.8125,1.5625,1.0625],"texture":"#0","rotation":90},"up":{"uv":[1.3125,0.8125,1.5625,1.0625],"texture":"#0","rotation":180},"down":{"uv":[1.3125,0.8125,1.5625,1.0625],"texture":"#0"}}},{"from":[7.25,-3.0,3.5],"to":[8.75,-1.0,6.0],"rotation":{"origin":[8.0,-2.5,7.0],"axis":"x","angle":-22.5},"faces":{"north":{"uv":[2.0625,0.25,2.25,0.0],"texture":"#0","rotation":180},"east":{"uv":[1.875,0.5625,2.125,0.25],"texture":"#0","rotation":270},"south":{"uv":[2.0625,0.25,2.25,0.0],"texture":"#0"},"west":{"uv":[1.875,0.5625,2.125,0.25],"texture":"#0","rotation":90},"up":{"uv":[2.125,0.5625,2.3125,0.25],"texture":"#0","rotation":180},"down":{"uv":[2.125,0.5625,2.3125,0.25],"texture":"#0"}}},{"from":[6.5,16.25,4.45],"to":[9.5,17.75,6.55],"rotation":{"origin":[0.0,0.0,-1.5],"axis":"y","angle":0.0},"faces":{"north":{"uv":[0.875,1.125,1.25,0.9375],"texture":"#0","rotation":180},"east":{"uv":[0.75,1.125,0.9375,1.375],"texture":"#0","rotation":270},"south":{"uv":[0.875,1.125,1.25,0.9375],"texture":"#0"},"west":{"uv":[0.9375,1.125,0.75,1.375],"texture":"#0","rotation":90},"up":{"uv":[0.9375,1.375,1.3125,1.125],"texture":"#0"},"down":{"uv":[0.9375,1.375,1.3125,1.125],"texture":"#0","rotation":180}}},{"from":[7.0,16.7,4.5],"to":[9.1,18.8,6.5],"rotation":{"origin":[8.0,17.7,4.5],"axis":"z","angle":45.0},"faces":{"north":{"uv":[1.3125,0.8125,1.5625,0.5625],"texture":"#0","rotation":180},"east":{"uv":[1.3125,0.3125,1.5625,0.5625],"texture":"#0","rotation":270},"south":{"uv":[1.3125,0.8125,1.5625,0.5625],"texture":"#0"},"west":{"uv":[2.0625,0.0,1.8125,0.25],"texture":"#0","rotation":90},"up":{"uv":[1.3125,0.5625,1.5625,0.3125],"texture":"#0"},"down":{"uv":[1.3125,0.5625,1.5625,0.3125],"texture":"#0","rotation":180}}},{"from":[7.0,16.0,2.6],"to":[9.0,18.0,4.6],"rotation":{"origin":[8.0,17.0,3.6],"axis":"z","angle":45.0},"faces":{"north":{"uv":[1.3125,1.3125,1.5625,1.0625],"texture":"#0","rotation":180},"east":{"uv":[1.5625,0.8125,1.3125,1.0625],"texture":"#0","rotation":270},"south":{"uv":[1.3125,1.3125,1.5625,1.0625],"texture":"#0"},"west":{"uv":[1.5625,0.8125,1.3125,1.0625],"texture":"#0","rotation":90},"up":{"uv":[1.3125,1.0625,1.5625,0.8125],"texture":"#0"},"down":{"uv":[1.3125,1.0625,1.5625,0.8125],"texture":"#0","rotation":180}}},{"from":[7.25,17.0,3.5],"to":[8.75,19.0,6.0],"rotation":{"origin":[8.0,18.5,7.0],"axis":"x","angle":22.5},"faces":{"north":{"uv":[2.0625,0.0,2.25,0.25],"texture":"#0","rotation":180},"east":{"uv":[2.125,0.5625,1.875,0.25],"texture":"#0","rotation":270},"south":{"uv":[2.0625,0.0,2.25,0.25],"texture":"#0"},"west":{"uv":[2.125,0.5625,1.875,0.25],"texture":"#0","rotation":90},"up":{"uv":[2.125,0.25,2.3125,0.5625],"texture":"#0"},"down":{"uv":[2.125,0.25,2.3125,0.5625],"texture":"#0","rotation":180}}},{"from":[7.0,15.2,4.5],"to":[9.1,17.3,6.5],"rotation":{"origin":[8.0,16.3,4.5],"axis":"z","angle":-45.0},"faces":{"north":{"uv":[1.3125,0.5625,1.5625,0.8125],"texture":"#0","rotation":180},"east":{"uv":[1.5625,0.3125,1.3125,0.5625],"texture":"#0","rotation":270},"south":{"uv":[1.3125,0.5625,1.5625,0.8125],"texture":"#0"},"west":{"uv":[1.8125,0.0,2.0625,0.25],"texture":"#0","rotation":90},"up":{"uv":[1.5625,0.5625,1.3125,0.3125],"texture":"#0"},"down":{"uv":[1.5625,0.5625,1.3125,0.3125],"texture":"#0","rotation":180}}},{"from":[5.0,14.1,7.0],"to":[11.0,16.1,9.0],"rotation":{"origin":[8.0,13.6,6.5],"axis":"x","angle":-45.0},"faces":{"north":{"uv":[2.3125,1.125,1.5625,1.375],"texture":"#0"},"east":{"uv":[1.3125,1.3125,1.5625,1.5625],"texture":"#0"},"south":{"uv":[2.3125,1.125,1.5625,1.375],"texture":"#0"},"west":{"uv":[1.5625,1.3125,1.3125,1.5625],"texture":"#0"},"up":{"uv":[2.3125,1.125,1.5625,1.375],"texture":"#0"},"down":{"uv":[2.3125,1.125,1.5625,1.375],"texture":"#0"}}},{"from":[5.75,13.5,7.5],"to":[10.25,16.5,10.5],"rotation":{"origin":[8.0,12.5,6.5],"axis":"x","angle":-45.0},"faces":{"north":{"uv":[1.1875,2.375,0.8125,2.9375],"texture":"#0","rotation":90},"east":{"uv":[0.8125,2.0,1.1875,2.375],"texture":"#0","rotation":90},"south":{"uv":[1.1875,2.375,0.8125,2.9375],"texture":"#0","rotation":90},"west":{"uv":[0.8125,2.375,1.1875,2.0],"texture":"#0","rotation":90},"up":{"uv":[0.8125,2.375,1.1875,2.9375],"texture":"#0","rotation":90},"down":{"uv":[0.8125,2.375,1.1875,2.9375],"texture":"#0","rotation":90}}},{"from":[6.75,0.0,7.2],"to":[9.35,2.5,9.8],"rotation":{"origin":[8.0,-2.0,8.45],"axis":"y","angle":-45.0},"faces":{"north":{"uv":[1.0,0.9375,1.3125,0.625],"texture":"#0"},"east":{"uv":[1.3125,0.9375,1.0,0.625],"texture":"#0"},"south":{"uv":[1.0,0.9375,1.3125,0.625],"texture":"#0"},"west":{"uv":[1.0,0.625,1.3125,0.3125],"texture":"#0"},"up":{"uv":[1.5625,0.625,1.875,0.3125],"texture":"#0"},"down":{"uv":[1.5,0.3125,1.8125,0.0],"texture":"#0"}}},{"from":[6.15,-0.05,4.5],"to":[9.85,2.55,8.5],"rotation":{"origin":[0.0,8.5,-11.0],"axis":"y","angle":0.0},"faces":{"north":{"uv":[1.0625,0.325,1.525,0.0],"texture":"#0"},"east":{"uv":[1.0625,0.3125,0.5625,0.0],"texture":"#0"},"south":{"uv":[1.0625,0.325,1.525,0.0],"texture":"#0"},"west":{"uv":[0.5625,0.3125,1.0625,0.0],"texture":"#0"},"up":{"uv":[1.5625,1.125,2.025,0.625],"texture":"#0"},"down":{"uv":[0.5625,0.8125,1.0,0.3125],"texture":"#0"}}},{"from":[6.75,0.0,3.2],"to":[9.35,2.5,5.8],"rotation":{"origin":[8.0,-2.0,4.55],"axis":"y","angle":45.0},"faces":{"north":{"uv":[1.3125,0.9375,1.0,0.625],"texture":"#0"},"east":{"uv":[1.0,0.9375,1.3125,0.625],"texture":"#0"},"south":{"uv":[1.3125,0.9375,1.0,0.625],"texture":"#0"},"west":{"uv":[1.25,0.625,0.9375,0.3125],"texture":"#0"},"up":{"uv":[1.5625,0.3125,1.875,0.625],"texture":"#0"},"down":{"uv":[1.5,0.0,1.8125,0.3125],"texture":"#0"}}},{"from":[5.0,-0.1,7.0],"to":[11.0,1.9,9.0],"rotation":{"origin":[8.0,2.4,6.5],"axis":"x","angle":45.0},"faces":{"north":{"uv":[2.3125,1.375,1.5625,1.125],"texture":"#0"},"east":{"uv":[1.3125,1.5625,1.5625,1.3125],"texture":"#0"},"south":{"uv":[2.3125,1.375,1.5625,1.125],"texture":"#0"},"west":{"uv":[1.5625,1.5625,1.3125,1.3125],"texture":"#0"},"up":{"uv":[2.3125,1.375,1.5625,1.125],"texture":"#0"},"down":{"uv":[2.3125,1.375,1.5625,1.125],"texture":"#0"}}},{"from":[5.75,-0.5,7.5],"to":[10.25,2.5,10.5],"rotation":{"origin":[8.0,3.5,6.5],"axis":"x","angle":45.0},"faces":{"north":{"uv":[0.8125,2.375,1.1875,2.9375],"texture":"#0","rotation":90},"east":{"uv":[1.1875,2.0,0.8125,2.375],"texture":"#0","rotation":90},"south":{"uv":[0.8125,2.375,1.1875,2.9375],"texture":"#0","rotation":90},"west":{"uv":[1.1875,2.375,0.8125,2.0],"texture":"#0","rotation":90},"up":{"uv":[1.1875,2.375,0.8125,2.9375],"texture":"#0","rotation":90},"down":{"uv":[1.1875,2.375,0.8125,2.9375],"texture":"#0","rotation":90}}},{"from":[6.25,-9.4,5.8],"to":[9.75,-7.9,11.3],"rotation":{"origin":[8.0,-7.79017,3.02183],"axis":"x","angle":-22.5},"faces":{"north":{"uv":[4.125,1.5625,3.6875,1.375],"texture":"#0"},"east":{"uv":[3.6875,1.375,3.5,0.6875],"texture":"#0","rotation":270},"south":{"uv":[4.125,1.375,3.6875,1.5625],"texture":"#0","rotation":180},"west":{"uv":[3.5,1.375,3.6875,0.6875],"texture":"#0","rotation":90},"up":{"uv":[5.0625,1.625,4.625,0.9375],"texture":"#0","rotation":180},"down":{"uv":[5.0625,1.625,4.625,0.9375],"texture":"#0"}}},{"from":[6.25,23.9,5.8],"to":[9.75,25.4,11.3],"rotation":{"origin":[8.0,23.79017,3.02183],"axis":"x","angle":22.5},"faces":{"north":{"uv":[4.125,1.375,3.6875,1.5625],"texture":"#0"},"east":{"uv":[3.5,1.375,3.6875,0.6875],"texture":"#0","rotation":270},"south":{"uv":[4.125,1.5625,3.6875,1.375],"texture":"#0","rotation":180},"west":{"uv":[3.6875,1.375,3.5,0.6875],"texture":"#0","rotation":90},"up":{"uv":[5.0625,0.9375,4.625,1.625],"texture":"#0"},"down":{"uv":[5.0625,0.9375,4.625,1.625],"texture":"#0","rotation":180}}},{"from":[7.0,3.0,5.5],"to":[9.0,13.0,7.5],"rotation":{"origin":[8.0,8.0,6.5],"axis":"y","angle":-45.0},"faces":{"north":{"uv":[0.5625,1.4375,0.8125,2.6875],"texture":"#0"},"east":{"uv":[0.5625,1.4375,0.8125,2.6875],"texture":"#0"},"south":{"uv":[0.5625,1.4375,0.8125,2.6875],"texture":"#0"},"west":{"uv":[0.5625,1.4375,0.8125,2.6875],"texture":"#0"},"up":{"uv":[0.5625,1.4375,0.8125,1.6875],"texture":"#0"},"down":{"uv":[0.5625,1.4375,0.8125,1.6875],"texture":"#0"}}},{"from":[6.9,3.0,5.4],"to":[9.1,13.0,5.4],"rotation":{"origin":[8.0,8.0,6.5],"axis":"y","angle":45.0},"faces":{"north":{"uv":[16.0,3.4375,15.75,4.6875],"texture":"#0"},"east":{"uv":[0.8125,1.4375,0.5625,2.6875],"texture":"#0"},"south":{"uv":[15.75,3.4375,16.0,4.6875],"texture":"#0"},"west":{"uv":[0.8125,1.4375,0.5625,2.6875],"texture":"#0"},"up":{"uv":[0.5625,1.6875,0.8125,1.4375],"texture":"#0"},"down":{"uv":[0.5625,1.6875,0.8125,1.4375],"texture":"#0"}}},{"from":[6.9,3.0,5.4],"to":[9.1,13.0,5.4],"rotation":{"origin":[8.0,8.0,6.5],"axis":"y","angle":-45.0},"faces":{"north":{"uv":[15.75,3.4375,16.0,4.6875],"texture":"#0"},"east":{"uv":[0.5625,1.4375,0.8125,2.6875],"texture":"#0"},"south":{"uv":[16.0,3.4375,15.75,4.6875],"texture":"#0"},"west":{"uv":[0.5625,1.4375,0.8125,2.6875],"texture":"#0"},"up":{"uv":[0.8125,1.6875,0.5625,1.4375],"texture":"#0"},"down":{"uv":[0.8125,1.6875,0.5625,1.4375],"texture":"#0"}}},{"from":[6.9,3.0,7.6],"to":[9.1,13.0,7.6],"rotation":{"origin":[8.0,8.0,6.5],"axis":"y","angle":-45.0},"faces":{"north":{"uv":[16.0,3.4375,15.75,4.6875],"texture":"#0"},"east":{"uv":[0.5625,1.4375,0.8125,2.6875],"texture":"#0"},"south":{"uv":[15.75,3.4375,16.0,4.6875],"texture":"#0"},"west":{"uv":[0.5625,1.4375,0.8125,2.6875],"texture":"#0"},"up":{"uv":[0.5625,1.4375,0.8125,1.6875],"texture":"#0"},"down":{"uv":[0.5625,1.4375,0.8125,1.6875],"texture":"#0"}}},{"from":[6.9,3.0,7.6],"to":[9.1,13.0,7.6],"rotation":{"origin":[8.0,8.0,6.5],"axis":"y","angle":45.0},"faces":{"north":{"uv":[15.75,3.4375,16.0,4.6875],"texture":"#0"},"east":{"uv":[0.8125,1.4375,0.5625,2.6875],"texture":"#0"},"south":{"uv":[16.0,3.4375,15.75,4.6875],"texture":"#0"},"west":{"uv":[0.8125,1.4375,0.5625,2.6875],"texture":"#0"},"up":{"uv":[0.8125,1.4375,0.5625,1.6875],"texture":"#0"},"down":{"uv":[0.8125,1.4375,0.5625,1.6875],"texture":"#0"}}},{"from":[6.75,-6.03417,6.76583],"to":[9.25,1.96583,10.76583],"rotation":{"origin":[8.0,-6.06168,10.28682],"axis":"x","angle":-22.5},"faces":{"north":{"uv":[4.75,2.5625,3.75,2.875],"texture":"#0","rotation":90},"east":{"uv":[3.75,2.5625,4.75,2.0625],"texture":"#0","rotation":90},"south":{"uv":[4.75,2.875,3.75,3.1875],"texture":"#0","rotation":90},"west":{"uv":[3.75,2.5625,4.75,2.0625],"texture":"#0","rotation":90},"up":{"uv":[4.75,2.5625,5.0625,2.0625],"texture":"#0","rotation":180},"down":{"uv":[4.75,2.5625,5.0625,2.0625],"texture":"#0","rotation":180}}},{"from":[7.0,-7.0,6.0],"to":[9.0,1.0,8.5],"rotation":{"origin":[0.0,-1.0,15.5],"axis":"x","angle":-45.0},"faces":{"north":{"uv":[1.9375,4.125,2.1875,5.125],"texture":"#0"},"east":{"uv":[1.9375,4.125,1.625,5.125],"texture":"#0"},"south":{"uv":[2.1875,4.125,2.4375,5.125],"texture":"#0"},"west":{"uv":[1.625,4.125,1.9375,5.125],"texture":"#0"},"up":{"uv":[1.375,4.375,1.625,4.6875],"texture":"#0"},"down":{"uv":[1.375,4.375,1.625,4.6875],"texture":"#0"}}},{"from":[6.5,-12.3,16.5],"to":[9.5,-8.3,19.5],"rotation":{"origin":[0.0,-1.0,15.5],"axis":"x","angle":22.5},"faces":{"north":{"uv":[2.5,3.4375,2.875,3.9375],"texture":"#0"},"east":{"uv":[3.0625,3.25,3.5625,2.875],"texture":"#0","rotation":270},"south":{"uv":[3.4375,3.25,3.8125,3.75],"texture":"#0"},"west":{"uv":[3.0625,2.875,3.5625,3.25],"texture":"#0","rotation":270},"up":{"uv":[3.0625,3.25,3.4375,3.625],"texture":"#0","rotation":180},"down":{"uv":[3.0625,3.625,3.4375,4.0],"texture":"#0","rotation":180}}},{"from":[7.0,-11.3,19.5],"to":[9.0,-9.3,21.0],"rotation":{"origin":[0.0,-1.0,15.5],"axis":"x","angle":22.5},"faces":{"north":{"uv":[0.875,5.1875,1.125,5.4375],"texture":"#0"},"east":{"uv":[1.125,5.0,0.875,4.8125],"texture":"#0","rotation":270},"south":{"uv":[0.875,5.1875,1.125,5.4375],"texture":"#0"},"west":{"uv":[0.875,4.8125,1.125,5.0],"texture":"#0","rotation":270},"up":{"uv":[0.875,5.0,1.125,5.1875],"texture":"#0","rotation":180},"down":{"uv":[0.875,5.1875,1.125,5.0],"texture":"#0","rotation":180}}},{"from":[6.75,14.03417,6.76583],"to":[9.25,22.03417,10.76583],"rotation":{"origin":[8.0,22.06168,10.28682],"axis":"x","angle":22.5},"faces":{"north":{"uv":[3.75,2.5625,4.75,2.875],"texture":"#0","rotation":90},"east":{"uv":[4.75,2.5625,3.75,2.0625],"texture":"#0","rotation":90},"south":{"uv":[3.75,2.875,4.75,3.1875],"texture":"#0","rotation":90},"west":{"uv":[4.75,2.5625,3.75,2.0625],"texture":"#0","rotation":90},"up":{"uv":[4.75,2.0625,5.0625,2.5625],"texture":"#0","rotation":180},"down":{"uv":[4.75,2.0625,5.0625,2.5625],"texture":"#0","rotation":180}}},{"from":[7.9,19.4,1.5],"to":[7.9,25.4,6.0],"rotation":{"origin":[7.9,21.1,3.8],"axis":"x","angle":22.5},"faces":{"north":{"uv":[0.0,0.0,0.0,0.5],"texture":"#missing","rotation":180},"east":{"uv":[1.625,1.9375,2.375,2.5],"texture":"#0","rotation":90},"south":{"uv":[0.0,0.0,0.0,0.5],"texture":"#missing"},"west":{"uv":[2.375,1.9375,1.625,2.5],"texture":"#0","rotation":270},"up":{"uv":[0.0,0.0,0.0,0.5],"texture":"#0"},"down":{"uv":[0.0,0.0,0.0,0.5],"texture":"#missing","rotation":180}}},{"from":[7.9,-8.9,-0.9],"to":[7.9,-2.9,3.6],"rotation":{"origin":[7.9,0.9,3.8],"axis":"x","angle":-22.5},"faces":{"north":{"uv":[0.0,0.5,0.0,0.0],"texture":"#missing","rotation":180},"east":{"uv":[2.375,1.9375,1.625,2.5],"texture":"#0","rotation":90},"south":{"uv":[0.0,0.5,0.0,0.0],"texture":"#missing"},"west":{"uv":[1.625,1.9375,2.375,2.5],"texture":"#0","rotation":270},"up":{"uv":[0.0,0.5,0.0,0.0],"texture":"#missing","rotation":180},"down":{"uv":[0.0,0.5,0.0,0.0],"texture":"#0"}}},{"from":[6.5,24.3,16.5],"to":[9.5,28.3,19.5],"rotation":{"origin":[0.0,17.0,15.5],"axis":"x","angle":-22.5},"faces":{"north":{"uv":[2.5,3.9375,2.875,3.4375],"texture":"#0"},"east":{"uv":[3.5625,2.875,3.0625,3.25],"texture":"#0","rotation":270},"south":{"uv":[3.4375,3.75,3.8125,3.25],"texture":"#0"},"west":{"uv":[3.5625,2.875,3.0625,3.25],"texture":"#0","rotation":270},"up":{"uv":[3.0625,3.625,3.4375,3.25],"texture":"#0","rotation":180},"down":{"uv":[3.0625,3.625,3.4375,3.25],"texture":"#0","rotation":180}}},{"from":[7.0,15.0,6.0],"to":[9.0,23.0,8.5],"rotation":{"origin":[0.0,17.0,15.5],"axis":"x","angle":45.0},"faces":{"north":{"uv":[1.9375,5.125,2.1875,4.125],"texture":"#0"},"east":{"uv":[1.9375,5.125,1.625,4.125],"texture":"#0"},"south":{"uv":[2.1875,5.125,2.4375,4.125],"texture":"#0"},"west":{"uv":[1.625,5.125,1.9375,4.125],"texture":"#0"},"up":{"uv":[1.375,4.6875,1.625,4.375],"texture":"#0"},"down":{"uv":[1.375,4.6875,1.625,4.375],"texture":"#0"}}},{"from":[7.0,25.3,19.5],"to":[9.0,27.3,21.0],"rotation":{"origin":[0.0,17.0,15.5],"axis":"x","angle":-22.5},"faces":{"north":{"uv":[0.875,5.4375,1.125,5.1875],"texture":"#0"},"east":{"uv":[0.875,5.0,1.125,4.8125],"texture":"#0","rotation":270},"south":{"uv":[0.875,5.4375,1.125,5.1875],"texture":"#0"},"west":{"uv":[1.125,4.8125,0.875,5.0],"texture":"#0","rotation":270},"up":{"uv":[0.875,5.0,1.125,5.1875],"texture":"#0","rotation":180},"down":{"uv":[0.875,5.1875,1.125,5.0],"texture":"#0","rotation":180}}},{"from":[7.75,6.5,15.0],"to":[8.25,25.5,15.5],"rotation":{"origin":[8.0,24.75,15.25],"axis":"x","angle":-22.5},"faces":{"north":{"uv":[0.0,6.25,0.0625,8.4375],"texture":"#0"},"east":{"uv":[0.0,6.25,0.0625,8.4375],"texture":"#0"},"south":{"uv":[0.0,6.25,0.0625,8.4375],"texture":"#0"},"west":{"uv":[0.0,6.25,0.0625,8.4375],"texture":"#0"},"up":{"uv":[0.0,6.25,0.0625,6.3125],"texture":"#0"},"down":{"uv":[0.0,6.25,0.0625,6.3125],"texture":"#0"}}},{"from":[7.75,-9.5,15.0],"to":[8.25,9.5,15.5],"rotation":{"origin":[8.0,-8.75,15.25],"axis":"x","angle":22.5},"faces":{"north":{"uv":[0.0,8.4375,0.0625,6.25],"texture":"#0"},"east":{"uv":[0.0,8.4375,0.0625,6.25],"texture":"#0"},"south":{"uv":[0.0,8.4375,0.0625,6.25],"texture":"#0"},"west":{"uv":[0.0,8.4375,0.0625,6.25],"texture":"#0"},"up":{"uv":[0.0,6.3125,0.0625,6.25],"texture":"#0"},"down":{"uv":[0.0,6.3125,0.0625,6.25],"texture":"#0"}}},{"from":[3.9,14.0,1.4],"to":[7.1,16.7,1.4],"rotation":{"origin":[8.0,15.5,1.5],"axis":"y","angle":22.5},"faces":{"north":{"uv":[0.0,0.0,6.0,6.0],"texture":"#4"},"east":{"uv":[0.0,0.0,0.0,6.0],"texture":"#4"},"south":{"uv":[0.0,0.0,6.0,6.0],"texture":"#4"},"west":{"uv":[0.0,0.0,0.0,6.0],"texture":"#4"},"up":{"uv":[0.0,0.0,0.0,6.0],"texture":"#4","rotation":90},"down":{"uv":[0.0,6.0,0.0,0.0],"texture":"#4","rotation":270}}},{"from":[8.9,14.0,1.4],"to":[12.1,16.7,1.4],"rotation":{"origin":[8.0,15.5,1.5],"axis":"y","angle":-22.5},"faces":{"north":{"uv":[6.0,0.0,0.0,6.0],"texture":"#4"},"east":{"uv":[0.0,0.0,0.0,6.0],"texture":"#4"},"south":{"uv":[0.0,0.0,6.0,6.0],"texture":"#4"},"west":{"uv":[0.0,0.0,0.0,6.0],"texture":"#4"},"up":{"uv":[0.0,6.0,0.0,0.0],"texture":"#4","rotation":90},"down":{"uv":[0.0,0.0,0.0,6.0],"texture":"#4","rotation":270}}},{"from":[8.0,9.0,1.5],"to":[14.0,21.0,1.5],"rotation":{"origin":[8.0,15.5,1.5],"axis":"y","angle":-22.5},"faces":{"north":{"uv":[15.25,0.0,14.5,1.875],"texture":"#0"},"east":{"uv":[0.0,0.0,0.0,120.0],"texture":"#missing"},"south":{"uv":[14.5,0.0,15.25,1.875],"texture":"#0"},"west":{"uv":[0.0,0.0,0.0,120.0],"texture":"#missing"},"up":{"uv":[0.0,0.0,0.0,48.0],"texture":"#missing","rotation":90},"down":{"uv":[0.0,0.0,0.0,48.0],"texture":"#missing","rotation":270}}},{"from":[2.0,9.0,1.5],"to":[8.0,21.0,1.5],"rotation":{"origin":[8.0,15.5,1.5],"axis":"y","angle":22.5},"faces":{"north":{"uv":[14.5,0.0,13.75,1.875],"texture":"#0"},"east":{"uv":[0.0,0.0,0.0,120.0],"texture":"#missing"},"south":{"uv":[13.75,0.0,14.5,1.875],"texture":"#0"},"west":{"uv":[0.0,0.0,0.0,120.0],"texture":"#missing"},"up":{"uv":[0.0,0.0,0.0,48.0],"texture":"#missing","rotation":90},"down":{"uv":[0.0,0.0,0.0,48.0],"texture":"#missing","rotation":270}}},{"from":[7.9,20.0,10.2],"to":[7.9,24.5,16.2],"rotation":{"origin":[7.9,21.1,9.2],"axis":"y","angle":0.0},"faces":{"north":{"uv":[0.0,0.0,0.0,0.5],"texture":"#0"},"east":{"uv":[1.625,1.9375,2.375,2.5],"texture":"#0"},"south":{"uv":[0.0,0.0,0.0,0.5],"texture":"#missing"},"west":{"uv":[2.375,1.9375,1.625,2.5],"texture":"#0"},"up":{"uv":[0.0,0.5,0.0,0.0],"texture":"#missing"},"down":{"uv":[0.0,0.5,0.0,0.0],"texture":"#missing"}}},{"from":[7.9,15.5,7.2],"to":[7.9,20.0,13.2],"rotation":{"origin":[7.9,21.1,9.2],"axis":"y","angle":0.0},"faces":{"north":{"uv":[0.0,0.0,0.0,0.5],"texture":"#0"},"east":{"uv":[1.625,1.9375,2.375,2.5],"texture":"#0"},"south":{"uv":[0.0,0.0,0.0,0.5],"texture":"#missing"},"west":{"uv":[2.375,2.5,1.625,1.9375],"texture":"#0"},"up":{"uv":[0.0,0.5,0.0,0.0],"texture":"#missing"},"down":{"uv":[0.0,0.5,0.0,0.0],"texture":"#missing"}}},{"from":[7.9,-8.5,10.2],"to":[7.9,-4.0,16.2],"rotation":{"origin":[7.9,0.9,9.2],"axis":"y","angle":0.0},"faces":{"north":{"uv":[0.0,0.5,0.0,0.0],"texture":"#0"},"east":{"uv":[1.625,2.5,2.375,1.9375],"texture":"#0"},"south":{"uv":[0.0,0.5,0.0,0.0],"texture":"#missing"},"west":{"uv":[2.375,2.5,1.625,1.9375],"texture":"#0"},"up":{"uv":[0.0,0.0,0.0,0.5],"texture":"#missing"},"down":{"uv":[0.0,0.0,0.0,0.5],"texture":"#missing"}}},{"from":[7.9,-4.0,7.2],"to":[7.9,0.5,13.2],"rotation":{"origin":[7.9,0.9,9.2],"axis":"y","angle":0.0},"faces":{"north":{"uv":[0.0,0.5,0.0,0.0],"texture":"#0"},"east":{"uv":[1.625,2.5,2.375,1.9375],"texture":"#0"},"south":{"uv":[0.0,0.5,0.0,0.0],"texture":"#missing"},"west":{"uv":[2.375,1.9375,1.625,2.5],"texture":"#0"},"up":{"uv":[0.0,0.0,0.0,0.5],"texture":"#missing"},"down":{"uv":[0.0,0.0,0.0,0.5],"texture":"#missing"}}},{"from":[8.0,24.0,17.5],"to":[8.0,28.0,21.5],"rotation":{"origin":[8.0,22.0,19.5],"axis":"x","angle":-22.5},"faces":{"north":{"uv":[0.0,0.5,0.0,0.0],"texture":"#missing","rotation":180},"east":{"uv":[1.625,1.4375,2.125,1.9375],"texture":"#0","rotation":270},"south":{"uv":[0.0,0.5,0.0,0.0],"texture":"#missing"},"west":{"uv":[2.125,1.4375,1.625,1.9375],"texture":"#0","rotation":90},"up":{"uv":[0.0,0.0,0.0,0.5],"texture":"#0","rotation":180},"down":{"uv":[0.0,0.0,0.0,0.5],"texture":"#missing"}}},{"from":[8.0,28.0,17.5],"to":[8.0,32.0,21.5],"rotation":{"origin":[8.0,22.0,19.5],"axis":"x","angle":-22.5},"faces":{"north":{"uv":[0.0,0.0,0.0,0.5],"texture":"#missing","rotation":180},"east":{"uv":[2.125,1.4375,1.625,1.9375],"texture":"#0","rotation":270},"south":{"uv":[0.0,0.0,0.0,0.5],"texture":"#missing"},"west":{"uv":[1.625,1.4375,2.125,1.9375],"texture":"#0","rotation":90},"up":{"uv":[0.0,0.0,0.0,0.5],"texture":"#missing","rotation":180},"down":{"uv":[0.0,0.0,0.0,0.5],"texture":"#0"}}},{"from":[8.0,-16.0,17.5],"to":[8.0,-12.0,21.5],"rotation":{"origin":[8.0,-6.0,19.5],"axis":"x","angle":22.5},"faces":{"north":{"uv":[0.0,0.5,0.0,0.0],"texture":"#missing","rotation":180},"east":{"uv":[1.625,1.4375,2.125,1.9375],"texture":"#0","rotation":270},"south":{"uv":[0.0,0.5,0.0,0.0],"texture":"#missing"},"west":{"uv":[2.125,1.4375,1.625,1.9375],"texture":"#0","rotation":90},"up":{"uv":[0.0,0.5,0.0,0.0],"texture":"#0"},"down":{"uv":[0.0,0.5,0.0,0.0],"texture":"#missing","rotation":180}}},{"from":[8.0,-12.0,17.5],"to":[8.0,-8.0,21.5],"rotation":{"origin":[8.0,-6.0,19.5],"axis":"x","angle":22.5},"faces":{"north":{"uv":[0.0,0.0,0.0,0.5],"texture":"#missing","rotation":180},"east":{"uv":[2.125,1.4375,1.625,1.9375],"texture":"#0","rotation":270},"south":{"uv":[0.0,0.0,0.0,0.5],"texture":"#missing"},"west":{"uv":[1.625,1.4375,2.125,1.9375],"texture":"#0","rotation":90},"up":{"uv":[0.0,0.5,0.0,0.0],"texture":"#missing"},"down":{"uv":[0.0,0.5,0.0,0.0],"texture":"#0","rotation":180}}},{"from":[11.0,-4.0,-4.5],"to":[11.0,6.0,5.5],"rotation":{"origin":[0.0,1.0,-1.5],"axis":"y","angle":0.0},"faces":{"north":{"uv":[0.0,0.0,0.0,12.0],"texture":"#2"},"east":{"uv":[0.5,1.0,10.5,11.0],"texture":"#2"},"south":{"uv":[0.0,0.0,0.0,12.0],"texture":"#2"},"west":{"uv":[0.5,1.0,10.5,11.0],"texture":"#2"},"up":{"uv":[0.0,12.0,0.0,0.0],"texture":"#2"},"down":{"uv":[0.0,0.0,0.0,12.0],"texture":"#2"}}},{"from":[7.0,-7.0,7.5],"to":[7.0,1.0,15.5],"rotation":{"origin":[16.0,1.0,-1.5],"axis":"y","angle":0.0},"faces":{"north":{"uv":[0.0,0.0,0.0,16.0],"texture":"#3"},"east":{"uv":[16.0,0.0,0.0,16.0],"texture":"#3"},"south":{"uv":[0.0,0.0,0.0,16.0],"texture":"#3"},"west":{"uv":[16.0,0.0,0.0,16.0],"texture":"#3"},"up":{"uv":[0.0,16.0,0.0,0.0],"texture":"#3"},"down":{"uv":[0.0,0.0,0.0,16.0],"texture":"#3"}}},{"from":[6.0,15.0,7.5],"to":[6.0,25.0,17.5],"rotation":{"origin":[0.0,1.0,-1.5],"axis":"y","angle":0.0},"faces":{"north":{"uv":[0.5,1.0,0.5,11.0],"texture":"#2"},"east":{"uv":[0.5,1.0,10.5,11.0],"texture":"#2"},"south":{"uv":[0.5,1.0,0.5,11.0],"texture":"#2"},"west":{"uv":[0.5,1.0,10.5,11.0],"texture":"#2"},"up":{"uv":[0.5,11.0,0.5,1.0],"texture":"#2"},"down":{"uv":[0.5,1.0,0.5,11.0],"texture":"#2"}}},{"from":[8.0,2.5,-9.5],"to":[8.0,13.0,21.5],"rotation":{"origin":[8.0,8.0,6.0],"axis":"z","angle":22.5},"faces":{"north":{"uv":[0.0,6.25,0.0625,8.4375],"texture":"#0","rotation":90},"east":{"uv":[11.25,0.0,12.5625,3.875],"texture":"#0","rotation":270},"south":{"uv":[0.0,6.25,0.0625,8.4375],"texture":"#0","rotation":270},"west":{"uv":[11.25,3.875,12.5625,0.0],"texture":"#0","rotation":270},"up":{"uv":[0.0,6.25,0.0625,8.4375],"texture":"#0","rotation":270},"down":{"uv":[0.0,6.25,0.0625,8.4375],"texture":"#0","rotation":270}}},{"from":[8.0,2.5,-9.5],"to":[8.0,13.0,21.5],"rotation":{"origin":[8.0,8.0,6.0],"axis":"z","angle":-22.5},"faces":{"north":{"uv":[0.0,6.25,0.0625,8.4375],"texture":"#0","rotation":90},"east":{"uv":[11.25,0.0,12.5625,3.875],"texture":"#0","rotation":270},"south":{"uv":[0.0,6.25,0.0625,8.4375],"texture":"#0","rotation":270},"west":{"uv":[11.25,3.875,12.5625,0.0],"texture":"#0","rotation":270},"up":{"uv":[0.0,6.25,0.0625,8.4375],"texture":"#0","rotation":270},"down":{"uv":[0.0,6.25,0.0625,8.4375],"texture":"#0","rotation":270}}}],"textures":{"particle":"elitecreatures:5efc8920-ef9a-4568-9057-f28d72ef9365","0":"elitecreatures:5efc8920-ef9a-4568-9057-f28d72ef9365","2":"elitecreatures:15f95559-ec8c-44df-93ee-89500d0cc2f0","3":"elitecreatures:1401735c-e013-4d2e-a689-34ce409de725","4":"elitecreatures:5492eaa3-a2e6-4148-9326-d2ff1294e948"},"gui_light":"front"}