{"display":{"thirdperson_righthand":{"rotation":[60.75,0.0,0.0],"scale":[0.42773,0.42773,0.42773]},"thirdperson_lefthand":{"rotation":[60.75,0.0,0.0],"scale":[0.42773,0.42773,0.42773]},"firstperson_righthand":{"rotation":[-1.0,156.0,-6.0],"translation":[8.75,-3.75,-14.5],"scale":[0.80469,0.80469,0.80469]},"firstperson_lefthand":{"rotation":[-1.0,156.0,-6.0],"translation":[8.75,-3.75,-14.5],"scale":[0.80469,0.80469,0.80469]},"ground":{"translation":[0.0,0.25,0.0],"scale":[0.54492,0.54492,0.54492]},"gui":{"rotation":[16.0,159.0,0.0],"translation":[0.0,-1.5,0.0],"scale":[0.4707,0.4707,0.4707]},"head":{"translation":[0.0,-34.0,-0.75],"scale":[1.15625,1.15625,1.15625]},"fixed":{"rotation":[-90.0,0.0,0.0],"translation":[0.0,0.0,-9.75],"scale":[1.36328,1.36328,1.36328]}},"elements":[{"from":[-2.5,1.0,1.0],"to":[1.5,15.0,4.0],"faces":{"north":{"uv":[9.0625,2.125,9.5625,3.875],"texture":"#0"},"east":{"uv":[9.5625,2.125,9.9375,3.875],"texture":"#0"},"south":{"uv":[9.0625,2.125,9.5625,3.875],"texture":"#0"},"west":{"uv":[9.5625,2.125,9.9375,3.875],"texture":"#0"},"up":{"uv":[6.1875,1.9375,6.6875,2.3125],"texture":"#0"},"down":{"uv":[6.1875,1.9375,6.6875,2.3125],"texture":"#0"}}},{"from":[6.0,8.5,-0.5],"to":[10.0,13.6,2.0],"rotation":{"origin":[0.0,-0.5,0.0],"axis":"y","angle":0.0},"faces":{"north":{"uv":[6.1875,0.9375,6.6875,1.5625],"texture":"#0"},"east":{"uv":[4.75,2.5625,5.0625,3.1875],"texture":"#0"},"south":{"uv":[6.1875,0.9375,6.6875,1.5625],"texture":"#0"},"west":{"uv":[5.0625,2.5625,4.75,3.1875],"texture":"#0"},"up":{"uv":[4.5625,1.75,5.0625,2.0625],"texture":"#0"},"down":{"uv":[4.5625,2.0625,5.0625,1.75],"texture":"#0"}}},{"from":[-3.5,0.0,0.0],"to":[2.5,5.0,5.0],"rotation":{"origin":[16.0,0.0,0.0],"axis":"y","angle":0.0},"faces":{"north":{"uv":[8.8125,1.5,9.5625,2.125],"texture":"#0"},"east":{"uv":[2.4375,4.0,3.0625,4.625],"texture":"#0"},"south":{"uv":[8.8125,1.5,9.5625,2.125],"texture":"#0"},"west":{"uv":[2.4375,4.0,3.0625,4.625],"texture":"#0"},"up":{"uv":[9.5625,1.5,10.3125,2.125],"texture":"#0"},"down":{"uv":[9.5625,1.5,10.3125,2.125],"texture":"#0"}}},{"from":[4.7,8.5,0.15],"to":[7.3,11.0,2.75],"rotation":{"origin":[6.05,13.0,1.4],"axis":"y","angle":-45.0},"faces":{"north":{"uv":[1.0,0.3125,1.3125,0.625],"texture":"#0"},"east":{"uv":[1.0,0.625,1.3125,0.9375],"texture":"#0"},"south":{"uv":[1.3125,0.625,1.0,0.9375],"texture":"#0"},"west":{"uv":[1.0,0.625,1.3125,0.9375],"texture":"#0"},"up":{"uv":[1.5,0.0,1.8125,0.3125],"texture":"#0","rotation":90},"down":{"uv":[1.5625,0.3125,1.875,0.625],"texture":"#0","rotation":270}}},{"from":[8.7,8.5,0.15],"to":[11.3,11.0,2.75],"rotation":{"origin":[9.95,13.0,1.4],"axis":"y","angle":45.0},"faces":{"north":{"uv":[1.25,0.3125,0.9375,0.625],"texture":"#0"},"east":{"uv":[1.3125,0.625,1.0,0.9375],"texture":"#0"},"south":{"uv":[1.0,0.625,1.3125,0.9375],"texture":"#0"},"west":{"uv":[1.3125,0.625,1.0,0.9375],"texture":"#0"},"up":{"uv":[1.5,0.3125,1.8125,0.0],"texture":"#0","rotation":90},"down":{"uv":[1.5625,0.625,1.875,0.3125],"texture":"#0","rotation":270}}},{"from":[4.7,11.0,0.15],"to":[7.3,13.5,2.75],"rotation":{"origin":[6.05,9.0,1.4],"axis":"y","angle":-45.0},"faces":{"north":{"uv":[1.0,0.625,1.3125,0.3125],"texture":"#0"},"east":{"uv":[1.0,0.9375,1.3125,0.625],"texture":"#0"},"south":{"uv":[1.3125,0.9375,1.0,0.625],"texture":"#0"},"west":{"uv":[1.0,0.9375,1.3125,0.625],"texture":"#0"},"up":{"uv":[1.875,0.3125,1.5625,0.625],"texture":"#0","rotation":270},"down":{"uv":[1.8125,0.0,1.5,0.3125],"texture":"#0","rotation":90}}},{"from":[8.7,11.0,0.15],"to":[11.3,13.5,2.75],"rotation":{"origin":[9.95,9.0,1.4],"axis":"y","angle":45.0},"faces":{"north":{"uv":[1.25,0.625,0.9375,0.3125],"texture":"#0"},"east":{"uv":[1.3125,0.9375,1.0,0.625],"texture":"#0"},"south":{"uv":[1.0,0.9375,1.3125,0.625],"texture":"#0"},"west":{"uv":[1.3125,0.9375,1.0,0.625],"texture":"#0"},"up":{"uv":[1.875,0.625,1.5625,0.3125],"texture":"#0","rotation":270},"down":{"uv":[1.8125,0.3125,1.5,0.0],"texture":"#0","rotation":90}}},{"from":[-2.5,1.0,12.0],"to":[1.5,15.0,15.0],"rotation":{"origin":[0.0,0.0,16.0],"axis":"y","angle":0.0},"faces":{"north":{"uv":[9.5625,2.125,9.0625,3.875],"texture":"#0"},"east":{"uv":[9.9375,2.125,9.5625,3.875],"texture":"#0"},"south":{"uv":[9.5625,2.125,9.0625,3.875],"texture":"#0"},"west":{"uv":[9.9375,2.125,9.5625,3.875],"texture":"#0"},"up":{"uv":[6.1875,2.3125,6.6875,1.9375],"texture":"#0"},"down":{"uv":[6.1875,2.3125,6.6875,1.9375],"texture":"#0"}}},{"from":[-3.5,0.0,11.0],"to":[2.5,5.0,16.0],"rotation":{"origin":[16.0,0.0,16.0],"axis":"y","angle":0.0},"faces":{"north":{"uv":[9.5625,1.5,8.8125,2.125],"texture":"#0"},"east":{"uv":[3.0625,4.0,2.4375,4.625],"texture":"#0"},"south":{"uv":[9.5625,1.5,8.8125,2.125],"texture":"#0"},"west":{"uv":[3.0625,4.0,2.4375,4.625],"texture":"#0"},"up":{"uv":[9.5625,2.125,10.3125,1.5],"texture":"#0"},"down":{"uv":[9.5625,2.125,10.3125,1.5],"texture":"#0"}}},{"from":[14.5,1.0,1.0],"to":[18.5,15.0,4.0],"rotation":{"origin":[16.0,0.0,0.0],"axis":"y","angle":0.0},"faces":{"north":{"uv":[9.5625,2.125,9.0625,3.875],"texture":"#0"},"east":{"uv":[9.9375,2.125,9.5625,3.875],"texture":"#0"},"south":{"uv":[9.5625,2.125,9.0625,3.875],"texture":"#0"},"west":{"uv":[9.9375,2.125,9.5625,3.875],"texture":"#0"},"up":{"uv":[6.6875,1.9375,6.1875,2.3125],"texture":"#0"},"down":{"uv":[6.6875,1.9375,6.1875,2.3125],"texture":"#0"}}},{"from":[13.5,0.0,0.0],"to":[19.5,5.0,5.0],"faces":{"north":{"uv":[9.5625,1.5,8.8125,2.125],"texture":"#0"},"east":{"uv":[3.0625,4.0,2.4375,4.625],"texture":"#0"},"south":{"uv":[9.5625,1.5,8.8125,2.125],"texture":"#0"},"west":{"uv":[3.0625,4.0,2.4375,4.625],"texture":"#0"},"up":{"uv":[10.3125,1.5,9.5625,2.125],"texture":"#0"},"down":{"uv":[10.3125,1.5,9.5625,2.125],"texture":"#0"}}},{"from":[3.9,19.5,-0.1],"to":[7.2,22.4,-0.1],"rotation":{"origin":[8.0,21.0,0.0],"axis":"y","angle":22.5},"faces":{"north":{"uv":[0.0,0.0,6.0,6.0],"texture":"#4"},"east":{"uv":[0.0,0.0,0.0,6.0],"texture":"#4"},"south":{"uv":[6.0,0.0,0.0,6.0],"texture":"#4"},"west":{"uv":[0.0,0.0,0.0,6.0],"texture":"#4"},"up":{"uv":[0.0,6.0,0.0,0.0],"texture":"#4","rotation":270},"down":{"uv":[0.0,0.0,0.0,6.0],"texture":"#4","rotation":90}}},{"from":[2.0,13.5,0.0],"to":[8.0,27.5,0.0],"rotation":{"origin":[8.0,21.0,0.0],"axis":"y","angle":22.5},"faces":{"north":{"uv":[14.5,0.0625,15.25,1.8125],"texture":"#0"},"east":{"uv":[0.0,0.0,0.0,120.0],"texture":"#missing"},"south":{"uv":[15.25,0.0625,14.5,1.8125],"texture":"#0"},"west":{"uv":[0.0,0.0,0.0,120.0],"texture":"#missing"},"up":{"uv":[0.0,0.0,0.0,48.0],"texture":"#missing","rotation":270},"down":{"uv":[0.0,0.0,0.0,48.0],"texture":"#missing","rotation":90}}},{"from":[8.8,19.5,-0.1],"to":[12.1,22.4,-0.1],"rotation":{"origin":[8.0,21.0,0.0],"axis":"y","angle":-22.5},"faces":{"north":{"uv":[6.0,0.0,0.0,6.0],"texture":"#4"},"east":{"uv":[0.0,0.0,0.0,6.0],"texture":"#4"},"south":{"uv":[0.0,0.0,6.0,6.0],"texture":"#4"},"west":{"uv":[0.0,0.0,0.0,6.0],"texture":"#4"},"up":{"uv":[0.0,0.0,0.0,6.0],"texture":"#4","rotation":270},"down":{"uv":[0.0,6.0,0.0,0.0],"texture":"#4","rotation":90}}},{"from":[8.0,13.5,0.0],"to":[14.0,27.5,0.0],"rotation":{"origin":[8.0,21.0,0.0],"axis":"y","angle":-22.5},"faces":{"north":{"uv":[15.25,0.0625,14.5,1.8125],"texture":"#0"},"east":{"uv":[0.0,0.0,0.0,120.0],"texture":"#missing"},"south":{"uv":[14.5,0.0625,15.25,1.8125],"texture":"#0"},"west":{"uv":[0.0,0.0,0.0,120.0],"texture":"#missing"},"up":{"uv":[0.0,48.0,0.0,0.0],"texture":"#missing","rotation":270},"down":{"uv":[0.0,48.0,0.0,0.0],"texture":"#missing","rotation":90}}},{"from":[13.5,0.0,11.0],"to":[19.5,5.0,16.0],"rotation":{"origin":[0.0,0.0,16.0],"axis":"y","angle":0.0},"faces":{"north":{"uv":[8.8125,1.5,9.5625,2.125],"texture":"#0"},"east":{"uv":[2.4375,4.0,3.0625,4.625],"texture":"#0"},"south":{"uv":[8.8125,1.5,9.5625,2.125],"texture":"#0"},"west":{"uv":[2.4375,4.0,3.0625,4.625],"texture":"#0"},"up":{"uv":[10.3125,2.125,9.5625,1.5],"texture":"#0"},"down":{"uv":[10.3125,2.125,9.5625,1.5],"texture":"#0"}}},{"from":[14.5,1.0,12.0],"to":[18.5,15.0,15.0],"rotation":{"origin":[16.0,0.0,16.0],"axis":"y","angle":0.0},"faces":{"north":{"uv":[9.0625,2.125,9.5625,3.875],"texture":"#0"},"east":{"uv":[9.5625,2.125,9.9375,3.875],"texture":"#0"},"south":{"uv":[9.0625,2.125,9.5625,3.875],"texture":"#0"},"west":{"uv":[9.5625,2.125,9.9375,3.875],"texture":"#0"},"up":{"uv":[6.6875,2.3125,6.1875,1.9375],"texture":"#0"},"down":{"uv":[6.6875,2.3125,6.1875,1.9375],"texture":"#0"}}},{"from":[14.5,9.0,4.0],"to":[18.5,12.0,12.0],"rotation":{"origin":[16.0,0.0,16.0],"axis":"y","angle":0.0},"faces":{"north":{"uv":[6.6875,1.5625,6.1875,1.9375],"texture":"#0"},"east":{"uv":[4.8125,3.1875,3.8125,3.5625],"texture":"#0"},"south":{"uv":[6.6875,1.5625,6.1875,1.9375],"texture":"#0"},"west":{"uv":[4.8125,3.1875,3.8125,3.5625],"texture":"#0"},"up":{"uv":[3.5625,4.0,3.0625,5.0],"texture":"#0"},"down":{"uv":[3.5625,4.0,3.0625,5.0],"texture":"#0"}}},{"from":[-2.5,9.0,4.0],"to":[1.5,12.0,12.0],"rotation":{"origin":[0.0,0.0,16.0],"axis":"y","angle":0.0},"faces":{"north":{"uv":[6.1875,1.5625,6.6875,1.9375],"texture":"#0"},"east":{"uv":[3.8125,3.1875,4.8125,3.5625],"texture":"#0"},"south":{"uv":[6.1875,1.5625,6.6875,1.9375],"texture":"#0"},"west":{"uv":[3.8125,3.1875,4.8125,3.5625],"texture":"#0"},"up":{"uv":[3.0625,4.0,3.5625,5.0],"texture":"#0"},"down":{"uv":[3.0625,4.0,3.5625,5.0],"texture":"#0"}}},{"from":[-1.5,2.0,2.0],"to":[17.5,12.0,14.0],"faces":{"north":{"uv":[6.6875,2.125,9.0625,3.375],"texture":"#0"},"east":{"uv":[5.1875,2.3125,6.6875,3.5625],"texture":"#0"},"south":{"uv":[6.6875,2.125,9.0625,3.375],"texture":"#0"},"west":{"uv":[5.1875,2.3125,6.6875,3.5625],"texture":"#0"},"up":{"uv":[6.6875,3.375,9.0625,4.875],"texture":"#0"},"down":{"uv":[6.6875,3.375,9.0625,4.875],"texture":"#0"}}},{"from":[-3.05,16.0,4.5],"to":[2.05,19.0,11.5],"rotation":{"origin":[7.95,9.9,7.0],"axis":"y","angle":0.0},"faces":{"north":{"uv":[5.3125,3.6125,5.6875,4.25],"texture":"#0","rotation":90},"east":{"uv":[5.6875,3.575,6.0625,4.45],"texture":"#0","rotation":270},"south":{"uv":[5.3125,3.6125,5.6875,4.25],"texture":"#0","rotation":90},"west":{"uv":[5.6875,3.575,6.0625,4.45],"texture":"#0","rotation":270},"up":{"uv":[6.05,3.575,6.6875,4.45],"texture":"#0"},"down":{"uv":[6.05,3.575,6.6875,4.45],"texture":"#0"}}},{"from":[-2.95,7.49062,-0.48737],"to":[1.95,17.49062,2.51263],"rotation":{"origin":[7.95,9.9,7.4],"axis":"x","angle":22.5},"faces":{"north":{"uv":[3.575,3.75,4.1875,5.0],"texture":"#0"},"east":{"uv":[4.1875,3.75,4.5625,5.0],"texture":"#0"},"south":{"uv":[3.575,3.75,4.1875,5.0],"texture":"#0"},"west":{"uv":[4.5625,3.75,4.1875,5.0],"texture":"#0"},"up":{"uv":[4.8125,3.2,5.1875,3.8125],"texture":"#0","rotation":90},"down":{"uv":[4.5625,4.3875,4.9375,5.0],"texture":"#0","rotation":90}}},{"from":[-2.95,7.49062,13.48737],"to":[1.95,17.49062,16.48737],"rotation":{"origin":[7.95,9.9,8.6],"axis":"x","angle":-22.5},"faces":{"north":{"uv":[4.1875,3.75,3.575,5.0],"texture":"#0"},"east":{"uv":[4.5625,3.75,4.1875,5.0],"texture":"#0"},"south":{"uv":[4.1875,3.75,3.575,5.0],"texture":"#0"},"west":{"uv":[4.1875,3.75,4.5625,5.0],"texture":"#0"},"up":{"uv":[5.1875,3.2,4.8125,3.8125],"texture":"#0","rotation":90},"down":{"uv":[4.9375,4.3875,4.5625,5.0],"texture":"#0","rotation":90}}},{"from":[13.95,16.0,4.5],"to":[19.05,19.0,11.5],"rotation":{"origin":[8.05,9.9,7.0],"axis":"y","angle":0.0},"faces":{"north":{"uv":[5.3125,4.25,5.6875,3.6125],"texture":"#0","rotation":90},"east":{"uv":[5.6875,4.45,6.0625,3.575],"texture":"#0","rotation":270},"south":{"uv":[5.3125,4.25,5.6875,3.6125],"texture":"#0","rotation":90},"west":{"uv":[5.6875,4.45,6.0625,3.575],"texture":"#0","rotation":270},"up":{"uv":[6.6875,3.575,6.05,4.45],"texture":"#0"},"down":{"uv":[6.6875,3.575,6.05,4.45],"texture":"#0"}}},{"from":[14.05,7.49062,-0.48737],"to":[18.95,17.49062,2.51263],"rotation":{"origin":[8.05,9.9,7.4],"axis":"x","angle":22.5},"faces":{"north":{"uv":[4.1875,3.75,3.575,5.0],"texture":"#0"},"east":{"uv":[4.1875,3.75,4.5625,5.0],"texture":"#0"},"south":{"uv":[4.1875,3.75,3.575,5.0],"texture":"#0"},"west":{"uv":[4.5625,3.75,4.1875,5.0],"texture":"#0"},"up":{"uv":[4.8125,3.8125,5.1875,3.2],"texture":"#0","rotation":90},"down":{"uv":[4.5625,5.0,4.9375,4.3875],"texture":"#0","rotation":90}}},{"from":[15.45,5.6,-0.1],"to":[17.45,11.6,-0.1],"rotation":{"origin":[8.0,-9.75,24.0],"axis":"y","angle":0.0},"faces":{"north":{"uv":[1.5625,1.5625,1.3125,2.3125],"texture":"#0"},"east":{"uv":[1.0625,1.1875,1.0625,1.9375],"texture":"#0"},"south":{"uv":[1.3125,1.5625,1.5625,2.3125],"texture":"#0"},"west":{"uv":[1.0625,1.1875,1.0625,1.9375],"texture":"#0"},"up":{"uv":[1.0625,1.4375,1.0625,1.1875],"texture":"#0","rotation":90},"down":{"uv":[1.0625,1.4375,1.0625,1.1875],"texture":"#0","rotation":270}}},{"from":[16.2,7.7,-0.6],"to":[17.2,8.2,0.4],"rotation":{"origin":[0.0,-2.0,16.0],"axis":"y","angle":0.0},"faces":{"north":{"uv":[2.1875,0.6875,2.0625,0.75],"texture":"#0"},"east":{"uv":[2.0625,0.6875,2.1875,0.75],"texture":"#0"},"south":{"uv":[2.1875,0.6875,2.0625,0.75],"texture":"#0"},"west":{"uv":[2.0625,0.6875,2.1875,0.75],"texture":"#0"},"up":{"uv":[2.0625,0.875,2.1875,0.75],"texture":"#0","rotation":90},"down":{"uv":[2.0625,0.875,2.1875,0.75],"texture":"#0","rotation":270}}},{"from":[16.2,8.6,-0.6],"to":[17.2,9.6,0.4],"rotation":{"origin":[0.0,-2.0,16.0],"axis":"y","angle":0.0},"faces":{"north":{"uv":[2.1875,1.0,2.0625,1.125],"texture":"#0"},"east":{"uv":[2.0625,1.0,2.1875,1.125],"texture":"#0"},"south":{"uv":[2.1875,1.0,2.0625,1.125],"texture":"#0"},"west":{"uv":[2.0625,1.0,2.1875,1.125],"texture":"#0"},"up":{"uv":[2.0625,1.0,2.1875,0.875],"texture":"#0","rotation":90},"down":{"uv":[2.0625,1.0,2.1875,0.875],"texture":"#0","rotation":270}}},{"from":[-1.2,7.9,-0.6],"to":[-0.2,8.9,0.4],"rotation":{"origin":[16.0,-2.0,16.0],"axis":"y","angle":0.0},"faces":{"north":{"uv":[2.0625,1.0,2.1875,1.125],"texture":"#0"},"east":{"uv":[2.1875,1.0,2.0625,1.125],"texture":"#0"},"south":{"uv":[2.0625,1.0,2.1875,1.125],"texture":"#0"},"west":{"uv":[2.1875,1.0,2.0625,1.125],"texture":"#0"},"up":{"uv":[2.0625,0.875,2.1875,1.0],"texture":"#0","rotation":90},"down":{"uv":[2.0625,0.875,2.1875,1.0],"texture":"#0","rotation":270}}},{"from":[-1.2,7.0,-0.6],"to":[-0.2,7.5,0.4],"rotation":{"origin":[16.0,-2.0,16.0],"axis":"y","angle":0.0},"faces":{"north":{"uv":[2.0625,0.6875,2.1875,0.75],"texture":"#0"},"east":{"uv":[2.1875,0.6875,2.0625,0.75],"texture":"#0"},"south":{"uv":[2.0625,0.6875,2.1875,0.75],"texture":"#0"},"west":{"uv":[2.1875,0.6875,2.0625,0.75],"texture":"#0"},"up":{"uv":[2.0625,0.75,2.1875,0.875],"texture":"#0","rotation":90},"down":{"uv":[2.0625,0.75,2.1875,0.875],"texture":"#0","rotation":270}}},{"from":[-1.45,4.9,-0.1],"to":[0.55,10.9,-0.1],"rotation":{"origin":[8.0,-9.75,24.0],"axis":"y","angle":0.0},"faces":{"north":{"uv":[1.3125,1.5625,1.5625,2.3125],"texture":"#0"},"east":{"uv":[1.0625,1.1875,1.0625,1.9375],"texture":"#0"},"south":{"uv":[1.5625,1.5625,1.3125,2.3125],"texture":"#0"},"west":{"uv":[1.0625,1.1875,1.0625,1.9375],"texture":"#0"},"up":{"uv":[1.0625,1.1875,1.0625,1.4375],"texture":"#0","rotation":90},"down":{"uv":[1.0625,1.1875,1.0625,1.4375],"texture":"#0","rotation":270}}},{"from":[14.05,7.49062,13.48737],"to":[18.95,17.49062,16.48737],"rotation":{"origin":[8.05,9.9,8.6],"axis":"x","angle":-22.5},"faces":{"north":{"uv":[3.575,3.75,4.1875,5.0],"texture":"#0"},"east":{"uv":[4.5625,3.75,4.1875,5.0],"texture":"#0"},"south":{"uv":[3.575,3.75,4.1875,5.0],"texture":"#0"},"west":{"uv":[4.1875,3.75,4.5625,5.0],"texture":"#0"},"up":{"uv":[5.1875,3.8125,4.8125,3.2],"texture":"#0","rotation":90},"down":{"uv":[4.9375,5.0,4.5625,4.3875],"texture":"#0","rotation":90}}},{"from":[-2.0,10.6,3.25],"to":[18.0,18.1,12.75],"rotation":{"origin":[8.05,9.9,7.0],"axis":"y","angle":0.0},"faces":{"north":{"uv":[3.9375,5.75,6.4375,6.6875],"texture":"#0"},"east":{"uv":[1.625,6.25,2.8125,7.1875],"texture":"#0"},"south":{"uv":[3.9375,5.75,6.4375,6.6875],"texture":"#0"},"west":{"uv":[1.625,6.25,2.8125,7.1875],"texture":"#0"},"up":{"uv":[0.4375,6.25,1.625,8.75],"texture":"#0","rotation":270},"down":{"uv":[0.4375,6.25,1.625,8.75],"texture":"#0","rotation":270}}},{"from":[0.0,7.97435,0.3363],"to":[16.0,16.97435,3.3363],"rotation":{"origin":[8.05,9.9,7.4],"axis":"x","angle":22.5},"faces":{"north":{"uv":[1.125,5.125,3.125,6.25],"texture":"#0"},"east":{"uv":[3.125,5.125,3.5,6.25],"texture":"#0"},"south":{"uv":[1.125,5.125,3.125,6.25],"texture":"#0"},"west":{"uv":[3.125,5.125,3.5,6.25],"texture":"#0"},"up":{"uv":[0.0625,6.0,0.4375,8.0],"texture":"#0","rotation":270},"down":{"uv":[0.0625,6.0,0.4375,8.0],"texture":"#0","rotation":270}}},{"from":[0.0,7.97435,12.6637],"to":[16.0,16.97435,15.6637],"rotation":{"origin":[8.05,9.9,8.6],"axis":"x","angle":-22.5},"faces":{"north":{"uv":[3.125,5.125,1.125,6.25],"texture":"#0"},"east":{"uv":[3.5,5.125,3.125,6.25],"texture":"#0"},"south":{"uv":[5.5,5.125,3.5,6.25],"texture":"#0"},"west":{"uv":[3.5,5.125,3.125,6.25],"texture":"#0"},"up":{"uv":[0.4375,6.0,0.0625,8.0],"texture":"#0","rotation":270},"down":{"uv":[0.4375,6.0,0.0625,8.0],"texture":"#0","rotation":270}}},{"from":[-4.5,16.0,6.4],"to":[1.5,23.0,6.4],"rotation":{"origin":[7.9,18.1,10.7],"axis":"y","angle":0.0},"faces":{"north":{"uv":[2.375,1.9375,1.625,2.8125],"texture":"#0"},"east":{"uv":[0.0,0.0,0.0,0.5],"texture":"#0"},"south":{"uv":[1.625,1.9375,2.375,2.8125],"texture":"#0"},"west":{"uv":[0.0,0.0,0.0,0.5],"texture":"#missing"},"up":{"uv":[0.0,0.5,0.0,0.0],"texture":"#missing","rotation":90},"down":{"uv":[0.0,0.5,0.0,0.0],"texture":"#missing","rotation":270}}},{"from":[-4.5,16.0,9.4],"to":[1.5,23.0,9.4],"rotation":{"origin":[7.9,18.1,10.7],"axis":"y","angle":0.0},"faces":{"north":{"uv":[2.375,1.9375,1.625,2.8125],"texture":"#0"},"east":{"uv":[0.0,0.0,0.0,0.5],"texture":"#0"},"south":{"uv":[1.625,1.9375,2.375,2.8125],"texture":"#0"},"west":{"uv":[0.0,0.0,0.0,0.5],"texture":"#missing"},"up":{"uv":[0.0,0.5,0.0,0.0],"texture":"#missing","rotation":90},"down":{"uv":[0.0,0.5,0.0,0.0],"texture":"#missing","rotation":270}}},{"from":[14.5,16.0,9.4],"to":[20.5,23.0,9.4],"rotation":{"origin":[8.1,18.1,10.7],"axis":"y","angle":0.0},"faces":{"north":{"uv":[1.625,1.9375,2.375,2.8125],"texture":"#0"},"east":{"uv":[0.0,0.0,0.0,0.5],"texture":"#missing"},"south":{"uv":[2.375,1.9375,1.625,2.8125],"texture":"#0"},"west":{"uv":[0.0,0.0,0.0,0.5],"texture":"#0"},"up":{"uv":[0.0,0.0,0.0,0.5],"texture":"#missing","rotation":90},"down":{"uv":[0.0,0.0,0.0,0.5],"texture":"#missing","rotation":270}}},{"from":[14.5,16.0,6.4],"to":[20.5,23.0,6.4],"rotation":{"origin":[8.1,18.1,10.7],"axis":"y","angle":0.0},"faces":{"north":{"uv":[1.625,1.9375,2.375,2.8125],"texture":"#0"},"east":{"uv":[0.0,0.0,0.0,0.5],"texture":"#missing"},"south":{"uv":[2.375,1.9375,1.625,2.8125],"texture":"#0"},"west":{"uv":[0.0,0.0,0.0,0.5],"texture":"#0"},"up":{"uv":[0.0,0.0,0.0,0.5],"texture":"#missing","rotation":90},"down":{"uv":[0.0,0.0,0.0,0.5],"texture":"#missing","rotation":270}}},{"from":[4.0,20.0,8.0],"to":[8.0,24.0,8.0],"rotation":{"origin":[2.6,0.0,2.8],"axis":"y","angle":0.0},"faces":{"north":{"uv":[2.125,1.4375,1.625,1.9375],"texture":"#0"},"east":{"uv":[0.0,0.0,0.0,0.5],"texture":"#0"},"south":{"uv":[1.625,1.4375,2.125,1.9375],"texture":"#0"},"west":{"uv":[0.0,0.0,0.0,0.5],"texture":"#missing"},"up":{"uv":[0.0,0.5,0.0,0.0],"texture":"#missing","rotation":90},"down":{"uv":[0.0,0.5,0.0,0.0],"texture":"#missing","rotation":270}}},{"from":[8.0,20.0,8.0],"to":[12.0,24.0,8.0],"rotation":{"origin":[18.6,0.0,2.8],"axis":"y","angle":0.0},"faces":{"north":{"uv":[1.625,1.4375,2.125,1.9375],"texture":"#0"},"east":{"uv":[0.0,0.0,0.0,0.5],"texture":"#missing"},"south":{"uv":[2.125,1.4375,1.625,1.9375],"texture":"#0"},"west":{"uv":[0.0,0.0,0.0,0.5],"texture":"#0"},"up":{"uv":[0.0,0.0,0.0,0.5],"texture":"#missing","rotation":90},"down":{"uv":[0.0,0.0,0.0,0.5],"texture":"#missing","rotation":270}}},{"from":[4.0,6.0,1.1],"to":[8.0,10.0,1.1],"rotation":{"origin":[2.6,16.0,2.8],"axis":"y","angle":0.0},"faces":{"north":{"uv":[2.125,1.9375,1.625,1.4375],"texture":"#0"},"east":{"uv":[0.0,0.5,0.0,0.0],"texture":"#0"},"south":{"uv":[1.625,1.9375,2.125,1.4375],"texture":"#0"},"west":{"uv":[0.0,0.5,0.0,0.0],"texture":"#missing"},"up":{"uv":[0.0,0.5,0.0,0.0],"texture":"#missing","rotation":270},"down":{"uv":[0.0,0.5,0.0,0.0],"texture":"#missing","rotation":90}}},{"from":[8.0,6.0,1.1],"to":[12.0,10.0,1.1],"rotation":{"origin":[18.6,16.0,2.8],"axis":"y","angle":0.0},"faces":{"north":{"uv":[1.625,1.9375,2.125,1.4375],"texture":"#0"},"east":{"uv":[0.0,0.5,0.0,0.0],"texture":"#missing"},"south":{"uv":[2.125,1.9375,1.625,1.4375],"texture":"#0"},"west":{"uv":[0.0,0.5,0.0,0.0],"texture":"#0"},"up":{"uv":[0.0,0.0,0.0,0.5],"texture":"#missing","rotation":270},"down":{"uv":[0.0,0.0,0.0,0.5],"texture":"#missing","rotation":90}}},{"from":[-4.0,22.0,11.0],"to":[6.0,32.0,11.0],"rotation":{"origin":[1.0,27.0,11.0],"axis":"y","angle":22.5},"faces":{"north":{"uv":[10.5,1.0,0.5,11.0],"texture":"#2"},"east":{"uv":[0.5,1.0,0.5,11.0],"texture":"#2"},"south":{"uv":[10.5,1.0,0.5,11.0],"texture":"#2"},"west":{"uv":[0.5,1.0,0.5,11.0],"texture":"#2"},"up":{"uv":[0.5,11.0,0.5,1.0],"texture":"#2","rotation":90},"down":{"uv":[0.5,1.0,0.5,11.0],"texture":"#2","rotation":270}}},{"from":[-10.0,11.0,3.0],"to":[-2.0,19.0,3.0],"rotation":{"origin":[-6.0,15.0,3.0],"axis":"y","angle":22.5},"faces":{"north":{"uv":[0.0,0.0,16.0,16.0],"texture":"#3"},"east":{"uv":[0.0,0.0,0.0,16.0],"texture":"#3"},"south":{"uv":[0.0,0.0,16.0,16.0],"texture":"#3"},"west":{"uv":[0.0,0.0,0.0,16.0],"texture":"#3"},"up":{"uv":[0.0,16.0,0.0,0.0],"texture":"#3","rotation":90},"down":{"uv":[0.0,0.0,0.0,16.0],"texture":"#3","rotation":270}}},{"from":[18.0,13.0,6.0],"to":[28.0,23.0,6.0],"rotation":{"origin":[23.0,18.0,6.0],"axis":"y","angle":-22.5},"faces":{"north":{"uv":[0.5,1.0,10.5,11.0],"texture":"#2"},"east":{"uv":[0.0,0.0,0.0,12.0],"texture":"#2"},"south":{"uv":[0.5,1.0,10.5,11.0],"texture":"#2"},"west":{"uv":[0.0,0.0,0.0,12.0],"texture":"#2"},"up":{"uv":[0.0,12.0,0.0,0.0],"texture":"#2","rotation":90},"down":{"uv":[0.0,0.0,0.0,12.0],"texture":"#2","rotation":270}}},{"from":[8.82339,18.76052,7.25],"to":[10.82339,21.26052,8.75],"rotation":{"origin":[8.0,19.45,8.0],"axis":"z","angle":-22.5},"faces":{"north":{"uv":[2.125,0.25,1.875,0.5625],"texture":"#0"},"east":{"uv":[2.3125,0.25,2.125,0.5625],"texture":"#0"},"south":{"uv":[2.125,0.25,1.875,0.5625],"texture":"#0"},"west":{"uv":[2.3125,0.25,2.125,0.5625],"texture":"#0"},"up":{"uv":[2.0625,0.25,2.25,0.0],"texture":"#0","rotation":90},"down":{"uv":[2.0625,0.25,2.25,0.0],"texture":"#0","rotation":270}}},{"from":[7.25,17.45,6.5],"to":[8.75,19.55,9.5],"rotation":{"origin":[8.0,19.45,8.0],"axis":"y","angle":0.0},"faces":{"north":{"uv":[0.75,1.375,0.9375,1.125],"texture":"#0"},"east":{"uv":[0.9375,1.375,1.3125,1.125],"texture":"#0"},"south":{"uv":[0.9375,1.375,0.75,1.125],"texture":"#0"},"west":{"uv":[0.9375,1.375,1.3125,1.125],"texture":"#0"},"up":{"uv":[0.875,1.125,1.25,0.9375],"texture":"#0","rotation":90},"down":{"uv":[0.875,1.125,1.25,0.9375],"texture":"#0","rotation":270}}},{"from":[6.40503,17.5,7.49497],"to":[8.50503,19.5,9.59497],"rotation":{"origin":[8.0,19.45,8.0],"axis":"y","angle":-45.0},"faces":{"north":{"uv":[1.8125,0.25,2.0625,0.0],"texture":"#0"},"east":{"uv":[1.3125,0.5625,1.5625,0.3125],"texture":"#0"},"south":{"uv":[1.5625,0.5625,1.3125,0.3125],"texture":"#0"},"west":{"uv":[1.3125,0.5625,1.5625,0.3125],"texture":"#0"},"up":{"uv":[1.3125,0.8125,1.5625,0.5625],"texture":"#0","rotation":90},"down":{"uv":[1.3125,0.8125,1.5625,0.5625],"texture":"#0","rotation":270}}},{"from":[5.17661,18.76052,7.25],"to":[7.17661,21.26052,8.75],"rotation":{"origin":[8.0,19.45,8.0],"axis":"z","angle":22.5},"faces":{"north":{"uv":[1.875,0.25,2.125,0.5625],"texture":"#0"},"east":{"uv":[2.125,0.25,2.3125,0.5625],"texture":"#0"},"south":{"uv":[1.875,0.25,2.125,0.5625],"texture":"#0"},"west":{"uv":[2.125,0.25,2.3125,0.5625],"texture":"#0"},"up":{"uv":[2.0625,0.0,2.25,0.25],"texture":"#0","rotation":90},"down":{"uv":[2.0625,0.0,2.25,0.25],"texture":"#0","rotation":270}}},{"from":[7.49497,17.5,7.49497],"to":[9.59497,19.5,9.59497],"rotation":{"origin":[8.0,19.45,8.0],"axis":"y","angle":45.0},"faces":{"north":{"uv":[2.0625,0.25,1.8125,0.0],"texture":"#0"},"east":{"uv":[1.5625,0.5625,1.3125,0.3125],"texture":"#0"},"south":{"uv":[1.3125,0.5625,1.5625,0.3125],"texture":"#0"},"west":{"uv":[1.5625,0.5625,1.3125,0.3125],"texture":"#0"},"up":{"uv":[1.3125,0.5625,1.5625,0.8125],"texture":"#0","rotation":90},"down":{"uv":[1.3125,0.5625,1.5625,0.8125],"texture":"#0","rotation":270}}},{"from":[7.0,19.4,7.0],"to":[9.0,21.4,9.0],"rotation":{"origin":[8.0,19.45,8.0],"axis":"y","angle":-45.0},"faces":{"north":{"uv":[1.3125,1.0625,1.5625,0.8125],"texture":"#0"},"east":{"uv":[1.3125,1.0625,1.5625,0.8125],"texture":"#0"},"south":{"uv":[1.3125,1.0625,1.5625,0.8125],"texture":"#0"},"west":{"uv":[1.3125,1.0625,1.5625,0.8125],"texture":"#0"},"up":{"uv":[1.3125,1.3125,1.5625,1.0625],"texture":"#0","rotation":90},"down":{"uv":[1.3125,1.3125,1.5625,1.0625],"texture":"#0","rotation":270}}}],"textures":{"particle":"elitecreatures:55d15137-4d7d-44ff-b3cf-c8d325552701","0":"elitecreatures:55d15137-4d7d-44ff-b3cf-c8d325552701","2":"elitecreatures:3b5f8e36-9db3-4311-839c-43496619e8bc","3":"elitecreatures:dc647625-ed1b-4192-96f4-e837c608b794","4":"elitecreatures:9864f805-be91-4d03-a7ec-b9fa92da8344"},"gui_light":"front"}