{"display":{"thirdperson_righthand":{"rotation":[68.0,0.0,0.0],"translation":[0.0,0.5,1.75],"scale":[0.47656,0.47656,0.47656]},"thirdperson_lefthand":{"rotation":[68.0,0.0,0.0],"translation":[-6.0,-6.25,16.25]},"firstperson_righthand":{"rotation":[-10.0,0.0,0.0],"translation":[1.25,5.5,0.0],"scale":[0.6,0.6,0.6]},"firstperson_lefthand":{"rotation":[-10.0,0.0,0.0],"translation":[1.25,5.5,0.0],"scale":[0.6,0.6,0.6]},"ground":{"translation":[0.0,11.25,0.0],"scale":[0.6,0.6,0.6]},"gui":{"rotation":[2.0,148.0,0.0],"translation":[1.0,5.5,-1.5],"scale":[0.70703,0.70703,0.70703]},"head":{"translation":[0.0,-3.5,10.5],"scale":[1.6,1.6,1.6]},"fixed":{"rotation":[95.0,45.0,-90.0],"translation":[-0.5,-0.5,-1.5],"scale":[0.5,0.5,0.5]}},"elements":[{"from":[-3.0,2.0,3.5],"to":[19.0,6.0,7.5],"faces":{"north":{"uv":[0.0,9.3125,2.75,9.8125],"texture":"#0"},"east":{"uv":[2.75,9.3125,3.25,9.8125],"texture":"#0"},"south":{"uv":[0.0,9.3125,2.75,9.8125],"texture":"#0"},"west":{"uv":[2.75,9.3125,3.25,9.8125],"texture":"#0"},"up":{"uv":[0.0,9.8125,2.75,10.3125],"texture":"#0"},"down":{"uv":[0.0,9.8125,2.75,10.3125],"texture":"#0"}}},{"from":[-1.0,1.5,3.0],"to":[2.0,6.5,8.0],"faces":{"north":{"uv":[3.875,9.125,4.25,9.75],"texture":"#0"},"east":{"uv":[3.25,9.125,3.875,9.75],"texture":"#0"},"south":{"uv":[3.875,9.125,4.25,9.75],"texture":"#0"},"west":{"uv":[3.25,9.125,3.875,9.75],"texture":"#0"},"up":{"uv":[4.25,9.125,4.625,9.75],"texture":"#0"},"down":{"uv":[4.25,9.125,4.625,9.75],"texture":"#0"}}},{"from":[14.0,1.5,3.0],"to":[17.0,6.5,8.0],"rotation":{"origin":[16.0,0.0,0.0],"axis":"y","angle":0.0},"faces":{"north":{"uv":[4.25,9.125,3.875,9.75],"texture":"#0"},"east":{"uv":[3.875,9.125,3.25,9.75],"texture":"#0"},"south":{"uv":[4.25,9.125,3.875,9.75],"texture":"#0"},"west":{"uv":[3.875,9.125,3.25,9.75],"texture":"#0"},"up":{"uv":[4.625,9.125,4.25,9.75],"texture":"#0"},"down":{"uv":[4.625,9.125,4.25,9.75],"texture":"#0"}}},{"from":[-4.5,3.5,5.5],"to":[0.5,10.5,5.5],"rotation":{"origin":[0.0,0.0,16.0],"axis":"y","angle":0.0},"faces":{"north":{"uv":[2.25,1.9375,1.625,2.8125],"texture":"#0"},"east":{"uv":[0.0,0.0,0.0,0.875],"texture":"#0"},"south":{"uv":[1.625,1.9375,2.25,2.8125],"texture":"#0"},"west":{"uv":[0.0,0.0,0.0,0.875],"texture":"#missing"},"up":{"uv":[0.0,0.625,0.0,0.0],"texture":"#missing","rotation":90},"down":{"uv":[0.0,0.625,0.0,0.0],"texture":"#missing","rotation":270}}},{"from":[15.5,3.5,5.5],"to":[20.5,10.5,5.5],"rotation":{"origin":[16.0,0.0,16.0],"axis":"y","angle":0.0},"faces":{"north":{"uv":[1.625,1.9375,2.25,2.8125],"texture":"#0"},"east":{"uv":[0.0,0.0,0.0,0.875],"texture":"#missing"},"south":{"uv":[2.25,1.9375,1.625,2.8125],"texture":"#0"},"west":{"uv":[0.0,0.0,0.0,0.875],"texture":"#0"},"up":{"uv":[0.0,0.0,0.0,0.625],"texture":"#missing","rotation":90},"down":{"uv":[0.0,0.0,0.0,0.625],"texture":"#missing","rotation":270}}},{"from":[5.5,-2.5,1.5],"to":[5.5,2.5,8.5],"rotation":{"origin":[5.5,7.0,14.0],"axis":"y","angle":0.0},"faces":{"north":{"uv":[0.0,0.0,0.0,0.625],"texture":"#missing","rotation":180},"east":{"uv":[2.25,1.9375,1.625,2.8125],"texture":"#0","rotation":270},"south":{"uv":[0.0,0.0,0.0,0.625],"texture":"#missing"},"west":{"uv":[1.625,1.9375,2.25,2.8125],"texture":"#0","rotation":90},"up":{"uv":[0.0,0.0,0.0,0.875],"texture":"#missing","rotation":180},"down":{"uv":[0.0,0.0,0.0,0.875],"texture":"#0"}}},{"from":[10.5,-2.5,1.5],"to":[10.5,2.5,8.5],"rotation":{"origin":[10.5,7.0,14.0],"axis":"y","angle":0.0},"faces":{"north":{"uv":[0.0,0.0,0.0,0.625],"texture":"#missing","rotation":180},"east":{"uv":[1.625,2.8125,2.25,1.9375],"texture":"#0","rotation":90},"south":{"uv":[0.0,0.0,0.0,0.625],"texture":"#missing"},"west":{"uv":[2.25,2.8125,1.625,1.9375],"texture":"#0","rotation":270},"up":{"uv":[0.0,0.0,0.0,0.875],"texture":"#missing","rotation":180},"down":{"uv":[0.0,0.0,0.0,0.875],"texture":"#0"}}},{"from":[0.5,5.0,5.5],"to":[4.5,9.0,5.5],"faces":{"north":{"uv":[2.125,1.4375,1.625,1.9375],"texture":"#0"},"east":{"uv":[0.0,0.0,0.0,0.5],"texture":"#missing"},"south":{"uv":[1.625,1.4375,2.125,1.9375],"texture":"#0"},"west":{"uv":[0.0,0.0,0.0,0.5],"texture":"#0"},"up":{"uv":[0.0,0.0,0.0,0.5],"texture":"#missing","rotation":90},"down":{"uv":[0.0,0.0,0.0,0.5],"texture":"#missing","rotation":270}}},{"from":[11.5,5.0,5.5],"to":[15.5,9.0,5.5],"rotation":{"origin":[-16.0,0.0,0.0],"axis":"y","angle":0.0},"faces":{"north":{"uv":[1.625,1.4375,2.125,1.9375],"texture":"#0"},"east":{"uv":[0.0,0.0,0.0,0.5],"texture":"#0"},"south":{"uv":[2.125,1.4375,1.625,1.9375],"texture":"#0"},"west":{"uv":[0.0,0.0,0.0,0.5],"texture":"#missing"},"up":{"uv":[0.0,0.5,0.0,0.0],"texture":"#missing","rotation":90},"down":{"uv":[0.0,0.5,0.0,0.0],"texture":"#missing","rotation":270}}},{"from":[-3.5,-10.5,5.5],"to":[3.0,2.0,5.5],"rotation":{"origin":[-0.25,-4.25,5.5],"axis":"y","angle":22.5},"faces":{"north":{"uv":[14.5625,2.8125,13.75,4.375],"texture":"#0"},"east":{"uv":[0.0,0.0,0.0,0.8125],"texture":"#missing"},"south":{"uv":[13.75,2.8125,14.5625,4.375],"texture":"#0"},"west":{"uv":[0.0,0.0,0.0,0.8125],"texture":"#missing"},"up":{"uv":[0.0,0.0,0.75,0.0],"texture":"#missing"},"down":{"uv":[0.0,0.0,0.75,0.0],"texture":"#missing"}}},{"from":[-0.25,-10.5,2.25],"to":[-0.25,2.0,8.75],"rotation":{"origin":[-0.25,-4.25,5.5],"axis":"y","angle":22.5},"faces":{"north":{"uv":[0.0,0.0,0.0,0.8125],"texture":"#missing"},"east":{"uv":[14.5625,2.8125,13.75,4.375],"texture":"#0"},"south":{"uv":[0.0,0.0,0.0,0.8125],"texture":"#missing"},"west":{"uv":[13.75,2.8125,14.5625,4.375],"texture":"#0"},"up":{"uv":[0.0,0.0,0.75,0.0],"texture":"#missing","rotation":90},"down":{"uv":[0.0,0.0,0.75,0.0],"texture":"#missing","rotation":270}}},{"from":[-0.25,-10.5,2.25],"to":[-0.25,2.0,8.75],"rotation":{"origin":[-0.25,-4.25,5.5],"axis":"y","angle":-22.5},"faces":{"north":{"uv":[0.0,0.0,0.0,0.8125],"texture":"#missing"},"east":{"uv":[14.5625,2.8125,13.75,4.375],"texture":"#0"},"south":{"uv":[0.0,0.0,0.0,0.8125],"texture":"#missing"},"west":{"uv":[13.75,2.8125,14.5625,4.375],"texture":"#0"},"up":{"uv":[0.0,0.0,0.75,0.0],"texture":"#missing","rotation":90},"down":{"uv":[0.0,0.0,0.75,0.0],"texture":"#missing","rotation":270}}},{"from":[-3.5,-10.5,5.5],"to":[3.0,2.0,5.5],"rotation":{"origin":[-0.25,-4.25,5.5],"axis":"y","angle":-22.5},"faces":{"north":{"uv":[14.5625,2.8125,13.75,4.375],"texture":"#0"},"east":{"uv":[0.0,0.0,0.0,0.8125],"texture":"#missing"},"south":{"uv":[13.75,2.8125,14.5625,4.375],"texture":"#0"},"west":{"uv":[0.0,0.0,0.0,0.8125],"texture":"#missing"},"up":{"uv":[0.0,0.0,0.75,0.0],"texture":"#missing"},"down":{"uv":[0.0,0.0,0.75,0.0],"texture":"#missing"}}},{"from":[2.25,-3.3,5.9],"to":[4.25,2.7,5.9],"rotation":{"origin":[-8.0,-9.75,8.0],"axis":"y","angle":0.0},"faces":{"north":{"uv":[1.3125,1.5625,1.5625,2.3125],"texture":"#0"},"east":{"uv":[1.0625,1.1875,1.0625,1.9375],"texture":"#0"},"south":{"uv":[1.5625,1.5625,1.3125,2.3125],"texture":"#0"},"west":{"uv":[1.0625,1.1875,1.0625,1.9375],"texture":"#0"},"up":{"uv":[1.0625,1.1875,1.0625,1.4375],"texture":"#0","rotation":90},"down":{"uv":[1.0625,1.1875,1.0625,1.4375],"texture":"#0","rotation":270}}},{"from":[2.5,-1.2,5.4],"to":[3.5,-0.7,6.4],"rotation":{"origin":[0.0,-2.0,0.0],"axis":"y","angle":0.0},"faces":{"north":{"uv":[2.0625,0.6875,2.1875,0.75],"texture":"#0"},"east":{"uv":[2.1875,0.6875,2.0625,0.75],"texture":"#0"},"south":{"uv":[2.0625,0.6875,2.1875,0.75],"texture":"#0"},"west":{"uv":[2.1875,0.6875,2.0625,0.75],"texture":"#0"},"up":{"uv":[2.0625,0.75,2.1875,0.875],"texture":"#0","rotation":90},"down":{"uv":[2.0625,0.75,2.1875,0.875],"texture":"#0","rotation":270}}},{"from":[2.5,0.2,5.4],"to":[3.5,1.2,6.4],"rotation":{"origin":[0.0,-2.0,0.0],"axis":"y","angle":0.0},"faces":{"north":{"uv":[2.0625,1.0,2.1875,1.125],"texture":"#0"},"east":{"uv":[2.1875,1.0,2.0625,1.125],"texture":"#0"},"south":{"uv":[2.0625,1.0,2.1875,1.125],"texture":"#0"},"west":{"uv":[2.1875,1.0,2.0625,1.125],"texture":"#0"},"up":{"uv":[2.0625,0.875,2.1875,1.0],"texture":"#0","rotation":90},"down":{"uv":[2.0625,0.875,2.1875,1.0],"texture":"#0","rotation":270}}},{"from":[12.5,-0.4,4.4],"to":[13.5,0.6,5.4],"rotation":{"origin":[16.0,-2.0,0.0],"axis":"y","angle":0.0},"faces":{"north":{"uv":[2.1875,1.0,2.0625,1.125],"texture":"#0"},"east":{"uv":[2.0625,1.0,2.1875,1.125],"texture":"#0"},"south":{"uv":[2.1875,1.0,2.0625,1.125],"texture":"#0"},"west":{"uv":[2.0625,1.0,2.1875,1.125],"texture":"#0"},"up":{"uv":[2.0625,1.0,2.1875,0.875],"texture":"#0","rotation":90},"down":{"uv":[2.0625,1.0,2.1875,0.875],"texture":"#0","rotation":270}}},{"from":[12.5,-1.8,4.4],"to":[13.5,-1.3,5.4],"rotation":{"origin":[16.0,-2.0,0.0],"axis":"y","angle":0.0},"faces":{"north":{"uv":[2.1875,0.6875,2.0625,0.75],"texture":"#0"},"east":{"uv":[2.0625,0.6875,2.1875,0.75],"texture":"#0"},"south":{"uv":[2.1875,0.6875,2.0625,0.75],"texture":"#0"},"west":{"uv":[2.0625,0.6875,2.1875,0.75],"texture":"#0"},"up":{"uv":[2.0625,0.875,2.1875,0.75],"texture":"#0","rotation":90},"down":{"uv":[2.0625,0.875,2.1875,0.75],"texture":"#0","rotation":270}}},{"from":[11.75,-3.9,4.9],"to":[13.75,2.1,4.9],"rotation":{"origin":[24.0,-9.75,8.0],"axis":"y","angle":0.0},"faces":{"north":{"uv":[1.5625,1.5625,1.3125,2.3125],"texture":"#0"},"east":{"uv":[1.0625,1.1875,1.0625,1.9375],"texture":"#0"},"south":{"uv":[1.3125,1.5625,1.5625,2.3125],"texture":"#0"},"west":{"uv":[1.0625,1.1875,1.0625,1.9375],"texture":"#0"},"up":{"uv":[1.0625,1.4375,1.0625,1.1875],"texture":"#0","rotation":90},"down":{"uv":[1.0625,1.4375,1.0625,1.1875],"texture":"#0","rotation":270}}},{"from":[16.25,-10.5,2.25],"to":[16.25,2.0,8.75],"rotation":{"origin":[16.25,-4.25,5.5],"axis":"y","angle":-22.5},"faces":{"north":{"uv":[0.0,0.0,0.0,0.8125],"texture":"#missing"},"east":{"uv":[14.5625,2.8125,13.75,4.375],"texture":"#0"},"south":{"uv":[0.0,0.0,0.0,0.8125],"texture":"#missing"},"west":{"uv":[13.75,2.8125,14.5625,4.375],"texture":"#0"},"up":{"uv":[0.0,0.0,0.75,0.0],"texture":"#missing","rotation":90},"down":{"uv":[0.0,0.0,0.75,0.0],"texture":"#missing","rotation":270}}},{"from":[16.25,-10.5,2.25],"to":[16.25,2.0,8.75],"rotation":{"origin":[16.25,-4.25,5.5],"axis":"y","angle":22.5},"faces":{"north":{"uv":[0.0,0.0,0.0,0.8125],"texture":"#missing"},"east":{"uv":[14.5625,2.8125,13.75,4.375],"texture":"#0"},"south":{"uv":[0.0,0.0,0.0,0.8125],"texture":"#missing"},"west":{"uv":[13.75,2.8125,14.5625,4.375],"texture":"#0"},"up":{"uv":[0.0,0.0,0.75,0.0],"texture":"#missing","rotation":90},"down":{"uv":[0.0,0.0,0.75,0.0],"texture":"#missing","rotation":270}}},{"from":[13.0,-10.5,5.5],"to":[19.5,2.0,5.5],"rotation":{"origin":[16.25,-4.25,5.5],"axis":"y","angle":-22.5},"faces":{"north":{"uv":[13.75,2.8125,14.5625,4.375],"texture":"#0"},"east":{"uv":[0.0,0.0,0.0,0.8125],"texture":"#missing"},"south":{"uv":[14.5625,2.8125,13.75,4.375],"texture":"#0"},"west":{"uv":[0.0,0.0,0.0,0.8125],"texture":"#missing"},"up":{"uv":[0.75,0.0,0.0,0.0],"texture":"#missing"},"down":{"uv":[0.75,0.0,0.0,0.0],"texture":"#missing"}}},{"from":[13.0,-10.5,5.5],"to":[19.5,2.0,5.5],"rotation":{"origin":[16.25,-4.25,5.5],"axis":"y","angle":22.5},"faces":{"north":{"uv":[13.75,2.8125,14.5625,4.375],"texture":"#0"},"east":{"uv":[0.0,0.0,0.0,0.8125],"texture":"#missing"},"south":{"uv":[14.5625,2.8125,13.75,4.375],"texture":"#0"},"west":{"uv":[0.0,0.0,0.0,0.8125],"texture":"#missing"},"up":{"uv":[0.75,0.0,0.0,0.0],"texture":"#missing"},"down":{"uv":[0.75,0.0,0.0,0.0],"texture":"#missing"}}},{"from":[-0.7,-2.5,8.0],"to":[1.8,1.5,8.0],"rotation":{"origin":[1.3,1.5,8.0],"axis":"x","angle":-22.5},"faces":{"north":{"uv":[11.1875,0.0,10.875,0.5],"texture":"#0"},"east":{"uv":[0.0,0.0,0.0,0.5],"texture":"#0"},"south":{"uv":[11.1875,0.0,10.875,0.5],"texture":"#0"},"west":{"uv":[0.0,0.0,0.0,0.5],"texture":"#0"},"up":{"uv":[0.0,0.0,0.0,0.3125],"texture":"#0","rotation":90},"down":{"uv":[0.0,0.0,0.0,0.3125],"texture":"#0","rotation":270}}},{"from":[-0.7,-2.16989,9.50762],"to":[1.8,-2.16989,12.50762],"rotation":{"origin":[1.3,-2.2,9.5],"axis":"x","angle":45.0},"faces":{"north":{"uv":[0.0,0.5,0.0,0.8125],"texture":"#missing","rotation":270},"east":{"uv":[0.0,0.5,0.0,0.875],"texture":"#missing","rotation":90},"south":{"uv":[0.0,0.5,0.0,0.8125],"texture":"#missing","rotation":270},"west":{"uv":[0.0,0.5,0.0,0.875],"texture":"#missing","rotation":270},"up":{"uv":[11.1875,0.5,10.875,0.875],"texture":"#0"},"down":{"uv":[11.1875,0.5,10.875,0.875],"texture":"#0"}}},{"from":[-0.7,-4.3,11.65],"to":[1.8,-4.3,16.65],"rotation":{"origin":[1.3,-4.3,11.65],"axis":"x","angle":22.5},"faces":{"north":{"uv":[0.0,0.5,0.0,0.8125],"texture":"#missing","rotation":270},"east":{"uv":[0.0,0.5,0.0,1.5],"texture":"#missing","rotation":90},"south":{"uv":[0.0,0.5,0.0,0.8125],"texture":"#missing","rotation":270},"west":{"uv":[0.0,0.5,0.0,1.5],"texture":"#missing","rotation":270},"up":{"uv":[11.1875,0.875,10.875,1.5],"texture":"#0"},"down":{"uv":[11.1875,1.5,10.875,0.875],"texture":"#0"}}},{"from":[14.2,-2.5,8.0],"to":[16.7,1.5,8.0],"rotation":{"origin":[14.7,1.5,8.0],"axis":"x","angle":-22.5},"faces":{"north":{"uv":[10.875,0.0,11.1875,0.5],"texture":"#0"},"east":{"uv":[0.0,0.0,0.0,0.5],"texture":"#0"},"south":{"uv":[10.875,0.0,11.1875,0.5],"texture":"#0"},"west":{"uv":[0.0,0.0,0.0,0.5],"texture":"#0"},"up":{"uv":[0.0,0.3125,0.0,0.0],"texture":"#0","rotation":90},"down":{"uv":[0.0,0.3125,0.0,0.0],"texture":"#0","rotation":270}}},{"from":[14.2,-2.16989,9.50762],"to":[16.7,-2.16989,12.50762],"rotation":{"origin":[14.7,-2.2,9.5],"axis":"x","angle":45.0},"faces":{"north":{"uv":[0.0,0.8125,0.0,0.5],"texture":"#missing","rotation":270},"east":{"uv":[0.0,0.875,0.0,0.5],"texture":"#missing","rotation":270},"south":{"uv":[0.0,0.8125,0.0,0.5],"texture":"#missing","rotation":270},"west":{"uv":[0.0,0.875,0.0,0.5],"texture":"#missing","rotation":90},"up":{"uv":[10.875,0.5,11.1875,0.875],"texture":"#0"},"down":{"uv":[10.875,0.5,11.1875,0.875],"texture":"#0"}}},{"from":[14.2,-4.3,11.65],"to":[16.7,-4.3,16.65],"rotation":{"origin":[14.7,-4.3,11.65],"axis":"x","angle":22.5},"faces":{"north":{"uv":[0.0,0.8125,0.0,0.5],"texture":"#missing","rotation":270},"east":{"uv":[0.0,1.5,0.0,0.5],"texture":"#missing","rotation":270},"south":{"uv":[0.0,0.8125,0.0,0.5],"texture":"#missing","rotation":270},"west":{"uv":[0.0,1.5,0.0,0.5],"texture":"#missing","rotation":90},"up":{"uv":[10.875,0.875,11.1875,1.5],"texture":"#0"},"down":{"uv":[10.875,1.5,11.1875,0.875],"texture":"#0"}}},{"from":[-8.0,11.0,9.0],"to":[2.0,21.0,9.0],"rotation":{"origin":[3.5,12.0,8.0],"axis":"y","angle":-22.5},"faces":{"north":{"uv":[10.5,1.0,0.5,11.0],"texture":"#2"},"east":{"uv":[0.5,1.0,0.5,11.0],"texture":"#2"},"south":{"uv":[10.5,1.0,0.5,11.0],"texture":"#2"},"west":{"uv":[0.5,1.0,0.5,11.0],"texture":"#2"},"up":{"uv":[0.5,11.0,0.5,1.0],"texture":"#2","rotation":90},"down":{"uv":[0.5,1.0,0.5,11.0],"texture":"#2","rotation":270}}},{"from":[-9.0,-6.0,8.0],"to":[-1.0,2.0,8.0],"rotation":{"origin":[-5.0,-2.0,8.0],"axis":"y","angle":-22.5},"faces":{"north":{"uv":[0.0,0.0,16.0,16.0],"texture":"#3"},"east":{"uv":[0.0,0.0,0.0,16.0],"texture":"#3"},"south":{"uv":[0.0,0.0,16.0,16.0],"texture":"#3"},"west":{"uv":[0.0,0.0,0.0,16.0],"texture":"#3"},"up":{"uv":[0.0,16.0,0.0,0.0],"texture":"#3","rotation":90},"down":{"uv":[0.0,0.0,0.0,16.0],"texture":"#3","rotation":270}}},{"from":[-2.0,8.0,9.0],"to":[6.0,16.0,9.0],"rotation":{"origin":[3.5,12.0,8.0],"axis":"y","angle":-22.5},"faces":{"north":{"uv":[0.0,0.0,16.0,16.0],"texture":"#3"},"east":{"uv":[0.0,0.0,0.0,16.0],"texture":"#3"},"south":{"uv":[0.0,0.0,16.0,16.0],"texture":"#3"},"west":{"uv":[0.0,0.0,0.0,16.0],"texture":"#3"},"up":{"uv":[0.0,16.0,0.0,0.0],"texture":"#3","rotation":90},"down":{"uv":[0.0,0.0,0.0,16.0],"texture":"#3","rotation":270}}},{"from":[14.0,8.0,9.0],"to":[24.0,18.0,9.0],"rotation":{"origin":[19.0,16.0,9.0],"axis":"y","angle":22.5},"faces":{"north":{"uv":[0.5,1.0,10.5,11.0],"texture":"#2"},"east":{"uv":[0.0,0.0,0.0,12.0],"texture":"#2"},"south":{"uv":[0.5,1.0,10.5,11.0],"texture":"#2"},"west":{"uv":[0.0,0.0,0.0,12.0],"texture":"#2"},"up":{"uv":[0.0,12.0,0.0,0.0],"texture":"#2","rotation":90},"down":{"uv":[0.0,0.0,0.0,12.0],"texture":"#2","rotation":270}}},{"from":[16.0,-5.0,10.0],"to":[26.0,5.0,10.0],"rotation":{"origin":[17.0,1.0,9.0],"axis":"y","angle":22.5},"faces":{"north":{"uv":[0.5,1.0,10.5,11.0],"texture":"#2"},"east":{"uv":[0.0,0.0,0.0,12.0],"texture":"#2"},"south":{"uv":[0.5,1.0,10.5,11.0],"texture":"#2"},"west":{"uv":[0.0,0.0,0.0,12.0],"texture":"#2"},"up":{"uv":[0.0,12.0,0.0,0.0],"texture":"#2","rotation":90},"down":{"uv":[0.0,0.0,0.0,12.0],"texture":"#2","rotation":270}}}],"textures":{"particle":"elitecreatures:5efc8920-ef9a-4568-9057-f28d72ef9365","0":"elitecreatures:5efc8920-ef9a-4568-9057-f28d72ef9365","2":"elitecreatures:15f95559-ec8c-44df-93ee-89500d0cc2f0","3":"elitecreatures:1401735c-e013-4d2e-a689-34ce409de725"},"gui_light":"front"}