{"display":{"thirdperson_righthand":{"translation":[0.0,6.5,1.75],"scale":[0.7,0.7,0.7]},"thirdperson_lefthand":{"translation":[0.0,6.5,1.75],"scale":[0.7,0.7,0.7]},"firstperson_righthand":{"rotation":[-10.0,-156.0,0.0],"translation":[1.25,4.5,0.0],"scale":[0.6,0.6,0.6]},"firstperson_lefthand":{"rotation":[-10.0,15.0,0.0],"translation":[1.25,4.5,0.0],"scale":[0.6,0.6,0.6]},"ground":{"rotation":[0.0,0.0,88.0],"translation":[-2.0,2.5,0.25],"scale":[0.45,0.45,0.45]},"gui":{"rotation":[-90.0,-135.0,-90.0],"translation":[-0.5,0.25,-1.5],"scale":[0.5,0.5,0.5]},"head":{"rotation":[90.0,-156.0,90.0],"translation":[1.0,10.5,1.75],"scale":[0.6,0.6,0.6]},"fixed":{"rotation":[-90.0,-90.0,-90.0],"translation":[0.0,5.5,0.25],"scale":[1.2,1.2,1.2]}},"elements":[{"from":[6.15,14.45,6.0],"to":[9.85,17.05,10.0],"rotation":{"origin":[0.0,8.5,-9.5],"axis":"y","angle":0.0},"faces":{"north":{"uv":[1.0625,0.0,1.525,0.325],"texture":"#0"},"east":{"uv":[1.0625,0.0,0.5625,0.3125],"texture":"#0"},"south":{"uv":[1.0625,0.0,1.525,0.325],"texture":"#0"},"west":{"uv":[0.5625,0.0,1.0625,0.3125],"texture":"#0"},"up":{"uv":[0.5625,0.3125,1.0,0.8125],"texture":"#0"},"down":{"uv":[1.5625,0.625,2.025,1.125],"texture":"#0"}}},{"from":[6.75,14.5,4.7],"to":[9.35,17.0,7.3],"rotation":{"origin":[8.0,19.0,6.05],"axis":"y","angle":45.0},"faces":{"north":{"uv":[1.3125,0.625,1.0,0.9375],"texture":"#0"},"east":{"uv":[1.0,0.625,1.3125,0.9375],"texture":"#0"},"south":{"uv":[1.3125,0.625,1.0,0.9375],"texture":"#0"},"west":{"uv":[1.25,0.3125,0.9375,0.625],"texture":"#0"},"up":{"uv":[1.5,0.3125,1.8125,0.0],"texture":"#0"},"down":{"uv":[1.5625,0.625,1.875,0.3125],"texture":"#0"}}},{"from":[6.75,14.5,8.7],"to":[9.35,17.0,11.3],"rotation":{"origin":[8.0,19.0,9.95],"axis":"y","angle":-45.0},"faces":{"north":{"uv":[1.0,0.625,1.3125,0.9375],"texture":"#0"},"east":{"uv":[1.3125,0.625,1.0,0.9375],"texture":"#0"},"south":{"uv":[1.0,0.625,1.3125,0.9375],"texture":"#0"},"west":{"uv":[1.0,0.3125,1.3125,0.625],"texture":"#0"},"up":{"uv":[1.5,0.0,1.8125,0.3125],"texture":"#0"},"down":{"uv":[1.5625,0.3125,1.875,0.625],"texture":"#0"}}},{"from":[6.5,-12.55,7.25],"to":[9.5,-10.45,8.75],"rotation":{"origin":[0.0,-18.5,-9.0],"axis":"y","angle":0.0},"faces":{"north":{"uv":[0.9375,1.125,1.3125,1.375],"texture":"#0"},"east":{"uv":[0.9375,1.125,0.75,1.375],"texture":"#0"},"south":{"uv":[0.9375,1.125,1.3125,1.375],"texture":"#0"},"west":{"uv":[0.75,1.125,0.9375,1.375],"texture":"#0"},"up":{"uv":[0.875,0.9375,1.25,1.125],"texture":"#0"},"down":{"uv":[0.875,0.9375,1.25,1.125],"texture":"#0"}}},{"from":[7.0,-12.5,6.2],"to":[9.1,-10.5,8.3],"rotation":{"origin":[8.0,-12.5,7.3],"axis":"y","angle":45.0},"faces":{"north":{"uv":[1.5625,0.3125,1.3125,0.5625],"texture":"#0"},"east":{"uv":[1.3125,0.3125,1.5625,0.5625],"texture":"#0"},"south":{"uv":[1.5625,0.3125,1.3125,0.5625],"texture":"#0"},"west":{"uv":[2.0625,0.0,1.8125,0.25],"texture":"#0"},"up":{"uv":[1.3125,0.8125,1.5625,0.5625],"texture":"#0"},"down":{"uv":[1.3125,0.8125,1.5625,0.5625],"texture":"#0"}}},{"from":[7.0,-12.5,7.7],"to":[9.1,-10.5,9.8],"rotation":{"origin":[8.0,-12.5,8.7],"axis":"y","angle":-45.0},"faces":{"north":{"uv":[1.3125,0.3125,1.5625,0.5625],"texture":"#0"},"east":{"uv":[1.5625,0.3125,1.3125,0.5625],"texture":"#0"},"south":{"uv":[1.3125,0.3125,1.5625,0.5625],"texture":"#0"},"west":{"uv":[1.8125,0.0,2.0625,0.25],"texture":"#0"},"up":{"uv":[1.3125,0.5625,1.5625,0.8125],"texture":"#0"},"down":{"uv":[1.3125,0.5625,1.5625,0.8125],"texture":"#0"}}},{"from":[7.0,-11.0,7.0],"to":[9.0,13.0,9.0],"rotation":{"origin":[8.0,-7.0,8.0],"axis":"y","angle":-45.0},"faces":{"north":{"uv":[0.0,3.0,0.25,6.0],"texture":"#0"},"east":{"uv":[0.0,3.0,0.25,6.0],"texture":"#0"},"south":{"uv":[0.0,3.0,0.25,6.0],"texture":"#0"},"west":{"uv":[0.0,3.0,0.25,6.0],"texture":"#0"},"up":{"uv":[0.0,3.0,0.25,3.25],"texture":"#0"},"down":{"uv":[0.0,3.0,0.25,3.25],"texture":"#0"}}},{"from":[6.9,-10.5,6.9],"to":[9.1,13.0,6.9],"rotation":{"origin":[8.0,-5.5,8.0],"axis":"y","angle":45.0},"faces":{"north":{"uv":[0.5,3.0,0.25,5.9375],"texture":"#0"},"east":{"uv":[0.8125,1.4375,0.5625,2.6875],"texture":"#0"},"south":{"uv":[0.25,3.0,0.5,5.9375],"texture":"#0"},"west":{"uv":[0.8125,1.4375,0.5625,2.6875],"texture":"#0"},"up":{"uv":[0.5625,1.6875,0.8125,1.4375],"texture":"#0"},"down":{"uv":[0.5625,1.6875,0.8125,1.4375],"texture":"#0"}}},{"from":[6.9,-10.5,6.9],"to":[9.1,13.0,6.9],"rotation":{"origin":[8.0,-5.5,8.0],"axis":"y","angle":-45.0},"faces":{"north":{"uv":[0.25,3.0,0.5,5.9375],"texture":"#0"},"east":{"uv":[0.5625,1.4375,0.8125,2.6875],"texture":"#0"},"south":{"uv":[0.5,3.0,0.25,5.9375],"texture":"#0"},"west":{"uv":[0.5625,1.4375,0.8125,2.6875],"texture":"#0"},"up":{"uv":[0.8125,1.6875,0.5625,1.4375],"texture":"#0"},"down":{"uv":[0.8125,1.6875,0.5625,1.4375],"texture":"#0"}}},{"from":[6.9,-10.5,9.1],"to":[9.1,13.0,9.1],"rotation":{"origin":[8.0,-5.5,8.0],"axis":"y","angle":45.0},"faces":{"north":{"uv":[0.25,3.0,0.5,5.9375],"texture":"#0"},"east":{"uv":[0.8125,1.4375,0.5625,2.6875],"texture":"#0"},"south":{"uv":[0.5,3.0,0.25,5.9375],"texture":"#0"},"west":{"uv":[0.8125,1.4375,0.5625,2.6875],"texture":"#0"},"up":{"uv":[0.8125,1.4375,0.5625,1.6875],"texture":"#0"},"down":{"uv":[0.8125,1.4375,0.5625,1.6875],"texture":"#0"}}},{"from":[6.9,-10.5,9.1],"to":[9.1,13.0,9.1],"rotation":{"origin":[8.0,-5.5,8.0],"axis":"y","angle":-45.0},"faces":{"north":{"uv":[0.5,3.0,0.25,5.9375],"texture":"#0"},"east":{"uv":[0.5625,1.4375,0.8125,2.6875],"texture":"#0"},"south":{"uv":[0.25,3.0,0.5,5.9375],"texture":"#0"},"west":{"uv":[0.5625,1.4375,0.8125,2.6875],"texture":"#0"},"up":{"uv":[0.5625,1.4375,0.8125,1.6875],"texture":"#0"},"down":{"uv":[0.5625,1.4375,0.8125,1.6875],"texture":"#0"}}},{"from":[6.75,13.0,6.75],"to":[9.25,15.5,9.25],"rotation":{"origin":[8.0,13.75,8.0],"axis":"y","angle":-45.0},"faces":{"north":{"uv":[0.8125,1.375,1.125,1.6875],"texture":"#0"},"east":{"uv":[0.8125,1.375,1.125,1.6875],"texture":"#0"},"south":{"uv":[0.8125,1.375,1.125,1.6875],"texture":"#0"},"west":{"uv":[0.8125,1.375,1.125,1.6875],"texture":"#0"},"up":{"uv":[0.8125,1.6875,1.125,2.0],"texture":"#0"},"down":{"uv":[0.8125,1.6875,1.125,2.0],"texture":"#0"}}},{"from":[6.75,8.5,6.75],"to":[9.25,11.0,9.25],"rotation":{"origin":[8.0,13.75,8.0],"axis":"y","angle":-45.0},"faces":{"north":{"uv":[0.8125,1.375,1.125,1.6875],"texture":"#0"},"east":{"uv":[0.8125,1.375,1.125,1.6875],"texture":"#0"},"south":{"uv":[0.8125,1.375,1.125,1.6875],"texture":"#0"},"west":{"uv":[0.8125,1.375,1.125,1.6875],"texture":"#0"},"up":{"uv":[0.8125,1.6875,1.125,2.0],"texture":"#0"},"down":{"uv":[0.8125,1.6875,1.125,2.0],"texture":"#0"}}},{"from":[6.75,2.5,6.75],"to":[9.25,5.0,9.25],"rotation":{"origin":[8.0,13.75,8.0],"axis":"y","angle":-45.0},"faces":{"north":{"uv":[0.8125,1.375,1.125,1.6875],"texture":"#0"},"east":{"uv":[0.8125,1.375,1.125,1.6875],"texture":"#0"},"south":{"uv":[0.8125,1.375,1.125,1.6875],"texture":"#0"},"west":{"uv":[0.8125,1.375,1.125,1.6875],"texture":"#0"},"up":{"uv":[0.8125,1.6875,1.125,2.0],"texture":"#0"},"down":{"uv":[0.8125,1.6875,1.125,2.0],"texture":"#0"}}},{"from":[7.0,-14.4,7.0],"to":[9.0,-12.4,9.0],"rotation":{"origin":[8.0,-13.4,8.0],"axis":"y","angle":-45.0},"faces":{"north":{"uv":[1.3125,0.8125,1.5625,1.0625],"texture":"#0"},"east":{"uv":[1.3125,0.8125,1.5625,1.0625],"texture":"#0"},"south":{"uv":[1.3125,0.8125,1.5625,1.0625],"texture":"#0"},"west":{"uv":[1.3125,0.8125,1.5625,1.0625],"texture":"#0"},"up":{"uv":[1.3125,1.0625,1.5625,1.3125],"texture":"#0"},"down":{"uv":[1.3125,1.0625,1.5625,1.3125],"texture":"#0"}}},{"from":[7.25,-13.5,8.0],"to":[8.75,-11.0,10.0],"rotation":{"origin":[8.0,-10.0,9.5],"axis":"x","angle":-22.5},"faces":{"north":{"uv":[2.125,0.5625,2.3125,0.25],"texture":"#0"},"east":{"uv":[1.875,0.5625,2.125,0.25],"texture":"#0"},"south":{"uv":[2.125,0.5625,2.3125,0.25],"texture":"#0"},"west":{"uv":[1.875,0.5625,2.125,0.25],"texture":"#0"},"up":{"uv":[2.0625,0.25,2.25,0.0],"texture":"#0"},"down":{"uv":[2.0625,0.25,2.25,0.0],"texture":"#0"}}},{"from":[7.25,-13.5,6.0],"to":[8.75,-11.0,8.0],"rotation":{"origin":[8.0,-10.0,6.5],"axis":"x","angle":22.5},"faces":{"north":{"uv":[2.3125,0.5625,2.125,0.25],"texture":"#0"},"east":{"uv":[2.125,0.5625,1.875,0.25],"texture":"#0"},"south":{"uv":[2.3125,0.5625,2.125,0.25],"texture":"#0"},"west":{"uv":[2.125,0.5625,1.875,0.25],"texture":"#0"},"up":{"uv":[2.0625,0.0,2.25,0.25],"texture":"#0"},"down":{"uv":[2.0625,0.0,2.25,0.25],"texture":"#0"}}},{"from":[5.0,15.6,8.5],"to":[11.0,17.6,10.5],"rotation":{"origin":[8.0,15.1,8.0],"axis":"x","angle":-45.0},"faces":{"north":{"uv":[2.3125,1.125,1.5625,1.375],"texture":"#0"},"east":{"uv":[1.3125,1.3125,1.5625,1.5625],"texture":"#0"},"south":{"uv":[2.3125,1.125,1.5625,1.375],"texture":"#0"},"west":{"uv":[1.5625,1.3125,1.3125,1.5625],"texture":"#0"},"up":{"uv":[2.3125,1.125,1.5625,1.375],"texture":"#0"},"down":{"uv":[2.3125,1.125,1.5625,1.375],"texture":"#0"}}},{"from":[5.75,15.0,9.0],"to":[10.25,18.0,12.0],"rotation":{"origin":[8.0,14.0,8.0],"axis":"x","angle":-45.0},"faces":{"north":{"uv":[1.1875,2.375,0.8125,2.9375],"texture":"#0","rotation":90},"east":{"uv":[0.8125,2.0,1.1875,2.375],"texture":"#0","rotation":90},"south":{"uv":[1.1875,2.375,0.8125,2.9375],"texture":"#0","rotation":90},"west":{"uv":[0.8125,2.375,1.1875,2.0],"texture":"#0","rotation":90},"up":{"uv":[0.8125,2.375,1.1875,2.9375],"texture":"#0","rotation":90},"down":{"uv":[0.8125,2.375,1.1875,2.9375],"texture":"#0","rotation":90}}},{"from":[7.9,16.0,8.8],"to":[7.9,20.0,12.8],"rotation":{"origin":[0.0,0.0,16.0],"axis":"y","angle":0.0},"faces":{"north":{"uv":[0.0,0.0,0.0,0.5],"texture":"#0"},"east":{"uv":[1.625,1.4375,2.125,1.9375],"texture":"#0"},"south":{"uv":[0.0,0.0,0.0,0.5],"texture":"#missing"},"west":{"uv":[2.125,1.4375,1.625,1.9375],"texture":"#0"},"up":{"uv":[0.0,0.5,0.0,0.0],"texture":"#missing"},"down":{"uv":[0.0,0.5,0.0,0.0],"texture":"#missing"}}},{"from":[8.1,16.0,8.8],"to":[8.1,20.0,12.8],"rotation":{"origin":[16.0,0.0,16.0],"axis":"y","angle":0.0},"faces":{"north":{"uv":[0.0,0.0,0.0,0.5],"texture":"#0"},"east":{"uv":[1.625,1.4375,2.125,1.9375],"texture":"#0"},"south":{"uv":[0.0,0.0,0.0,0.5],"texture":"#missing"},"west":{"uv":[2.125,1.4375,1.625,1.9375],"texture":"#0"},"up":{"uv":[0.0,0.5,0.0,0.0],"texture":"#missing"},"down":{"uv":[0.0,0.5,0.0,0.0],"texture":"#missing"}}},{"from":[7.9,16.0,3.2],"to":[7.9,20.0,7.2],"faces":{"north":{"uv":[0.0,0.0,0.0,0.5],"texture":"#missing"},"east":{"uv":[2.125,1.4375,1.625,1.9375],"texture":"#0"},"south":{"uv":[0.0,0.0,0.0,0.5],"texture":"#0"},"west":{"uv":[1.625,1.4375,2.125,1.9375],"texture":"#0"},"up":{"uv":[0.0,0.0,0.0,0.5],"texture":"#missing"},"down":{"uv":[0.0,0.0,0.0,0.5],"texture":"#missing"}}},{"from":[8.1,16.0,3.2],"to":[8.1,20.0,7.2],"rotation":{"origin":[16.0,0.0,0.0],"axis":"y","angle":0.0},"faces":{"north":{"uv":[0.0,0.0,0.0,0.5],"texture":"#missing"},"east":{"uv":[2.125,1.4375,1.625,1.9375],"texture":"#0"},"south":{"uv":[0.0,0.0,0.0,0.5],"texture":"#0"},"west":{"uv":[1.625,1.4375,2.125,1.9375],"texture":"#0"},"up":{"uv":[0.0,0.0,0.0,0.5],"texture":"#missing"},"down":{"uv":[0.0,0.0,0.0,0.5],"texture":"#missing"}}},{"from":[12.1,13.0,8.9],"to":[12.1,15.7,12.1],"rotation":{"origin":[12.0,14.5,8.0],"axis":"y","angle":-22.5},"faces":{"north":{"uv":[0.0,0.0,0.0,6.0],"texture":"#4"},"east":{"uv":[6.0,0.0,0.0,6.0],"texture":"#4"},"south":{"uv":[0.0,0.0,0.0,6.0],"texture":"#4"},"west":{"uv":[6.0,0.0,0.0,6.0],"texture":"#4"},"up":{"uv":[0.0,0.0,0.0,6.0],"texture":"#4"},"down":{"uv":[0.0,6.0,0.0,0.0],"texture":"#4"}}},{"from":[12.1,13.0,3.9],"to":[12.1,15.7,7.1],"rotation":{"origin":[12.0,14.5,8.0],"axis":"y","angle":22.5},"faces":{"north":{"uv":[0.0,0.0,0.0,6.0],"texture":"#4"},"east":{"uv":[0.0,0.0,6.0,6.0],"texture":"#4"},"south":{"uv":[0.0,0.0,0.0,6.0],"texture":"#4"},"west":{"uv":[6.0,0.0,0.0,6.0],"texture":"#4"},"up":{"uv":[0.0,6.0,0.0,0.0],"texture":"#4"},"down":{"uv":[0.0,0.0,0.0,6.0],"texture":"#4"}}},{"from":[12.0,8.0,2.0],"to":[12.0,20.0,8.0],"rotation":{"origin":[12.0,14.5,8.0],"axis":"y","angle":22.5},"faces":{"north":{"uv":[0.0,0.0,0.0,120.0],"texture":"#missing"},"east":{"uv":[14.5,0.0,15.25,1.875],"texture":"#0"},"south":{"uv":[0.0,0.0,0.0,120.0],"texture":"#missing"},"west":{"uv":[15.25,0.0,14.5,1.875],"texture":"#0"},"up":{"uv":[0.0,0.0,0.0,48.0],"texture":"#missing"},"down":{"uv":[0.0,0.0,0.0,48.0],"texture":"#missing"}}},{"from":[12.0,8.0,8.0],"to":[12.0,20.0,14.0],"rotation":{"origin":[12.0,14.5,8.0],"axis":"y","angle":-22.5},"faces":{"north":{"uv":[0.0,0.0,0.0,120.0],"texture":"#missing"},"east":{"uv":[13.75,0.0,14.5,1.875],"texture":"#0"},"south":{"uv":[0.0,0.0,0.0,120.0],"texture":"#missing"},"west":{"uv":[14.5,0.0,13.75,1.875],"texture":"#0"},"up":{"uv":[0.0,0.0,0.0,48.0],"texture":"#missing"},"down":{"uv":[0.0,0.0,0.0,48.0],"texture":"#missing"}}},{"from":[3.9,13.0,8.9],"to":[3.9,15.7,12.1],"rotation":{"origin":[4.0,14.5,8.0],"axis":"y","angle":22.5},"faces":{"north":{"uv":[0.0,0.0,0.0,6.0],"texture":"#4"},"east":{"uv":[0.0,0.0,6.0,6.0],"texture":"#4"},"south":{"uv":[0.0,0.0,0.0,6.0],"texture":"#4"},"west":{"uv":[0.0,0.0,6.0,6.0],"texture":"#4"},"up":{"uv":[0.0,0.0,0.0,6.0],"texture":"#4"},"down":{"uv":[0.0,6.0,0.0,0.0],"texture":"#4"}}},{"from":[3.9,13.0,3.9],"to":[3.9,15.7,7.1],"rotation":{"origin":[4.0,14.5,8.0],"axis":"y","angle":-22.5},"faces":{"north":{"uv":[0.0,0.0,0.0,6.0],"texture":"#4"},"east":{"uv":[0.0,0.0,6.0,6.0],"texture":"#4"},"south":{"uv":[0.0,0.0,0.0,6.0],"texture":"#4"},"west":{"uv":[6.0,0.0,0.0,6.0],"texture":"#4"},"up":{"uv":[0.0,6.0,0.0,0.0],"texture":"#4"},"down":{"uv":[0.0,0.0,0.0,6.0],"texture":"#4"}}},{"from":[4.0,8.0,8.0],"to":[4.0,20.0,14.0],"rotation":{"origin":[4.0,14.5,8.0],"axis":"y","angle":22.5},"faces":{"north":{"uv":[0.0,0.0,0.0,120.0],"texture":"#missing"},"east":{"uv":[13.75,0.0,14.5,1.875],"texture":"#0"},"south":{"uv":[0.0,0.0,0.0,120.0],"texture":"#missing"},"west":{"uv":[14.5,0.0,13.75,1.875],"texture":"#0"},"up":{"uv":[0.0,0.0,0.0,48.0],"texture":"#missing"},"down":{"uv":[0.0,0.0,0.0,48.0],"texture":"#missing"}}},{"from":[4.0,8.0,2.0],"to":[4.0,20.0,8.0],"rotation":{"origin":[4.0,14.5,8.0],"axis":"y","angle":-22.5},"faces":{"north":{"uv":[0.0,0.0,0.0,120.0],"texture":"#missing"},"east":{"uv":[14.5,0.0,15.25,1.875],"texture":"#0"},"south":{"uv":[0.0,0.0,0.0,120.0],"texture":"#missing"},"west":{"uv":[15.25,0.0,14.5,1.875],"texture":"#0"},"up":{"uv":[0.0,0.0,0.0,48.0],"texture":"#missing"},"down":{"uv":[0.0,0.0,0.0,48.0],"texture":"#missing"}}},{"from":[7.25,12.5,8.0],"to":[8.75,15.0,10.0],"rotation":{"origin":[8.0,16.0,9.5],"axis":"x","angle":-22.5},"faces":{"north":{"uv":[2.125,0.5625,2.3125,0.25],"texture":"#0"},"east":{"uv":[1.875,0.5625,2.125,0.25],"texture":"#0"},"south":{"uv":[2.125,0.5625,2.3125,0.25],"texture":"#0"},"west":{"uv":[1.875,0.5625,2.125,0.25],"texture":"#0"},"up":{"uv":[2.0625,0.25,2.25,0.0],"texture":"#0"},"down":{"uv":[2.0625,0.25,2.25,0.0],"texture":"#0"}}},{"from":[7.25,12.5,6.0],"to":[8.75,15.0,8.0],"rotation":{"origin":[8.0,16.0,6.5],"axis":"x","angle":22.5},"faces":{"north":{"uv":[2.3125,0.5625,2.125,0.25],"texture":"#0"},"east":{"uv":[2.125,0.5625,1.875,0.25],"texture":"#0"},"south":{"uv":[2.3125,0.5625,2.125,0.25],"texture":"#0"},"west":{"uv":[2.125,0.5625,1.875,0.25],"texture":"#0"},"up":{"uv":[2.0625,0.0,2.25,0.25],"texture":"#0"},"down":{"uv":[2.0625,0.0,2.25,0.25],"texture":"#0"}}},{"from":[8.0,2.5,9.7],"to":[8.0,6.5,13.7],"rotation":{"origin":[8.0,19.0,8.0],"axis":"y","angle":0.0},"faces":{"north":{"uv":[0.0,0.5,0.0,0.0],"texture":"#missing","rotation":180},"east":{"uv":[1.625,1.4375,2.125,1.9375],"texture":"#0","rotation":270},"south":{"uv":[0.0,0.5,0.0,0.0],"texture":"#missing"},"west":{"uv":[2.125,1.4375,1.625,1.9375],"texture":"#0","rotation":90},"up":{"uv":[0.0,0.0,0.0,0.5],"texture":"#0","rotation":180},"down":{"uv":[0.0,0.0,0.0,0.5],"texture":"#missing"}}},{"from":[8.0,6.5,9.7],"to":[8.0,10.5,13.7],"rotation":{"origin":[8.0,19.0,8.0],"axis":"y","angle":0.0},"faces":{"north":{"uv":[0.0,0.0,0.0,0.5],"texture":"#missing","rotation":180},"east":{"uv":[2.125,1.4375,1.625,1.9375],"texture":"#0","rotation":270},"south":{"uv":[0.0,0.0,0.0,0.5],"texture":"#missing"},"west":{"uv":[1.625,1.4375,2.125,1.9375],"texture":"#0","rotation":90},"up":{"uv":[0.0,0.0,0.0,0.5],"texture":"#missing","rotation":180},"down":{"uv":[0.0,0.0,0.0,0.5],"texture":"#0"}}},{"from":[7.45,25.3,6.75],"to":[8.55,27.3,8.75],"rotation":{"origin":[8.3,26.55,8.0],"axis":"x","angle":-45.0},"faces":{"north":{"uv":[4.8125,6.5,4.95,6.25],"texture":"#0"},"east":{"uv":[4.5625,6.25,4.8125,6.5],"texture":"#0"},"south":{"uv":[4.8125,6.5,4.95,6.25],"texture":"#0"},"west":{"uv":[4.8125,6.25,4.5625,6.5],"texture":"#0"},"up":{"uv":[4.8125,6.5,4.95,6.25],"texture":"#0"},"down":{"uv":[4.8125,6.5,4.95,6.25],"texture":"#0"}}},{"from":[7.0,6.0,9.0],"to":[7.0,14.0,17.0],"rotation":{"origin":[0.0,1.0,0.0],"axis":"y","angle":0.0},"faces":{"north":{"uv":[0.0,0.0,0.0,16.0],"texture":"#3"},"east":{"uv":[0.0,0.0,16.0,16.0],"texture":"#3"},"south":{"uv":[0.0,0.0,0.0,16.0],"texture":"#3"},"west":{"uv":[0.0,0.0,16.0,16.0],"texture":"#3"},"up":{"uv":[0.0,16.0,0.0,0.0],"texture":"#3"},"down":{"uv":[0.0,0.0,0.0,16.0],"texture":"#3"}}},{"from":[7.0,7.0,-5.0],"to":[7.0,17.0,5.0],"rotation":{"origin":[0.0,1.0,0.0],"axis":"y","angle":0.0},"faces":{"north":{"uv":[0.0,0.0,0.0,12.0],"texture":"#2"},"east":{"uv":[0.5,1.0,10.5,11.0],"texture":"#2"},"south":{"uv":[0.0,0.0,0.0,12.0],"texture":"#2"},"west":{"uv":[0.5,1.0,10.5,11.0],"texture":"#2"},"up":{"uv":[0.0,12.0,0.0,0.0],"texture":"#2"},"down":{"uv":[0.0,0.0,0.0,12.0],"texture":"#2"}}},{"from":[9.0,18.0,10.0],"to":[9.0,28.0,20.0],"rotation":{"origin":[16.0,1.0,0.0],"axis":"y","angle":0.0},"faces":{"north":{"uv":[0.5,1.0,0.5,11.0],"texture":"#2"},"east":{"uv":[10.5,1.0,0.5,11.0],"texture":"#2"},"south":{"uv":[0.5,1.0,0.5,11.0],"texture":"#2"},"west":{"uv":[10.5,1.0,0.5,11.0],"texture":"#2"},"up":{"uv":[0.5,11.0,0.5,1.0],"texture":"#2"},"down":{"uv":[0.5,1.0,0.5,11.0],"texture":"#2"}}},{"from":[7.5,17.0,6.75],"to":[8.5,26.0,9.25],"rotation":{"origin":[0.3,1.5,-0.5],"axis":"y","angle":0.0},"faces":{"north":{"uv":[5.9375,5.125,5.8125,6.25],"texture":"#0"},"east":{"uv":[5.8125,5.125,5.5,6.25],"texture":"#0"},"south":{"uv":[5.9375,5.125,5.8125,6.25],"texture":"#0"},"west":{"uv":[5.5,5.125,5.8125,6.25],"texture":"#0"},"up":{"uv":[6.25,4.75,6.125,5.0625],"texture":"#0"},"down":{"uv":[6.25,4.75,6.125,5.0625],"texture":"#0"}}},{"from":[8.0,15.5,11.5],"to":[8.0,26.0,14.0],"rotation":{"origin":[0.0,2.5,16.5],"axis":"y","angle":0.0},"faces":{"north":{"uv":[3.375,6.25,3.5,6.9375],"texture":"#0"},"east":{"uv":[14.8125,2.0,15.125,3.3125],"texture":"#0"},"south":{"uv":[3.375,6.25,3.5,6.9375],"texture":"#0"},"west":{"uv":[15.125,2.0,14.8125,3.3125],"texture":"#0"},"up":{"uv":[3.625,6.8125,3.5,6.25],"texture":"#0"},"down":{"uv":[3.625,6.8125,3.5,6.25],"texture":"#0"}}},{"from":[8.0,15.5,2.0],"to":[8.0,26.0,4.5],"rotation":{"origin":[0.0,2.5,-0.5],"axis":"y","angle":0.0},"faces":{"north":{"uv":[3.5,6.25,3.375,6.9375],"texture":"#0"},"east":{"uv":[15.125,2.0,14.8125,3.3125],"texture":"#0"},"south":{"uv":[3.5,6.25,3.375,6.9375],"texture":"#0"},"west":{"uv":[14.8125,2.0,15.125,3.3125],"texture":"#0"},"up":{"uv":[3.625,6.25,3.5,6.8125],"texture":"#0"},"down":{"uv":[3.625,6.25,3.5,6.8125],"texture":"#0"}}},{"from":[7.75,16.0,4.0],"to":[8.25,24.0,6.0],"rotation":{"origin":[0.3,-0.5,13.5],"axis":"y","angle":0.0},"faces":{"north":{"uv":[5.25,6.25,5.3125,7.25],"texture":"#0"},"east":{"uv":[5.25,6.25,5.0,7.25],"texture":"#0"},"south":{"uv":[5.25,6.25,5.3125,7.25],"texture":"#0"},"west":{"uv":[5.0,6.25,5.25,7.25],"texture":"#0"},"up":{"uv":[4.25,6.8125,4.1875,6.5625],"texture":"#0"},"down":{"uv":[4.25,6.8125,4.1875,6.5625],"texture":"#0"}}},{"from":[7.7,23.4,4.75],"to":[8.3,24.9,6.25],"rotation":{"origin":[8.3,24.65,5.0],"axis":"x","angle":45.0},"faces":{"north":{"uv":[5.45,4.4375,5.375,4.25],"texture":"#0"},"east":{"uv":[5.6875,4.25,5.5,4.4375],"texture":"#0"},"south":{"uv":[5.45,4.4375,5.375,4.25],"texture":"#0"},"west":{"uv":[5.5,4.25,5.6875,4.4375],"texture":"#0"},"up":{"uv":[5.45,4.4375,5.375,4.25],"texture":"#0"},"down":{"uv":[5.45,4.4375,5.375,4.25],"texture":"#0"}}},{"from":[7.7,23.4,9.75],"to":[8.3,24.9,11.25],"rotation":{"origin":[8.3,24.65,11.0],"axis":"x","angle":-45.0},"faces":{"north":{"uv":[5.375,4.4375,5.45,4.25],"texture":"#0"},"east":{"uv":[5.5,4.25,5.6875,4.4375],"texture":"#0"},"south":{"uv":[5.375,4.4375,5.45,4.25],"texture":"#0"},"west":{"uv":[5.6875,4.25,5.5,4.4375],"texture":"#0"},"up":{"uv":[5.45,4.25,5.375,4.4375],"texture":"#0"},"down":{"uv":[5.45,4.25,5.375,4.4375],"texture":"#0"}}},{"from":[7.75,16.0,10.0],"to":[8.25,24.0,12.0],"rotation":{"origin":[0.3,-0.5,2.5],"axis":"y","angle":0.0},"faces":{"north":{"uv":[5.3125,6.25,5.25,7.25],"texture":"#0"},"east":{"uv":[5.0,6.25,5.25,7.25],"texture":"#0"},"south":{"uv":[5.3125,6.25,5.25,7.25],"texture":"#0"},"west":{"uv":[5.25,6.25,5.0,7.25],"texture":"#0"},"up":{"uv":[4.25,6.5625,4.1875,6.8125],"texture":"#0"},"down":{"uv":[4.25,6.5625,4.1875,6.8125],"texture":"#0"}}}],"textures":{"particle":"elitecreatures:5efc8920-ef9a-4568-9057-f28d72ef9365","0":"elitecreatures:5efc8920-ef9a-4568-9057-f28d72ef9365","2":"elitecreatures:15f95559-ec8c-44df-93ee-89500d0cc2f0","3":"elitecreatures:1401735c-e013-4d2e-a689-34ce409de725","4":"elitecreatures:5492eaa3-a2e6-4148-9326-d2ff1294e948"},"gui_light":"front"}