{"display":{"thirdperson_righthand":{"translation":[0.0,6.5,1.75],"scale":[0.7,0.7,0.7]},"thirdperson_lefthand":{"translation":[0.0,6.5,1.75],"scale":[0.7,0.7,0.7]},"firstperson_righthand":{"rotation":[-10.0,0.0,0.0],"translation":[1.25,5.75,0.0],"scale":[0.53359,0.53359,0.53359]},"firstperson_lefthand":{"rotation":[-10.0,0.0,0.0],"translation":[1.25,5.75,0.0],"scale":[0.53359,0.53359,0.53359]},"ground":{"rotation":[0.0,0.0,88.0],"translation":[-2.0,2.5,0.25],"scale":[0.45,0.45,0.45]},"gui":{"rotation":[-90.0,-135.0,-90.0],"translation":[0.0,-0.25,-1.5],"scale":[0.5,0.5,0.5]},"head":{"rotation":[90.0,-156.0,90.0],"translation":[1.0,10.5,1.75],"scale":[0.6,0.6,0.6]},"fixed":{"rotation":[-90.0,-90.0,-90.0],"translation":[0.0,5.5,0.25],"scale":[1.2,1.2,1.2]}},"elements":[{"from":[7.5,0.5,6.25],"to":[8.5,24.5,9.75],"rotation":{"origin":[0.0,-0.5,-0.5],"axis":"y","angle":0.0},"faces":{"north":{"uv":[0.5625,0.0,0.4375,3.0],"texture":"#0"},"east":{"uv":[0.4375,0.0,0.0,3.0],"texture":"#0"},"south":{"uv":[0.5625,0.0,0.4375,3.0],"texture":"#0"},"west":{"uv":[0.0,0.0,0.4375,3.0],"texture":"#0"},"up":{"uv":[0.5625,0.0,0.4375,0.4375],"texture":"#0"},"down":{"uv":[0.5625,0.0,0.4375,0.4375],"texture":"#0"}}},{"from":[7.4,0.5,6.25],"to":[7.4,24.5,9.75],"rotation":{"origin":[0.0,-0.5,-0.5],"axis":"y","angle":0.0},"faces":{"north":{"uv":[0.0,0.0,0.0,12.0],"texture":"#1"},"east":{"uv":[1.75,0.0,0.0,12.0],"texture":"#1"},"south":{"uv":[0.0,0.0,0.0,12.0],"texture":"#1"},"west":{"uv":[0.0,0.0,1.75,12.0],"texture":"#1"},"up":{"uv":[0.0,1.75,0.0,0.0],"texture":"#1"},"down":{"uv":[0.0,0.0,0.0,1.75],"texture":"#1"}}},{"from":[8.6,0.5,6.25],"to":[8.6,24.5,9.75],"rotation":{"origin":[16.0,-0.5,-0.5],"axis":"y","angle":0.0},"faces":{"north":{"uv":[0.0,0.0,0.0,12.0],"texture":"#1"},"east":{"uv":[1.75,0.0,0.0,12.0],"texture":"#1"},"south":{"uv":[0.0,0.0,0.0,12.0],"texture":"#1"},"west":{"uv":[0.0,0.0,1.75,12.0],"texture":"#1"},"up":{"uv":[0.0,1.75,0.0,0.0],"texture":"#1"},"down":{"uv":[0.0,0.0,0.0,1.75],"texture":"#1"}}},{"from":[8.0,2.5,5.0],"to":[8.0,29.5,11.0],"rotation":{"origin":[0.0,1.5,-0.5],"axis":"y","angle":0.0},"faces":{"north":{"uv":[0.5,0.0,0.5,3.375],"texture":"#0"},"east":{"uv":[15.25,0.0,16.0,3.375],"texture":"#0"},"south":{"uv":[0.5,0.0,0.5,3.375],"texture":"#0"},"west":{"uv":[15.25,0.0,16.0,3.375],"texture":"#0"},"up":{"uv":[0.5,0.0,0.5,0.625],"texture":"#0"},"down":{"uv":[0.5,0.0,0.5,0.625],"texture":"#0"}}},{"from":[7.45,23.3,6.75],"to":[8.55,25.8,9.25],"rotation":{"origin":[8.0,24.55,8.0],"axis":"x","angle":-45.0},"faces":{"north":{"uv":[0.5625,1.4375,0.7125,1.125],"texture":"#0"},"east":{"uv":[0.5625,0.8125,0.875,1.125],"texture":"#0"},"south":{"uv":[0.5625,1.4375,0.7125,1.125],"texture":"#0"},"west":{"uv":[0.875,0.8125,0.5625,1.125],"texture":"#0"},"up":{"uv":[0.5625,1.4375,0.7125,1.125],"texture":"#0"},"down":{"uv":[0.5625,1.4375,0.7125,1.125],"texture":"#0"}}},{"from":[6.15,0.45,6.0],"to":[9.85,3.05,10.0],"rotation":{"origin":[0.0,-5.5,-9.5],"axis":"y","angle":0.0},"faces":{"north":{"uv":[1.0625,0.0,1.525,0.325],"texture":"#0"},"east":{"uv":[1.0625,0.0,0.5625,0.3125],"texture":"#0"},"south":{"uv":[1.0625,0.0,1.525,0.325],"texture":"#0"},"west":{"uv":[0.5625,0.0,1.0625,0.3125],"texture":"#0"},"up":{"uv":[0.5625,0.3125,1.0,0.8125],"texture":"#0"},"down":{"uv":[1.5625,0.625,2.025,1.125],"texture":"#0"}}},{"from":[6.75,0.5,4.7],"to":[9.35,3.0,7.3],"rotation":{"origin":[8.0,5.0,6.05],"axis":"y","angle":45.0},"faces":{"north":{"uv":[1.3125,0.625,1.0,0.9375],"texture":"#0"},"east":{"uv":[1.0,0.625,1.3125,0.9375],"texture":"#0"},"south":{"uv":[1.3125,0.625,1.0,0.9375],"texture":"#0"},"west":{"uv":[1.25,0.3125,0.9375,0.625],"texture":"#0"},"up":{"uv":[1.5,0.3125,1.8125,0.0],"texture":"#0"},"down":{"uv":[1.5625,0.625,1.875,0.3125],"texture":"#0"}}},{"from":[6.75,0.5,8.7],"to":[9.35,3.0,11.3],"rotation":{"origin":[8.0,5.0,9.95],"axis":"y","angle":-45.0},"faces":{"north":{"uv":[1.0,0.625,1.3125,0.9375],"texture":"#0"},"east":{"uv":[1.3125,0.625,1.0,0.9375],"texture":"#0"},"south":{"uv":[1.0,0.625,1.3125,0.9375],"texture":"#0"},"west":{"uv":[1.0,0.3125,1.3125,0.625],"texture":"#0"},"up":{"uv":[1.5,0.0,1.8125,0.3125],"texture":"#0"},"down":{"uv":[1.5625,0.3125,1.875,0.625],"texture":"#0"}}},{"from":[6.5,-9.55,7.25],"to":[9.5,-7.45,8.75],"rotation":{"origin":[0.0,-15.5,-9.0],"axis":"y","angle":0.0},"faces":{"north":{"uv":[0.9375,1.125,1.3125,1.375],"texture":"#0"},"east":{"uv":[0.9375,1.125,0.75,1.375],"texture":"#0"},"south":{"uv":[0.9375,1.125,1.3125,1.375],"texture":"#0"},"west":{"uv":[0.75,1.125,0.9375,1.375],"texture":"#0"},"up":{"uv":[0.875,0.9375,1.25,1.125],"texture":"#0"},"down":{"uv":[0.875,0.9375,1.25,1.125],"texture":"#0"}}},{"from":[7.0,-9.5,6.2],"to":[9.1,-7.5,8.3],"rotation":{"origin":[8.0,-9.5,7.3],"axis":"y","angle":45.0},"faces":{"north":{"uv":[1.5625,0.3125,1.3125,0.5625],"texture":"#0"},"east":{"uv":[1.3125,0.3125,1.5625,0.5625],"texture":"#0"},"south":{"uv":[1.5625,0.3125,1.3125,0.5625],"texture":"#0"},"west":{"uv":[2.0625,0.0,1.8125,0.25],"texture":"#0"},"up":{"uv":[1.3125,0.8125,1.5625,0.5625],"texture":"#0"},"down":{"uv":[1.3125,0.8125,1.5625,0.5625],"texture":"#0"}}},{"from":[7.0,-9.5,7.7],"to":[9.1,-7.5,9.8],"rotation":{"origin":[8.0,-9.5,8.7],"axis":"y","angle":-45.0},"faces":{"north":{"uv":[1.3125,0.3125,1.5625,0.5625],"texture":"#0"},"east":{"uv":[1.5625,0.3125,1.3125,0.5625],"texture":"#0"},"south":{"uv":[1.3125,0.3125,1.5625,0.5625],"texture":"#0"},"west":{"uv":[1.8125,0.0,2.0625,0.25],"texture":"#0"},"up":{"uv":[1.3125,0.5625,1.5625,0.8125],"texture":"#0"},"down":{"uv":[1.3125,0.5625,1.5625,0.8125],"texture":"#0"}}},{"from":[7.0,-9.0,7.0],"to":[9.0,1.0,9.0],"rotation":{"origin":[8.0,-4.0,8.0],"axis":"y","angle":-45.0},"faces":{"north":{"uv":[0.5625,1.4375,0.8125,2.6875],"texture":"#0"},"east":{"uv":[0.5625,1.4375,0.8125,2.6875],"texture":"#0"},"south":{"uv":[0.5625,1.4375,0.8125,2.6875],"texture":"#0"},"west":{"uv":[0.5625,1.4375,0.8125,2.6875],"texture":"#0"},"up":{"uv":[0.5625,1.4375,0.8125,1.6875],"texture":"#0"},"down":{"uv":[0.5625,1.4375,0.8125,1.6875],"texture":"#0"}}},{"from":[6.9,-9.0,9.1],"to":[9.1,1.0,9.1],"rotation":{"origin":[8.0,-4.0,8.0],"axis":"y","angle":-45.0},"faces":{"north":{"uv":[16.0,3.4375,15.75,4.6875],"texture":"#0"},"east":{"uv":[0.5625,1.4375,0.8125,2.6875],"texture":"#0"},"south":{"uv":[15.75,3.4375,16.0,4.6875],"texture":"#0"},"west":{"uv":[0.5625,1.4375,0.8125,2.6875],"texture":"#0"},"up":{"uv":[0.5625,1.4375,0.8125,1.6875],"texture":"#0"},"down":{"uv":[0.5625,1.4375,0.8125,1.6875],"texture":"#0"}}},{"from":[6.9,-9.0,6.9],"to":[9.1,1.0,6.9],"rotation":{"origin":[8.0,-4.0,8.0],"axis":"y","angle":45.0},"faces":{"north":{"uv":[16.0,3.4375,15.75,4.6875],"texture":"#0"},"east":{"uv":[0.8125,1.4375,0.5625,2.6875],"texture":"#0"},"south":{"uv":[15.75,3.4375,16.0,4.6875],"texture":"#0"},"west":{"uv":[0.8125,1.4375,0.5625,2.6875],"texture":"#0"},"up":{"uv":[0.5625,1.6875,0.8125,1.4375],"texture":"#0"},"down":{"uv":[0.5625,1.6875,0.8125,1.4375],"texture":"#0"}}},{"from":[6.9,-9.0,6.9],"to":[9.1,1.0,6.9],"rotation":{"origin":[8.0,-4.0,8.0],"axis":"y","angle":-45.0},"faces":{"north":{"uv":[15.75,3.4375,16.0,4.6875],"texture":"#0"},"east":{"uv":[0.5625,1.4375,0.8125,2.6875],"texture":"#0"},"south":{"uv":[16.0,3.4375,15.75,4.6875],"texture":"#0"},"west":{"uv":[0.5625,1.4375,0.8125,2.6875],"texture":"#0"},"up":{"uv":[0.8125,1.6875,0.5625,1.4375],"texture":"#0"},"down":{"uv":[0.8125,1.6875,0.5625,1.4375],"texture":"#0"}}},{"from":[6.9,-9.0,9.1],"to":[9.1,1.0,9.1],"rotation":{"origin":[8.0,-4.0,8.0],"axis":"y","angle":45.0},"faces":{"north":{"uv":[15.75,3.4375,16.0,4.6875],"texture":"#0"},"east":{"uv":[0.8125,1.4375,0.5625,2.6875],"texture":"#0"},"south":{"uv":[16.0,3.4375,15.75,4.6875],"texture":"#0"},"west":{"uv":[0.8125,1.4375,0.5625,2.6875],"texture":"#0"},"up":{"uv":[0.8125,1.4375,0.5625,1.6875],"texture":"#0"},"down":{"uv":[0.8125,1.4375,0.5625,1.6875],"texture":"#0"}}},{"from":[6.75,-1.0,6.75],"to":[9.25,1.5,9.25],"rotation":{"origin":[8.0,-0.25,8.0],"axis":"y","angle":-45.0},"faces":{"north":{"uv":[0.8125,1.375,1.125,1.6875],"texture":"#0"},"east":{"uv":[0.8125,1.375,1.125,1.6875],"texture":"#0"},"south":{"uv":[0.8125,1.375,1.125,1.6875],"texture":"#0"},"west":{"uv":[0.8125,1.375,1.125,1.6875],"texture":"#0"},"up":{"uv":[0.8125,1.6875,1.125,2.0],"texture":"#0"},"down":{"uv":[0.8125,1.6875,1.125,2.0],"texture":"#0"}}},{"from":[7.0,-11.4,7.0],"to":[9.0,-9.4,9.0],"rotation":{"origin":[8.0,-10.4,8.0],"axis":"y","angle":-45.0},"faces":{"north":{"uv":[1.3125,0.8125,1.5625,1.0625],"texture":"#0"},"east":{"uv":[1.3125,0.8125,1.5625,1.0625],"texture":"#0"},"south":{"uv":[1.3125,0.8125,1.5625,1.0625],"texture":"#0"},"west":{"uv":[1.3125,0.8125,1.5625,1.0625],"texture":"#0"},"up":{"uv":[1.3125,1.0625,1.5625,1.3125],"texture":"#0"},"down":{"uv":[1.3125,1.0625,1.5625,1.3125],"texture":"#0"}}},{"from":[7.25,-10.5,8.0],"to":[8.75,-8.0,10.0],"rotation":{"origin":[8.0,-7.0,9.5],"axis":"x","angle":-22.5},"faces":{"north":{"uv":[2.125,0.5625,2.3125,0.25],"texture":"#0"},"east":{"uv":[1.875,0.5625,2.125,0.25],"texture":"#0"},"south":{"uv":[2.125,0.5625,2.3125,0.25],"texture":"#0"},"west":{"uv":[1.875,0.5625,2.125,0.25],"texture":"#0"},"up":{"uv":[2.0625,0.25,2.25,0.0],"texture":"#0"},"down":{"uv":[2.0625,0.25,2.25,0.0],"texture":"#0"}}},{"from":[7.25,-10.5,6.0],"to":[8.75,-8.0,8.0],"rotation":{"origin":[8.0,-7.0,6.5],"axis":"x","angle":22.5},"faces":{"north":{"uv":[2.3125,0.5625,2.125,0.25],"texture":"#0"},"east":{"uv":[2.125,0.5625,1.875,0.25],"texture":"#0"},"south":{"uv":[2.3125,0.5625,2.125,0.25],"texture":"#0"},"west":{"uv":[2.125,0.5625,1.875,0.25],"texture":"#0"},"up":{"uv":[2.0625,0.0,2.25,0.25],"texture":"#0"},"down":{"uv":[2.0625,0.0,2.25,0.25],"texture":"#0"}}},{"from":[4.0,-6.0,2.0],"to":[4.0,6.0,8.0],"rotation":{"origin":[4.0,0.5,8.0],"axis":"y","angle":-22.5},"faces":{"north":{"uv":[0.0,0.0,0.0,120.0],"texture":"#missing"},"east":{"uv":[14.5,0.0,15.25,1.875],"texture":"#0"},"south":{"uv":[0.0,0.0,0.0,120.0],"texture":"#missing"},"west":{"uv":[15.25,0.0,14.5,1.875],"texture":"#0"},"up":{"uv":[0.0,0.0,0.0,48.0],"texture":"#missing"},"down":{"uv":[0.0,0.0,0.0,48.0],"texture":"#missing"}}},{"from":[4.0,-6.0,8.0],"to":[4.0,6.0,14.0],"rotation":{"origin":[4.0,0.5,8.0],"axis":"y","angle":22.5},"faces":{"north":{"uv":[0.0,0.0,0.0,120.0],"texture":"#missing"},"east":{"uv":[13.75,0.0,14.5,1.875],"texture":"#0"},"south":{"uv":[0.0,0.0,0.0,120.0],"texture":"#missing"},"west":{"uv":[14.5,0.0,13.75,1.875],"texture":"#0"},"up":{"uv":[0.0,0.0,0.0,48.0],"texture":"#missing"},"down":{"uv":[0.0,0.0,0.0,48.0],"texture":"#missing"}}},{"from":[12.0,-6.0,2.0],"to":[12.0,6.0,8.0],"rotation":{"origin":[12.0,0.5,8.0],"axis":"y","angle":22.5},"faces":{"north":{"uv":[0.0,0.0,0.0,120.0],"texture":"#missing"},"east":{"uv":[14.5,0.0,15.25,1.875],"texture":"#0"},"south":{"uv":[0.0,0.0,0.0,120.0],"texture":"#missing"},"west":{"uv":[15.25,0.0,14.5,1.875],"texture":"#0"},"up":{"uv":[0.0,0.0,0.0,48.0],"texture":"#missing"},"down":{"uv":[0.0,0.0,0.0,48.0],"texture":"#missing"}}},{"from":[12.1,-1.0,8.9],"to":[12.1,1.7,12.1],"rotation":{"origin":[12.0,0.5,8.0],"axis":"y","angle":-22.5},"faces":{"north":{"uv":[0.0,0.0,0.0,6.0],"texture":"#4"},"east":{"uv":[6.0,0.0,0.0,6.0],"texture":"#4"},"south":{"uv":[0.0,0.0,0.0,6.0],"texture":"#4"},"west":{"uv":[6.0,0.0,0.0,6.0],"texture":"#4"},"up":{"uv":[0.0,0.0,0.0,6.0],"texture":"#4"},"down":{"uv":[0.0,6.0,0.0,0.0],"texture":"#4"}}},{"from":[12.1,-1.0,3.9],"to":[12.1,1.7,7.1],"rotation":{"origin":[12.0,0.5,8.0],"axis":"y","angle":22.5},"faces":{"north":{"uv":[0.0,0.0,0.0,6.0],"texture":"#4"},"east":{"uv":[0.0,0.0,6.0,6.0],"texture":"#4"},"south":{"uv":[0.0,0.0,0.0,6.0],"texture":"#4"},"west":{"uv":[6.0,0.0,0.0,6.0],"texture":"#4"},"up":{"uv":[0.0,6.0,0.0,0.0],"texture":"#4"},"down":{"uv":[0.0,0.0,0.0,6.0],"texture":"#4"}}},{"from":[3.9,-1.0,3.9],"to":[3.9,1.7,7.1],"rotation":{"origin":[4.0,0.5,8.0],"axis":"y","angle":-22.5},"faces":{"north":{"uv":[0.0,0.0,0.0,6.0],"texture":"#4"},"east":{"uv":[0.0,0.0,6.0,6.0],"texture":"#4"},"south":{"uv":[0.0,0.0,0.0,6.0],"texture":"#4"},"west":{"uv":[6.0,0.0,0.0,6.0],"texture":"#4"},"up":{"uv":[0.0,6.0,0.0,0.0],"texture":"#4"},"down":{"uv":[0.0,0.0,0.0,6.0],"texture":"#4"}}},{"from":[3.9,-1.0,8.9],"to":[3.9,1.7,12.1],"rotation":{"origin":[4.0,0.5,8.0],"axis":"y","angle":22.5},"faces":{"north":{"uv":[0.0,0.0,0.0,6.0],"texture":"#4"},"east":{"uv":[0.0,0.0,6.0,6.0],"texture":"#4"},"south":{"uv":[0.0,0.0,0.0,6.0],"texture":"#4"},"west":{"uv":[0.0,0.0,6.0,6.0],"texture":"#4"},"up":{"uv":[0.0,0.0,0.0,6.0],"texture":"#4"},"down":{"uv":[0.0,6.0,0.0,0.0],"texture":"#4"}}},{"from":[12.0,-6.0,8.0],"to":[12.0,6.0,14.0],"rotation":{"origin":[12.0,0.5,8.0],"axis":"y","angle":-22.5},"faces":{"north":{"uv":[0.0,0.0,0.0,120.0],"texture":"#missing"},"east":{"uv":[13.75,0.0,14.5,1.875],"texture":"#0"},"south":{"uv":[0.0,0.0,0.0,120.0],"texture":"#missing"},"west":{"uv":[14.5,0.0,13.75,1.875],"texture":"#0"},"up":{"uv":[0.0,0.0,0.0,48.0],"texture":"#missing"},"down":{"uv":[0.0,0.0,0.0,48.0],"texture":"#missing"}}},{"from":[5.0,1.6,8.5],"to":[11.0,3.6,10.5],"rotation":{"origin":[8.0,1.1,8.0],"axis":"x","angle":-45.0},"faces":{"north":{"uv":[2.3125,1.125,1.5625,1.375],"texture":"#0"},"east":{"uv":[1.3125,1.3125,1.5625,1.5625],"texture":"#0"},"south":{"uv":[2.3125,1.125,1.5625,1.375],"texture":"#0"},"west":{"uv":[1.5625,1.3125,1.3125,1.5625],"texture":"#0"},"up":{"uv":[2.3125,1.125,1.5625,1.375],"texture":"#0"},"down":{"uv":[2.3125,1.125,1.5625,1.375],"texture":"#0"}}},{"from":[5.75,1.0,9.0],"to":[10.25,4.0,12.0],"rotation":{"origin":[8.0,0.0,8.0],"axis":"x","angle":-45.0},"faces":{"north":{"uv":[1.1875,2.375,0.8125,2.9375],"texture":"#0","rotation":90},"east":{"uv":[0.8125,2.0,1.1875,2.375],"texture":"#0","rotation":90},"south":{"uv":[1.1875,2.375,0.8125,2.9375],"texture":"#0","rotation":90},"west":{"uv":[0.8125,2.375,1.1875,2.0],"texture":"#0","rotation":90},"up":{"uv":[0.8125,2.375,1.1875,2.9375],"texture":"#0","rotation":90},"down":{"uv":[0.8125,2.375,1.1875,2.9375],"texture":"#0","rotation":90}}},{"from":[9.0,7.0,-5.0],"to":[9.0,17.0,5.0],"rotation":{"origin":[0.0,4.0,0.0],"axis":"y","angle":0.0},"faces":{"north":{"uv":[0.0,0.0,0.0,12.0],"texture":"#2"},"east":{"uv":[0.5,1.0,10.5,11.0],"texture":"#2"},"south":{"uv":[0.0,0.0,0.0,12.0],"texture":"#2"},"west":{"uv":[0.5,1.0,10.5,11.0],"texture":"#2"},"up":{"uv":[0.0,12.0,0.0,0.0],"texture":"#2"},"down":{"uv":[0.0,0.0,0.0,12.0],"texture":"#2"}}},{"from":[7.0,18.0,10.0],"to":[7.0,28.0,20.0],"rotation":{"origin":[0.0,4.0,0.0],"axis":"y","angle":0.0},"faces":{"north":{"uv":[0.5,1.0,0.5,11.0],"texture":"#2"},"east":{"uv":[0.5,1.0,10.5,11.0],"texture":"#2"},"south":{"uv":[0.5,1.0,0.5,11.0],"texture":"#2"},"west":{"uv":[0.5,1.0,10.5,11.0],"texture":"#2"},"up":{"uv":[0.5,11.0,0.5,1.0],"texture":"#2"},"down":{"uv":[0.5,1.0,0.5,11.0],"texture":"#2"}}},{"from":[9.0,7.0,9.0],"to":[9.0,15.0,17.0],"rotation":{"origin":[0.0,4.0,0.0],"axis":"y","angle":0.0},"faces":{"north":{"uv":[0.0,0.0,0.0,16.0],"texture":"#3"},"east":{"uv":[0.0,0.0,16.0,16.0],"texture":"#3"},"south":{"uv":[0.0,0.0,0.0,16.0],"texture":"#3"},"west":{"uv":[0.0,0.0,16.0,16.0],"texture":"#3"},"up":{"uv":[0.0,16.0,0.0,0.0],"texture":"#3"},"down":{"uv":[0.0,0.0,0.0,16.0],"texture":"#3"}}},{"from":[7.3,2.8,8.5],"to":[7.3,6.8,12.5],"rotation":{"origin":[0.0,3.0,16.0],"axis":"y","angle":0.0},"faces":{"north":{"uv":[0.0,0.0,0.0,0.5],"texture":"#0"},"east":{"uv":[1.625,1.4375,2.125,1.9375],"texture":"#0"},"south":{"uv":[0.0,0.0,0.0,0.5],"texture":"#missing"},"west":{"uv":[2.125,1.4375,1.625,1.9375],"texture":"#0"},"up":{"uv":[0.0,0.5,0.0,0.0],"texture":"#missing"},"down":{"uv":[0.0,0.5,0.0,0.0],"texture":"#missing"}}},{"from":[7.3,2.8,3.5],"to":[7.3,6.8,7.5],"rotation":{"origin":[0.0,3.0,0.0],"axis":"y","angle":0.0},"faces":{"north":{"uv":[0.0,0.0,0.0,0.5],"texture":"#missing"},"east":{"uv":[2.125,1.4375,1.625,1.9375],"texture":"#0"},"south":{"uv":[0.0,0.0,0.0,0.5],"texture":"#0"},"west":{"uv":[1.625,1.4375,2.125,1.9375],"texture":"#0"},"up":{"uv":[0.0,0.0,0.0,0.5],"texture":"#missing"},"down":{"uv":[0.0,0.0,0.0,0.5],"texture":"#missing"}}},{"from":[8.7,2.8,3.5],"to":[8.7,6.8,7.5],"rotation":{"origin":[16.0,3.0,0.0],"axis":"y","angle":0.0},"faces":{"north":{"uv":[0.0,0.0,0.0,0.5],"texture":"#missing"},"east":{"uv":[2.125,1.4375,1.625,1.9375],"texture":"#0"},"south":{"uv":[0.0,0.0,0.0,0.5],"texture":"#0"},"west":{"uv":[1.625,1.4375,2.125,1.9375],"texture":"#0"},"up":{"uv":[0.0,0.0,0.0,0.5],"texture":"#missing"},"down":{"uv":[0.0,0.0,0.0,0.5],"texture":"#missing"}}},{"from":[8.7,2.8,8.5],"to":[8.7,6.8,12.5],"rotation":{"origin":[16.0,3.0,16.0],"axis":"y","angle":0.0},"faces":{"north":{"uv":[0.0,0.0,0.0,0.5],"texture":"#0"},"east":{"uv":[1.625,1.4375,2.125,1.9375],"texture":"#0"},"south":{"uv":[0.0,0.0,0.0,0.5],"texture":"#missing"},"west":{"uv":[2.125,1.4375,1.625,1.9375],"texture":"#0"},"up":{"uv":[0.0,0.5,0.0,0.0],"texture":"#missing"},"down":{"uv":[0.0,0.5,0.0,0.0],"texture":"#missing"}}},{"from":[7.4,-3.5,4.0],"to":[8.4,-3.0,5.0],"rotation":{"origin":[0.0,1.0,0.6],"axis":"y","angle":0.0},"faces":{"north":{"uv":[2.1875,0.6875,2.0625,0.75],"texture":"#0"},"east":{"uv":[2.0625,0.6875,2.1875,0.75],"texture":"#0"},"south":{"uv":[2.1875,0.6875,2.0625,0.75],"texture":"#0"},"west":{"uv":[2.0625,0.6875,2.1875,0.75],"texture":"#0"},"up":{"uv":[2.0625,0.75,2.1875,0.875],"texture":"#0"},"down":{"uv":[2.0625,0.75,2.1875,0.875],"texture":"#0"}}},{"from":[7.9,-5.6,3.25],"to":[7.9,0.4,5.25],"rotation":{"origin":[8.0,-6.75,8.6],"axis":"y","angle":0.0},"faces":{"north":{"uv":[1.0625,1.1875,1.0625,1.9375],"texture":"#0"},"east":{"uv":[1.5625,1.5625,1.3125,2.3125],"texture":"#0"},"south":{"uv":[1.0625,1.1875,1.0625,1.9375],"texture":"#0"},"west":{"uv":[1.3125,1.5625,1.5625,2.3125],"texture":"#0"},"up":{"uv":[1.0625,1.1875,1.0625,1.4375],"texture":"#0"},"down":{"uv":[1.0625,1.1875,1.0625,1.4375],"texture":"#0"}}},{"from":[7.4,-2.1,4.0],"to":[8.4,-1.1,5.0],"rotation":{"origin":[0.0,1.0,0.6],"axis":"y","angle":0.0},"faces":{"north":{"uv":[2.1875,1.0,2.0625,1.125],"texture":"#0"},"east":{"uv":[2.0625,1.0,2.1875,1.125],"texture":"#0"},"south":{"uv":[2.1875,1.0,2.0625,1.125],"texture":"#0"},"west":{"uv":[2.0625,1.0,2.1875,1.125],"texture":"#0"},"up":{"uv":[2.0625,0.875,2.1875,1.0],"texture":"#0"},"down":{"uv":[2.0625,0.875,2.1875,1.0],"texture":"#0"}}}],"textures":{"particle":"elitecreatures:55d15137-4d7d-44ff-b3cf-c8d325552701","0":"elitecreatures:55d15137-4d7d-44ff-b3cf-c8d325552701","1":"elitecreatures:0b698d5b-936e-482c-b341-fe5ca07b13c4","2":"elitecreatures:3b5f8e36-9db3-4311-839c-43496619e8bc","3":"elitecreatures:dc647625-ed1b-4192-96f4-e837c608b794","4":"elitecreatures:9864f805-be91-4d03-a7ec-b9fa92da8344"},"gui_light":"front"}