{"display":{"thirdperson_righthand":{"translation":[0.0,6.5,1.75],"scale":[0.7,0.7,0.7]},"thirdperson_lefthand":{"translation":[0.0,6.5,1.75],"scale":[0.7,0.7,0.7]},"firstperson_righthand":{"rotation":[-10.0,0.0,0.0],"translation":[1.25,6.0,0.0],"scale":[0.6,0.6,0.6]},"firstperson_lefthand":{"rotation":[-10.0,0.0,0.0],"translation":[1.25,6.0,0.0],"scale":[0.6,0.6,0.6]},"ground":{"rotation":[0.0,0.0,88.0],"translation":[-2.0,2.5,0.25],"scale":[0.45,0.45,0.45]},"gui":{"rotation":[-90.0,-135.0,-90.0],"translation":[0.0,-0.25,-1.5],"scale":[0.42,0.42,0.42]},"head":{"rotation":[90.0,-156.0,90.0],"translation":[1.0,10.5,1.75],"scale":[0.6,0.6,0.6]},"fixed":{"rotation":[-90.0,-90.0,-90.0],"translation":[0.0,5.5,0.25],"scale":[1.2,1.2,1.2]}},"elements":[{"from":[6.15,14.45,6.0],"to":[9.85,17.05,10.0],"rotation":{"origin":[0.0,8.5,-9.5],"axis":"y","angle":0.0},"faces":{"north":{"uv":[1.0625,0.0,1.525,0.325],"texture":"#0"},"east":{"uv":[1.0625,0.0,0.5625,0.3125],"texture":"#0"},"south":{"uv":[1.0625,0.0,1.525,0.325],"texture":"#0"},"west":{"uv":[0.5625,0.0,1.0625,0.3125],"texture":"#0"},"up":{"uv":[0.5625,0.3125,1.0,0.8125],"texture":"#0"},"down":{"uv":[1.5625,0.625,2.025,1.125],"texture":"#0"}}},{"from":[6.75,14.5,4.7],"to":[9.35,17.0,7.3],"rotation":{"origin":[8.0,19.0,6.05],"axis":"y","angle":45.0},"faces":{"north":{"uv":[1.3125,0.625,1.0,0.9375],"texture":"#0"},"east":{"uv":[1.0,0.625,1.3125,0.9375],"texture":"#0"},"south":{"uv":[1.3125,0.625,1.0,0.9375],"texture":"#0"},"west":{"uv":[1.25,0.3125,0.9375,0.625],"texture":"#0"},"up":{"uv":[1.5,0.3125,1.8125,0.0],"texture":"#0"},"down":{"uv":[1.5625,0.625,1.875,0.3125],"texture":"#0"}}},{"from":[6.75,14.5,8.7],"to":[9.35,17.0,11.3],"rotation":{"origin":[8.0,19.0,9.95],"axis":"y","angle":-45.0},"faces":{"north":{"uv":[1.0,0.625,1.3125,0.9375],"texture":"#0"},"east":{"uv":[1.3125,0.625,1.0,0.9375],"texture":"#0"},"south":{"uv":[1.0,0.625,1.3125,0.9375],"texture":"#0"},"west":{"uv":[1.0,0.3125,1.3125,0.625],"texture":"#0"},"up":{"uv":[1.5,0.0,1.8125,0.3125],"texture":"#0"},"down":{"uv":[1.5625,0.3125,1.875,0.625],"texture":"#0"}}},{"from":[6.5,-12.55,7.25],"to":[9.5,-10.45,8.75],"rotation":{"origin":[0.0,-18.5,-9.0],"axis":"y","angle":0.0},"faces":{"north":{"uv":[0.9375,1.125,1.3125,1.375],"texture":"#0"},"east":{"uv":[0.9375,1.125,0.75,1.375],"texture":"#0"},"south":{"uv":[0.9375,1.125,1.3125,1.375],"texture":"#0"},"west":{"uv":[0.75,1.125,0.9375,1.375],"texture":"#0"},"up":{"uv":[0.875,0.9375,1.25,1.125],"texture":"#0"},"down":{"uv":[0.875,0.9375,1.25,1.125],"texture":"#0"}}},{"from":[7.0,-12.5,6.2],"to":[9.1,-10.5,8.3],"rotation":{"origin":[8.0,-12.5,7.3],"axis":"y","angle":45.0},"faces":{"north":{"uv":[1.5625,0.3125,1.3125,0.5625],"texture":"#0"},"east":{"uv":[1.3125,0.3125,1.5625,0.5625],"texture":"#0"},"south":{"uv":[1.5625,0.3125,1.3125,0.5625],"texture":"#0"},"west":{"uv":[2.0625,0.0,1.8125,0.25],"texture":"#0"},"up":{"uv":[1.3125,0.8125,1.5625,0.5625],"texture":"#0"},"down":{"uv":[1.3125,0.8125,1.5625,0.5625],"texture":"#0"}}},{"from":[7.0,-12.5,7.7],"to":[9.1,-10.5,9.8],"rotation":{"origin":[8.0,-12.5,8.7],"axis":"y","angle":-45.0},"faces":{"north":{"uv":[1.3125,0.3125,1.5625,0.5625],"texture":"#0"},"east":{"uv":[1.5625,0.3125,1.3125,0.5625],"texture":"#0"},"south":{"uv":[1.3125,0.3125,1.5625,0.5625],"texture":"#0"},"west":{"uv":[1.8125,0.0,2.0625,0.25],"texture":"#0"},"up":{"uv":[1.3125,0.5625,1.5625,0.8125],"texture":"#0"},"down":{"uv":[1.3125,0.5625,1.5625,0.8125],"texture":"#0"}}},{"from":[7.0,-11.0,7.0],"to":[9.0,13.0,9.0],"rotation":{"origin":[8.0,-7.0,8.0],"axis":"y","angle":-45.0},"faces":{"north":{"uv":[0.0,3.0,0.25,6.0],"texture":"#0"},"east":{"uv":[0.0,3.0,0.25,6.0],"texture":"#0"},"south":{"uv":[0.0,3.0,0.25,6.0],"texture":"#0"},"west":{"uv":[0.0,3.0,0.25,6.0],"texture":"#0"},"up":{"uv":[0.0,3.0,0.25,3.25],"texture":"#0"},"down":{"uv":[0.0,3.0,0.25,3.25],"texture":"#0"}}},{"from":[6.9,-10.5,6.9],"to":[9.1,13.0,6.9],"rotation":{"origin":[8.0,-5.5,8.0],"axis":"y","angle":45.0},"faces":{"north":{"uv":[0.5,3.0,0.25,5.9375],"texture":"#0"},"east":{"uv":[0.8125,1.4375,0.5625,2.6875],"texture":"#0"},"south":{"uv":[0.25,3.0,0.5,5.9375],"texture":"#0"},"west":{"uv":[0.8125,1.4375,0.5625,2.6875],"texture":"#0"},"up":{"uv":[0.5625,1.6875,0.8125,1.4375],"texture":"#0"},"down":{"uv":[0.5625,1.6875,0.8125,1.4375],"texture":"#0"}}},{"from":[6.9,-10.5,6.9],"to":[9.1,13.0,6.9],"rotation":{"origin":[8.0,-5.5,8.0],"axis":"y","angle":-45.0},"faces":{"north":{"uv":[0.25,3.0,0.5,5.9375],"texture":"#0"},"east":{"uv":[0.5625,1.4375,0.8125,2.6875],"texture":"#0"},"south":{"uv":[0.5,3.0,0.25,5.9375],"texture":"#0"},"west":{"uv":[0.5625,1.4375,0.8125,2.6875],"texture":"#0"},"up":{"uv":[0.8125,1.6875,0.5625,1.4375],"texture":"#0"},"down":{"uv":[0.8125,1.6875,0.5625,1.4375],"texture":"#0"}}},{"from":[6.9,-10.5,9.1],"to":[9.1,13.0,9.1],"rotation":{"origin":[8.0,-5.5,8.0],"axis":"y","angle":45.0},"faces":{"north":{"uv":[0.25,3.0,0.5,5.9375],"texture":"#0"},"east":{"uv":[0.8125,1.4375,0.5625,2.6875],"texture":"#0"},"south":{"uv":[0.5,3.0,0.25,5.9375],"texture":"#0"},"west":{"uv":[0.8125,1.4375,0.5625,2.6875],"texture":"#0"},"up":{"uv":[0.8125,1.4375,0.5625,1.6875],"texture":"#0"},"down":{"uv":[0.8125,1.4375,0.5625,1.6875],"texture":"#0"}}},{"from":[6.9,-10.5,9.1],"to":[9.1,13.0,9.1],"rotation":{"origin":[8.0,-5.5,8.0],"axis":"y","angle":-45.0},"faces":{"north":{"uv":[0.5,3.0,0.25,5.9375],"texture":"#0"},"east":{"uv":[0.5625,1.4375,0.8125,2.6875],"texture":"#0"},"south":{"uv":[0.25,3.0,0.5,5.9375],"texture":"#0"},"west":{"uv":[0.5625,1.4375,0.8125,2.6875],"texture":"#0"},"up":{"uv":[0.5625,1.4375,0.8125,1.6875],"texture":"#0"},"down":{"uv":[0.5625,1.4375,0.8125,1.6875],"texture":"#0"}}},{"from":[6.75,13.0,6.75],"to":[9.25,15.5,9.25],"rotation":{"origin":[8.0,13.75,8.0],"axis":"y","angle":-45.0},"faces":{"north":{"uv":[0.8125,1.375,1.125,1.6875],"texture":"#0"},"east":{"uv":[0.8125,1.375,1.125,1.6875],"texture":"#0"},"south":{"uv":[0.8125,1.375,1.125,1.6875],"texture":"#0"},"west":{"uv":[0.8125,1.375,1.125,1.6875],"texture":"#0"},"up":{"uv":[0.8125,1.6875,1.125,2.0],"texture":"#0"},"down":{"uv":[0.8125,1.6875,1.125,2.0],"texture":"#0"}}},{"from":[6.75,8.5,6.75],"to":[9.25,11.0,9.25],"rotation":{"origin":[8.0,13.75,8.0],"axis":"y","angle":-45.0},"faces":{"north":{"uv":[0.8125,1.375,1.125,1.6875],"texture":"#0"},"east":{"uv":[0.8125,1.375,1.125,1.6875],"texture":"#0"},"south":{"uv":[0.8125,1.375,1.125,1.6875],"texture":"#0"},"west":{"uv":[0.8125,1.375,1.125,1.6875],"texture":"#0"},"up":{"uv":[0.8125,1.6875,1.125,2.0],"texture":"#0"},"down":{"uv":[0.8125,1.6875,1.125,2.0],"texture":"#0"}}},{"from":[6.75,2.5,6.75],"to":[9.25,5.0,9.25],"rotation":{"origin":[8.0,13.75,8.0],"axis":"y","angle":-45.0},"faces":{"north":{"uv":[0.8125,1.375,1.125,1.6875],"texture":"#0"},"east":{"uv":[0.8125,1.375,1.125,1.6875],"texture":"#0"},"south":{"uv":[0.8125,1.375,1.125,1.6875],"texture":"#0"},"west":{"uv":[0.8125,1.375,1.125,1.6875],"texture":"#0"},"up":{"uv":[0.8125,1.6875,1.125,2.0],"texture":"#0"},"down":{"uv":[0.8125,1.6875,1.125,2.0],"texture":"#0"}}},{"from":[7.4,2.8,2.8],"to":[8.4,3.3,3.8],"rotation":{"origin":[0.0,-2.0,0.0],"axis":"y","angle":0.0},"faces":{"north":{"uv":[2.1875,0.6875,2.0625,0.75],"texture":"#0"},"east":{"uv":[2.0625,0.6875,2.1875,0.75],"texture":"#0"},"south":{"uv":[2.1875,0.6875,2.0625,0.75],"texture":"#0"},"west":{"uv":[2.0625,0.6875,2.1875,0.75],"texture":"#0"},"up":{"uv":[2.0625,0.75,2.1875,0.875],"texture":"#0"},"down":{"uv":[2.0625,0.75,2.1875,0.875],"texture":"#0"}}},{"from":[7.4,4.2,2.8],"to":[8.4,5.2,3.8],"rotation":{"origin":[0.0,-2.0,0.0],"axis":"y","angle":0.0},"faces":{"north":{"uv":[2.1875,1.0,2.0625,1.125],"texture":"#0"},"east":{"uv":[2.0625,1.0,2.1875,1.125],"texture":"#0"},"south":{"uv":[2.1875,1.0,2.0625,1.125],"texture":"#0"},"west":{"uv":[2.0625,1.0,2.1875,1.125],"texture":"#0"},"up":{"uv":[2.0625,0.875,2.1875,1.0],"texture":"#0"},"down":{"uv":[2.0625,0.875,2.1875,1.0],"texture":"#0"}}},{"from":[7.9,0.7,2.05],"to":[7.9,6.7,4.05],"rotation":{"origin":[8.0,-9.75,8.0],"axis":"y","angle":0.0},"faces":{"north":{"uv":[1.0625,1.1875,1.0625,1.9375],"texture":"#0"},"east":{"uv":[1.5625,1.5625,1.3125,2.3125],"texture":"#0"},"south":{"uv":[1.0625,1.1875,1.0625,1.9375],"texture":"#0"},"west":{"uv":[1.3125,1.5625,1.5625,2.3125],"texture":"#0"},"up":{"uv":[1.0625,1.1875,1.0625,1.4375],"texture":"#0"},"down":{"uv":[1.0625,1.1875,1.0625,1.4375],"texture":"#0"}}},{"from":[7.8,13.9,0.5],"to":[8.2,16.4,3.5],"rotation":{"origin":[7.7,12.75,8.0],"axis":"x","angle":-45.0},"faces":{"north":{"uv":[2.2375,0.55469,2.1875,0.86719],"texture":"#0"},"east":{"uv":[2.68438,0.86719,2.30937,1.17969],"texture":"#0"},"south":{"uv":[2.2375,0.55469,2.1875,0.86719],"texture":"#0"},"west":{"uv":[2.30937,0.86719,2.68438,1.17969],"texture":"#0"},"up":{"uv":[2.6875,0.86719,2.7375,1.24219],"texture":"#0"},"down":{"uv":[2.6875,1.24219,2.7375,0.86719],"texture":"#0"}}},{"from":[7.85,12.0,3.0],"to":[8.15,13.5,5.2],"rotation":{"origin":[7.7,12.75,8.0],"axis":"x","angle":-22.5},"faces":{"north":{"uv":[2.79688,0.90625,2.83438,1.09375],"texture":"#0"},"east":{"uv":[2.76563,0.71875,3.04062,0.90625],"texture":"#0"},"south":{"uv":[2.79688,0.90625,2.83438,1.09375],"texture":"#0"},"west":{"uv":[2.76563,0.71875,3.04062,0.90625],"texture":"#0"},"up":{"uv":[2.79688,0.90625,2.83438,1.18125],"texture":"#0"},"down":{"uv":[2.79688,0.90625,2.83438,1.18125],"texture":"#0"}}},{"from":[7.75,11.0,1.0],"to":[8.25,16.5,15.0],"rotation":{"origin":[-0.3,-0.5,-0.5],"axis":"y","angle":0.0},"faces":{"north":{"uv":[4.09375,0.0,4.15625,0.6875],"texture":"#0"},"east":{"uv":[2.34375,0.0,4.09375,0.6875],"texture":"#0"},"south":{"uv":[4.09375,0.0,4.15625,0.6875],"texture":"#0"},"west":{"uv":[2.34375,0.0,4.09375,0.6875],"texture":"#0"},"up":{"uv":[4.15625,0.0,4.21875,1.75],"texture":"#0"},"down":{"uv":[4.15625,0.0,4.21875,1.75],"texture":"#0"}}},{"from":[7.8,15.0,0.5],"to":[8.2,16.5,3.5],"rotation":{"origin":[8.0,14.3,3.0],"axis":"x","angle":22.5},"faces":{"north":{"uv":[2.7375,0.86719,2.6875,0.67969],"texture":"#0"},"east":{"uv":[2.69063,0.875,2.31562,0.6875],"texture":"#0"},"south":{"uv":[2.7375,0.86719,2.6875,0.67969],"texture":"#0"},"west":{"uv":[2.31562,0.875,2.69063,0.6875],"texture":"#0"},"up":{"uv":[2.25,0.92969,2.3,0.55469],"texture":"#0"},"down":{"uv":[2.25,0.92969,2.3,0.55469],"texture":"#0"}}},{"from":[7.8,15.0,12.5],"to":[8.2,16.5,15.5],"rotation":{"origin":[8.0,14.3,13.0],"axis":"x","angle":-22.5},"faces":{"north":{"uv":[2.6875,0.86719,2.7375,0.67969],"texture":"#0"},"east":{"uv":[2.31562,0.86719,2.69063,0.67969],"texture":"#0"},"south":{"uv":[2.6875,0.86719,2.7375,0.67969],"texture":"#0"},"west":{"uv":[2.69063,0.86719,2.31562,0.67969],"texture":"#0"},"up":{"uv":[2.25,0.55469,2.3,0.92969],"texture":"#0"},"down":{"uv":[2.25,0.55469,2.3,0.92969],"texture":"#0"}}},{"from":[7.85,12.0,10.8],"to":[8.15,13.5,13.0],"rotation":{"origin":[7.7,12.75,8.0],"axis":"x","angle":22.5},"faces":{"north":{"uv":[2.83438,0.90625,2.79688,1.09375],"texture":"#0"},"east":{"uv":[3.04062,0.71875,2.76563,0.90625],"texture":"#0"},"south":{"uv":[2.83438,0.90625,2.79688,1.09375],"texture":"#0"},"west":{"uv":[3.04062,0.71875,2.76563,0.90625],"texture":"#0"},"up":{"uv":[2.79688,1.18125,2.83438,0.90625],"texture":"#0"},"down":{"uv":[2.79688,1.18125,2.83438,0.90625],"texture":"#0"}}},{"from":[7.8,13.9,12.5],"to":[8.2,16.4,15.5],"rotation":{"origin":[7.7,12.75,8.0],"axis":"x","angle":45.0},"faces":{"north":{"uv":[2.1875,0.55469,2.2375,0.86719],"texture":"#0"},"east":{"uv":[2.30937,0.86719,2.68438,1.17969],"texture":"#0"},"south":{"uv":[2.1875,0.55469,2.2375,0.86719],"texture":"#0"},"west":{"uv":[2.68438,0.86719,2.30937,1.17969],"texture":"#0"},"up":{"uv":[2.6875,1.24219,2.7375,0.86719],"texture":"#0"},"down":{"uv":[2.6875,0.86719,2.7375,1.24219],"texture":"#0"}}},{"from":[7.0,-14.4,7.0],"to":[9.0,-12.4,9.0],"rotation":{"origin":[8.0,-13.4,8.0],"axis":"y","angle":-45.0},"faces":{"north":{"uv":[1.3125,0.8125,1.5625,1.0625],"texture":"#0"},"east":{"uv":[1.3125,0.8125,1.5625,1.0625],"texture":"#0"},"south":{"uv":[1.3125,0.8125,1.5625,1.0625],"texture":"#0"},"west":{"uv":[1.3125,0.8125,1.5625,1.0625],"texture":"#0"},"up":{"uv":[1.3125,1.0625,1.5625,1.3125],"texture":"#0"},"down":{"uv":[1.3125,1.0625,1.5625,1.3125],"texture":"#0"}}},{"from":[7.25,-13.5,8.0],"to":[8.75,-11.0,10.0],"rotation":{"origin":[8.0,-10.0,9.5],"axis":"x","angle":-22.5},"faces":{"north":{"uv":[2.125,0.5625,2.3125,0.25],"texture":"#0"},"east":{"uv":[1.875,0.5625,2.125,0.25],"texture":"#0"},"south":{"uv":[2.125,0.5625,2.3125,0.25],"texture":"#0"},"west":{"uv":[1.875,0.5625,2.125,0.25],"texture":"#0"},"up":{"uv":[2.0625,0.25,2.25,0.0],"texture":"#0"},"down":{"uv":[2.0625,0.25,2.25,0.0],"texture":"#0"}}},{"from":[7.25,-13.5,6.0],"to":[8.75,-11.0,8.0],"rotation":{"origin":[8.0,-10.0,6.5],"axis":"x","angle":22.5},"faces":{"north":{"uv":[2.3125,0.5625,2.125,0.25],"texture":"#0"},"east":{"uv":[2.125,0.5625,1.875,0.25],"texture":"#0"},"south":{"uv":[2.3125,0.5625,2.125,0.25],"texture":"#0"},"west":{"uv":[2.125,0.5625,1.875,0.25],"texture":"#0"},"up":{"uv":[2.0625,0.0,2.25,0.25],"texture":"#0"},"down":{"uv":[2.0625,0.0,2.25,0.25],"texture":"#0"}}},{"from":[5.0,15.6,8.5],"to":[11.0,17.6,10.5],"rotation":{"origin":[8.0,15.1,8.0],"axis":"x","angle":-45.0},"faces":{"north":{"uv":[2.3125,1.125,1.5625,1.375],"texture":"#0"},"east":{"uv":[1.3125,1.3125,1.5625,1.5625],"texture":"#0"},"south":{"uv":[2.3125,1.125,1.5625,1.375],"texture":"#0"},"west":{"uv":[1.5625,1.3125,1.3125,1.5625],"texture":"#0"},"up":{"uv":[2.3125,1.125,1.5625,1.375],"texture":"#0"},"down":{"uv":[2.3125,1.125,1.5625,1.375],"texture":"#0"}}},{"from":[5.75,15.0,9.0],"to":[10.25,18.0,12.0],"rotation":{"origin":[8.0,14.0,8.0],"axis":"x","angle":-45.0},"faces":{"north":{"uv":[1.1875,2.375,0.8125,2.9375],"texture":"#0","rotation":90},"east":{"uv":[0.8125,2.0,1.1875,2.375],"texture":"#0","rotation":90},"south":{"uv":[1.1875,2.375,0.8125,2.9375],"texture":"#0","rotation":90},"west":{"uv":[0.8125,2.375,1.1875,2.0],"texture":"#0","rotation":90},"up":{"uv":[0.8125,2.375,1.1875,2.9375],"texture":"#0","rotation":90},"down":{"uv":[0.8125,2.375,1.1875,2.9375],"texture":"#0","rotation":90}}},{"from":[12.0,8.0,8.0],"to":[12.0,20.0,14.0],"rotation":{"origin":[12.0,14.5,8.0],"axis":"y","angle":-22.5},"faces":{"north":{"uv":[0.0,0.0,0.0,120.0],"texture":"#missing"},"east":{"uv":[13.75,0.0,14.5,1.875],"texture":"#0"},"south":{"uv":[0.0,0.0,0.0,120.0],"texture":"#missing"},"west":{"uv":[14.5,1.875,13.75,0.0],"texture":"#0"},"up":{"uv":[0.0,0.0,0.0,48.0],"texture":"#missing"},"down":{"uv":[0.0,0.0,0.0,48.0],"texture":"#missing"}}},{"from":[12.0,8.0,2.0],"to":[12.0,20.0,8.0],"rotation":{"origin":[12.0,14.5,8.0],"axis":"y","angle":22.5},"faces":{"north":{"uv":[0.0,0.0,0.0,120.0],"texture":"#missing"},"east":{"uv":[14.5,0.0,15.25,1.875],"texture":"#0"},"south":{"uv":[0.0,0.0,0.0,120.0],"texture":"#missing"},"west":{"uv":[15.25,0.0,14.5,1.875],"texture":"#0"},"up":{"uv":[0.0,0.0,0.0,48.0],"texture":"#missing"},"down":{"uv":[0.0,0.0,0.0,48.0],"texture":"#missing"}}},{"from":[12.1,13.0,3.9],"to":[12.1,15.7,7.1],"rotation":{"origin":[12.0,14.5,8.0],"axis":"y","angle":22.5},"faces":{"north":{"uv":[0.0,0.0,0.0,6.0],"texture":"#4"},"east":{"uv":[0.0,0.0,6.0,6.0],"texture":"#4"},"south":{"uv":[0.0,0.0,0.0,6.0],"texture":"#4"},"west":{"uv":[6.0,0.0,0.0,6.0],"texture":"#4"},"up":{"uv":[0.0,6.0,0.0,0.0],"texture":"#4"},"down":{"uv":[0.0,0.0,0.0,6.0],"texture":"#4"}}},{"from":[12.1,13.0,8.9],"to":[12.1,15.7,12.1],"rotation":{"origin":[12.0,14.5,8.0],"axis":"y","angle":-22.5},"faces":{"north":{"uv":[0.0,0.0,0.0,6.0],"texture":"#4"},"east":{"uv":[6.0,0.0,0.0,6.0],"texture":"#4"},"south":{"uv":[0.0,0.0,0.0,6.0],"texture":"#4"},"west":{"uv":[6.0,0.0,0.0,6.0],"texture":"#4"},"up":{"uv":[0.0,0.0,0.0,6.0],"texture":"#4"},"down":{"uv":[0.0,6.0,0.0,0.0],"texture":"#4"}}},{"from":[3.9,13.0,3.9],"to":[3.9,15.7,7.1],"rotation":{"origin":[4.0,14.5,8.0],"axis":"y","angle":-22.5},"faces":{"north":{"uv":[0.0,0.0,0.0,6.0],"texture":"#4"},"east":{"uv":[0.0,0.0,6.0,6.0],"texture":"#4"},"south":{"uv":[0.0,0.0,0.0,6.0],"texture":"#4"},"west":{"uv":[6.0,0.0,0.0,6.0],"texture":"#4"},"up":{"uv":[0.0,6.0,0.0,0.0],"texture":"#4"},"down":{"uv":[0.0,0.0,0.0,6.0],"texture":"#4"}}},{"from":[4.0,8.0,2.0],"to":[4.0,20.0,8.0],"rotation":{"origin":[4.0,14.5,8.0],"axis":"y","angle":-22.5},"faces":{"north":{"uv":[0.0,0.0,0.0,120.0],"texture":"#missing"},"east":{"uv":[14.5,0.0,15.25,1.875],"texture":"#0"},"south":{"uv":[0.0,0.0,0.0,120.0],"texture":"#missing"},"west":{"uv":[15.25,0.0,14.5,1.875],"texture":"#0"},"up":{"uv":[0.0,0.0,0.0,48.0],"texture":"#missing"},"down":{"uv":[0.0,0.0,0.0,48.0],"texture":"#missing"}}},{"from":[3.9,13.0,8.9],"to":[3.9,15.7,12.1],"rotation":{"origin":[4.0,14.5,8.0],"axis":"y","angle":22.5},"faces":{"north":{"uv":[0.0,0.0,0.0,6.0],"texture":"#4"},"east":{"uv":[0.0,0.0,6.0,6.0],"texture":"#4"},"south":{"uv":[0.0,0.0,0.0,6.0],"texture":"#4"},"west":{"uv":[0.0,0.0,6.0,6.0],"texture":"#4"},"up":{"uv":[0.0,0.0,0.0,6.0],"texture":"#4"},"down":{"uv":[0.0,6.0,0.0,0.0],"texture":"#4"}}},{"from":[4.0,8.0,8.0],"to":[4.0,20.0,14.0],"rotation":{"origin":[4.0,14.5,8.0],"axis":"y","angle":22.5},"faces":{"north":{"uv":[0.0,0.0,0.0,120.0],"texture":"#missing"},"east":{"uv":[13.75,0.0,14.5,1.875],"texture":"#0"},"south":{"uv":[0.0,0.0,0.0,120.0],"texture":"#missing"},"west":{"uv":[14.5,0.0,13.75,1.875],"texture":"#0"},"up":{"uv":[0.0,0.0,0.0,48.0],"texture":"#missing"},"down":{"uv":[0.0,0.0,0.0,48.0],"texture":"#missing"}}},{"from":[7.5,11.0,-4.2],"to":[8.5,16.5,1.5],"faces":{"north":{"uv":[0.5,4.8125,0.625,5.5],"texture":"#0"},"east":{"uv":[1.1875,3.0,0.5,3.6875],"texture":"#0"},"south":{"uv":[1.1875,3.0,1.3125,3.6875],"texture":"#0"},"west":{"uv":[0.5,3.0,1.1875,3.6875],"texture":"#0"},"up":{"uv":[1.3125,3.0,1.4375,3.6875],"texture":"#0"},"down":{"uv":[1.3125,3.0,1.4375,3.6875],"texture":"#0"}}},{"from":[7.55,16.5,-4.2],"to":[8.45,20.5,1.0],"rotation":{"origin":[8.0,16.5,-4.1],"axis":"x","angle":22.5},"faces":{"north":{"uv":[0.625,4.8125,0.75,5.3125],"texture":"#0"},"east":{"uv":[2.0625,3.0,1.4375,3.5],"texture":"#0"},"south":{"uv":[2.0625,3.0,2.1875,3.5],"texture":"#0"},"west":{"uv":[1.4375,3.0,2.0625,3.5],"texture":"#0"},"up":{"uv":[1.1875,2.375,1.3125,3.0],"texture":"#0"},"down":{"uv":[1.1875,2.375,1.3125,3.0],"texture":"#0"}}},{"from":[7.55,5.5,-4.2],"to":[8.45,11.0,1.0],"rotation":{"origin":[8.0,11.0,-4.2],"axis":"x","angle":-22.5},"faces":{"north":{"uv":[0.75,4.8125,0.875,5.5],"texture":"#0"},"east":{"uv":[1.125,3.6875,0.5,4.375],"texture":"#0"},"south":{"uv":[1.125,3.6875,1.25,4.375],"texture":"#0"},"west":{"uv":[0.5,3.6875,1.125,4.375],"texture":"#0"},"up":{"uv":[1.25,3.6875,1.375,4.3125],"texture":"#0"},"down":{"uv":[1.25,3.6875,1.375,4.3125],"texture":"#0"}}},{"from":[7.6,5.91154,-2.11542],"to":[8.4,10.71154,1.38458],"rotation":{"origin":[8.0,5.9,-2.1],"axis":"x","angle":45.0},"faces":{"north":{"uv":[1.25,4.3125,1.375,4.9375],"texture":"#0"},"east":{"uv":[0.5,4.8125,1.125,4.375],"texture":"#0","rotation":270},"south":{"uv":[1.25,4.3125,1.375,4.9375],"texture":"#0"},"west":{"uv":[0.5,4.375,1.125,4.8125],"texture":"#0","rotation":270},"up":{"uv":[1.125,4.375,1.25,4.8125],"texture":"#0","rotation":180},"down":{"uv":[0.5,5.5,0.625,5.9375],"texture":"#0","rotation":180}}},{"from":[7.55,16.5,15.0],"to":[8.45,20.5,20.2],"rotation":{"origin":[8.0,16.5,20.1],"axis":"x","angle":-22.5},"faces":{"north":{"uv":[2.1875,3.0,2.0625,3.5],"texture":"#0"},"east":{"uv":[1.4375,3.0,2.0625,3.5],"texture":"#0"},"south":{"uv":[0.75,4.8125,0.625,5.3125],"texture":"#0"},"west":{"uv":[2.0625,3.0,1.4375,3.5],"texture":"#0"},"up":{"uv":[1.1875,3.0,1.3125,2.375],"texture":"#0"},"down":{"uv":[1.1875,3.0,1.3125,2.375],"texture":"#0"}}},{"from":[7.5,11.0,14.5],"to":[8.5,16.5,20.2],"rotation":{"origin":[0.0,0.0,16.0],"axis":"y","angle":0.0},"faces":{"north":{"uv":[1.3125,3.0,1.1875,3.6875],"texture":"#0"},"east":{"uv":[0.5,3.0,1.1875,3.6875],"texture":"#0"},"south":{"uv":[0.625,4.8125,0.5,5.5],"texture":"#0"},"west":{"uv":[1.1875,3.0,0.5,3.6875],"texture":"#0"},"up":{"uv":[1.3125,3.6875,1.4375,3.0],"texture":"#0"},"down":{"uv":[1.3125,3.6875,1.4375,3.0],"texture":"#0"}}},{"from":[7.55,5.5,15.0],"to":[8.45,11.0,20.2],"rotation":{"origin":[8.0,11.0,20.2],"axis":"x","angle":22.5},"faces":{"north":{"uv":[1.25,3.6875,1.125,4.375],"texture":"#0"},"east":{"uv":[0.5,3.6875,1.125,4.375],"texture":"#0"},"south":{"uv":[0.875,4.8125,0.75,5.5],"texture":"#0"},"west":{"uv":[1.125,3.6875,0.5,4.375],"texture":"#0"},"up":{"uv":[1.25,4.3125,1.375,3.6875],"texture":"#0"},"down":{"uv":[1.25,4.3125,1.375,3.6875],"texture":"#0"}}},{"from":[7.6,5.91154,14.61542],"to":[8.4,10.71154,18.11542],"rotation":{"origin":[8.0,5.9,18.1],"axis":"x","angle":-45.0},"faces":{"north":{"uv":[1.375,4.3125,1.25,4.9375],"texture":"#0"},"east":{"uv":[0.5,4.375,1.125,4.8125],"texture":"#0","rotation":270},"south":{"uv":[1.375,4.3125,1.25,4.9375],"texture":"#0"},"west":{"uv":[0.5,4.8125,1.125,4.375],"texture":"#0","rotation":270},"up":{"uv":[1.125,4.8125,1.25,4.375],"texture":"#0","rotation":180},"down":{"uv":[0.5,5.9375,0.625,5.5],"texture":"#0","rotation":180}}},{"from":[7.0,4.0,-5.0],"to":[7.0,14.0,5.0],"rotation":{"origin":[0.0,1.0,0.0],"axis":"y","angle":0.0},"faces":{"north":{"uv":[0.0,0.0,0.0,12.0],"texture":"#2"},"east":{"uv":[0.5,1.0,10.5,11.0],"texture":"#2"},"south":{"uv":[0.0,0.0,0.0,12.0],"texture":"#2"},"west":{"uv":[0.5,1.0,10.5,11.0],"texture":"#2"},"up":{"uv":[0.0,12.0,0.0,0.0],"texture":"#2"},"down":{"uv":[0.0,0.0,0.0,12.0],"texture":"#2"}}},{"from":[7.0,4.0,9.0],"to":[7.0,12.0,17.0],"rotation":{"origin":[0.0,1.0,0.0],"axis":"y","angle":0.0},"faces":{"north":{"uv":[0.0,0.0,0.0,16.0],"texture":"#3"},"east":{"uv":[0.0,0.0,16.0,16.0],"texture":"#3"},"south":{"uv":[0.0,0.0,0.0,16.0],"texture":"#3"},"west":{"uv":[0.0,0.0,16.0,16.0],"texture":"#3"},"up":{"uv":[0.0,16.0,0.0,0.0],"texture":"#3"},"down":{"uv":[0.0,0.0,0.0,16.0],"texture":"#3"}}},{"from":[9.0,15.0,10.0],"to":[9.0,25.0,20.0],"rotation":{"origin":[16.0,1.0,0.0],"axis":"y","angle":0.0},"faces":{"north":{"uv":[0.5,1.0,0.5,11.0],"texture":"#2"},"east":{"uv":[10.5,1.0,0.5,11.0],"texture":"#2"},"south":{"uv":[0.5,1.0,0.5,11.0],"texture":"#2"},"west":{"uv":[10.5,1.0,0.5,11.0],"texture":"#2"},"up":{"uv":[0.5,11.0,0.5,1.0],"texture":"#2"},"down":{"uv":[0.5,1.0,0.5,11.0],"texture":"#2"}}},{"from":[8.0,17.0,4.0],"to":[8.0,21.0,8.0],"faces":{"north":{"uv":[0.0,0.0,0.0,0.5],"texture":"#missing"},"east":{"uv":[2.125,1.4375,1.625,1.9375],"texture":"#0"},"south":{"uv":[0.0,0.0,0.0,0.5],"texture":"#0"},"west":{"uv":[1.625,1.4375,2.125,1.9375],"texture":"#0"},"up":{"uv":[0.0,0.0,0.0,0.5],"texture":"#missing"},"down":{"uv":[0.0,0.0,0.0,0.5],"texture":"#missing"}}},{"from":[8.0,17.0,8.0],"to":[8.0,21.0,12.0],"rotation":{"origin":[0.0,0.0,16.0],"axis":"y","angle":0.0},"faces":{"north":{"uv":[0.0,0.0,0.0,0.5],"texture":"#0"},"east":{"uv":[1.625,1.4375,2.125,1.9375],"texture":"#0"},"south":{"uv":[0.0,0.0,0.0,0.5],"texture":"#missing"},"west":{"uv":[2.125,1.4375,1.625,1.9375],"texture":"#0"},"up":{"uv":[0.0,0.5,0.0,0.0],"texture":"#missing"},"down":{"uv":[0.0,0.5,0.0,0.0],"texture":"#missing"}}},{"from":[7.9,14.6,21.7],"to":[7.9,21.6,27.7],"rotation":{"origin":[0.0,0.0,16.0],"axis":"x","angle":-22.5},"faces":{"north":{"uv":[0.0,0.0,0.0,0.5],"texture":"#0"},"east":{"uv":[1.625,1.9375,2.375,2.8125],"texture":"#0"},"south":{"uv":[0.0,0.0,0.0,0.5],"texture":"#missing"},"west":{"uv":[2.375,1.9375,1.625,2.8125],"texture":"#0"},"up":{"uv":[0.0,0.5,0.0,0.0],"texture":"#missing"},"down":{"uv":[0.0,0.5,0.0,0.0],"texture":"#missing"}}},{"from":[7.9,14.6,-11.7],"to":[7.9,21.6,-5.7],"rotation":{"origin":[0.0,0.0,0.0],"axis":"x","angle":22.5},"faces":{"north":{"uv":[0.0,0.0,0.0,0.5],"texture":"#missing"},"east":{"uv":[2.375,1.9375,1.625,2.8125],"texture":"#0"},"south":{"uv":[0.0,0.0,0.0,0.5],"texture":"#0"},"west":{"uv":[1.625,1.9375,2.375,2.8125],"texture":"#0"},"up":{"uv":[0.0,0.0,0.0,0.5],"texture":"#missing"},"down":{"uv":[0.0,0.0,0.0,0.5],"texture":"#missing"}}},{"from":[8.0,0.3,6.6],"to":[8.0,4.3,10.6],"rotation":{"origin":[0.0,0.0,16.0],"axis":"x","angle":45.0},"faces":{"north":{"uv":[0.0,0.0,0.0,0.5],"texture":"#0"},"east":{"uv":[2.125,1.9375,1.625,1.4375],"texture":"#0"},"south":{"uv":[0.0,0.0,0.0,0.5],"texture":"#missing"},"west":{"uv":[1.625,1.9375,2.125,1.4375],"texture":"#0"},"up":{"uv":[0.0,0.5,0.0,0.0],"texture":"#missing"},"down":{"uv":[0.0,0.5,0.0,0.0],"texture":"#missing"}}},{"from":[8.0,0.3,5.4],"to":[8.0,4.3,9.4],"rotation":{"origin":[0.0,0.0,0.0],"axis":"x","angle":-45.0},"faces":{"north":{"uv":[0.0,0.0,0.0,0.5],"texture":"#missing"},"east":{"uv":[1.625,1.9375,2.125,1.4375],"texture":"#0"},"south":{"uv":[0.0,0.0,0.0,0.5],"texture":"#0"},"west":{"uv":[2.125,1.9375,1.625,1.4375],"texture":"#0"},"up":{"uv":[0.0,0.0,0.0,0.5],"texture":"#missing"},"down":{"uv":[0.0,0.0,0.0,0.5],"texture":"#missing"}}}],"textures":{"particle":"elitecreatures:cddaaa98-c2df-45f1-a44e-031ad6061e50","0":"elitecreatures:cddaaa98-c2df-45f1-a44e-031ad6061e50","2":"elitecreatures:ae615ef4-5c5b-4d5f-a1d3-0bdb1c503dc7","3":"elitecreatures:d08bb099-a3c1-48ab-ab09-65de579101c5","4":"elitecreatures:9dc63c5a-f9ce-4a27-9645-bf1a273d9eb4"},"gui_light":"front"}