{"display":{"thirdperson_righthand":{"translation":[0.0,3.25,2.0],"scale":[0.6,0.6,0.6]},"thirdperson_lefthand":{"translation":[0.0,3.25,2.0],"scale":[0.6,0.6,0.6]},"firstperson_righthand":{"rotation":[42.0,0.0,0.0],"translation":[13.0,9.5,-0.75],"scale":[0.6,0.6,0.6]},"firstperson_lefthand":{"rotation":[42.0,0.0,0.0],"translation":[13.0,9.5,-0.75],"scale":[0.6,0.6,0.6]},"ground":{"translation":[0.0,2.5,0.0],"scale":[0.6,0.6,0.6]},"gui":{"rotation":[52.0,141.0,0.0],"translation":[0.5,0.5,0.0],"scale":[0.5,0.5,0.5]},"head":{"translation":[0.0,10.5,1.75],"scale":[0.725,0.725,0.725]},"fixed":{"rotation":[-90.0,0.0,0.0],"translation":[0.0,1.75,-6.75]}},"elements":[{"from":[1.5,4.05,-1.3],"to":[6.0,8.55,0.7],"rotation":{"origin":[8.0,6.3,8.0],"axis":"y","angle":0.0},"faces":{"north":{"uv":[7.6875,7.875,8.25,7.3125],"texture":"#0","rotation":270},"east":{"uv":[7.6875,7.5625,8.25,7.3125],"texture":"#0","rotation":270},"south":{"uv":[7.6875,7.3125,8.25,7.875],"texture":"#0","rotation":270},"west":{"uv":[7.6875,7.5625,8.25,7.3125],"texture":"#0","rotation":270},"up":{"uv":[8.25,7.875,7.6875,8.125],"texture":"#0"},"down":{"uv":[8.25,7.875,7.6875,8.125],"texture":"#0"}}},{"from":[4.43883,3.55,-4.60183],"to":[5.93883,9.05,0.89817],"rotation":{"origin":[8.0,7.3,8.0],"axis":"y","angle":22.5},"faces":{"north":{"uv":[9.0625,4.6875,9.75,4.875],"texture":"#0","rotation":270},"east":{"uv":[9.75,4.0,9.0625,4.6875],"texture":"#0","rotation":90},"south":{"uv":[9.0625,4.875,9.75,4.6875],"texture":"#0","rotation":270},"west":{"uv":[9.75,4.0,9.0625,4.6875],"texture":"#0","rotation":90},"up":{"uv":[9.9375,4.0,9.75,4.6875],"texture":"#0"},"down":{"uv":[9.9375,4.0,9.75,4.6875],"texture":"#0"}}},{"from":[4.0,9.0,-1.2],"to":[8.0,13.0,-1.2],"rotation":{"origin":[-16.0,0.0,0.0],"axis":"y","angle":0.0},"faces":{"north":{"uv":[2.125,1.4375,1.625,1.9375],"texture":"#0"},"east":{"uv":[0.0,0.0,0.0,0.5],"texture":"#0"},"south":{"uv":[1.625,1.4375,2.125,1.9375],"texture":"#0"},"west":{"uv":[0.0,0.0,0.0,0.5],"texture":"#missing"},"up":{"uv":[0.0,0.5,0.0,0.0],"texture":"#missing","rotation":90},"down":{"uv":[0.0,0.5,0.0,0.0],"texture":"#missing","rotation":270}}},{"from":[8.0,9.0,-1.2],"to":[12.0,13.0,-1.2],"faces":{"north":{"uv":[1.625,1.4375,2.125,1.9375],"texture":"#0"},"east":{"uv":[0.0,0.0,0.0,0.5],"texture":"#missing"},"south":{"uv":[2.125,1.4375,1.625,1.9375],"texture":"#0"},"west":{"uv":[0.0,0.0,0.0,0.5],"texture":"#0"},"up":{"uv":[0.0,0.0,0.0,0.5],"texture":"#missing","rotation":90},"down":{"uv":[0.0,0.0,0.0,0.5],"texture":"#missing","rotation":270}}},{"from":[1.7,0.0,-0.2],"to":[5.7,4.0,-0.2],"rotation":{"origin":[3.5,2.0,-0.2],"axis":"y","angle":22.5},"faces":{"north":{"uv":[2.125,1.9375,1.625,1.4375],"texture":"#0"},"east":{"uv":[0.0,0.5,0.0,0.0],"texture":"#0"},"south":{"uv":[1.625,1.9375,2.125,1.4375],"texture":"#0"},"west":{"uv":[0.0,0.5,0.0,0.0],"texture":"#missing"},"up":{"uv":[0.0,0.5,0.0,0.0],"texture":"#missing","rotation":270},"down":{"uv":[0.0,0.5,0.0,0.0],"texture":"#missing","rotation":90}}},{"from":[10.3,0.0,-0.2],"to":[14.3,4.0,-0.2],"rotation":{"origin":[12.5,2.0,-0.2],"axis":"y","angle":-22.5},"faces":{"north":{"uv":[1.625,1.9375,2.125,1.4375],"texture":"#0"},"east":{"uv":[0.0,0.5,0.0,0.0],"texture":"#missing"},"south":{"uv":[2.125,1.9375,1.625,1.4375],"texture":"#0"},"west":{"uv":[0.0,0.5,0.0,0.0],"texture":"#0"},"up":{"uv":[0.0,0.0,0.0,0.5],"texture":"#missing","rotation":270},"down":{"uv":[0.0,0.0,0.0,0.5],"texture":"#missing","rotation":90}}},{"from":[2.0,4.5,-3.0],"to":[9.0,8.5,-1.5],"rotation":{"origin":[8.0,7.3,8.0],"axis":"y","angle":45.0},"faces":{"north":{"uv":[9.0625,5.75,9.5625,4.875],"texture":"#0","rotation":90},"east":{"uv":[9.375,5.9375,8.875,6.125],"texture":"#0","rotation":90},"south":{"uv":[9.0625,4.875,9.5625,5.75],"texture":"#0","rotation":90},"west":{"uv":[9.375,5.9375,8.875,6.125],"texture":"#0","rotation":90},"up":{"uv":[8.875,5.75,9.75,5.9375],"texture":"#0","rotation":180},"down":{"uv":[8.1875,6.875,9.0625,7.0625],"texture":"#0","rotation":180}}},{"from":[-5.0,4.7,0.5],"to":[-1.0,8.2,1.3],"rotation":{"origin":[8.0,7.3,8.0],"axis":"y","angle":22.5},"faces":{"north":{"uv":[8.9375,6.625,9.375,6.125],"texture":"#0","rotation":90},"east":{"uv":[9.375,6.625,8.9375,6.725],"texture":"#0","rotation":90},"south":{"uv":[8.9375,6.125,9.375,6.625],"texture":"#0","rotation":90},"west":{"uv":[9.375,6.625,8.9375,6.725],"texture":"#0","rotation":90},"up":{"uv":[9.4375,6.75,8.9375,6.85],"texture":"#0","rotation":180},"down":{"uv":[9.4375,6.75,8.9375,6.85],"texture":"#0","rotation":180}}},{"from":[10.06117,3.55,-4.60183],"to":[11.56117,9.05,0.89817],"rotation":{"origin":[8.0,7.3,8.0],"axis":"y","angle":-22.5},"faces":{"north":{"uv":[9.0625,4.875,9.75,4.6875],"texture":"#0","rotation":270},"east":{"uv":[9.75,4.6875,9.0625,4.0],"texture":"#0","rotation":90},"south":{"uv":[9.0625,4.6875,9.75,4.875],"texture":"#0","rotation":270},"west":{"uv":[9.75,4.6875,9.0625,4.0],"texture":"#0","rotation":90},"up":{"uv":[9.75,4.0,9.9375,4.6875],"texture":"#0"},"down":{"uv":[9.75,4.0,9.9375,4.6875],"texture":"#0"}}},{"from":[10.0,4.05,-1.3],"to":[14.5,8.55,0.7],"rotation":{"origin":[8.0,6.3,8.0],"axis":"y","angle":0.0},"faces":{"north":{"uv":[7.6875,7.3125,8.25,7.875],"texture":"#0","rotation":270},"east":{"uv":[7.6875,7.3125,8.25,7.5625],"texture":"#0","rotation":270},"south":{"uv":[7.6875,7.875,8.25,7.3125],"texture":"#0","rotation":270},"west":{"uv":[7.6875,7.3125,8.25,7.5625],"texture":"#0","rotation":270},"up":{"uv":[7.6875,7.875,8.25,8.125],"texture":"#0"},"down":{"uv":[7.6875,7.875,8.25,8.125],"texture":"#0"}}},{"from":[7.0,4.5,-3.0],"to":[14.0,8.5,-1.5],"rotation":{"origin":[8.0,7.3,8.0],"axis":"y","angle":-45.0},"faces":{"north":{"uv":[9.0625,4.875,9.5625,5.75],"texture":"#0","rotation":90},"east":{"uv":[9.375,6.125,8.875,5.9375],"texture":"#0","rotation":90},"south":{"uv":[9.0625,5.75,9.5625,4.875],"texture":"#0","rotation":90},"west":{"uv":[9.375,6.125,8.875,5.9375],"texture":"#0","rotation":90},"up":{"uv":[9.75,5.75,8.875,5.9375],"texture":"#0","rotation":180},"down":{"uv":[9.0625,6.875,8.1875,7.0625],"texture":"#0","rotation":180}}},{"from":[17.0,4.7,0.5],"to":[21.0,8.2,1.3],"rotation":{"origin":[8.0,7.3,8.0],"axis":"y","angle":-22.5},"faces":{"north":{"uv":[8.9375,6.125,9.375,6.625],"texture":"#0","rotation":90},"east":{"uv":[9.375,6.725,8.9375,6.625],"texture":"#0","rotation":90},"south":{"uv":[8.9375,6.625,9.375,6.125],"texture":"#0","rotation":90},"west":{"uv":[9.375,6.725,8.9375,6.625],"texture":"#0","rotation":90},"up":{"uv":[8.9375,6.75,9.4375,6.85],"texture":"#0","rotation":180},"down":{"uv":[8.9375,6.75,9.4375,6.85],"texture":"#0","rotation":180}}},{"from":[5.5,2.5,4.8],"to":[10.5,7.0,14.8],"rotation":{"origin":[8.0,21.06168,17.28682],"axis":"y","angle":0.0},"faces":{"north":{"uv":[7.5625,6.4375,8.1875,7.0],"texture":"#0","rotation":180},"east":{"uv":[6.3125,7.0,7.5625,6.4375],"texture":"#0","rotation":180},"south":{"uv":[7.5625,6.4375,8.1875,7.0],"texture":"#0","rotation":180},"west":{"uv":[7.5625,7.0,6.3125,6.4375],"texture":"#0","rotation":180},"up":{"uv":[6.3125,7.0,7.5625,7.625],"texture":"#0","rotation":270},"down":{"uv":[6.3125,9.0625,7.5625,9.6875],"texture":"#0","rotation":270}}},{"from":[5.5,0.5,-1.2],"to":[10.5,7.0,4.8],"rotation":{"origin":[8.0,19.56168,17.28682],"axis":"y","angle":0.0},"faces":{"north":{"uv":[7.0625,7.625,7.6875,8.4375],"texture":"#0"},"east":{"uv":[6.3125,8.4375,7.0625,7.625],"texture":"#0","rotation":180},"south":{"uv":[7.0625,7.625,7.6875,8.4375],"texture":"#0"},"west":{"uv":[7.0625,8.4375,6.3125,7.625],"texture":"#0","rotation":180},"up":{"uv":[6.3125,8.4375,7.0625,9.0625],"texture":"#0","rotation":270},"down":{"uv":[7.0625,8.4375,7.8125,9.0625],"texture":"#0","rotation":270}}},{"from":[5.5,5.0,-2.2],"to":[10.5,7.0,-1.2],"rotation":{"origin":[8.0,20.56168,17.28682],"axis":"y","angle":0.0},"faces":{"north":{"uv":[7.5625,7.0,8.1875,7.25],"texture":"#0"},"east":{"uv":[7.9375,6.1875,7.8125,5.9375],"texture":"#0","rotation":180},"south":{"uv":[7.5625,7.0,8.1875,7.25],"texture":"#0"},"west":{"uv":[7.9375,6.1875,7.8125,5.9375],"texture":"#0","rotation":180},"up":{"uv":[8.75,5.6875,8.875,6.3125],"texture":"#0","rotation":270},"down":{"uv":[8.75,5.6875,8.875,6.3125],"texture":"#0","rotation":270}}},{"from":[5.5,7.0,-2.2],"to":[7.0,10.0,3.8],"rotation":{"origin":[8.0,20.56168,17.28682],"axis":"y","angle":0.0},"faces":{"north":{"uv":[8.6875,5.5625,8.5,5.9375],"texture":"#0","rotation":180},"east":{"uv":[8.9375,6.6875,8.1875,6.3125],"texture":"#0"},"south":{"uv":[7.8125,5.9375,7.625,6.3125],"texture":"#0","rotation":180},"west":{"uv":[8.1875,6.6875,8.9375,6.3125],"texture":"#0"},"up":{"uv":[8.1875,6.875,8.9375,6.6875],"texture":"#0","rotation":270},"down":{"uv":[8.1875,6.875,8.9375,6.6875],"texture":"#0","rotation":270}}},{"from":[9.0,7.0,-2.2],"to":[10.5,10.0,3.8],"rotation":{"origin":[8.0,20.56168,17.28682],"axis":"y","angle":0.0},"faces":{"north":{"uv":[8.5,5.5625,8.6875,5.9375],"texture":"#0","rotation":180},"east":{"uv":[8.9375,6.6875,8.1875,6.3125],"texture":"#0"},"south":{"uv":[7.625,5.9375,7.8125,6.3125],"texture":"#0","rotation":180},"west":{"uv":[8.1875,6.6875,8.9375,6.3125],"texture":"#0"},"up":{"uv":[8.1875,6.6875,8.9375,6.875],"texture":"#0","rotation":270},"down":{"uv":[8.1875,6.6875,8.9375,6.875],"texture":"#0","rotation":270}}},{"from":[5.55,0.5,4.8],"to":[10.45,3.0,10.3],"rotation":{"origin":[8.0,0.5,4.8],"axis":"x","angle":-22.5},"faces":{"north":{"uv":[5.6875,8.625,6.3125,8.9375],"texture":"#0"},"east":{"uv":[6.3125,8.9375,5.625,8.625],"texture":"#0","rotation":180},"south":{"uv":[5.6875,8.625,6.3125,8.9375],"texture":"#0"},"west":{"uv":[6.3125,8.9375,5.625,8.625],"texture":"#0","rotation":180},"up":{"uv":[5.625,8.0,6.3125,8.625],"texture":"#0","rotation":90},"down":{"uv":[5.625,8.0,6.3125,8.625],"texture":"#0","rotation":90}}},{"from":[6.25,3.0,14.8],"to":[9.75,7.0,20.8],"rotation":{"origin":[8.0,21.06168,17.28682],"axis":"y","angle":0.0},"faces":{"north":{"uv":[5.1875,8.0,5.625,8.5],"texture":"#0","rotation":180},"east":{"uv":[4.375,8.375,5.125,7.875],"texture":"#0","rotation":180},"south":{"uv":[5.1875,8.0,5.625,8.5],"texture":"#0","rotation":180},"west":{"uv":[4.375,8.375,5.125,7.875],"texture":"#0","rotation":180},"up":{"uv":[4.625,9.125,5.375,9.5625],"texture":"#0","rotation":270},"down":{"uv":[4.625,9.125,5.375,9.5625],"texture":"#0","rotation":270}}},{"from":[7.0,7.0,16.5],"to":[9.0,8.0,17.5],"rotation":{"origin":[8.0,21.06168,17.78682],"axis":"y","angle":0.0},"faces":{"north":{"uv":[5.6875,7.625,5.9375,7.75],"texture":"#0"},"east":{"uv":[5.8125,7.875,5.6875,7.75],"texture":"#0","rotation":180},"south":{"uv":[5.6875,7.625,5.9375,7.75],"texture":"#0"},"west":{"uv":[5.8125,7.875,5.6875,7.75],"texture":"#0","rotation":180},"up":{"uv":[5.8125,7.75,5.9375,8.0],"texture":"#0","rotation":270},"down":{"uv":[5.8125,7.75,5.9375,8.0],"texture":"#0","rotation":270}}},{"from":[4.5,2.5,-4.0],"to":[5.5,4.5,2.0],"faces":{"north":{"uv":[5.5,8.5,5.625,8.75],"texture":"#0"},"east":{"uv":[5.5625,8.9375,6.3125,9.1875],"texture":"#0"},"south":{"uv":[5.25,8.5,5.375,8.75],"texture":"#0"},"west":{"uv":[5.5625,8.9375,6.3125,9.1875],"texture":"#0"},"up":{"uv":[6.1875,9.1875,6.3125,9.9375],"texture":"#0"},"down":{"uv":[5.4375,8.75,5.5625,9.5],"texture":"#0"}}},{"from":[10.5,2.5,-4.0],"to":[11.5,4.5,2.0],"rotation":{"origin":[16.0,0.0,0.0],"axis":"y","angle":0.0},"faces":{"north":{"uv":[5.625,8.5,5.5,8.75],"texture":"#0"},"east":{"uv":[6.3125,8.9375,5.5625,9.1875],"texture":"#0"},"south":{"uv":[5.375,8.5,5.25,8.75],"texture":"#0"},"west":{"uv":[6.3125,8.9375,5.5625,9.1875],"texture":"#0"},"up":{"uv":[6.3125,9.1875,6.1875,9.9375],"texture":"#0"},"down":{"uv":[5.5625,8.75,5.4375,9.5],"texture":"#0"}}},{"from":[5.5,2.5,-4.0],"to":[10.5,4.5,-3.0],"rotation":{"origin":[16.0,0.0,0.0],"axis":"y","angle":0.0},"faces":{"north":{"uv":[5.5625,9.1875,6.1875,9.4375],"texture":"#0"},"east":{"uv":[5.375,8.5,5.5,8.75],"texture":"#0"},"south":{"uv":[5.5625,9.1875,6.1875,9.4375],"texture":"#0"},"west":{"uv":[5.375,8.5,5.5,8.75],"texture":"#0"},"up":{"uv":[5.5625,9.4375,6.1875,9.5625],"texture":"#0"},"down":{"uv":[5.5625,9.5625,6.1875,9.6875],"texture":"#0"}}},{"from":[-5.5,7.0,5.5],"to":[13.5,7.5,6.0],"rotation":{"origin":[-4.75,7.25,5.75],"axis":"y","angle":-45.0},"faces":{"north":{"uv":[0.0,6.25,0.0625,7.9375],"texture":"#0","rotation":90},"east":{"uv":[0.0,6.25,0.0625,6.3125],"texture":"#0","rotation":270},"south":{"uv":[0.0,6.25,0.0625,7.9375],"texture":"#0","rotation":270},"west":{"uv":[0.0,6.25,0.0625,6.3125],"texture":"#0","rotation":270},"up":{"uv":[0.0,6.25,0.0625,7.9375],"texture":"#0","rotation":270},"down":{"uv":[0.0,6.25,0.0625,7.9375],"texture":"#0","rotation":270}}},{"from":[2.5,7.0,5.5],"to":[21.5,7.5,6.0],"rotation":{"origin":[20.75,7.25,5.75],"axis":"y","angle":45.0},"faces":{"north":{"uv":[0.0,7.9375,0.0625,6.25],"texture":"#0","rotation":90},"east":{"uv":[0.0,6.3125,0.0625,6.25],"texture":"#0","rotation":270},"south":{"uv":[0.0,7.9375,0.0625,6.25],"texture":"#0","rotation":270},"west":{"uv":[0.0,6.3125,0.0625,6.25],"texture":"#0","rotation":270},"up":{"uv":[0.0,7.9375,0.0625,6.25],"texture":"#0","rotation":270},"down":{"uv":[0.0,7.9375,0.0625,6.25],"texture":"#0","rotation":270}}},{"from":[15.6,9.0,-4.7],"to":[15.6,13.5,1.3],"rotation":{"origin":[15.3,5.1,-3.7],"axis":"y","angle":-22.5},"faces":{"north":{"uv":[0.0,0.0,0.0,0.5],"texture":"#missing"},"east":{"uv":[2.375,1.9375,1.625,2.5],"texture":"#0"},"south":{"uv":[0.0,0.0,0.0,0.5],"texture":"#0"},"west":{"uv":[1.625,1.9375,2.375,2.5],"texture":"#0"},"up":{"uv":[0.0,0.0,0.0,0.5],"texture":"#missing"},"down":{"uv":[0.0,0.0,0.0,0.5],"texture":"#missing"}}},{"from":[10.0,6.0,0.2],"to":[14.5,6.0,6.2],"rotation":{"origin":[15.3,5.1,-3.7],"axis":"y","angle":0.0},"faces":{"north":{"uv":[0.0,0.0,0.0,0.5],"texture":"#missing","rotation":270},"east":{"uv":[0.0,0.0,0.0,0.5],"texture":"#missing","rotation":90},"south":{"uv":[0.0,0.0,0.0,0.5],"texture":"#0","rotation":90},"west":{"uv":[0.0,0.0,0.0,0.5],"texture":"#missing","rotation":90},"up":{"uv":[1.625,1.9375,2.375,2.5],"texture":"#0","rotation":90},"down":{"uv":[2.375,1.9375,1.625,2.5],"texture":"#0","rotation":90}}},{"from":[1.5,6.0,0.2],"to":[6.0,6.0,6.2],"rotation":{"origin":[0.7,5.1,-3.7],"axis":"y","angle":0.0},"faces":{"north":{"uv":[0.0,0.5,0.0,0.0],"texture":"#missing","rotation":270},"east":{"uv":[0.0,0.5,0.0,0.0],"texture":"#missing","rotation":90},"south":{"uv":[0.0,0.5,0.0,0.0],"texture":"#0","rotation":90},"west":{"uv":[0.0,0.5,0.0,0.0],"texture":"#missing","rotation":90},"up":{"uv":[1.625,2.5,2.375,1.9375],"texture":"#0","rotation":90},"down":{"uv":[2.375,2.5,1.625,1.9375],"texture":"#0","rotation":90}}},{"from":[0.4,9.0,-4.7],"to":[0.4,13.5,1.3],"rotation":{"origin":[0.7,5.1,-3.7],"axis":"y","angle":22.5},"faces":{"north":{"uv":[0.0,0.0,0.0,0.5],"texture":"#missing"},"east":{"uv":[2.375,1.9375,1.625,2.5],"texture":"#0"},"south":{"uv":[0.0,0.0,0.0,0.5],"texture":"#0"},"west":{"uv":[1.625,1.9375,2.375,2.5],"texture":"#0"},"up":{"uv":[0.0,0.0,0.0,0.5],"texture":"#missing"},"down":{"uv":[0.0,0.0,0.0,0.5],"texture":"#missing"}}},{"from":[8.0,4.25,14.5],"to":[10.0,5.75,17.0],"rotation":{"origin":[9.5,5.0,13.5],"axis":"y","angle":22.5},"faces":{"north":{"uv":[2.0625,0.25,2.25,0.0],"texture":"#0","rotation":90},"east":{"uv":[2.125,0.5625,2.3125,0.25],"texture":"#0","rotation":90},"south":{"uv":[2.0625,0.25,2.25,0.0],"texture":"#0","rotation":90},"west":{"uv":[2.125,0.5625,2.3125,0.25],"texture":"#0","rotation":270},"up":{"uv":[1.875,0.5625,2.125,0.25],"texture":"#0"},"down":{"uv":[1.875,0.5625,2.125,0.25],"texture":"#0","rotation":180}}},{"from":[6.0,4.25,14.5],"to":[8.0,5.75,17.0],"rotation":{"origin":[6.5,5.0,13.5],"axis":"y","angle":-22.5},"faces":{"north":{"uv":[2.0625,0.0,2.25,0.25],"texture":"#0","rotation":90},"east":{"uv":[2.3125,0.5625,2.125,0.25],"texture":"#0","rotation":90},"south":{"uv":[2.0625,0.0,2.25,0.25],"texture":"#0","rotation":90},"west":{"uv":[2.3125,0.5625,2.125,0.25],"texture":"#0","rotation":270},"up":{"uv":[2.125,0.5625,1.875,0.25],"texture":"#0"},"down":{"uv":[2.125,0.5625,1.875,0.25],"texture":"#0","rotation":180}}},{"from":[3.9,3.5,-5.6],"to":[7.1,6.2,-5.6],"rotation":{"origin":[8.0,5.0,-5.5],"axis":"y","angle":22.5},"faces":{"north":{"uv":[0.0,0.0,6.0,6.0],"texture":"#4"},"east":{"uv":[0.0,0.0,0.0,6.0],"texture":"#4"},"south":{"uv":[0.0,0.0,6.0,6.0],"texture":"#4"},"west":{"uv":[0.0,0.0,0.0,6.0],"texture":"#4"},"up":{"uv":[0.0,0.0,0.0,6.0],"texture":"#4","rotation":90},"down":{"uv":[0.0,6.0,0.0,0.0],"texture":"#4","rotation":270}}},{"from":[8.9,3.5,-5.6],"to":[12.1,6.2,-5.6],"rotation":{"origin":[8.0,5.0,-5.5],"axis":"y","angle":-22.5},"faces":{"north":{"uv":[6.0,0.0,0.0,6.0],"texture":"#4"},"east":{"uv":[0.0,0.0,0.0,6.0],"texture":"#4"},"south":{"uv":[0.0,0.0,6.0,6.0],"texture":"#4"},"west":{"uv":[0.0,0.0,0.0,6.0],"texture":"#4"},"up":{"uv":[0.0,6.0,0.0,0.0],"texture":"#4","rotation":90},"down":{"uv":[0.0,0.0,0.0,6.0],"texture":"#4","rotation":270}}},{"from":[8.0,-1.5,-5.5],"to":[14.0,10.5,-5.5],"rotation":{"origin":[8.0,5.0,-5.5],"axis":"y","angle":-22.5},"faces":{"north":{"uv":[15.25,0.0,14.5,1.875],"texture":"#0"},"east":{"uv":[0.0,0.0,0.0,120.0],"texture":"#missing"},"south":{"uv":[14.5,0.0,15.25,1.875],"texture":"#0"},"west":{"uv":[0.0,0.0,0.0,120.0],"texture":"#missing"},"up":{"uv":[0.0,0.0,0.0,48.0],"texture":"#missing","rotation":90},"down":{"uv":[0.0,0.0,0.0,48.0],"texture":"#missing","rotation":270}}},{"from":[2.0,-1.5,-5.5],"to":[8.0,10.5,-5.5],"rotation":{"origin":[8.0,5.0,-5.5],"axis":"y","angle":22.5},"faces":{"north":{"uv":[14.5,0.0,13.75,1.875],"texture":"#0"},"east":{"uv":[0.0,0.0,0.0,120.0],"texture":"#missing"},"south":{"uv":[13.75,0.0,14.5,1.875],"texture":"#0"},"west":{"uv":[0.0,0.0,0.0,120.0],"texture":"#missing"},"up":{"uv":[0.0,0.0,0.0,48.0],"texture":"#missing","rotation":90},"down":{"uv":[0.0,0.0,0.0,48.0],"texture":"#missing","rotation":270}}},{"from":[-4.5,14.0,-2.5],"to":[5.5,24.0,-2.5],"rotation":{"origin":[8.0,14.0,7.5],"axis":"y","angle":0.0},"faces":{"north":{"uv":[10.5,1.0,0.5,11.0],"texture":"#2"},"east":{"uv":[0.5,1.0,0.5,11.0],"texture":"#2"},"south":{"uv":[10.5,1.0,0.5,11.0],"texture":"#2"},"west":{"uv":[0.5,1.0,0.5,11.0],"texture":"#2"},"up":{"uv":[0.5,11.0,0.5,1.0],"texture":"#2","rotation":90},"down":{"uv":[0.5,1.0,0.5,11.0],"texture":"#2","rotation":270}}},{"from":[-5.5,3.0,-3.5],"to":[2.5,11.0,-3.5],"rotation":{"origin":[8.0,14.0,7.5],"axis":"y","angle":0.0},"faces":{"north":{"uv":[0.0,0.0,16.0,16.0],"texture":"#3"},"east":{"uv":[0.0,0.0,0.0,16.0],"texture":"#3"},"south":{"uv":[0.0,0.0,16.0,16.0],"texture":"#3"},"west":{"uv":[0.0,0.0,0.0,16.0],"texture":"#3"},"up":{"uv":[0.0,16.0,0.0,0.0],"texture":"#3","rotation":90},"down":{"uv":[0.0,0.0,0.0,16.0],"texture":"#3","rotation":270}}},{"from":[11.5,1.0,-5.5],"to":[21.5,11.0,-5.5],"rotation":{"origin":[8.0,14.0,7.5],"axis":"y","angle":0.0},"faces":{"north":{"uv":[0.5,1.0,10.5,11.0],"texture":"#2"},"east":{"uv":[0.0,0.0,0.0,12.0],"texture":"#2"},"south":{"uv":[0.5,1.0,10.5,11.0],"texture":"#2"},"west":{"uv":[0.0,0.0,0.0,12.0],"texture":"#2"},"up":{"uv":[0.0,12.0,0.0,0.0],"texture":"#2","rotation":90},"down":{"uv":[0.0,0.0,0.0,12.0],"texture":"#2","rotation":270}}}],"textures":{"particle":"elitecreatures:cddaaa98-c2df-45f1-a44e-031ad6061e50","0":"elitecreatures:cddaaa98-c2df-45f1-a44e-031ad6061e50","2":"elitecreatures:ae615ef4-5c5b-4d5f-a1d3-0bdb1c503dc7","3":"elitecreatures:d08bb099-a3c1-48ab-ab09-65de579101c5","4":"elitecreatures:9dc63c5a-f9ce-4a27-9645-bf1a273d9eb4"},"gui_light":"front"}