{"parent":"block/cross","textures":{"cross":"block/kelp"},"overrides":[{"predicate":{"custom_model_data":1000},"model":"elitecreatures:7516b755-1bb9-417b-94d8-729bb15f7c8e"},{"predicate":{"custom_model_data":1001},"model":"elitecreatures:2dada9b3-1d95-4770-9042-24e9eec7654b"},{"predicate":{"custom_model_data":1002},"model":"elitecreatures:65d59793-66fd-4c92-b08c-e00211729117"},{"predicate":{"custom_model_data":1003},"model":"elitecreatures:a44f15a2-4b2f-4a73-8944-ae0e7cc0a0ac"},{"predicate":{"custom_model_data":1004},"model":"c706e227-92e9-4f95-a0f2-2c5d6e5d763b"},{"predicate":{"custom_model_data":1005},"model":"1451ca40-429a-4641-b3cf-f6995258bfe0"},{"predicate":{"custom_model_data":1006},"model":"81a3e1af-4bf3-4217-824d-702634f1a28d"}]}