{"display":{"thirdperson_righthand":{"rotation":[58.27,-26.94,-4.22],"translation":[0.0,1.5,0.0],"scale":[0.55,0.55,0.55]},"thirdperson_lefthand":{"rotation":[58.27,-26.94,-4.22],"translation":[0.0,1.5,0.0],"scale":[0.55,0.55,0.55]},"firstperson_righthand":{"rotation":[-180.0,62.75,-180.0],"translation":[0.75,-1.75,-1.0]},"firstperson_lefthand":{"rotation":[-180.0,62.75,-180.0],"translation":[2.0,-1.75,-1.0]},"ground":{"translation":[0.0,2.0,0.0],"scale":[0.5,0.5,0.5]},"gui":{"rotation":[-174.51,-22.0,-179.21],"translation":[-0.25,-4.25,0.0]},"head":{"translation":[0.0,5.0,0.0],"scale":[1.5,1.5,1.5]},"fixed":{"translation":[1.0,-3.0,2.0]}},"elements":[{"from":[3.0,6.0,3.0],"to":[13.0,10.0,13.0],"rotation":{"origin":[3.0,0.0,3.0],"axis":"y","angle":0.0},"faces":{"north":{"uv":[5.05,4.05,9.95,5.95],"texture":"#0"},"east":{"uv":[5.05,6.05,9.95,7.95],"texture":"#0"},"south":{"uv":[5.05,8.05,9.95,9.95],"texture":"#0"},"west":{"uv":[0.05,10.05,4.95,11.95],"texture":"#0"},"up":{"uv":[4.95,4.95,0.05,0.05],"texture":"#0"},"down":{"uv":[4.95,5.05,0.05,9.95],"texture":"#0"}}},{"from":[3.46934,12.40369,6.0],"to":[6.46934,16.40369,9.0],"rotation":{"origin":[4.5,13.5,6.75],"axis":"z","angle":-7.5},"faces":{"north":{"uv":[11.05,10.05,12.45,11.95],"texture":"#0"},"east":{"uv":[0.05,12.05,1.45,13.95],"texture":"#0"},"south":{"uv":[1.55,12.05,2.95,13.95],"texture":"#0"},"west":{"uv":[3.05,12.05,4.45,13.95],"texture":"#0"},"up":{"uv":[13.45,5.45,12.05,4.05],"texture":"#0"},"down":{"uv":[5.95,12.05,4.55,13.45],"texture":"#0"}}},{"from":[-0.53066,13.40369,7.5],"to":[10.46934,17.40369,7.5],"rotation":{"origin":[4.5,13.5,6.75],"axis":"z","angle":-7.5},"faces":{"north":{"uv":[10.55,14.05,15.95,15.95],"texture":"#0"},"east":{"uv":[0.05,0.05,0.05,1.95],"texture":"#0"},"south":{"uv":[15.95,14.05,10.55,15.95],"texture":"#0"},"west":{"uv":[0.05,0.05,0.05,1.95],"texture":"#0"},"up":{"uv":[5.45,0.05,0.05,0.05],"texture":"#0"},"down":{"uv":[5.45,0.05,0.05,0.05],"texture":"#0"}}},{"from":[4.32802,16.05155,6.5],"to":[6.32802,18.05155,8.5],"rotation":{"origin":[5.45854,15.93511,6.75],"axis":"z","angle":5.0},"faces":{"north":{"uv":[12.05,5.55,12.95,6.45],"texture":"#0"},"east":{"uv":[6.05,12.05,6.95,12.95],"texture":"#0"},"south":{"uv":[12.05,6.55,12.95,7.45],"texture":"#0"},"west":{"uv":[7.05,12.05,7.95,12.95],"texture":"#0"},"up":{"uv":[12.95,8.45,12.05,7.55],"texture":"#0"},"down":{"uv":[8.95,12.05,8.05,12.95],"texture":"#0"}}},{"from":[4.41817,17.63505,6.49],"to":[6.43817,19.55505,8.51],"rotation":{"origin":[5.42817,18.07005,7.5],"axis":"z","angle":-17.5},"faces":{"north":{"uv":[12.05,8.55,12.95,9.45],"texture":"#0"},"east":{"uv":[9.05,12.05,9.95,12.95],"texture":"#0"},"south":{"uv":[10.05,12.05,10.95,12.95],"texture":"#0"},"west":{"uv":[11.05,12.05,11.95,12.95],"texture":"#0"},"up":{"uv":[12.95,12.95,12.05,12.05],"texture":"#0"},"down":{"uv":[13.45,0.05,12.55,0.95],"texture":"#0"}}},{"from":[3.42817,17.64505,5.5],"to":[7.42817,17.64505,9.5],"rotation":{"origin":[5.42817,18.07005,7.5],"axis":"z","angle":-17.5},"faces":{"north":{"uv":[0.05,0.05,1.95,0.05],"texture":"#0"},"east":{"uv":[0.05,0.05,1.95,0.05],"texture":"#0"},"south":{"uv":[0.05,0.05,1.95,0.05],"texture":"#0"},"west":{"uv":[0.05,0.05,1.95,0.05],"texture":"#0"},"up":{"uv":[15.95,3.95,14.05,2.05],"texture":"#0"},"down":{"uv":[15.95,2.05,14.05,3.95],"texture":"#0"}}},{"from":[5.07802,16.55155,5.5],"to":[5.57802,17.05155,6.5],"rotation":{"origin":[5.45854,15.93511,6.75],"axis":"z","angle":5.0},"faces":{"north":{"uv":[12.05,9.55,12.45,9.95],"texture":"#0"},"east":{"uv":[12.55,9.55,12.95,9.95],"texture":"#0"},"south":{"uv":[12.55,10.05,12.95,10.45],"texture":"#0"},"west":{"uv":[12.55,10.55,12.95,10.95],"texture":"#0"},"up":{"uv":[12.95,11.45,12.55,11.05],"texture":"#0"},"down":{"uv":[12.95,11.55,12.55,11.95],"texture":"#0"}}},{"from":[4.67802,16.80155,6.4],"to":[4.92802,17.05155,6.4],"rotation":{"origin":[5.05854,16.18511,7.15],"axis":"z","angle":5.0},"faces":{"north":{"uv":[13.05,1.05,13.45,1.45],"texture":"#0"},"east":{"uv":[0.05,0.05,0.05,0.45],"texture":"#0"},"south":{"uv":[13.05,1.55,13.45,1.95],"texture":"#0"},"west":{"uv":[0.05,0.05,0.05,0.45],"texture":"#0"},"up":{"uv":[0.45,0.05,0.05,0.05],"texture":"#0"},"down":{"uv":[0.45,0.05,0.05,0.05],"texture":"#0"}}},{"from":[5.62802,16.80155,6.4],"to":[5.87802,17.05155,6.4],"rotation":{"origin":[5.75854,16.18511,7.15],"axis":"z","angle":5.0},"faces":{"north":{"uv":[13.05,2.05,13.45,2.45],"texture":"#0"},"east":{"uv":[0.05,0.05,0.05,0.45],"texture":"#0"},"south":{"uv":[13.05,2.55,13.45,2.95],"texture":"#0"},"west":{"uv":[0.05,0.05,0.05,0.45],"texture":"#0"},"up":{"uv":[0.45,0.05,0.05,0.05],"texture":"#0"},"down":{"uv":[0.45,0.05,0.05,0.05],"texture":"#0"}}},{"from":[3.5,9.5,5.5],"to":[7.5,13.5,9.5],"rotation":{"origin":[5.5,9.5,6.75],"axis":"z","angle":7.5},"faces":{"north":{"uv":[10.05,4.05,11.95,5.95],"texture":"#0"},"east":{"uv":[5.05,10.05,6.95,11.95],"texture":"#0"},"south":{"uv":[10.05,6.05,11.95,7.95],"texture":"#0"},"west":{"uv":[7.05,10.05,8.95,11.95],"texture":"#0"},"up":{"uv":[11.95,9.95,10.05,8.05],"texture":"#0"},"down":{"uv":[10.95,10.05,9.05,11.95],"texture":"#0"}}}],"textures":{"0":"christmas_quest:3d92652f-ad0c-4470-8f45-4f991628a4c8"},"gui_light":"front"}