{"display":{"thirdperson_righthand":{"rotation":[75.0,45.0,0.0],"translation":[0.0,2.5,0.0],"scale":[0.375,0.375,0.375]},"thirdperson_lefthand":{"rotation":[75.0,45.0,0.0],"translation":[0.0,2.5,0.0],"scale":[0.375,0.375,0.375]},"firstperson_righthand":{"rotation":[0.0,45.0,0.0],"scale":[0.4,0.4,0.4]},"firstperson_lefthand":{"rotation":[0.0,225.0,0.0],"scale":[0.4,0.4,0.4]},"ground":{"translation":[0.0,3.0,0.0],"scale":[0.25,0.25,0.25]},"gui":{"rotation":[11.65,54.93,-3.22],"scale":[0.625,0.625,0.625]},"head":{"translation":[0.0,-62.5,8.0],"scale":[3.0,3.0,3.0]},"fixed":{"scale":[0.5,0.5,0.5]}},"elements":[{"from":[5.5,-15.75,6.5],"to":[10.5,-13.25,10.5],"rotation":{"origin":[4.0,-15.5,4.0],"axis":"y","angle":0.0},"faces":{"north":{"uv":[2.0,9.75,4.5,11.0],"texture":"#2"},"east":{"uv":[11.0,8.25,13.0,9.5],"texture":"#2"},"south":{"uv":[7.0,9.75,9.5,11.0],"texture":"#2"},"west":{"uv":[8.75,11.0,10.75,12.25],"texture":"#2"},"up":{"uv":[5.25,2.0,2.75,0.0],"texture":"#2"},"down":{"uv":[5.25,2.0,2.75,4.0],"texture":"#2"}}},{"from":[5.25,-13.25,6.5],"to":[10.75,-11.75,10.75],"rotation":{"origin":[4.0,-15.5,4.0],"axis":"y","angle":0.0},"faces":{"north":{"uv":[0.0,4.5,2.75,5.25],"texture":"#2"},"east":{"uv":[12.0,4.75,14.25,5.5],"texture":"#2"},"south":{"uv":[11.25,2.5,14.0,3.25],"texture":"#2"},"west":{"uv":[12.0,5.5,14.25,6.25],"texture":"#2"},"up":{"uv":[2.75,2.25,0.0,0.0],"texture":"#2"},"down":{"uv":[2.75,2.25,0.0,4.5],"texture":"#2"}}},{"from":[5.0,-14.0,7.0],"to":[6.0,-11.5,9.5],"rotation":{"origin":[4.0,-15.5,4.0],"axis":"y","angle":0.0},"faces":{"north":{"uv":[10.0,13.0,10.5,14.25],"texture":"#2"},"east":{"uv":[5.75,11.5,7.0,12.75],"texture":"#2"},"south":{"uv":[3.0,13.25,3.5,14.5],"texture":"#2"},"west":{"uv":[12.0,9.5,13.25,10.75],"texture":"#2"},"up":{"uv":[13.75,10.5,13.25,9.25],"texture":"#2"},"down":{"uv":[11.0,13.25,10.5,14.5],"texture":"#2"}}},{"from":[4.75,-11.5,6.75],"to":[6.25,-10.5,9.75],"rotation":{"origin":[4.0,-15.5,4.0],"axis":"y","angle":0.0},"faces":{"north":{"uv":[6.75,4.75,7.5,5.25],"texture":"#2"},"east":{"uv":[9.25,3.25,10.75,3.75],"texture":"#2"},"south":{"uv":[3.75,11.0,4.5,11.5],"texture":"#2"},"west":{"uv":[12.5,4.0,14.0,4.5],"texture":"#2"},"up":{"uv":[13.5,7.75,12.75,6.25],"texture":"#2"},"down":{"uv":[13.75,7.75,13.0,9.25],"texture":"#2"}}},{"from":[10.0,-14.0,7.0],"to":[11.0,-11.5,9.5],"rotation":{"origin":[12.0,-15.5,4.0],"axis":"y","angle":0.0},"faces":{"north":{"uv":[11.0,13.25,11.5,14.5],"texture":"#2"},"east":{"uv":[10.75,12.0,12.0,13.25],"texture":"#2"},"south":{"uv":[11.5,13.25,12.0,14.5],"texture":"#2"},"west":{"uv":[12.0,12.0,13.25,13.25],"texture":"#2"},"up":{"uv":[13.75,13.0,13.25,11.75],"texture":"#2"},"down":{"uv":[12.5,13.25,12.0,14.5],"texture":"#2"}}},{"from":[9.75,-11.5,6.75],"to":[11.25,-10.5,9.75],"rotation":{"origin":[12.0,-15.5,4.0],"axis":"y","angle":0.0},"faces":{"north":{"uv":[12.0,6.25,12.75,6.75],"texture":"#2"},"east":{"uv":[0.0,13.25,1.5,13.75],"texture":"#2"},"south":{"uv":[13.5,1.5,14.25,2.0],"texture":"#2"},"west":{"uv":[1.5,13.25,3.0,13.75],"texture":"#2"},"up":{"uv":[9.25,14.5,8.5,13.0],"texture":"#2"},"down":{"uv":[10.0,13.0,9.25,14.5],"texture":"#2"}}},{"from":[6.0,-11.75,6.5],"to":[10.0,-10.25,10.0],"rotation":{"origin":[4.0,-15.5,4.0],"axis":"y","angle":0.0},"faces":{"north":{"uv":[8.75,12.25,10.75,13.0],"texture":"#2"},"east":{"uv":[2.0,12.5,3.75,13.25],"texture":"#2"},"south":{"uv":[0.0,12.5,2.0,13.25],"texture":"#2"},"west":{"uv":[12.5,3.25,14.25,4.0],"texture":"#2"},"up":{"uv":[11.25,3.25,9.25,1.5],"texture":"#2"},"down":{"uv":[2.0,9.75,0.0,11.5],"texture":"#2"}}},{"from":[5.75,-10.25,6.5],"to":[10.25,-8.25,10.25],"rotation":{"origin":[4.0,-16.5,4.0],"axis":"y","angle":0.0},"faces":{"north":{"uv":[10.75,11.0,13.0,12.0],"texture":"#2"},"east":{"uv":[0.0,11.5,2.0,12.5],"texture":"#2"},"south":{"uv":[11.25,1.5,13.5,2.5],"texture":"#2"},"west":{"uv":[3.75,11.5,5.75,12.5],"texture":"#2"},"up":{"uv":[2.25,9.75,0.0,7.75],"texture":"#2"},"down":{"uv":[4.5,7.75,2.25,9.75],"texture":"#2"}}},{"from":[4.0,-9.0,6.5],"to":[12.0,-7.0,8.5],"rotation":{"origin":[7.75,-8.5,7.5],"axis":"x","angle":-45.0},"faces":{"north":{"uv":[6.75,3.75,10.75,4.75],"texture":"#2","tintindex":0},"east":{"uv":[7.0,8.75,8.0,9.75],"texture":"#2","tintindex":0},"south":{"uv":[4.5,7.75,8.5,8.75],"texture":"#2","tintindex":0},"west":{"uv":[13.0,10.75,14.0,11.75],"texture":"#2","tintindex":0},"up":{"uv":[12.0,5.75,8.0,4.75],"texture":"#2","tintindex":0},"down":{"uv":[12.0,5.75,8.0,6.75],"texture":"#2","tintindex":0}}},{"from":[4.0,-9.29644,8.29645],"to":[12.0,-6.99644,8.29645],"rotation":{"origin":[8.0,-8.14644,7.14645],"axis":"x","angle":-45.0},"faces":{"north":{"uv":[2.75,4.0,6.75,5.25],"texture":"#2","tintindex":0},"east":{"uv":[0.0,0.0,0.0,1.25],"texture":"#2","tintindex":0},"south":{"uv":[0.0,5.25,4.0,6.5],"texture":"#2","tintindex":0},"west":{"uv":[0.0,0.0,0.0,1.25],"texture":"#2","tintindex":0},"up":{"uv":[4.0,0.0,0.0,0.0],"texture":"#2","tintindex":0},"down":{"uv":[4.0,0.0,0.0,0.0],"texture":"#2","tintindex":0}}},{"from":[4.0,-9.29644,5.99645],"to":[12.0,-6.99644,5.99645],"rotation":{"origin":[8.0,-8.14644,7.14645],"axis":"x","angle":-45.0},"faces":{"north":{"uv":[5.25,0.0,9.25,1.25],"texture":"#2","tintindex":0},"east":{"uv":[0.0,0.0,0.0,1.25],"texture":"#2","tintindex":0},"south":{"uv":[5.25,1.25,9.25,2.5],"texture":"#2","tintindex":0},"west":{"uv":[0.0,0.0,0.0,1.25],"texture":"#2","tintindex":0},"up":{"uv":[4.0,0.0,0.0,0.0],"texture":"#2","tintindex":0},"down":{"uv":[4.0,0.0,0.0,0.0],"texture":"#2","tintindex":0}}},{"from":[4.0,-9.29644,5.99645],"to":[12.0,-9.29644,8.29645],"rotation":{"origin":[8.0,-8.14644,7.14645],"axis":"x","angle":-45.0},"faces":{"north":{"uv":[0.0,0.0,4.0,0.0],"texture":"#2","tintindex":0},"east":{"uv":[0.0,0.0,1.25,0.0],"texture":"#2","tintindex":0},"south":{"uv":[0.0,0.0,4.0,0.0],"texture":"#2","tintindex":0},"west":{"uv":[0.0,0.0,1.25,0.0],"texture":"#2","tintindex":0},"up":{"uv":[4.0,7.75,0.0,6.5],"texture":"#2","tintindex":0},"down":{"uv":[8.0,6.5,4.0,7.75],"texture":"#2","tintindex":0}}},{"from":[4.0,-6.99644,5.99645],"to":[12.0,-6.99644,8.29645],"rotation":{"origin":[8.0,-8.14644,7.14645],"axis":"x","angle":-45.0},"faces":{"north":{"uv":[0.0,0.0,4.0,0.0],"texture":"#2","tintindex":0},"east":{"uv":[0.0,0.0,1.25,0.0],"texture":"#2","tintindex":0},"south":{"uv":[0.0,0.0,4.0,0.0],"texture":"#2","tintindex":0},"west":{"uv":[0.0,0.0,1.25,0.0],"texture":"#2","tintindex":0},"up":{"uv":[9.25,3.75,5.25,2.5],"texture":"#2","tintindex":0},"down":{"uv":[8.0,5.25,4.0,6.5],"texture":"#2","tintindex":0}}},{"from":[5.5,-14.6,10.9],"to":[10.5,-11.6,10.9],"rotation":{"origin":[5.25,-13.75,10.75],"axis":"y","angle":0.0},"faces":{"north":{"uv":[8.5,6.75,11.0,8.25],"texture":"#2"},"east":{"uv":[0.0,0.0,0.0,1.5],"texture":"#2"},"south":{"uv":[8.5,8.25,11.0,9.75],"texture":"#2"},"west":{"uv":[0.0,0.0,0.0,1.5],"texture":"#2"},"up":{"uv":[2.5,0.0,0.0,0.0],"texture":"#2"},"down":{"uv":[2.5,0.0,0.0,0.0],"texture":"#2"}}},{"from":[5.5,-11.6,9.4],"to":[10.5,-11.6,10.9],"rotation":{"origin":[5.25,-13.75,10.75],"axis":"y","angle":0.0},"faces":{"north":{"uv":[0.0,0.0,2.5,0.0],"texture":"#2"},"east":{"uv":[0.0,0.0,0.75,0.0],"texture":"#2"},"south":{"uv":[0.0,0.0,2.5,0.0],"texture":"#2"},"west":{"uv":[0.0,0.0,0.75,0.0],"texture":"#2"},"up":{"uv":[14.25,0.75,11.75,0.0],"texture":"#2"},"down":{"uv":[14.25,0.75,11.75,1.5],"texture":"#2"}}},{"from":[5.5,-11.1,10.4],"to":[10.5,-8.1,10.4],"rotation":{"origin":[5.25,-13.75,10.75],"axis":"y","angle":0.0},"faces":{"north":{"uv":[4.5,8.75,7.0,10.25],"texture":"#2"},"east":{"uv":[0.0,0.0,0.0,1.5],"texture":"#2"},"south":{"uv":[9.25,0.0,11.75,1.5],"texture":"#2"},"west":{"uv":[0.0,0.0,0.0,1.5],"texture":"#2"},"up":{"uv":[2.5,0.0,0.0,0.0],"texture":"#2"},"down":{"uv":[2.5,0.0,0.0,0.0],"texture":"#2"}}},{"from":[5.5,-8.1,7.9],"to":[10.5,-8.1,10.4],"rotation":{"origin":[5.25,-13.75,10.75],"axis":"y","angle":0.0},"faces":{"north":{"uv":[0.0,0.0,2.5,0.0],"texture":"#2"},"east":{"uv":[0.0,0.0,1.25,0.0],"texture":"#2"},"south":{"uv":[0.0,0.0,2.5,0.0],"texture":"#2"},"west":{"uv":[0.0,0.0,1.25,0.0],"texture":"#2"},"up":{"uv":[12.0,11.0,9.5,9.75],"texture":"#2"},"down":{"uv":[7.0,10.25,4.5,11.5],"texture":"#2"}}},{"from":[4.6,-13.35,6.5],"to":[4.6,-10.35,10.0],"rotation":{"origin":[4.75,-12.0,9.75],"axis":"y","angle":0.0},"faces":{"north":{"uv":[0.0,0.0,0.0,1.5],"texture":"#2"},"east":{"uv":[10.75,3.25,12.5,4.75],"texture":"#2"},"south":{"uv":[0.0,0.0,0.0,1.5],"texture":"#2"},"west":{"uv":[2.0,11.0,3.75,12.5],"texture":"#2"},"up":{"uv":[0.0,1.75,0.0,0.0],"texture":"#2"},"down":{"uv":[0.0,0.0,0.0,1.75],"texture":"#2"}}},{"from":[4.6,-10.35,6.5],"to":[6.1,-10.35,10.0],"rotation":{"origin":[4.75,-12.0,9.75],"axis":"y","angle":0.0},"faces":{"north":{"uv":[0.0,0.0,0.75,0.0],"texture":"#2"},"east":{"uv":[0.0,0.0,1.75,0.0],"texture":"#2"},"south":{"uv":[0.0,0.0,0.75,0.0],"texture":"#2"},"west":{"uv":[0.0,0.0,1.75,0.0],"texture":"#2"},"up":{"uv":[4.5,14.25,3.75,12.5],"texture":"#2"},"down":{"uv":[5.25,12.5,4.5,14.25],"texture":"#2"}}},{"from":[11.4,-13.35,6.5],"to":[11.4,-10.35,10.0],"rotation":{"origin":[11.25,-12.0,9.75],"axis":"y","angle":0.0},"faces":{"north":{"uv":[0.0,0.0,0.0,1.5],"texture":"#2"},"east":{"uv":[11.0,6.75,12.75,8.25],"texture":"#2"},"south":{"uv":[0.0,0.0,0.0,1.5],"texture":"#2"},"west":{"uv":[7.0,11.0,8.75,12.5],"texture":"#2"},"up":{"uv":[0.0,1.75,0.0,0.0],"texture":"#2"},"down":{"uv":[0.0,0.0,0.0,1.75],"texture":"#2"}}},{"from":[9.9,-10.35,6.5],"to":[11.4,-10.35,10.0],"rotation":{"origin":[11.25,-12.0,9.75],"axis":"y","angle":0.0},"faces":{"north":{"uv":[0.0,0.0,0.75,0.0],"texture":"#2"},"east":{"uv":[0.0,0.0,1.75,0.0],"texture":"#2"},"south":{"uv":[0.0,0.0,0.75,0.0],"texture":"#2"},"west":{"uv":[0.0,0.0,1.75,0.0],"texture":"#2"},"up":{"uv":[6.0,14.5,5.25,12.75],"texture":"#2"},"down":{"uv":[6.75,12.75,6.0,14.5],"texture":"#2"}}},{"from":[4.6,-10.35,6.5],"to":[6.1,-10.35,10.0],"rotation":{"origin":[4.75,-12.0,9.75],"axis":"y","angle":0.0},"faces":{"north":{"uv":[0.0,0.0,0.75,0.0],"texture":"#2"},"east":{"uv":[0.0,0.0,1.75,0.0],"texture":"#2"},"south":{"uv":[0.0,0.0,0.75,0.0],"texture":"#2"},"west":{"uv":[0.0,0.0,1.75,0.0],"texture":"#2"},"up":{"uv":[7.75,14.25,7.0,12.5],"texture":"#2"},"down":{"uv":[8.5,12.5,7.75,14.25],"texture":"#2"}}},{"from":[5.75,-14.0,11.0],"to":[10.25,-13.5,11.0],"rotation":{"origin":[4.0,-15.5,4.0],"axis":"y","angle":0.0},"faces":{"north":{"uv":[12.5,4.5,14.75,4.75],"texture":"#2"},"east":{"uv":[0.0,0.0,0.0,0.25],"texture":"#2"},"south":{"uv":[13.25,10.5,15.5,10.75],"texture":"#2"},"west":{"uv":[0.0,0.0,0.0,0.25],"texture":"#2"},"up":{"uv":[2.25,0.0,0.0,0.0],"texture":"#2"},"down":{"uv":[2.25,0.0,0.0,0.0],"texture":"#2"}}},{"from":[6.25,-10.6,10.5],"to":[9.75,-10.1,10.5],"rotation":{"origin":[4.0,-15.5,4.0],"axis":"y","angle":0.0},"faces":{"north":{"uv":[12.5,13.25,14.25,13.5],"texture":"#2"},"east":{"uv":[0.0,0.0,0.0,0.25],"texture":"#2"},"south":{"uv":[13.25,13.0,15.0,13.25],"texture":"#2"},"west":{"uv":[0.0,0.0,0.0,0.25],"texture":"#2"},"up":{"uv":[1.75,0.0,0.0,0.0],"texture":"#2"},"down":{"uv":[1.75,0.0,0.0,0.0],"texture":"#2"}}},{"from":[11.5,-12.5,6.75],"to":[11.5,-12.0,9.75],"rotation":{"origin":[4.0,-15.5,4.0],"axis":"y","angle":0.0},"faces":{"north":{"uv":[0.0,0.0,0.0,0.25],"texture":"#2"},"east":{"uv":[5.25,3.75,6.75,4.0],"texture":"#2"},"south":{"uv":[0.0,0.0,0.0,0.25],"texture":"#2"},"west":{"uv":[13.5,2.0,15.0,2.25],"texture":"#2"},"up":{"uv":[0.0,1.5,0.0,0.0],"texture":"#2"},"down":{"uv":[0.0,0.0,0.0,1.5],"texture":"#2"}}},{"from":[4.5,-12.5,6.75],"to":[4.5,-12.0,9.75],"rotation":{"origin":[12.0,-15.5,4.0],"axis":"y","angle":0.0},"faces":{"north":{"uv":[0.0,0.0,0.0,0.25],"texture":"#2"},"east":{"uv":[13.5,2.25,15.0,2.5],"texture":"#2"},"south":{"uv":[0.0,0.0,0.0,0.25],"texture":"#2"},"west":{"uv":[13.5,6.25,15.0,6.5],"texture":"#2"},"up":{"uv":[0.0,1.5,0.0,0.0],"texture":"#2"},"down":{"uv":[0.0,0.0,0.0,1.5],"texture":"#2"}}}],"textures":{"2":"hmccosmetics:479bd8d8-15ba-485c-a1e9-72fc52234923"}}