{"display":{"thirdperson_righthand":{"rotation":[0.0,-180.0,0.0],"scale":[0.25,0.25,0.25]},"thirdperson_lefthand":{"rotation":[0.0,-180.0,0.0],"scale":[0.25,0.25,0.25]},"firstperson_righthand":{"rotation":[0.0,-180.0,0.0],"scale":[0.5,0.5,0.5]},"firstperson_lefthand":{"rotation":[0.0,-180.0,0.0],"scale":[0.5,0.5,0.5]},"ground":{"scale":[0.5,0.5,0.5]},"gui":{"rotation":[14.0,-36.0,0.0],"translation":[0.0,-1.0,0.0],"scale":[0.5,0.5,0.5]},"head":{"translation":[0.0,-73.5,9.25],"scale":[2.5,2.5,2.5]},"fixed":{"translation":[0.0,-2.25,0.0],"scale":[0.75,0.75,0.75]}},"elements":[{"from":[4.625,-15.5,5.75],"to":[11.375,-6.875,10.25],"rotation":{"origin":[5.0,3.5625,4.4375],"axis":"y","angle":0.0},"faces":{"north":{"uv":[3.0,3.0,7.5,8.75],"texture":"#2"},"east":{"uv":[7.5,3.0,10.5,8.75],"texture":"#2"},"south":{"uv":[10.5,3.0,15.0,8.75],"texture":"#2"},"west":{"uv":[7.5,3.0,10.5,8.75],"texture":"#2"},"up":{"uv":[7.5,3.0,3.0,0.0],"texture":"#2"},"down":{"uv":[12.0,0.0,7.5,3.0],"texture":"#2"}}}],"textures":{"particle":"hmccosmetics:413f4898-34de-4f12-be7c-e930da81bbd1","2":"hmccosmetics:413f4898-34de-4f12-be7c-e930da81bbd1"}}