{"display":{"thirdperson_righthand":{"rotation":[0.0,90.0,0.0],"translation":[7.0,2.25,0.75]},"thirdperson_lefthand":{"rotation":[0.0,90.0,0.0],"translation":[7.0,2.25,0.75]},"firstperson_righthand":{"rotation":[-35.0,90.0,0.0],"translation":[7.5,-0.5,-2.75],"scale":[0.8,0.8,0.8]},"firstperson_lefthand":{"rotation":[-35.0,90.0,0.0],"translation":[7.5,-0.5,-2.75],"scale":[0.8,0.8,0.8]},"ground":{"translation":[0.0,0.0,4.25],"scale":[0.7,0.7,0.7]},"gui":{"rotation":[35.0,-35.0,0.0],"translation":[-2.75,-2.5,0.0],"scale":[0.8,0.8,0.8]}},"elements":[{"from":[7.0,0.0,0.0],"to":[9.0,10.0,2.0],"faces":{"north":{"uv":[2.0,5.0,3.0,10.0],"texture":"#0"},"east":{"uv":[3.0,5.0,4.0,10.0],"texture":"#0"},"south":{"uv":[6.0,4.0,7.0,9.0],"texture":"#0"},"west":{"uv":[4.0,6.5,5.0,11.5],"texture":"#0"},"up":{"uv":[6.0,7.5,5.0,6.5],"texture":"#0"},"down":{"uv":[8.0,4.0,7.0,5.0],"texture":"#0"}}},{"from":[4.0,10.0,-1.0],"to":[12.0,15.0,3.0],"faces":{"north":{"uv":[0.0,0.0,4.0,2.5],"texture":"#0"},"east":{"uv":[4.0,4.0,6.0,6.5],"texture":"#0"},"south":{"uv":[0.0,2.5,4.0,5.0],"texture":"#0"},"west":{"uv":[0.0,5.0,2.0,7.5],"texture":"#0"},"up":{"uv":[8.0,2.0,4.0,0.0],"texture":"#0"},"down":{"uv":[8.0,2.0,4.0,4.0],"texture":"#0"}}}],"textures":{"particle":"hmccosmetics:1cc59dfb-c9dc-4093-92ec-9253d6bd0d61","0":"hmccosmetics:1cc59dfb-c9dc-4093-92ec-9253d6bd0d61"}}