{"display":{"thirdperson_righthand":{"rotation":[0.0,20.0,0.0],"translation":[-1.0,5.0,1.0],"scale":[0.7,0.7,0.7]},"thirdperson_lefthand":{"rotation":[0.0,20.0,0.0],"translation":[-1.0,5.0,1.0],"scale":[0.7,0.7,0.7]},"firstperson_righthand":{"rotation":[0.0,100.0,0.0],"translation":[0.0,3.0,0.0],"scale":[0.5,0.5,0.5]},"firstperson_lefthand":{"rotation":[0.0,100.0,0.0],"translation":[0.0,3.0,0.0],"scale":[0.5,0.5,0.5]},"ground":{"rotation":[30.0,20.0,0.0],"translation":[0.0,1.0,1.0],"scale":[0.5,0.5,0.5]},"gui":{"rotation":[30.0,160.0,0.0],"translation":[0.0,1.0,0.0]},"head":{"rotation":[-50.0,0.0,30.0],"translation":[-9.0,9.0,-9.5]},"fixed":{"rotation":[-90.0,0.0,0.0],"translation":[0.0,0.0,-16.0],"scale":[2.0,2.0,2.0]}},"elements":[{"from":[7.0,4.0,7.0],"to":[9.0,4.0,9.0],"faces":{"up":{"uv":[9.0,4.0,11.0,6.0],"texture":"#0"},"down":{"uv":[11.0,4.0,13.0,6.0],"texture":"#0"}}},{"from":[5.5,0.0,8.0],"to":[7.5,3.0,8.0],"rotation":{"origin":[7.5,2.0,8.0],"axis":"z","angle":22.5},"faces":{"north":{"uv":[10.0,6.0,8.0,9.0],"texture":"#0"},"south":{"uv":[8.0,6.0,10.0,9.0],"texture":"#0"}}},{"from":[7.5,0.0,8.5],"to":[7.5,3.0,10.5],"rotation":{"origin":[7.5,0.0,8.5],"axis":"z","angle":-22.5},"faces":{"east":{"uv":[8.0,6.0,10.0,9.0],"texture":"#0"},"west":{"uv":[10.0,6.0,8.0,9.0],"texture":"#0"}}},{"from":[8.5,0.0,7.5],"to":[10.5,3.0,7.5],"rotation":{"origin":[8.5,0.0,7.5],"axis":"y","angle":45.0},"faces":{"north":{"uv":[8.0,6.0,10.0,9.0],"texture":"#0"},"south":{"uv":[10.0,6.0,8.0,9.0],"texture":"#0"}}},{"from":[7.5,0.0,7.5],"to":[8.5,4.0,8.5],"faces":{"north":{"uv":[7.0,5.0,8.0,9.0],"texture":"#0"},"east":{"uv":[7.0,5.0,8.0,9.0],"texture":"#0"},"south":{"uv":[7.0,5.0,8.0,9.0],"texture":"#0"},"west":{"uv":[7.0,5.0,8.0,9.0],"texture":"#0"},"down":{"uv":[7.0,5.0,8.0,6.0],"texture":"#0"}}},{"from":[7.0,9.0,7.5],"to":[8.0,12.0,8.5],"rotation":{"origin":[8.0,3.0,8.0],"axis":"x","angle":22.5},"faces":{"north":{"uv":[7.0,0.0,8.0,3.0],"texture":"#0"},"east":{"uv":[7.0,0.0,8.0,3.0],"texture":"#0"},"south":{"uv":[7.0,0.0,8.0,3.0],"texture":"#0"},"west":{"uv":[7.0,0.0,8.0,3.0],"texture":"#0"}}},{"from":[7.0,4.0,8.0],"to":[8.0,14.0,8.0],"rotation":{"origin":[8.0,3.0,8.0],"axis":"x","angle":22.5},"faces":{"north":{"uv":[6.0,0.0,7.0,10.0],"texture":"#0"},"south":{"uv":[6.0,0.0,7.0,10.0],"texture":"#0"}}},{"from":[5.0,3.0,8.0],"to":[11.0,7.0,12.0],"rotation":{"origin":[8.0,3.0,8.0],"axis":"x","angle":45.0},"faces":{"north":{"uv":[0.0,0.0,6.0,4.0],"texture":"#0"},"up":{"uv":[4.0,10.0,0.0,4.0],"texture":"#0","rotation":90}}},{"from":[8.0,3.0,5.0],"to":[12.0,7.0,11.0],"rotation":{"origin":[8.0,3.0,8.0],"axis":"z","angle":-45.0},"faces":{"west":{"uv":[0.0,0.0,6.0,4.0],"texture":"#0"},"up":{"uv":[4.0,10.0,0.0,4.0],"texture":"#0"}}},{"from":[5.0,3.0,4.0],"to":[11.0,7.0,8.0],"rotation":{"origin":[8.0,3.0,8.0],"axis":"x","angle":-45.0},"faces":{"south":{"uv":[0.0,0.0,6.0,4.0],"texture":"#0"},"up":{"uv":[0.0,4.0,4.0,10.0],"texture":"#0","rotation":90}}},{"from":[4.0,3.0,5.0],"to":[8.0,7.0,11.0],"rotation":{"origin":[8.0,3.0,8.0],"axis":"z","angle":45.0},"faces":{"east":{"uv":[0.0,0.0,6.0,4.0],"texture":"#0"},"up":{"uv":[0.0,4.0,4.0,10.0],"texture":"#0"}}},{"from":[5.0,7.0,8.0],"to":[11.0,3.0,12.0],"rotation":{"origin":[8.0,3.0,8.0],"axis":"x","angle":45.0},"faces":{"north":{"uv":[8.0,0.0,14.0,4.0],"texture":"#0"},"down":{"uv":[4.0,10.0,0.0,4.0],"texture":"#0","rotation":270}}},{"from":[5.0,7.0,4.0],"to":[11.0,3.0,8.0],"rotation":{"origin":[8.0,3.0,8.0],"axis":"x","angle":-45.0},"faces":{"south":{"uv":[8.0,0.0,14.0,4.0],"texture":"#0"},"down":{"uv":[0.0,4.0,4.0,10.0],"texture":"#0","rotation":270}}},{"from":[8.0,7.0,5.0],"to":[12.0,3.0,11.0],"rotation":{"origin":[8.0,3.0,8.0],"axis":"z","angle":-45.0},"faces":{"west":{"uv":[8.0,0.0,14.0,4.0],"texture":"#0"},"down":{"uv":[4.0,10.0,0.0,4.0],"texture":"#0"}}},{"from":[4.0,7.0,5.0],"to":[8.0,3.0,11.0],"rotation":{"origin":[8.0,3.0,8.0],"axis":"z","angle":45.0},"faces":{"east":{"uv":[8.0,0.0,14.0,4.0],"texture":"#0"},"down":{"uv":[0.0,4.0,4.0,10.0],"texture":"#0"}}}],"textures":{"0":"hmccosmetics:1200eed5-30ec-4f50-a921-cac1e289b830"}}