{"display":{"thirdperson_righthand":{"rotation":[45.0,0.0,0.0],"translation":[7.0,10.0,3.0]},"thirdperson_lefthand":{"rotation":[45.0,0.0,0.0],"translation":[-8.0,10.0,3.0]},"firstperson_righthand":{"rotation":[9.0,9.0,0.0],"translation":[15.0,5.0,0.0]},"firstperson_lefthand":{"rotation":[20.0,9.0,15.0],"translation":[3.0,1.0,0.0]},"ground":{"rotation":[13.0,0.0,35.0],"translation":[1.0,3.0,1.0],"scale":[0.4,0.4,0.4]},"gui":{"rotation":[30.0,140.0,0.0],"translation":[-3.0,7.0,0.0],"scale":[0.8,0.8,0.8]},"head":{"rotation":[-45.0,0.0,0.0],"translation":[15.0,14.0,-7.0],"scale":[2.0,2.0,2.0]},"fixed":{"rotation":[-90.0,0.0,0.0],"translation":[6.0,2.0,-6.5],"scale":[0.8,0.8,0.8]}},"elements":[{"from":[0.0,0.0,11.0],"to":[1.0,1.0,16.0],"faces":{"east":{"uv":[0.0,11.0,1.0,16.0],"texture":"#0","rotation":90,"tintindex":0},"south":{"texture":"#0","tintindex":0},"west":{"uv":[0.0,16.0,1.0,11.0],"texture":"#0","rotation":90,"tintindex":0},"up":{"texture":"#0","tintindex":0},"down":{"uv":[0.0,16.0,1.0,11.0],"texture":"#0","tintindex":0}}},{"from":[0.0,0.0,0.0],"to":[1.0,1.0,11.0],"faces":{"north":{"uv":[0.0,0.0,1.0,1.0],"texture":"#0"},"east":{"uv":[0.0,0.0,1.0,11.0],"texture":"#0","rotation":90},"west":{"uv":[0.0,11.0,1.0,0.0],"texture":"#0","rotation":90},"up":{"texture":"#0"},"down":{"uv":[0.0,11.0,1.0,0.0],"texture":"#0"}}},{"from":[-4.0,0.5,-5.0],"to":[5.0,0.5,2.0],"faces":{"up":{"uv":[1.0,0.0,10.0,7.0],"texture":"#0"},"down":{"uv":[10.0,0.0,1.0,7.0],"texture":"#0"}}},{"from":[-4.0,0.0,0.0],"to":[5.0,1.0,0.0],"faces":{"north":{"uv":[1.0,5.0,10.0,6.0],"texture":"#0"},"south":{"uv":[1.0,5.0,10.0,6.0],"texture":"#0"}}},{"from":[0.5,-3.0,10.0],"to":[0.5,0.0,16.0],"faces":{"east":{"uv":[1.0,7.0,7.0,10.0],"texture":"#0","tintindex":0},"west":{"uv":[7.0,7.0,1.0,10.0],"texture":"#0","tintindex":0}}},{"from":[0.0,-3.0,16.0],"to":[1.0,0.0,16.0],"faces":{"north":{"uv":[1.0,7.0,2.0,10.0],"texture":"#0","tintindex":0},"south":{"uv":[1.0,7.0,2.0,10.0],"texture":"#0","tintindex":0}}}],"textures":{"0":"hmccosmetics:972cfc04-afd5-46f6-98b0-800561ad6aa2"}}