{"display":{"thirdperson_righthand":{"rotation":[0.0,-180.0,0.0],"scale":[0.25,0.25,0.25]},"thirdperson_lefthand":{"rotation":[0.0,-180.0,0.0],"scale":[0.25,0.25,0.25]},"firstperson_righthand":{"rotation":[0.0,-180.0,0.0],"scale":[0.5,0.5,0.5]},"firstperson_lefthand":{"rotation":[0.0,-180.0,0.0],"scale":[0.5,0.5,0.5]},"ground":{"scale":[0.5,0.5,0.5]},"gui":{"rotation":[14.0,-36.0,0.0],"translation":[0.0,-1.0,0.0],"scale":[0.5,0.5,0.5]},"head":{"translation":[0.0,-65.0,9.25]},"fixed":{"translation":[0.0,-2.25,0.0],"scale":[0.75,0.75,0.75]}},"elements":[{"from":[-1.0,0.0,2.0],"to":[17.0,23.0,14.0],"rotation":{"origin":[0.0,9.5,-1.5],"axis":"y","angle":0.0},"faces":{"north":{"uv":[3.0,3.0,7.5,8.75],"texture":"#2"},"east":{"uv":[7.5,3.0,10.5,8.75],"texture":"#2"},"south":{"uv":[10.5,3.0,15.0,8.75],"texture":"#2"},"west":{"uv":[7.5,3.0,10.5,8.75],"texture":"#2"},"up":{"uv":[7.5,3.0,3.0,0.0],"texture":"#2"},"down":{"uv":[12.0,0.0,7.5,3.0],"texture":"#2"}}}],"textures":{"particle":"hmccosmetics:94fd2256-b29d-404e-a34c-b4e39abdb3d8","2":"hmccosmetics:94fd2256-b29d-404e-a34c-b4e39abdb3d8"}}